setName,cardNumber,cardName,rarity,pullRate,costPerPull,specificCardPullRate,isChase,isPromo,isPokemon,pokemonPopularity,priceOnRelease,ebaySoldVolumeFrom2026,ebay_listingCount,ebay_listingCount7d,ebay_listingCount30d,ebay_listingCount90d,ebay_medianPrice,ebay_meanPrice,ebay_minPrice,ebay_maxPrice,ebay_priceStdDev,ebay_priceP10,ebay_priceP25,ebay_priceP50,ebay_priceP75,ebay_priceP90,ebay_medianPrice7d,ebay_medianPrice30d,ebay_medianPrice90d,ebay_listingVelocity7d,ebay_listingVelocity30d,ebay_listingVelocity90d,ebay_recentListingRatio7d,ebay_recentListingRatio30d,ebay_recentListingRatio90d,ebay_medianListingAgeDays,ebay_meanListingAgeDays,ebay_marketIndex,ebay_marketStatus,ebay_mic_liquidityScore,ebay_mic_momentumScore,ebay_mic_stabilityScore,ebay_mic_freshnessScore
Sword & Shield,001,Celebi V,Holo Rare V,0.1,1837.7,0.0058823529411764705,False,False,True,0.693,1.31,1,437,17,94,214,2.99,3.0609,0.99,6.0,1.0408,1.98,2.09,2.99,3.96,4.5,3.0,2.99,2.99,2.4286,3.1333,2.3778,0.0389,0.2151,0.4897,93.5714,291.4959,49.42,Stable,56.07,50.33,66.0,21.51
Sword & Shield,009,Dhelmise V,Holo Rare V,0.1,1837.7,0.0058823529411764705,False,False,True,0.44799999999999995,0.73,0,655,16,104,236,1.99,2.0969,0.71,4.0,0.7347,1.068,1.5,1.99,2.59,3.0,2.125,1.995,2.0,2.2857,3.4667,2.6222,0.0244,0.1588,0.3603,130.3462,316.1276,50.82,Stable,59.24,56.25,64.96,15.88
Sword & Shield,024,Torkoal V,Holo Rare V,0.1,1837.7,0.0058823529411764705,False,False,True,0.507,0.8,1,446,15,85,191,2.245,2.3894,0.71,4.98,0.8096,1.43,1.99,2.245,2.99,3.49,2.49,1.99,2.3,2.1429,2.8333,2.1222,0.0336,0.1906,0.4283,112.2447,311.6391,50.38,Stable,52.88,58.26,66.12,19.06
Sword & Shield,025,Victini V,Holo Rare V,0.1,1837.7,0.0058823529411764705,False,False,True,0.705,0.83,0,502,19,102,216,2.49,2.5515,0.99,5.0,0.9005,1.49,1.99,2.49,3.0,3.95,2.84,2.495,2.49,2.7143,3.4,2.4,0.0378,0.2032,0.4303,114.6315,312.3798,53.46,Stable,57.46,64.06,64.71,20.32
Sword & Shield,049,Lapras V,Holo Rare V,0.1,1837.7,0.0058823529411764705,False,False,True,0.747,1.51,0,349,13,79,176,3.56,3.725,1.36,7.95,1.2115,2.14,2.95,3.56,4.5,5.0,3.99,3.99,3.97,1.8571,2.6333,1.9556,0.0372,0.2264,0.5043,89.7101,332.031,48.23,Stable,50.18,50.5,67.48,22.64
Sword & Shield,053,Keldeo V,Holo Rare V,0.1,1837.7,0.0058823529411764705,False,False,True,0.578,0.97,2,403,16,74,189,2.49,2.533,0.99,5.0,0.8283,1.5,1.99,2.49,2.99,3.694,2.545,2.49,2.49,2.2857,2.4667,2.1,0.0397,0.1836,0.469,106.8011,314.83,47.82,Stable,50.07,52.21,67.3,18.36
Sword & Shield,072,Tapu Koko V,Holo Rare V,0.1,1837.7,0.0058823529411764705,False,False,True,0.5770000000000001,0.81,0,502,15,92,203,2.145,2.2777,0.99,4.88,0.7954,1.291,1.75,2.145,2.95,3.046,2.49,2.365,2.25,2.1429,3.0667,2.2556,0.0299,0.1833,0.4044,131.4212,313.1154,51.34,Stable,54.86,60.67,65.08,18.33
Sword & Shield,079,Morpeko V,Holo Rare V,0.1,1837.7,0.0058823529411764705,False,False,True,0.49200000000000005,0.95,2,455,30,99,197,2.5,2.5936,0.99,5.59,0.9362,1.494,1.99,2.5,2.99,3.99,2.99,2.71,2.51,4.2857,3.3,2.1889,0.0659,0.2176,0.433,116.4953,332.31,54.4,Stable,55.11,69.12,63.9,21.76
Sword & Shield,086,Wobbuffet V,Holo Rare V,0.1,1837.7,0.0058823529411764705,False,False,True,0.5870000000000001,0.88,0,363,13,68,146,2.49,2.5778,0.93,5.49,0.9265,1.49,1.99,2.49,3.0,3.918,2.94,2.72,2.52,1.8571,2.2667,1.6222,0.0358,0.1873,0.4022,135.3571,344.9116,49.89,Stable,44.43,66.67,64.06,18.73
Sword & Shield,091,Indeedee V,Holo Rare V,0.1,1837.7,0.0058823529411764705,False,False,True,0.41100000000000003,0.77,0,428,18,82,179,2.25,2.3495,0.71,4.95,0.7933,1.274,1.95,2.25,2.99,3.327,2.44,2.29,2.29,2.5714,2.7333,1.9889,0.0421,0.1916,0.4182,117.3046,360.9821,49.38,Stable,51.12,56.55,66.24,19.16
Sword & Shield,104,Regirock V,Holo Rare V,0.1,1837.7,0.0058823529411764705,False,False,True,0.515,0.92,0,447,10,85,182,2.16,2.3691,0.71,5.0,0.8752,1.256,1.78,2.16,2.99,3.46,1.995,2.0,2.155,1.4286,2.8333,2.0222,0.0224,0.1902,0.4072,135.4393,369.1808,44.84,Stable,52.17,42.58,63.06,19.02
Sword & Shield,115,Stonjourner V,Holo Rare V,0.1,1837.7,0.0058823529411764705,False,False,True,0.391,0.74,0,550,16,112,235,2.0,2.2112,0.71,4.5,0.7782,1.237,1.5925,2.0,2.83,3.0,1.995,2.17,2.12,2.2857,3.7333,2.6111,0.0291,0.2036,0.4273,120.5821,332.552,48.45,Stable,60.63,44.1,64.81,20.36
Sword & Shield,120,Sableye V,Holo Rare V,0.1,1837.7,0.0058823529411764705,False,False,True,0.598,0.98,0,341,11,69,143,2.99,3.033,0.99,5.98,0.9992,1.99,2.25,2.99,3.59,4.5,2.99,2.99,2.99,1.5714,2.3,1.5889,0.0323,0.2023,0.4194,119.2488,331.2509,45.75,Stable,44.29,50.0,67.06,20.23
Sword & Shield,138,Zacian V,Holo Rare V,0.1,1837.7,0.0058823529411764705,False,False,True,0.606,0.89,0,570,27,113,243,2.5,2.656,0.71,5.83,0.9876,1.5,1.99,2.5,3.0,3.991,2.99,2.49,2.49,3.8571,3.7667,2.7,0.0474,0.1982,0.4263,115.5359,322.2261,56.0,Stable,61.5,70.08,62.82,19.82
Sword & Shield,139,Zamazenta V,Holo Rare V,0.1,1837.7,0.0058823529411764705,False,False,True,0.56,0.84,0,417,19,71,175,2.49,2.557,0.71,5.49,0.9558,1.436,1.99,2.49,3.0,3.99,2.49,2.49,2.49,2.7143,2.3667,1.9444,0.0456,0.1703,0.4197,125.4783,309.2544,45.4,Stable,48.24,50.0,62.62,17.03
Sword & Shield,141,Snorlax V,Holo Rare V,0.1,1837.7,0.0058823529411764705,False,False,True,0.701,3.71,2,229,23,100,163,12.0,12.4825,1.09,25.98,4.2364,7.384,10.0,12.0,14.99,17.992,11.99,12.0,12.23,3.2857,3.3333,1.8111,0.1004,0.4367,0.7118,43.5128,145.7298,52.21,Stable,52.83,48.04,66.06,43.67
Sword & Shield,155,Cramorant V,Holo Rare V,0.1,1837.7,0.0058823529411764705,False,False,True,0.44299999999999995,0.66,9,602,28,107,238,1.99,2.1508,0.93,4.17,0.7668,1.15,1.53,1.99,2.6975,3.0,1.99,1.99,1.99,4.0,3.5667,2.6444,0.0465,0.1777,0.3953,124.663,347.6607,49.42,Stable,60.0,50.0,64.35,17.77
Sword & Shield,050,Lapras VMAX,Holo Rare VMAX,0.05555555555555555,778.32,0.013888888888888888,False,False,True,0.747,3.43,0,306,16,78,151,6.55,6.8337,1.0,14.0,2.3541,4.49,5.0,6.55,7.99,9.995,6.62,6.495,6.5,2.2857,2.6,1.6778,0.0523,0.2549,0.4935,93.6502,257.5003,48.04,Stable,47.58,51.85,65.55,25.49
Sword & Shield,080,Morpeko VMAX,Holo Rare VMAX,0.05555555555555555,778.32,0.013888888888888888,False,False,True,0.49200000000000005,2.2,0,234,21,63,116,4.99,5.0818,1.2,10.0,1.8524,3.0,3.9125,4.99,5.99,7.425,5.99,5.99,4.99,3.0,2.1,1.2889,0.0897,0.2692,0.4957,92.3165,366.2515,50.61,Stable,38.34,70.04,63.55,26.92
Sword & Shield,116,Stonjourner VMAX,Holo Rare VMAX,0.05555555555555555,778.32,0.013888888888888888,False,False,True,0.391,1.68,1,381,12,84,172,2.97,2.968,0.99,5.95,1.0898,1.95,1.99,2.97,3.55,4.99,2.0,2.795,2.92,1.7143,2.8,1.9111,0.0315,0.2205,0.4514,106.8011,330.1203,37.96,Cooling,51.16,18.49,63.28,22.05
Sword & Shield,142,Snorlax VMAX,Holo Rare VMAX,0.05555555555555555,778.32,0.013888888888888888,False,False,True,0.701,39.61,1,271,51,136,203,60.0,62.3367,9.0,140.0,23.1841,32.0,48.995,60.0,72.335,99.99,54.99,57.475,60.0,7.2857,4.5333,2.2556,0.1882,0.5018,0.7491,29.8828,126.5467,53.59,Stable,61.66,41.65,62.81,50.18
Sword & Shield,187,Dhelmise V,Ultra Rare,0.027777777777777776,6226.56,0.001736111111111111,False,False,True,0.44799999999999995,2.56,0,169,9,36,77,4.32,4.7606,1.99,9.89,1.6646,2.99,3.5,4.32,5.99,7.19,3.49,4.57,4.54,1.2857,1.2,0.8556,0.0533,0.213,0.4556,101.4585,268.5508,30.74,Cooling,18.05,26.87,65.03,21.3
Sword & Shield,188,Torkoal V,Ultra Rare,0.027777777777777776,6226.56,0.001736111111111111,False,False,True,0.507,3.81,0,137,4,31,69,6.0,6.4399,2.99,12.0,1.7158,4.712,5.0,6.0,7.99,8.494,4.995,5.95,5.99,0.5714,1.0333,0.7667,0.0292,0.2263,0.5036,89.8132,264.1514,33.53,Cooling,14.38,33.39,73.36,22.63
Sword & Shield,189,Lapras V,Ultra Rare,0.027777777777777776,6226.56,0.001736111111111111,False,False,True,0.747,4.28,0,118,6,30,64,6.995,7.2575,2.25,14.99,2.5271,4.889,5.49,6.995,8.9725,9.99,5.745,6.0,6.995,0.8571,1.0,0.7111,0.0508,0.2542,0.5424,76.7761,248.061,31.5,Cooling,12.48,32.13,65.18,25.42
Sword & Shield,190,Morpeko V,Ultra Rare,0.027777777777777776,6226.56,0.001736111111111111,False,False,True,0.49200000000000005,4.59,1,150,11,40,63,7.0,7.9481,0.99,19.73,5.177,1.742,2.9825,7.0,12.0,14.99,9.99,12.0,11.99,1.5714,1.3333,0.7,0.0733,0.2667,0.42,168.1566,517.2176,27.18,Cooling,16.27,33.32,34.86,26.67
Sword & Shield,191,Wobbuffet V,Ultra Rare,0.027777777777777776,6226.56,0.001736111111111111,False,False,True,0.5870000000000001,5.79,0,114,1,23,59,5.99,6.4028,2.0,12.75,2.2468,4.045,4.99,5.99,7.195,9.981,5.99,5.99,5.98,0.1429,0.7667,0.6556,0.0088,0.2018,0.5175,85.1539,246.1347,34.65,Cooling,8.6,50.17,64.91,20.18
Sword & Shield,192,Indeedee V,Ultra Rare,0.027777777777777776,6226.56,0.001736111111111111,False,False,True,0.41100000000000003,1.78,1,164,3,35,70,3.0,3.3429,1.5,6.48,1.0792,1.993,2.5375,3.0,3.99,4.99,2.87,2.99,2.995,0.4286,1.1667,0.7778,0.0183,0.2134,0.4268,117.8785,271.9735,36.34,Cooling,15.95,45.83,67.72,21.34
Sword & Shield,193,Stonjourner V,Ultra Rare,0.027777777777777776,6226.56,0.001736111111111111,False,False,True,0.391,1.82,0,191,7,43,87,3.0,3.4137,1.0,6.79,1.2423,1.99,2.49,3.0,4.0,5.0,2.99,2.99,2.99,1.0,1.4333,0.9667,0.0366,0.2251,0.4555,105.8666,314.1265,39.32,Cooling,23.64,50.0,63.61,22.51
Sword & Shield,194,Sableye V,Ultra Rare,0.027777777777777776,6226.56,0.001736111111111111,False,False,True,0.598,5.84,1,64,5,28,48,14.99,15.6767,8.0,29.99,4.4374,10.297,12.8675,14.99,18.1425,20.28,14.38,15.245,14.99,0.7143,0.9333,0.5333,0.0781,0.4375,0.75,37.7241,186.0709,39.28,Cooling,8.03,45.93,71.69,43.75
Sword & Shield,195,Zacian V,Ultra Rare,0.027777777777777776,6226.56,0.001736111111111111,False,False,True,0.606,4.2,1,128,4,29,61,7.99,8.8405,2.0,19.53,3.3227,5.863,6.46,7.99,10.0,14.344,6.49,7.0,7.49,0.5714,0.9667,0.6778,0.0312,0.2266,0.4766,96.2043,378.2722,31.37,Cooling,11.2,36.65,62.42,22.66
Sword & Shield,196,Zamazenta V,Ultra Rare,0.027777777777777776,6226.56,0.001736111111111111,False,False,True,0.56,0.0,0,178,7,51,101,6.315,6.77,2.0,14.14,2.1833,4.563,5.0925,6.315,7.99,9.845,6.0,6.0,6.0,1.0,1.7,1.1222,0.0393,0.2865,0.5674,74.6662,215.1866,43.63,Stable,31.15,50.0,67.75,28.65
Sword & Shield,197,Snorlax V,Ultra Rare,0.027777777777777776,6226.56,0.001736111111111111,False,False,True,0.701,12.9,0,66,10,27,48,39.99,40.7194,5.0,78.49,12.3356,29.97,34.1,39.99,44.9975,59.99,29.995,35.0,39.835,1.4286,0.9,0.5333,0.1515,0.4091,0.7273,37.3097,185.1433,31.99,Cooling,7.58,25.3,69.71,40.91
Sword & Shield,198,Cramorant V,Ultra Rare,0.027777777777777776,6226.56,0.001736111111111111,False,False,True,0.44299999999999995,1.71,1,151,3,30,67,3.77,3.8805,1.96,7.5,1.2148,2.5,2.99,3.77,4.99,5.41,2.84,3.54,3.63,0.4286,1.0,0.7444,0.0199,0.1987,0.4437,116.573,337.8165,30.15,Cooling,13.24,28.24,68.69,19.87
Sword & Shield,199,Bede,Ultra Rare,0.027777777777777776,6226.56,0.001736111111111111,False,False,False,0.0,3.4,0,149,6,27,58,5.0,5.7731,2.99,11.03,1.9966,3.782,4.33,5.0,6.97,9.462,4.52,4.79,4.83,0.8571,0.9,0.6444,0.0403,0.1812,0.3893,144.7053,351.4269,32.63,Cooling,9.49,43.58,65.42,18.12
Sword & Shield,200,Marnie,Ultra Rare,0.027777777777777776,6226.56,0.001736111111111111,False,False,False,0.0,37.07,0,183,8,50,98,43.17,47.8357,8.99,99.0,15.3123,32.992,39.97,43.17,52.0,70.0,39.99,39.99,40.5,1.1429,1.6667,1.0889,0.0437,0.2732,0.5355,75.7799,212.4692,42.66,Stable,29.92,48.74,67.99,27.32
Sword & Shield,201,Professor's Research,Ultra Rare,0.027777777777777776,6226.56,0.001736111111111111,False,False,False,0.0,4.45,0,145,4,33,66,5.89,6.2253,2.0,12.99,2.1952,4.0,4.99,5.89,7.0,9.99,6.49,6.0,5.99,0.5714,1.1,0.7333,0.0276,0.2276,0.4552,114.4049,276.8526,39.29,Cooling,14.29,58.35,64.74,22.76
Sword & Shield,202,Team Yell Grunt,Ultra Rare,0.027777777777777776,6226.56,0.001736111111111111,False,False,False,0.0,2.61,0,616,13,123,278,1.87,1.8939,0.71,4.0,0.7455,0.99,1.4175,1.87,2.0,2.99,1.99,1.98,1.99,1.8571,4.1,3.0889,0.0211,0.1997,0.4513,95.2574,333.8485,50.48,Stable,64.54,50.0,60.64,19.97
Sword & Shield,203,Lapras VMAX,Secret Rare,0.014084507042253521,10745.14,0.001006036217303823,False,False,True,0.747,11.77,0,164,11,40,87,18.99,19.5823,3.0,40.0,6.9392,12.075,14.9975,18.99,22.81,29.532,19.99,19.99,19.43,1.5714,1.3333,0.9667,0.0671,0.2439,0.5305,85.6,284.8826,40.35,Stable,22.32,52.88,64.56,24.39
Sword & Shield,204,Morpeko VMAX,Secret Rare,0.014084507042253521,10745.14,0.001006036217303823,False,False,True,0.49200000000000005,8.19,33,62,4,18,38,24.995,25.3415,4.0,52.0,10.3782,14.892,17.29,24.995,29.99,35.153,17.49,25.445,23.995,0.5714,0.6,0.4222,0.0645,0.2903,0.6129,52.1366,332.2534,25.43,Cooling,3.15,22.89,59.05,29.03
Sword & Shield,205,Stonjourner VMAX,Secret Rare,0.014084507042253521,10745.14,0.001006036217303823,False,False,True,0.391,7.02,0,119,2,17,43,7.99,7.9818,1.99,15.95,2.3225,5.5,6.49,7.99,9.01,10.654,7.495,6.5,7.0,0.2857,0.5667,0.4778,0.0168,0.1429,0.3613,149.1191,357.8998,35.28,Cooling,3.72,57.07,70.9,14.29
Sword & Shield,206,Snorlax VMAX,Secret Rare,0.014084507042253521,10745.14,0.001006036217303823,False,False,True,0.701,54.31,4,129,19,57,93,100.0,101.3977,0.99,200.0,37.7915,55.8,80.0,100.0,119.03,150.0,85.0,99.99,100.0,2.7143,1.9,1.0333,0.1473,0.4419,0.7209,40.6796,149.1692,41.36,Stable,31.58,35.0,62.73,44.19
Sword & Shield,207,Bede,Secret Rare,0.014084507042253521,10745.14,0.001006036217303823,False,False,False,0.0,4.16,1,122,1,21,47,5.99,6.5298,3.0,13.0,1.9233,4.56,5.0,5.99,7.545,9.986,5.09,5.82,5.99,0.1429,0.7,0.5222,0.0082,0.1721,0.3852,148.9863,325.0773,29.61,Cooling,5.23,34.97,70.55,17.21
Sword & Shield,208,Marnie,Secret Rare,0.014084507042253521,10745.14,0.001006036217303823,False,False,False,0.0,16.56,0,142,9,40,66,24.81,26.9301,9.99,56.37,10.2137,17.025,19.9925,24.81,29.9975,44.807,20.0,21.99,22.19,1.2857,1.3333,0.7333,0.0634,0.2817,0.4648,95.3451,290.2727,35.25,Cooling,17.21,40.13,62.07,28.17
Sword & Shield,209,Professor's Research,Secret Rare,0.014084507042253521,10745.14,0.001006036217303823,False,False,False,0.0,4.2,1,184,7,41,79,5.77,6.1976,2.6,12.0,2.0347,4.085,4.95,5.77,6.99,9.99,4.87,5.35,5.0,1.0,1.3667,0.8778,0.038,0.2228,0.4293,113.0256,291.8524,38.35,Cooling,20.79,47.4,67.17,22.28
Sword & Shield,210,Team Yell Grunt,Secret Rare,0.014084507042253521,10745.14,0.001006036217303823,False,False,False,0.0,3.48,0,131,6,25,48,5.99,6.5089,3.6,13.0,2.0458,4.38,5.0,5.99,7.71,9.47,5.745,5.44,5.99,0.8571,0.8333,0.5333,0.0458,0.1908,0.3664,143.4217,352.3506,33.35,Cooling,6.82,45.91,68.57,19.08
Sword & Shield,211,Zacian V,Secret Rare,0.014084507042253521,10745.14,0.001006036217303823,False,False,True,0.606,15.7,0,137,3,17,54,22.99,27.3423,3.0,65.0,14.293,13.766,17.41,22.99,34.99,50.0,39.99,20.0,20.0,0.4286,0.5667,0.6,0.0219,0.1241,0.3942,147.8378,417.145,43.86,Stable,6.12,100.0,47.73,12.41
Sword & Shield,212,Zamazenta V,Secret Rare,0.014084507042253521,10745.14,0.001006036217303823,False,False,True,0.56,9.84,0,128,6,32,52,16.0,18.4314,6.74,40.0,7.6095,10.0,13.5325,16.0,20.1575,29.993,17.36,15.495,15.0,0.8571,1.0667,0.5778,0.0469,0.25,0.4062,148.1159,341.646,39.62,Cooling,10.52,65.73,58.71,25.0
Sword & Shield,213,Air Balloon,Secret Rare,0.014084507042253521,10745.14,0.001006036217303823,False,False,False,0.0,38.38,0,117,10,28,55,18.5,20.1215,10.0,38.11,6.3818,14.0,15.0,18.5,24.0,30.0,16.115,15.0,15.99,1.4286,0.9333,0.6111,0.0855,0.2393,0.4701,101.8556,135.5031,36.48,Cooling,9.36,50.78,68.28,23.93
Sword & Shield,214,Metal Saucer,Secret Rare,0.014084507042253521,10745.14,0.001006036217303823,False,False,False,0.0,3.41,0,123,1,18,51,4.99,5.5741,2.5,11.95,2.0739,3.492,4.0,4.99,6.465,9.41,4.49,4.31,4.96,0.1429,0.6,0.5667,0.0081,0.1463,0.4146,127.2578,315.5957,29.33,Cooling,5.64,40.52,62.79,14.63
Sword & Shield,215,Ordinary Rod,Secret Rare,0.014084507042253521,10745.14,0.001006036217303823,False,False,False,0.0,4.32,4,76,5,28,46,7.485,8.0514,4.08,15.99,2.7129,5.11,5.9575,7.485,9.99,11.51,6.0,6.99,6.99,0.7143,0.9333,0.5111,0.0658,0.3684,0.6053,52.6022,210.0564,33.62,Cooling,7.46,35.84,66.31,36.84
Sword & Shield,216,Quick Ball,Secret Rare,0.014084507042253521,10745.14,0.001006036217303823,False,False,False,0.0,11.08,1,103,4,29,54,16.0,17.4765,1.29,35.0,5.3312,12.27,13.83,16.0,19.99,24.99,16.22,13.53,15.0,0.5714,0.9667,0.6,0.0388,0.2816,0.5243,80.8212,171.9313,39.85,Cooling,9.61,58.13,69.5,28.16
Rebel Clash,018,Rillaboom VMAX,Holo Rare VMAX,0.1111111111111111,608.58,0.015873015873015872,False,False,True,0.499,2.04,5,234,8,48,109,3.19,3.6094,1.25,7.77,1.3047,2.24,2.6925,3.19,4.0,5.0,3.39,3.0,2.99,1.1429,1.6,1.2111,0.0342,0.2051,0.4658,107.4022,301.5536,45.3,Stable,31.38,63.38,63.85,20.51
Rebel Clash,036,Cinderace VMAX,Holo Rare VMAX,0.1111111111111111,608.58,0.015873015873015872,False,False,True,0.613,2.07,2,236,9,59,121,4.0,4.4632,1.45,9.0,1.6594,2.71,3.0,4.0,5.5,6.99,4.49,4.99,4.04,1.2857,1.9667,1.3444,0.0381,0.25,0.5127,85.5472,276.15,47.2,Stable,37.63,61.14,62.82,25.0
Rebel Clash,050,Inteleon VMAX,Holo Rare VMAX,0.1111111111111111,608.58,0.015873015873015872,False,False,True,0.557,1.48,3,498,15,112,217,2.99,3.12,0.99,6.47,1.051,1.99,2.25,2.99,3.99,4.656,3.0,2.99,2.99,2.1429,3.7333,2.4111,0.0301,0.2249,0.4357,110.6991,267.6926,50.69,Stable,59.42,50.33,66.31,22.49
Rebel Clash,071,Toxtricity VMAX,Holo Rare VMAX,0.1111111111111111,608.58,0.015873015873015872,False,False,True,0.585,2.84,1,184,13,42,88,5.735,5.8552,2.0,12.0,1.9171,3.99,4.46,5.735,6.99,8.0,5.99,5.99,5.99,1.8571,1.4,0.9778,0.0707,0.2283,0.4783,96.3317,333.8586,40.05,Stable,23.44,50.0,67.26,22.83
Rebel Clash,093,Dragapult VMAX,Holo Rare VMAX,0.1111111111111111,608.58,0.015873015873015872,False,False,True,0.6859999999999999,2.79,2,183,6,40,79,4.99,5.1469,1.25,10.15,1.7952,3.0,3.99,4.99,5.99,7.5,4.68,5.0,5.0,0.8571,1.3333,0.8778,0.0328,0.2186,0.4317,107.4942,340.5813,36.59,Cooling,20.38,43.6,65.12,21.86
Rebel Clash,122,Malamar VMAX,Holo Rare VMAX,0.1111111111111111,608.58,0.015873015873015872,False,False,True,0.52,1.8,1,261,13,58,117,2.99,3.2298,0.99,6.49,1.1691,1.99,2.29,2.99,3.99,5.0,3.99,3.0,3.0,1.8571,1.9333,1.3,0.0498,0.2222,0.4483,117.4491,335.8326,53.17,Stable,36.88,83.0,63.8,22.22
Rebel Clash,137,Copperajah VMAX,Holo Rare VMAX,0.1111111111111111,608.58,0.015873015873015872,False,False,True,0.392,2.01,3,225,12,65,110,3.75,3.993,0.99,7.99,1.3724,2.5,2.99,3.75,4.99,5.99,3.49,3.6,3.49,1.7143,2.1667,1.2222,0.0533,0.2889,0.4889,95.1662,257.4088,45.34,Stable,38.13,50.0,65.63,28.89
Rebel Clash,175,Rillaboom V,Ultra Rare,0.1,1738.8,0.005555555555555556,False,False,True,0.499,2.97,0,116,1,13,44,5.0,5.3677,1.23,10.81,1.6605,3.515,4.4775,5.0,6.0,7.495,4.99,3.99,4.93,0.1429,0.4333,0.4889,0.0086,0.1121,0.3793,160.6348,418.3171,32.36,Cooling,3.15,51.22,69.06,11.21
Rebel Clash,176,Eldegoss V,Ultra Rare,0.1,1738.8,0.005555555555555556,False,False,True,0.449,1.63,0,123,8,27,58,3.99,4.1287,1.0,8.8,1.6306,2.09,2.99,3.99,4.99,6.43,2.995,3.99,3.99,1.1429,0.9,0.6444,0.065,0.2195,0.4715,97.4955,454.7268,26.86,Cooling,9.49,25.06,60.51,21.95
Rebel Clash,177,Ninetales V,Ultra Rare,0.1,1738.8,0.005555555555555556,False,False,True,0.726,16.89,8,125,9,37,76,5.99,6.0805,1.18,12.99,2.267,3.966,4.47,5.99,7.0,8.99,5.99,5.99,5.99,1.2857,1.2333,0.8444,0.072,0.296,0.608,60.8267,248.3427,38.9,Cooling,18.12,50.0,62.72,29.6
Rebel Clash,178,Cinderace V,Ultra Rare,0.1,1738.8,0.005555555555555556,False,False,True,0.613,4.08,0,78,1,15,31,7.995,8.7473,1.99,17.0,3.4304,4.997,6.75,7.995,10.6075,14.221,9.99,8.99,8.99,0.1429,0.5,0.3444,0.0128,0.1923,0.3974,119.1206,391.0481,34.9,Cooling,1.87,61.12,60.78,19.23
Rebel Clash,179,Milotic V,Ultra Rare,0.1,1738.8,0.005555555555555556,False,False,True,0.6990000000000001,10.2,1,92,3,23,43,14.99,15.5253,6.18,29.99,4.8737,10.0,12.0,14.99,17.99,20.459,16.99,14.99,16.0,0.4286,0.7667,0.4778,0.0326,0.25,0.4674,101.434,286.0054,37.1,Cooling,5.07,56.19,68.61,25.0
Rebel Clash,180,Inteleon V,Ultra Rare,0.1,1738.8,0.005555555555555556,False,False,True,0.557,3.71,0,132,3,30,61,5.755,5.976,2.99,12.0,1.7808,4.256,4.865,5.755,6.99,7.99,4.75,5.53,5.5,0.4286,1.0,0.6778,0.0227,0.2273,0.4621,106.6297,280.611,33.02,Cooling,11.75,36.36,70.2,22.73
Rebel Clash,181,Boltund V,Ultra Rare,0.1,1738.8,0.005555555555555556,False,False,True,0.46799999999999997,2.13,2,106,2,10,39,4.225,4.6982,1.32,9.46,1.8101,2.795,3.49,4.225,5.93,7.2,6.11,4.315,4.11,0.2857,0.3333,0.4333,0.0189,0.0943,0.3679,151.5752,413.7887,44.45,Stable,2.24,98.66,61.47,9.43
Rebel Clash,182,Toxtricity V,Ultra Rare,0.1,1738.8,0.005555555555555556,False,False,True,0.585,3.16,1,94,4,20,41,5.99,6.5947,1.98,12.99,2.2484,4.346,4.99,5.99,7.6925,10.098,7.415,6.095,5.99,0.5714,0.6667,0.4556,0.0426,0.2128,0.4362,107.7176,334.1439,40.72,Stable,3.81,73.79,65.91,21.28
Rebel Clash,183,Dragapult V,Ultra Rare,0.1,1738.8,0.005555555555555556,False,False,True,0.6859999999999999,7.16,0,89,4,24,49,12.99,13.1221,5.0,24.82,4.264,8.0,9.99,12.99,15.49,19.198,10.75,12.51,13.0,0.5714,0.8,0.5444,0.0449,0.2697,0.5506,80.935,148.5078,30.71,Cooling,6.69,32.69,67.51,26.97
Rebel Clash,184,Sandaconda V,Ultra Rare,0.1,1738.8,0.005555555555555556,False,False,True,0.34700000000000003,1.79,0,137,5,28,61,3.5,3.6509,1.5,7.5,1.2862,2.0,2.88,3.5,4.0,5.16,3.7,3.49,3.0,0.7143,0.9333,0.6778,0.0365,0.2044,0.4453,112.8082,325.019,42.29,Stable,10.84,73.33,64.77,20.44
Rebel Clash,185,Falinks V,Ultra Rare,0.1,1738.8,0.005555555555555556,False,False,True,0.57,2.43,0,119,1,30,64,4.94,4.8851,2.87,8.11,1.3161,3.49,3.82,4.94,5.88,6.99,4.0,4.4,4.95,0.1429,1.0,0.7111,0.0084,0.2521,0.5378,76.9456,278.6985,32.64,Cooling,12.48,30.81,73.06,25.21
Rebel Clash,186,Malamar V,Ultra Rare,0.1,1738.8,0.005555555555555556,False,False,True,0.52,3.21,1,82,3,16,36,4.99,5.2796,1.75,10.15,1.8507,3.73,3.99,4.99,5.99,7.941,6.49,5.4,5.0,0.4286,0.5333,0.4,0.0366,0.1951,0.439,104.4371,257.1761,41.57,Stable,2.46,79.8,64.95,19.51
Rebel Clash,187,Copperajah V,Ultra Rare,0.1,1738.8,0.005555555555555556,False,False,True,0.392,1.88,1,157,5,29,70,3.78,3.766,0.99,7.5,1.2004,2.496,2.99,3.78,4.35,5.41,3.99,3.99,3.49,0.7143,0.9667,0.7778,0.0318,0.1847,0.4459,113.6982,319.7228,40.69,Stable,13.58,64.33,68.13,18.47
Rebel Clash,188,Dubwool V,Ultra Rare,0.1,1738.8,0.005555555555555556,False,False,True,0.44799999999999995,1.96,0,138,4,22,50,3.91,3.8962,1.75,7.5,1.2662,2.436,2.99,3.91,4.8575,5.687,2.395,2.995,3.275,0.5714,0.7333,0.5556,0.029,0.1594,0.3623,155.7722,335.4537,25.53,Cooling,6.34,23.13,67.5,15.94
Rebel Clash,189,Boss's Orders,Ultra Rare,0.1,1738.8,0.005555555555555556,True,False,False,0.0,49.06,7,88,10,40,66,68.47,74.5372,11.0,145.0,23.3553,54.99,60.7125,68.47,80.0,100.0,64.885,63.99,65.0,1.4286,1.3333,0.7333,0.1136,0.4545,0.75,37.0288,114.4388,42.93,Stable,17.21,49.82,68.67,45.45
Rebel Clash,190,Milo,Ultra Rare,0.1,1738.8,0.005555555555555556,False,False,False,0.0,3.57,2,82,2,13,36,5.42,5.8232,3.13,11.31,1.7483,4.0,4.99,5.42,6.375,7.99,5.915,4.99,5.015,0.2857,0.4333,0.4,0.0244,0.1585,0.439,117.6832,308.6063,38.14,Cooling,1.99,67.95,69.98,15.85
Rebel Clash,191,Oleana,Ultra Rare,0.1,1738.8,0.005555555555555556,False,False,False,0.0,7.66,1,89,6,23,46,10.99,12.1388,7.0,23.74,3.9796,8.0,8.99,10.99,14.38,17.992,9.17,9.47,10.0,0.8571,0.7667,0.5111,0.0674,0.2584,0.5169,88.5583,259.4362,32.83,Cooling,5.68,41.7,67.22,25.84
Rebel Clash,192,Sonia,Ultra Rare,0.1,1738.8,0.005555555555555556,False,False,False,0.0,20.65,4,685,32,167,368,1.85,1.8006,0.71,3.95,0.6477,0.99,1.34,1.85,1.99,2.796,1.88,1.89,1.865,4.5714,5.5667,4.0889,0.0467,0.2438,0.5372,78.5328,254.9196,55.18,Stable,74.19,50.8,64.03,24.38
Rebel Clash,193,Rillaboom VMAX,Secret Rare,0.027777777777777776,5911.920000000001,0.001633986928104575,False,False,True,0.499,10.72,1,72,2,26,43,14.99,14.59,2.49,29.98,5.7863,9.0,10.0,14.99,17.1725,22.89,9.0,13.42,13.71,0.2857,0.8667,0.4778,0.0278,0.3611,0.5972,54.5749,286.6208,25.76,Cooling,5.93,15.65,60.34,36.11
Rebel Clash,194,Cinderace VMAX,Secret Rare,0.027777777777777776,5911.920000000001,0.001633986928104575,False,False,True,0.613,16.48,2,79,6,27,43,16.0,16.6023,2.99,30.0,5.5902,10.5,12.28,16.0,19.99,24.992,17.1,15.52,15.5,0.8571,0.9,0.4778,0.0759,0.3418,0.5443,68.5128,267.9138,40.12,Stable,6.39,60.32,66.33,34.18
Rebel Clash,195,Inteleon VMAX,Secret Rare,0.027777777777777776,5911.920000000001,0.001633986928104575,False,False,True,0.557,8.7,1,69,1,9,40,9.99,9.351,1.99,24.0,6.3728,2.99,2.99,9.99,14.99,19.992,17.0,15.0,2.99,0.1429,0.3,0.4444,0.0145,0.1304,0.5797,46.7135,225.7151,39.67,Cooling,2.3,100.0,31.85,13.04
Rebel Clash,196,Toxtricity VMAX,Secret Rare,0.027777777777777776,5911.920000000001,0.001633986928104575,False,False,True,0.585,9.43,4,48,3,17,29,17.49,17.2281,2.71,30.45,7.702,5.0,12.875,17.49,23.535,26.308,17.98,18.94,18.94,0.4286,0.5667,0.3222,0.0625,0.3542,0.6042,39.3831,381.3885,32.27,Cooling,2.15,44.93,55.29,35.42
Rebel Clash,197,Dragapult VMAX,Secret Rare,0.027777777777777776,5911.920000000001,0.001633986928104575,False,False,True,0.6859999999999999,17.65,2,81,5,21,44,20.0,22.2706,2.57,40.6,8.5453,14.99,17.0,20.0,27.66,35.99,20.0,20.0,20.15,0.7143,0.7,0.4889,0.0617,0.2593,0.5432,73.2553,244.7249,33.65,Cooling,4.54,49.26,61.63,25.93
Rebel Clash,198,Malamar VMAX,Secret Rare,0.027777777777777776,5911.920000000001,0.001633986928104575,False,False,True,0.52,7.06,0,72,1,14,34,9.695,9.9313,2.49,20.0,3.727,6.05,7.9125,9.695,10.84,14.999,17.59,8.97,8.97,0.1429,0.4667,0.3778,0.0139,0.1944,0.4722,98.4283,287.8315,46.94,Stable,1.85,100.0,62.47,19.44
Rebel Clash,199,Copperajah VMAX,Secret Rare,0.027777777777777776,5911.920000000001,0.001633986928104575,False,False,True,0.392,7.35,1,84,1,16,34,8.9,9.0473,2.49,16.99,3.2433,5.171,6.9075,8.9,10.41,13.158,10.4,8.5,8.495,0.1429,0.5333,0.3778,0.0119,0.1905,0.4048,133.7363,263.8786,39.04,Cooling,2.24,72.42,64.15,19.05
Rebel Clash,200,Boss's Orders,Secret Rare,0.027777777777777776,5911.920000000001,0.001633986928104575,True,False,False,0.0,33.44,2,57,5,27,42,49.99,53.9584,19.25,100.0,18.2563,39.172,44.98,49.99,56.0,86.014,40.0,47.45,48.225,0.7143,0.9,0.4667,0.0877,0.4737,0.7368,33.6568,141.6203,34.45,Cooling,6.18,32.94,66.17,47.37
Rebel Clash,201,Milo,Secret Rare,0.027777777777777776,5911.920000000001,0.001633986928104575,False,False,False,0.0,5.56,3,33,1,5,20,9.99,11.2485,6.77,24.46,3.6894,8.026,9.0,9.99,11.87,15.972,8.0,8.0,9.995,0.1429,0.1667,0.2222,0.0303,0.1515,0.6061,74.5621,218.1391,25.65,Cooling,0.57,30.04,67.2,15.15
Rebel Clash,202,Oleana,Secret Rare,0.027777777777777776,5911.920000000001,0.001633986928104575,False,False,False,0.0,6.73,1,86,5,22,47,8.995,9.7526,3.99,18.78,3.0778,7.0,7.5325,8.995,10.9525,14.93,8.99,8.25,8.26,0.7143,0.7333,0.5222,0.0581,0.2558,0.5465,75.0682,315.2256,38.15,Cooling,5.64,58.84,68.44,25.58
Rebel Clash,203,Sonia,Secret Rare,0.027777777777777776,5911.920000000001,0.001633986928104575,False,False,False,0.0,12.75,3,57,6,17,27,15.99,18.197,9.99,33.76,6.053,12.74,14.0,15.99,20.0,28.302,13.89,15.0,15.95,0.8571,0.5667,0.3,0.1053,0.2982,0.4737,108.8829,275.6848,31.03,Cooling,1.96,37.08,66.74,29.82
Rebel Clash,204,Frosmoth,Secret Rare,0.027777777777777776,5911.920000000001,0.001633986928104575,False,False,True,0.523,9.72,1,58,3,11,27,18.485,21.876,10.84,46.3,9.4877,12.0,15.0,18.485,25.0,39.297,17.99,17.58,16.84,0.4286,0.3667,0.3,0.0517,0.1897,0.4655,99.105,332.5376,32.48,Cooling,1.03,56.83,56.63,18.97
Rebel Clash,205,Galarian Perrserker,Secret Rare,0.027777777777777776,5911.920000000001,0.001633986928104575,False,False,True,0.445,7.63,3,64,1,17,26,14.995,16.0008,9.25,32.99,5.8917,10.0,11.0,14.995,19.99,25.0,10.85,12.99,12.495,0.1429,0.5667,0.2889,0.0156,0.2656,0.4062,205.5558,428.3047,29.56,Cooling,1.87,36.83,63.18,26.56
Rebel Clash,206,Big Charm,Secret Rare,0.027777777777777776,5911.920000000001,0.001633986928104575,False,False,False,0.0,2.51,0,121,3,19,49,4.5,5.0846,2.5,10.0,2.05,2.99,3.5,4.5,5.99,8.12,5.99,3.41,3.93,0.4286,0.6333,0.5444,0.0248,0.157,0.405,131.3925,344.7493,46.69,Stable,5.39,100.0,59.68,15.7
Rebel Clash,207,Scoop Up Net,Secret Rare,0.027777777777777776,5911.920000000001,0.001633986928104575,False,False,False,0.0,4.48,1,111,6,21,40,6.99,7.5184,1.69,15.0,2.7296,4.95,5.825,6.99,8.565,10.99,6.225,6.0,6.99,0.8571,0.7,0.4444,0.0541,0.1892,0.3604,173.6423,279.8255,29.44,Cooling,3.99,39.06,63.69,18.92
Rebel Clash,208,Tool Scrapper,Secret Rare,0.027777777777777776,5911.920000000001,0.001633986928104575,False,False,False,0.0,24.07,0,108,4,25,53,13.375,14.444,5.99,29.74,4.4311,9.99,11.36,13.375,16.625,20.0,10.5,11.98,11.99,0.5714,0.8333,0.5889,0.037,0.2315,0.4907,93.8261,135.723,32.09,Cooling,7.76,37.57,69.32,23.15
Rebel Clash,209,Twin Energy,Secret Rare,0.027777777777777776,5911.920000000001,0.001633986928104575,False,False,False,0.0,3.47,2,92,7,20,46,6.0,6.6996,0.97,12.99,2.5687,3.99,4.99,6.0,8.5475,10.0,4.99,5.5,5.5,1.0,0.6667,0.5111,0.0761,0.2174,0.5,91.5469,297.6437,30.32,Cooling,4.72,40.73,61.66,21.74
Darkness Ablaze,001,Butterfree V,Holo Rare V,0.125,1120.0,0.008928571428571428,False,False,True,0.5760000000000001,0.88,3,380,18,92,186,2.99,3.1112,0.99,6.0,1.0576,1.98,2.24,2.99,3.96,4.932,2.65,2.92,2.99,2.5714,3.0667,2.0667,0.0474,0.2421,0.4895,94.3703,382.553,45.67,Stable,53.45,38.63,66.01,24.21
Darkness Ablaze,019,Charizard V,Holo Rare V,0.125,1120.0,0.008928571428571428,False,False,True,0.675,4.36,41,464,31,125,267,10.035,11.3814,2.99,24.0,3.978,7.209,8.99,10.035,13.0,17.99,10.3,10.5,10.55,4.4286,4.1667,2.9667,0.0668,0.2694,0.5754,68.2079,268.4217,51.96,Stable,64.24,47.63,65.05,26.94
Darkness Ablaze,021,Houndoom V,Holo Rare V,0.125,1120.0,0.008928571428571428,False,False,True,0.603,1.41,6,430,22,101,200,2.99,3.2146,0.99,6.79,1.0801,2.0,2.49,2.99,3.99,4.99,2.99,2.99,2.99,3.1429,3.3667,2.2222,0.0512,0.2349,0.4651,96.9658,315.1704,49.75,Stable,55.91,50.0,66.4,23.49
Darkness Ablaze,033,Centiskorch V,Holo Rare V,0.125,1120.0,0.008928571428571428,False,False,True,0.53,0.79,0,639,22,125,274,1.99,2.152,0.71,4.17,0.7629,1.09,1.57,1.99,2.695,3.0,2.335,1.99,1.99,3.1429,4.1667,3.0444,0.0344,0.1956,0.4288,115.8407,322.334,56.4,Stable,64.61,67.34,64.55,19.56
Darkness Ablaze,060,Vikavolt V,Holo Rare V,0.125,1120.0,0.008928571428571428,False,False,True,0.54,0.74,0,669,11,117,252,2.0,2.1691,0.71,4.17,0.7609,1.18,1.59,2.0,2.68,3.0,2.31,1.99,1.99,1.5714,3.9,2.8,0.0164,0.1749,0.3767,137.7286,316.1202,55.04,Stable,62.44,66.08,64.92,17.49
Darkness Ablaze,069,Mew V,Holo Rare V,0.125,1120.0,0.008928571428571428,False,False,True,0.7609999999999999,2.61,13,515,32,152,329,7.5,7.7169,2.0,16.0,2.9097,4.25,5.5,7.5,9.49,11.798,7.065,7.25,7.99,4.5714,5.0667,3.6556,0.0621,0.2951,0.6388,60.4842,227.7507,50.93,Stable,70.15,38.42,62.29,29.51
Darkness Ablaze,095,Rhyperior V,Holo Rare V,0.125,1120.0,0.008928571428571428,False,False,True,0.435,0.78,0,678,20,126,292,2.0,2.2444,0.71,4.5,0.8107,1.25,1.69,2.0,2.85,3.46,1.99,1.99,2.0,2.8571,4.2,3.2444,0.0295,0.1858,0.4307,110.5083,348.269,51.03,Stable,65.63,49.5,63.88,18.58
Darkness Ablaze,099,Galarian Slowbro V,Holo Rare V,0.125,1120.0,0.008928571428571428,False,False,True,0.618,0.95,2,697,27,138,305,2.5,2.5637,0.71,5.24,0.869,1.49,1.99,2.5,2.99,3.95,2.99,2.7,2.51,3.8571,4.6,3.3889,0.0387,0.198,0.4376,112.8905,343.1246,58.24,Stable,67.73,69.12,66.1,19.8
Darkness Ablaze,104,Crobat V,Holo Rare V,0.125,1120.0,0.008928571428571428,False,False,True,0.628,0.79,0,754,16,113,292,2.0,2.2651,0.71,4.96,0.8209,1.24,1.6925,2.0,2.95,3.317,2.335,2.25,2.12,2.2857,3.7667,3.2444,0.0212,0.1499,0.3873,147.4407,339.9073,52.92,Stable,63.76,60.14,63.76,14.99
Darkness Ablaze,114,Grimmsnarl V,Holo Rare V,0.125,1120.0,0.008928571428571428,False,False,True,0.423,0.74,3,635,20,119,259,2.12,2.2846,0.71,4.5,0.7782,1.25,1.805,2.12,2.95,3.268,1.995,1.99,2.04,2.8571,3.9667,2.8778,0.0315,0.1874,0.4079,125.751,364.6789,50.2,Stable,63.1,47.79,65.94,18.74
Darkness Ablaze,116,Eternatus V,Holo Rare V,0.125,1120.0,0.008928571428571428,False,False,True,0.506,1.22,4,551,20,100,233,2.84,2.8001,0.72,5.95,0.9815,1.72,1.99,2.84,3.025,4.0,2.99,2.815,2.79,2.8571,3.3333,2.5889,0.0363,0.1815,0.4229,120.676,340.3585,51.24,Stable,58.24,57.17,64.95,18.15
Darkness Ablaze,118,Scizor V,Holo Rare V,0.125,1120.0,0.008928571428571428,False,False,True,0.7170000000000001,1.04,4,482,22,119,236,3.0,3.3464,1.0,6.73,1.111,2.0,2.49,3.0,3.99,4.99,3.24,3.49,3.205,3.1429,3.9667,2.6222,0.0456,0.2469,0.4896,95.9232,321.2258,52.18,Stable,61.84,51.09,66.8,24.69
Darkness Ablaze,128,Galarian Stunfisk V,Holo Rare V,0.125,1120.0,0.008928571428571428,False,False,True,0.33,0.71,0,190,10,51,107,1.99,1.8708,0.99,3.74,0.5267,1.0,1.5,1.99,2.045,2.49,2.25,1.99,1.99,1.4286,1.7,1.1889,0.0526,0.2684,0.5632,68.5157,217.3332,48.43,Stable,32.57,63.07,71.85,26.84
Darkness Ablaze,143,Salamence V,Holo Rare V,0.125,1120.0,0.008928571428571428,False,False,True,0.685,0.87,1,630,15,115,300,2.49,2.5438,0.99,5.04,0.9408,1.49,1.9125,2.49,2.99,3.99,2.39,2.49,2.42,2.1429,3.8333,3.3333,0.0238,0.1825,0.4762,97.7577,328.7675,50.18,Stable,64.33,48.76,63.02,18.25
Darkness Ablaze,002,Butterfree VMAX,Holo Rare VMAX,0.038461538461538464,1820.0,0.005494505494505495,False,False,True,0.5760000000000001,2.61,6,310,13,82,181,6.0,6.5207,0.99,13.95,2.394,4.0,4.99,6.0,7.99,10.0,5.37,5.31,6.0,1.8571,2.7333,2.0111,0.0419,0.2645,0.5839,70.7399,255.3799,45.18,Stable,51.28,39.5,63.29,26.45
Darkness Ablaze,020,Charizard VMAX,Holo Rare VMAX,0.038461538461538464,1820.0,0.005494505494505495,True,False,True,0.675,36.45,40,734,39,188,394,50.0,55.4999,1.5,120.0,23.3918,30.0,40.0,50.0,67.8625,90.0,50.0,49.99,50.0,5.5714,6.2667,4.3778,0.0531,0.2561,0.5368,78.1008,263.5995,55.07,Stable,77.91,50.0,57.85,25.61
Darkness Ablaze,034,Centiskorch VMAX,Holo Rare VMAX,0.038461538461538464,1820.0,0.005494505494505495,False,False,True,0.53,1.67,3,496,8,84,199,2.99,3.0339,0.99,6.0,1.0862,1.94,2.0,2.99,3.7525,4.605,2.44,2.84,2.84,1.1429,2.8,2.2111,0.0161,0.1694,0.4012,121.6001,333.2205,42.97,Stable,53.24,35.92,64.2,16.94
Darkness Ablaze,115,Grimmsnarl VMAX,Holo Rare VMAX,0.038461538461538464,1820.0,0.005494505494505495,False,False,True,0.423,1.86,0,458,14,100,212,3.54,3.7516,1.0,7.59,1.3067,2.347,2.75,3.54,4.95,5.49,3.065,3.185,3.49,2.0,3.3333,2.3556,0.0306,0.2183,0.4629,99.9689,322.6859,45.75,Stable,56.69,37.82,65.17,21.83
Darkness Ablaze,117,Eternatus VMAX,Holo Rare VMAX,0.038461538461538464,1820.0,0.005494505494505495,False,False,True,0.506,3.86,2,430,20,95,228,5.465,5.8603,2.25,11.51,1.813,4.0,4.5,5.465,6.8725,8.99,5.0,5.0,5.075,2.8571,3.1667,2.5333,0.0465,0.2209,0.5302,80.7653,230.0649,49.96,Stable,57.26,48.52,69.06,22.09
Darkness Ablaze,119,Scizor VMAX,Holo Rare VMAX,0.038461538461538464,1820.0,0.005494505494505495,False,False,True,0.7170000000000001,2.86,7,324,17,90,167,5.705,6.0378,2.35,11.99,1.9132,3.99,4.9325,5.705,6.9925,8.99,5.99,5.99,5.95,2.4286,3.0,1.8556,0.0525,0.2778,0.5154,86.7287,288.8533,49.97,Stable,51.85,50.67,68.31,27.78
Darkness Ablaze,144,Salamence VMAX,Holo Rare VMAX,0.038461538461538464,1820.0,0.005494505494505495,False,False,True,0.685,3.04,11,383,11,81,177,4.51,4.8611,2.34,10.0,1.5442,3.258,3.67,4.51,5.705,6.998,4.0,4.07,4.46,1.5714,2.7,1.9667,0.0287,0.2115,0.4621,104.5281,329.3388,44.99,Stable,50.71,39.69,68.23,21.15
Darkness Ablaze,177,Butterfree V,Ultra Rare,0.038461538461538464,3379.9999999999995,0.002958579881656805,False,False,True,0.5760000000000001,3.1,3,159,14,45,87,6.0,6.4869,2.49,12.5,1.9682,4.0,5.0,6.0,7.29,9.0,5.495,5.99,6.0,2.0,1.5,0.9667,0.0881,0.283,0.5472,79.8844,347.7273,39.55,Cooling,24.94,41.58,69.66,28.3
Darkness Ablaze,178,Houndoom V,Ultra Rare,0.038461538461538464,3379.9999999999995,0.002958579881656805,False,False,True,0.603,4.61,3,190,6,38,88,7.85,7.9246,2.2,15.99,2.5573,5.0,6.28,7.85,9.865,10.99,7.775,7.85,7.97,0.8571,1.2667,0.9778,0.0316,0.2,0.4632,104.2021,342.708,38.28,Cooling,21.57,47.55,67.73,20.0
Darkness Ablaze,179,Centiskorch V,Ultra Rare,0.038461538461538464,3379.9999999999995,0.002958579881656805,False,False,True,0.53,1.52,3,360,9,69,136,2.99,3.1309,0.99,6.05,1.0923,1.95,2.1675,2.99,3.99,4.95,2.29,2.89,2.99,1.2857,2.3,1.5111,0.025,0.1917,0.3778,130.9183,297.4803,37.9,Cooling,43.54,26.59,65.11,19.17
Darkness Ablaze,180,Vikavolt V,Ultra Rare,0.038461538461538464,3379.9999999999995,0.002958579881656805,False,False,True,0.54,1.64,2,330,7,56,134,3.0,3.3207,1.0,6.79,1.2008,1.99,2.29,3.0,4.0,4.99,2.59,2.92,2.99,1.0,1.8667,1.4889,0.0212,0.1697,0.4061,132.1966,342.4234,38.75,Cooling,38.66,36.62,63.84,16.97
Darkness Ablaze,181,Rhyperior V,Ultra Rare,0.038461538461538464,3379.9999999999995,0.002958579881656805,False,False,True,0.435,1.93,5,352,9,75,163,3.99,4.2856,1.16,8.99,1.3494,2.89,3.06,3.99,5.0,5.99,3.0,3.99,3.99,1.2857,2.5,1.8111,0.0256,0.2131,0.4631,106.1587,360.4862,40.01,Stable,48.31,25.19,68.51,21.31
Darkness Ablaze,182,Crobat V,Ultra Rare,0.038461538461538464,3379.9999999999995,0.002958579881656805,False,False,True,0.628,2.12,3,233,12,57,110,4.31,4.5258,1.44,9.74,1.4463,2.99,3.42,4.31,5.08,6.766,3.87,3.99,4.0,1.7143,1.9,1.2222,0.0515,0.2446,0.4721,104.4466,337.3357,43.14,Stable,35.39,46.75,68.04,24.46
Darkness Ablaze,183,Scizor V,Ultra Rare,0.038461538461538464,3379.9999999999995,0.002958579881656805,False,False,True,0.7170000000000001,3.26,4,215,5,40,96,5.97,5.9696,1.5,11.0,1.7355,4.0,4.89,5.97,6.99,8.0,5.99,5.99,5.99,0.7143,1.3333,1.0667,0.0233,0.186,0.4465,110.7685,304.5324,40.36,Stable,24.85,50.0,70.93,18.6
Darkness Ablaze,184,Galarian Stunfisk V,Ultra Rare,0.038461538461538464,3379.9999999999995,0.002958579881656805,False,False,True,0.33,1.44,0,230,7,42,89,2.99,3.1396,1.0,6.0,1.0696,1.99,2.2425,2.99,3.885,4.99,2.49,2.92,2.99,1.0,1.4,0.9889,0.0304,0.1826,0.387,129.421,284.2678,33.95,Cooling,23.76,33.28,65.93,18.26
Darkness Ablaze,185,Salamence V,Ultra Rare,0.038461538461538464,3379.9999999999995,0.002958579881656805,False,False,True,0.685,3.1,3,230,10,53,124,5.03,5.742,2.49,11.49,1.6368,4.0,4.8025,5.03,6.7025,7.99,5.125,5.0,5.0,1.4286,1.7667,1.3778,0.0435,0.2304,0.5391,78.9902,248.779,45.44,Stable,35.94,52.5,71.49,23.04
Darkness Ablaze,186,Kabu,Ultra Rare,0.038461538461538464,3379.9999999999995,0.002958579881656805,False,False,False,0.0,1.08,2,335,9,49,107,2.99,3.1644,0.71,6.75,1.2367,1.836,2.0,2.99,3.99,5.0,2.44,2.98,2.99,1.2857,1.6333,1.1889,0.0269,0.1463,0.3194,183.442,431.7282,34.05,Cooling,31.52,31.61,60.92,14.63
Darkness Ablaze,187,Piers,Ultra Rare,0.038461538461538464,3379.9999999999995,0.002958579881656805,False,False,False,0.0,1.52,0,240,16,45,93,4.0,4.5067,1.92,9.95,1.6628,2.943,3.0,4.0,5.0,7.0,3.945,3.9,3.99,2.2857,1.5,1.0333,0.0667,0.1875,0.3875,133.7253,355.6625,39.02,Cooling,26.61,48.87,63.1,18.75
Darkness Ablaze,188,Pokémon Breeder's Nurturing,Ultra Rare,0.038461538461538464,3379.9999999999995,0.002958579881656805,False,False,False,0.0,1.89,3,198,11,45,95,4.49,4.9239,1.15,10.0,1.8405,3.0,3.6,4.49,5.5,7.8,3.99,3.99,4.0,1.5714,1.5,1.0556,0.0556,0.2273,0.4798,94.8921,392.7511,40.15,Stable,27.18,49.75,62.62,22.73
Darkness Ablaze,189,Rose,Ultra Rare,0.038461538461538464,3379.9999999999995,0.002958579881656805,False,False,False,0.0,1.17,1,795,45,205,440,1.99,1.9579,0.71,3.97,0.667,1.0,1.49,1.99,2.0,2.99,1.99,1.99,1.99,6.4286,6.8333,4.8889,0.0566,0.2579,0.5535,77.433,199.2699,57.89,Stable,81.81,50.0,65.93,25.79
Darkness Ablaze,190,Butterfree VMAX,Secret Rare,0.020833333333333332,5760.0,0.001736111111111111,False,False,True,0.5760000000000001,10.56,10,103,9,32,72,20.95,23.0196,1.5,45.0,8.1132,16.0,18.0,20.95,26.29,35.0,17.99,19.925,20.25,1.2857,1.0667,0.8,0.0874,0.3107,0.699,51.4014,243.2439,35.44,Cooling,15.43,38.84,64.76,31.07
Darkness Ablaze,191,Centiskorch VMAX,Secret Rare,0.020833333333333332,5760.0,0.001736111111111111,False,False,True,0.53,6.66,2,187,4,33,76,8.0,8.7288,1.9,18.0,3.216,5.0,6.99,8.0,9.99,13.714,7.995,7.99,7.99,0.5714,1.1,0.8444,0.0214,0.1765,0.4064,147.667,383.3553,36.18,Cooling,16.68,50.06,63.16,17.65
Darkness Ablaze,192,Eternatus VMAX,Secret Rare,0.020833333333333332,5760.0,0.001736111111111111,False,False,True,0.506,8.79,8,189,7,39,78,13.99,14.5267,6.98,30.0,4.3988,9.998,11.5,13.99,16.0,20.0,11.99,13.59,13.56,1.0,1.3,0.8667,0.037,0.2063,0.4127,118.7034,297.1514,35.43,Cooling,19.44,38.42,69.72,20.63
Darkness Ablaze,193,Scizor VMAX,Secret Rare,0.020833333333333332,5760.0,0.001736111111111111,False,False,True,0.7170000000000001,8.02,3,152,6,28,64,15.0,17.0193,2.99,35.55,7.334,9.99,11.7,15.0,20.0,29.238,17.39,14.995,14.995,0.8571,0.9333,0.7111,0.0395,0.1842,0.4211,130.6732,424.9167,38.33,Cooling,11.57,65.97,56.91,18.42
Darkness Ablaze,194,Salamence VMAX,Secret Rare,0.020833333333333332,5760.0,0.001736111111111111,False,False,True,0.685,12.51,9,167,9,39,82,15.99,17.5606,2.0,38.11,7.1099,11.144,13.0,15.99,19.995,27.744,16.99,15.99,16.895,1.2857,1.3,0.9111,0.0539,0.2335,0.491,92.181,282.8237,37.88,Cooling,20.47,50.56,59.51,23.35
Darkness Ablaze,195,Pokémon Breeder's Nurturing,Secret Rare,0.020833333333333332,5760.0,0.001736111111111111,False,False,False,0.0,3.57,5,174,7,36,64,5.99,6.7028,2.74,13.99,2.4679,4.0,4.99,5.99,7.99,10.0,5.99,5.775,5.99,1.0,1.2,0.7111,0.0402,0.2069,0.3678,140.6664,329.7958,36.21,Cooling,14.79,50.0,63.18,20.69
Darkness Ablaze,196,Rose,Secret Rare,0.020833333333333332,5760.0,0.001736111111111111,False,False,False,0.0,3.36,4,238,10,41,87,4.99,5.395,2.37,10.81,1.8946,3.25,3.99,4.99,6.6875,8.0,5.07,4.5,4.67,1.4286,1.3667,0.9667,0.042,0.1723,0.3655,149.7843,340.2724,40.81,Stable,22.73,58.57,64.88,17.23
Darkness Ablaze,197,Rillaboom,Secret Rare,0.020833333333333332,5760.0,0.001736111111111111,False,False,True,0.499,5.6,8,187,9,36,80,9.0,9.7997,4.0,20.0,3.482,6.06,7.19,9.0,10.565,15.0,9.99,9.35,8.99,1.2857,1.2,0.8889,0.0481,0.1925,0.4278,140.5105,360.2157,40.72,Stable,18.78,61.12,64.47,19.25
Darkness Ablaze,198,Coalossal,Secret Rare,0.020833333333333332,5760.0,0.001736111111111111,False,False,True,0.418,4.23,7,170,4,28,67,7.91,8.6225,1.0,19.89,3.5953,5.0,5.99,7.91,10.0,14.9,7.5,6.275,7.02,0.5714,0.9333,0.7444,0.0235,0.1647,0.3941,152.5853,359.7995,35.7,Cooling,12.32,56.84,58.3,16.47
Darkness Ablaze,199,Big Parasol,Secret Rare,0.020833333333333332,5760.0,0.001736111111111111,False,False,False,0.0,2.0,3,230,4,32,99,4.0,4.4348,1.07,9.95,1.5517,2.836,3.2,4.0,5.0,6.773,3.67,4.0,3.99,0.5714,1.0667,1.1,0.0174,0.1391,0.4304,120.7444,273.4126,34.99,Cooling,22.04,41.98,65.01,13.91
Darkness Ablaze,200,Turbo Patch,Secret Rare,0.020833333333333332,5760.0,0.001736111111111111,False,False,False,0.0,2.5,0,241,5,36,81,4.99,5.0417,2.15,10.0,1.7406,3.0,3.99,4.99,5.99,7.3,4.99,3.995,4.0,0.7143,1.2,0.9,0.0207,0.1494,0.3361,155.4563,347.1012,44.21,Stable,19.01,74.75,65.48,14.94
Darkness Ablaze,201,Capture Energy,Secret Rare,0.020833333333333332,5760.0,0.001736111111111111,False,False,False,0.0,2.93,1,207,9,44,91,4.0,4.8786,1.0,10.0,1.8727,3.0,3.505,4.0,5.94,7.966,4.0,3.99,3.99,1.2857,1.4667,1.0111,0.0435,0.2126,0.4396,130.3747,261.9769,39.3,Cooling,25.49,50.25,61.61,21.26
Evolving Skies,007,Leafeon V,Holo Rare V,0.1,7905.6,0.005555555555555556,False,False,True,0.7509999999999999,1.72,8,471,32,131,250,4.0,4.1433,0.99,8.0,1.3561,2.55,3.0,4.0,4.99,5.99,3.99,3.99,4.0,4.5714,4.3667,2.7778,0.0679,0.2781,0.5308,80.5809,279.5082,53.25,Stable,64.35,49.75,67.27,27.81
Evolving Skies,013,Trevenant V,Holo Rare V,0.1,7905.6,0.005555555555555556,False,False,True,0.645,0.71,3,686,19,129,280,2.14,2.2829,0.72,4.49,0.7804,1.25,1.79,2.14,2.99,3.0,1.99,2.18,2.225,2.7143,4.3,3.1111,0.0277,0.188,0.4082,123.2469,338.5387,48.38,Stable,65.43,39.44,65.82,18.8
Evolving Skies,021,Volcarona V,Holo Rare V,0.1,7905.6,0.005555555555555556,False,False,True,0.649,0.74,4,590,27,121,250,2.49,2.4191,0.72,4.98,0.8044,1.45,1.98,2.49,2.99,3.49,2.49,2.15,2.49,3.8571,4.0333,2.7778,0.0458,0.2051,0.4237,114.4397,318.1182,51.36,Stable,63.03,50.0,66.75,20.51
Evolving Skies,028,Gyarados V,Holo Rare V,0.1,7905.6,0.005555555555555556,False,False,True,0.6990000000000001,1.46,10,462,34,119,230,3.5,3.675,0.72,7.73,1.1595,2.341,2.97,3.5,4.335,5.0,2.995,3.22,3.43,4.8571,3.9667,2.5556,0.0736,0.2576,0.4978,90.5057,279.0064,48.47,Stable,61.46,37.32,68.45,25.76
Evolving Skies,031,Suicune V,Holo Rare V,0.1,7905.6,0.005555555555555556,False,False,True,0.7290000000000001,1.13,3,625,30,137,282,2.99,2.9369,0.91,5.98,1.0101,1.804,2.13,2.99,3.49,4.49,2.99,2.99,2.99,4.2857,4.5667,3.1333,0.048,0.2192,0.4512,103.5247,300.1023,52.5,Stable,66.64,50.0,65.61,21.92
Evolving Skies,040,Glaceon V,Holo Rare V,0.1,7905.6,0.005555555555555556,False,False,True,0.721,1.95,4,597,30,141,287,3.99,4.0544,1.0,8.0,1.3176,2.55,2.99,3.99,4.99,5.99,3.995,3.99,3.99,4.2857,4.7,3.1889,0.0503,0.2362,0.4807,99.4326,300.5102,53.45,Stable,67.3,50.13,67.5,23.62
Evolving Skies,048,Arctovish V,Holo Rare V,0.1,7905.6,0.005555555555555556,False,False,True,0.311,0.84,0,725,32,139,323,2.0,2.2685,0.72,4.49,0.8087,1.144,1.74,2.0,2.99,3.07,1.99,2.19,2.25,4.5714,4.6333,3.5889,0.0441,0.1917,0.4455,111.6501,336.6051,48.79,Stable,68.51,38.44,64.35,19.17
Evolving Skies,058,Dracozolt V,Holo Rare V,0.1,7905.6,0.005555555555555556,False,False,True,0.418,0.83,2,710,20,140,307,2.365,2.4147,0.72,4.8,0.8232,1.39,1.85,2.365,2.99,3.49,1.975,2.25,2.48,2.8571,4.6667,3.4111,0.0282,0.1972,0.4324,114.6612,346.6799,46.44,Stable,68.07,29.64,65.91,19.72
Evolving Skies,064,Espeon V,Holo Rare V,0.1,7905.6,0.005555555555555556,False,False,True,0.753,1.67,9,545,29,134,273,3.99,4.1479,1.45,8.49,1.3541,2.828,3.0,3.99,4.99,5.99,3.99,4.0,3.99,4.1429,4.4667,3.0333,0.0532,0.2459,0.5009,89.8062,290.3815,53.11,Stable,65.75,50.0,67.35,24.59
Evolving Skies,070,Golurk V,Holo Rare V,0.1,7905.6,0.005555555555555556,False,False,True,0.616,0.77,0,716,25,136,287,2.0,2.2407,0.72,4.39,0.7675,1.25,1.6975,2.0,2.89,3.0,1.73,1.99,2.0,3.5714,4.5333,3.1889,0.0349,0.1899,0.4008,124.2238,335.6981,47.93,Stable,66.77,36.5,65.75,18.99
Evolving Skies,074,Sylveon V,Holo Rare V,0.1,7905.6,0.005555555555555556,False,False,True,0.78,2.89,7,365,43,120,228,6.0,6.6811,0.99,13.63,2.3642,4.5,4.99,6.0,7.99,10.0,5.98,6.355,6.29,6.1429,4.0,2.5333,0.1178,0.3288,0.6247,61.0341,215.4056,51.48,Stable,61.52,45.07,64.61,32.88
Evolving Skies,083,Medicham V,Holo Rare V,0.1,7905.6,0.005555555555555556,False,False,True,0.366,0.73,0,809,28,146,333,2.0,2.2011,0.72,4.31,0.8426,1.0,1.5,2.0,2.9,3.264,1.99,1.99,1.99,4.0,4.8667,3.7,0.0346,0.1805,0.4116,124.5681,331.0249,51.84,Stable,69.63,50.0,61.72,18.05
Evolving Skies,091,Lycanroc V,Holo Rare V,0.1,7905.6,0.005555555555555556,False,False,True,0.688,0.75,8,626,29,131,278,2.185,2.3226,0.72,4.62,0.8346,1.25,1.75,2.185,2.99,3.47,1.99,2.25,2.065,4.1429,4.3667,3.0889,0.0463,0.2093,0.4441,108.9388,309.7118,50.59,Stable,65.61,46.37,64.07,20.93
Evolving Skies,094,Umbreon V,Holo Rare V,0.1,7905.6,0.005555555555555556,False,False,True,0.795,3.59,16,376,34,112,226,9.99,10.1796,1.99,20.45,3.9973,5.92,7.4975,9.99,11.99,15.335,9.99,9.99,9.99,4.8571,3.7333,2.5111,0.0904,0.2979,0.6011,64.3832,205.9087,51.13,Stable,60.09,50.0,60.73,29.79
Evolving Skies,100,Garbodor V,Holo Rare V,0.1,7905.6,0.005555555555555556,False,False,True,0.389,0.85,8,725,31,145,305,2.09,2.3032,0.72,4.5,0.8113,1.224,1.79,2.09,2.99,3.29,1.99,2.35,2.25,4.4286,4.8333,3.3889,0.0428,0.2,0.4207,127.4823,381.0341,49.0,Stable,68.37,38.44,64.78,20.0
Evolving Skies,110,Rayquaza V,Holo Rare V,0.1,7905.6,0.005555555555555556,False,False,True,0.764,1.03,16,739,45,195,352,3.0,3.2866,1.0,6.51,1.1839,1.99,2.28,3.0,3.99,5.0,2.99,3.0,3.0,6.4286,6.5,3.9111,0.0609,0.2639,0.4763,102.4163,318.4118,55.85,Stable,76.27,49.67,63.98,26.39
Evolving Skies,117,Noivern V,Holo Rare V,0.1,7905.6,0.005555555555555556,False,False,True,0.662,0.78,5,890,24,154,348,2.19,2.3189,0.72,4.79,0.8406,1.249,1.75,2.19,2.99,3.49,2.06,2.49,2.265,3.4286,5.1333,3.8667,0.027,0.173,0.391,130.4868,365.3315,49.88,Stable,71.27,40.95,63.75,17.3
Evolving Skies,122,Duraludon V,Holo Rare V,0.1,7905.6,0.005555555555555556,False,False,True,0.423,0.66,0,905,36,175,352,2.0,2.1857,0.72,4.18,0.7698,1.15,1.58,2.0,2.7,3.0,2.335,1.99,1.99,5.1429,5.8333,3.9111,0.0398,0.1934,0.389,143.6166,347.8557,59.26,Stable,74.12,67.34,64.78,19.34
Evolving Skies,008,Leafeon VMAX,Holo Rare VMAX,0.05555555555555555,11858.4,0.0037037037037037034,False,False,True,0.7509999999999999,4.76,11,339,36,100,200,11.78,11.9124,3.61,25.0,4.5532,6.392,8.5,11.78,14.16,18.4,11.995,12.0,12.0,5.1429,3.3333,2.2222,0.1062,0.295,0.59,65.3437,231.6169,49.96,Stable,55.73,49.96,61.78,29.5
Evolving Skies,014,Trevenant VMAX,Holo Rare VMAX,0.05555555555555555,11858.4,0.0037037037037037034,False,False,True,0.645,1.56,4,556,23,114,237,2.99,2.9381,0.73,5.79,1.0301,1.8,2.0,2.99,3.5825,4.395,2.74,2.49,2.69,3.2857,3.8,2.6333,0.0414,0.205,0.4263,114.8503,341.1179,50.99,Stable,61.16,51.86,64.94,20.5
Evolving Skies,018,Flareon VMAX,Holo Rare VMAX,0.05555555555555555,11858.4,0.0037037037037037034,False,False,True,0.7040000000000001,7.13,16,365,27,103,217,12.98,13.1867,1.49,27.49,4.4683,8.0,10.0,12.98,15.0,19.99,12.99,12.99,13.0,3.8571,3.4333,2.4111,0.074,0.2822,0.5945,65.4066,184.8747,51.16,Stable,57.74,49.92,66.12,28.22
Evolving Skies,029,Gyarados VMAX,Holo Rare VMAX,0.05555555555555555,11858.4,0.0037037037037037034,False,False,True,0.6990000000000001,6.02,15,344,37,116,222,10.0,11.2179,1.99,22.0,3.4716,7.99,9.0,10.0,12.865,15.889,10.0,10.0,10.45,5.2857,3.8667,2.4667,0.1076,0.3372,0.6453,52.8519,152.6688,52.36,Stable,60.34,45.69,69.05,33.72
Evolving Skies,030,Vaporeon VMAX,Holo Rare VMAX,0.05555555555555555,11858.4,0.0037037037037037034,False,False,True,0.768,6.88,7,333,28,105,190,12.5,12.8614,2.25,26.0,4.1465,8.966,10.0,12.5,14.99,18.104,12.99,12.99,12.91,4.0,3.5,2.1111,0.0841,0.3153,0.5706,71.7018,215.1375,51.82,Stable,55.91,50.62,67.76,31.53
Evolving Skies,041,Glaceon VMAX,Holo Rare VMAX,0.05555555555555555,11858.4,0.0037037037037037034,False,False,True,0.721,5.39,13,435,33,120,263,9.36,10.0111,2.0,20.0,3.8192,6.0,7.27,9.36,11.49,15.0,8.99,9.135,9.49,4.7143,4.0,2.9222,0.0759,0.2759,0.6046,64.0327,243.3814,50.33,Stable,63.42,44.73,61.85,27.59
Evolving Skies,051,Jolteon VMAX,Holo Rare VMAX,0.05555555555555555,11858.4,0.0037037037037037034,False,False,True,0.738,6.12,21,371,25,97,213,12.0,12.6932,3.99,27.01,4.1289,7.99,10.0,12.0,14.99,17.99,12.99,12.09,12.32,3.5714,3.2333,2.3667,0.0674,0.2615,0.5741,72.6848,221.876,52.24,Stable,56.28,55.44,67.47,26.15
Evolving Skies,059,Dracozolt VMAX,Holo Rare VMAX,0.05555555555555555,11858.4,0.0037037037037037034,False,False,True,0.418,1.83,5,526,23,104,217,2.97,2.9684,0.99,5.95,1.0199,1.95,2.09,2.97,3.6,4.385,2.46,2.49,2.62,3.2857,3.4667,2.4111,0.0437,0.1977,0.4125,121.5323,328.8924,47.63,Stable,57.92,43.89,65.64,19.77
Evolving Skies,065,Espeon VMAX,Holo Rare VMAX,0.05555555555555555,11858.4,0.0037037037037037034,False,False,True,0.753,10.08,14,336,27,97,205,16.085,17.2513,2.25,35.53,4.9218,12.0,14.0,16.085,19.99,24.04,16.0,16.0,16.77,3.8571,3.2333,2.2778,0.0804,0.2887,0.6101,62.7697,172.289,50.38,Stable,55.64,45.41,71.47,28.87
Evolving Skies,075,Sylveon VMAX,Holo Rare VMAX,0.05555555555555555,11858.4,0.0037037037037037034,False,False,True,0.78,10.34,11,341,26,105,210,18.99,19.6426,3.39,39.98,6.0642,13.99,15.0,18.99,22.0,27.99,18.925,19.0,18.995,3.7143,3.5,2.3333,0.0762,0.3079,0.6158,67.5757,190.1535,52.15,Stable,57.58,49.63,69.13,30.79
Evolving Skies,092,Lycanroc VMAX,Holo Rare VMAX,0.05555555555555555,11858.4,0.0037037037037037034,False,False,True,0.688,1.78,6,417,24,83,185,3.5,3.7147,1.0,7.24,1.1958,2.366,2.94,3.5,4.27,5.136,3.34,3.28,3.45,3.4286,2.7667,2.0556,0.0576,0.199,0.4436,109.588,303.256,47.15,Stable,51.89,46.81,67.81,19.9
Evolving Skies,095,Umbreon VMAX,Holo Rare VMAX,0.05555555555555555,11858.4,0.0037037037037037034,False,False,True,0.795,15.58,40,280,42,102,187,30.0,35.1562,1.64,75.0,13.0385,24.99,28.5,30.0,39.99,50.199,30.875,29.99,30.0,6.0,3.4,2.0778,0.15,0.3643,0.6679,49.4617,155.1974,52.24,Stable,55.0,52.92,62.91,36.43
Evolving Skies,101,Garbodor VMAX,Holo Rare VMAX,0.05555555555555555,11858.4,0.0037037037037037034,False,False,True,0.389,1.71,4,479,17,96,204,3.0,3.423,1.0,6.15,1.0573,2.016,2.83,3.0,4.0,4.99,3.06,3.0,3.11,2.4286,3.2,2.2667,0.0355,0.2004,0.4259,113.7075,360.1179,48.98,Stable,55.43,48.39,69.11,20.04
Evolving Skies,111,Rayquaza VMAX,Holo Rare VMAX,0.05555555555555555,11858.4,0.0037037037037037034,False,False,True,0.764,6.43,34,361,42,129,239,17.5,17.864,5.0,39.0,6.0129,11.0,14.5,17.5,19.99,25.0,17.995,17.71,17.0,6.0,4.3,2.6556,0.1163,0.3573,0.662,51.7488,229.0627,56.19,Stable,63.4,55.85,66.34,35.73
Evolving Skies,123,Duraludon VMAX,Holo Rare VMAX,0.05555555555555555,11858.4,0.0037037037037037034,False,False,True,0.423,1.61,3,763,39,162,320,2.77,2.8307,0.99,5.73,1.0594,1.654,1.99,2.77,3.46,4.43,2.33,2.1,2.465,5.5714,5.4,3.5556,0.0511,0.2123,0.4194,116.7106,305.1604,51.39,Stable,70.9,44.52,62.57,21.23
Evolving Skies,166,Leafeon V,Ultra Rare,0.045454545454545456,36717.12,0.0011961722488038277,False,False,True,0.7509999999999999,12.39,11,96,12,32,52,26.105,26.1961,4.0,49.99,9.5788,15.0,19.99,26.105,30.6725,39.56,22.33,25.0,25.455,1.7143,1.0667,0.5778,0.125,0.3333,0.5417,72.3347,266.988,33.83,Cooling,10.52,37.72,63.43,33.33
Evolving Skies,167,Leafeon V,Ultra Rare,0.045454545454545456,36717.12,0.0011961722488038277,False,False,True,0.7509999999999999,103.73,27,163,16,69,107,159.99,161.7139,2.25,338.31,70.5254,48.398,136.5,159.99,191.04,250.0,149.495,159.0,160.0,2.2857,2.3,1.1889,0.0982,0.4233,0.6564,42.6442,145.5786,44.51,Stable,39.11,43.43,56.39,42.33
Evolving Skies,168,Trevenant V,Ultra Rare,0.045454545454545456,36717.12,0.0011961722488038277,False,False,True,0.645,2.31,0,125,7,41,67,4.99,5.2129,1.5,10.0,1.7099,3.49,3.99,4.99,5.99,7.884,4.28,4.29,4.59,1.0,1.3667,0.7444,0.056,0.328,0.536,82.1777,258.2444,38.32,Cooling,17.82,43.25,67.2,32.8
Evolving Skies,169,Flareon V,Ultra Rare,0.045454545454545456,36717.12,0.0011961722488038277,False,False,True,0.7040000000000001,13.55,4,161,13,37,73,19.99,18.486,1.29,40.0,9.6079,4.0,11.0,19.99,25.0,29.99,21.47,20.27,20.0,1.8571,1.2333,0.8111,0.0807,0.2298,0.4534,108.9323,217.2006,36.66,Cooling,17.53,57.35,48.03,22.98
Evolving Skies,170,Volcarona V,Ultra Rare,0.045454545454545456,36717.12,0.0011961722488038277,False,False,True,0.649,4.41,1,110,12,35,62,6.99,7.0318,2.99,12.99,1.7746,4.999,5.99,6.99,7.99,9.962,6.935,6.88,6.99,1.7143,1.1667,0.6889,0.1091,0.3182,0.5636,80.8591,196.2839,40.2,Stable,13.74,49.21,74.76,31.82
Evolving Skies,171,Gyarados V,Ultra Rare,0.045454545454545456,36717.12,0.0011961722488038277,False,False,True,0.6990000000000001,8.59,4,75,8,30,58,19.99,20.7271,10.0,45.0,6.6282,15.0,15.4,19.99,24.38,29.194,17.385,17.81,18.125,1.1429,1.0,0.6444,0.1067,0.4,0.7733,49.6312,96.9296,38.64,Cooling,10.86,45.92,68.02,40.0
Evolving Skies,172,Vaporeon V,Ultra Rare,0.045454545454545456,36717.12,0.0011961722488038277,False,False,True,0.768,14.19,9,102,17,36,59,28.335,28.5495,3.97,55.0,10.5439,18.524,22.9925,28.335,34.5,44.756,24.99,25.0,25.0,2.4286,1.2,0.6556,0.1667,0.3529,0.5784,69.8938,252.2562,38.74,Cooling,13.6,49.96,63.07,35.29
Evolving Skies,173,Suicune V,Ultra Rare,0.045454545454545456,36717.12,0.0011961722488038277,False,False,True,0.7290000000000001,5.28,3,77,7,28,37,10.18,10.9764,1.5,21.33,3.9449,6.15,8.99,10.18,13.49,15.594,11.99,10.49,10.8,1.0,0.9333,0.4111,0.0909,0.3636,0.4805,113.7057,291.0556,40.18,Stable,5.98,61.02,64.06,36.36
Evolving Skies,174,Glaceon V,Ultra Rare,0.045454545454545456,36717.12,0.0011961722488038277,False,False,True,0.721,16.1,8,83,6,25,46,28.0,29.8712,5.0,56.88,10.0184,20.0,24.99,28.0,34.215,48.992,33.99,27.98,27.09,0.8571,0.8333,0.5111,0.0723,0.3012,0.5542,64.8649,199.4599,43.83,Stable,6.25,75.47,66.46,30.12
Evolving Skies,175,Glaceon V,Ultra Rare,0.045454545454545456,36717.12,0.0011961722488038277,False,False,True,0.721,97.95,29,121,23,60,87,162.26,155.9484,7.24,345.0,75.3538,24.9,130.0,162.26,185.0,249.0,149.99,164.055,165.0,3.2857,2.0,0.9667,0.1901,0.4959,0.719,30.735,135.2571,41.77,Stable,30.81,40.9,51.68,49.59
Evolving Skies,176,Arctovish V,Ultra Rare,0.045454545454545456,36717.12,0.0011961722488038277,False,False,True,0.311,1.86,1,148,8,28,60,4.0,4.4426,1.99,7.99,1.319,2.99,3.56,4.0,5.0,6.0,4.545,4.085,3.99,1.1429,0.9333,0.6667,0.0541,0.1892,0.4054,133.011,342.5478,40.2,Stable,10.59,63.91,70.31,18.92
Evolving Skies,177,Jolteon V,Ultra Rare,0.045454545454545456,36717.12,0.0011961722488038277,False,False,True,0.738,15.17,5,108,10,40,63,24.71,26.8074,15.0,50.0,8.9613,18.0,20.0,24.71,30.0,40.89,20.48,20.0,21.41,1.4286,1.3333,0.7,0.0926,0.3704,0.5833,65.8742,209.5171,39.3,Cooling,16.27,45.66,66.57,37.04
Evolving Skies,178,Dracozolt V,Ultra Rare,0.045454545454545456,36717.12,0.0011961722488038277,False,False,True,0.418,2.16,1,158,7,31,68,4.99,5.2806,1.25,10.0,1.8036,3.314,3.99,4.99,6.2225,7.99,5.54,4.95,5.995,1.0,1.0333,0.7556,0.0443,0.1962,0.4304,121.8488,326.2867,34.05,Cooling,14.1,42.41,65.84,19.62
Evolving Skies,179,Espeon V,Ultra Rare,0.045454545454545456,36717.12,0.0011961722488038277,False,False,True,0.753,16.7,6,95,15,47,59,29.99,31.1293,4.49,59.99,9.6296,20.0,25.0,29.99,35.63,43.2,27.0,27.86,27.99,2.1429,1.5667,0.6556,0.1579,0.4947,0.6211,36.5769,135.6073,43.3,Stable,18.85,46.46,69.07,49.47
Evolving Skies,180,Espeon V,Ultra Rare,0.045454545454545456,36717.12,0.0011961722488038277,True,False,True,0.753,135.3,26,113,10,41,78,249.99,218.3588,2.25,515.0,107.3605,20.764,199.0,249.99,275.0,300.0,250.0,252.49,250.0,1.4286,1.3667,0.8667,0.0885,0.3628,0.6903,43.4147,100.7262,38.58,Cooling,20.52,50.0,50.83,36.28
Evolving Skies,181,Golurk V,Ultra Rare,0.045454545454545456,36717.12,0.0011961722488038277,False,False,True,0.616,3.27,1,119,11,31,64,5.49,5.7833,2.5,11.0,1.6509,3.99,4.805,5.49,6.7,8.0,4.86,5.14,5.07,1.5714,1.0333,0.7111,0.0924,0.2605,0.5378,79.901,266.5126,37.16,Cooling,13.01,45.86,71.45,26.05
Evolving Skies,182,Golurk V,Ultra Rare,0.045454545454545456,36717.12,0.0011961722488038277,False,False,True,0.616,20.61,9,98,11,44,73,41.49,44.4773,9.0,90.0,15.4254,27.99,35.0,41.49,50.0,66.237,43.0,40.0,40.0,1.5714,1.4667,0.8111,0.1122,0.449,0.7449,40.0585,123.5739,45.61,Stable,21.06,57.5,65.32,44.9
Evolving Skies,183,Sylveon V,Ultra Rare,0.045454545454545456,36717.12,0.0011961722488038277,False,False,True,0.78,21.73,5,84,11,27,47,39.99,41.1387,10.0,80.0,11.1718,29.993,35.0,39.99,46.615,50.757,39.99,36.99,37.0,1.5714,0.9,0.5222,0.131,0.3214,0.5595,60.9807,153.3467,40.59,Stable,7.23,58.08,72.84,32.14
Evolving Skies,184,Sylveon V,Ultra Rare,0.045454545454545456,36717.12,0.0011961722488038277,False,False,True,0.78,115.93,26,123,19,63,88,205.0,201.0251,2.99,479.99,97.2983,24.92,190.0,205.0,249.97,299.95,200.0,205.51,206.23,2.7143,2.1,0.9778,0.1545,0.5122,0.7154,27.1018,111.6941,44.3,Stable,32.15,46.98,51.6,51.22
Evolving Skies,185,Medicham V,Ultra Rare,0.045454545454545456,36717.12,0.0011961722488038277,False,False,True,0.366,1.86,0,193,13,45,88,3.99,4.113,1.0,8.0,1.4498,2.56,3.0,3.99,4.99,6.12,3.79,3.66,3.495,1.8571,1.5,0.9778,0.0674,0.2332,0.456,108.8224,293.3651,42.73,Stable,25.26,58.44,64.75,23.32
Evolving Skies,186,Medicham V,Ultra Rare,0.045454545454545456,36717.12,0.0011961722488038277,False,False,True,0.366,18.81,1,126,10,40,77,26.0,28.3805,1.0,59.95,10.8025,19.0,21.9925,26.0,32.005,44.25,22.0,23.99,25.12,1.4286,1.3333,0.8556,0.0794,0.3175,0.6111,65.4504,200.3817,35.99,Cooling,19.92,37.58,61.94,31.75
Evolving Skies,187,Lycanroc V,Ultra Rare,0.045454545454545456,36717.12,0.0011961722488038277,False,False,True,0.688,3.0,1,126,8,38,71,5.24,5.7479,2.0,10.99,1.8675,3.985,4.62,5.24,6.89,8.345,5.495,5.45,5.72,1.1429,1.2667,0.7889,0.0635,0.3016,0.5635,75.043,255.6195,38.59,Cooling,17.46,46.07,67.51,30.16
Evolving Skies,188,Umbreon V,Ultra Rare,0.045454545454545456,36717.12,0.0011961722488038277,False,False,True,0.795,49.07,26,93,13,35,67,70.0,73.2932,20.0,125.0,19.3726,53.364,61.99,70.0,80.0,100.0,71.3,70.0,70.0,1.8571,1.1667,0.7444,0.1398,0.3763,0.7204,38.2433,107.3538,42.32,Stable,15.06,51.86,73.57,37.63
Evolving Skies,189,Umbreon V,Ultra Rare,0.045454545454545456,36717.12,0.0011961722488038277,True,False,True,0.795,294.16,27,205,19,71,132,430.0,402.4981,0.99,836.11,207.2129,17.732,370.0,430.0,500.0,650.0,398.0,400.0,425.0,2.7143,2.3667,1.4667,0.0927,0.3463,0.6439,58.081,156.1737,42.85,Stable,43.75,43.65,48.52,34.63
Evolving Skies,190,Garbodor V,Ultra Rare,0.045454545454545456,36717.12,0.0011961722488038277,False,False,True,0.389,2.91,0,79,6,21,44,5.99,6.2687,1.45,12.0,2.0714,4.0,4.99,5.99,7.45,9.12,5.495,5.99,5.99,0.8571,0.7,0.4889,0.0759,0.2658,0.557,70.8147,326.8811,32.59,Cooling,4.54,41.74,66.96,26.58
Evolving Skies,191,Dragonite V,Ultra Rare,0.045454545454545456,36717.12,0.0011961722488038277,False,False,True,0.733,15.32,11,75,14,41,56,44.0,45.3268,4.0,95.0,16.1474,28.204,34.975,44.0,54.75,66.602,37.995,44.0,39.995,2.0,1.3667,0.6222,0.1867,0.5467,0.7467,22.6145,103.943,41.83,Stable,15.08,45.0,64.38,54.67
Evolving Skies,192,Dragonite V,Ultra Rare,0.045454545454545456,36717.12,0.0011961722488038277,True,False,True,0.733,290.43,34,199,28,82,149,549.99,494.6954,1.99,1165.0,283.7952,19.772,430.145,549.99,649.495,800.066,580.0,550.0,550.0,4.0,2.7333,1.6556,0.1407,0.4121,0.7487,40.6435,99.051,47.9,Stable,48.31,55.45,42.63,41.21
Evolving Skies,193,Rayquaza V,Ultra Rare,0.045454545454545456,36717.12,0.0011961722488038277,False,False,True,0.764,27.38,17,74,24,60,68,89.99,91.6536,2.5,199.69,31.4435,60.9,80.0,89.99,101.44,128.493,88.955,89.99,89.99,3.4286,2.0,0.7556,0.3243,0.8108,0.9189,14.8869,61.491,51.88,Stable,26.24,48.85,65.69,81.08
Evolving Skies,194,Rayquaza V,Ultra Rare,0.045454545454545456,36717.12,0.0011961722488038277,True,False,True,0.764,213.53,30,140,28,81,118,547.615,543.104,7.24,1380.0,300.3658,18.632,461.25,547.615,649.9925,899.99,544.995,540.0,549.99,4.0,2.7,1.3111,0.2,0.5786,0.8429,21.4724,64.5052,48.42,Stable,43.93,49.09,44.69,57.86
Evolving Skies,195,Noivern V,Ultra Rare,0.045454545454545456,36717.12,0.0011961722488038277,False,False,True,0.662,3.3,1,109,10,27,50,6.0,6.7445,2.69,12.25,2.1119,4.496,5.0,6.0,7.99,9.992,6.045,6.25,6.0,1.4286,0.9,0.5556,0.0917,0.2477,0.4587,112.2955,333.421,36.3,Cooling,7.94,50.75,68.69,24.77
Evolving Skies,196,Noivern V,Ultra Rare,0.045454545454545456,36717.12,0.0011961722488038277,False,False,True,0.662,44.33,21,88,11,44,73,80.0,80.9387,1.49,170.0,33.3559,23.5,74.795,80.0,95.925,119.993,79.99,79.495,79.99,1.5714,1.4667,0.8111,0.125,0.5,0.8295,31.2635,132.991,43.08,Stable,21.06,50.0,58.79,50.0
Evolving Skies,197,Duraludon V,Ultra Rare,0.045454545454545456,36717.12,0.0011961722488038277,False,False,True,0.423,1.81,0,163,11,43,72,3.99,3.9061,0.99,7.11,1.2433,2.492,2.99,3.99,4.64,5.54,3.99,3.99,3.99,1.5714,1.4333,0.8,0.0675,0.2638,0.4417,108.8105,267.6758,39.93,Cooling,20.06,50.0,68.17,26.38
Evolving Skies,198,Duraludon V,Ultra Rare,0.045454545454545456,36717.12,0.0011961722488038277,False,False,True,0.423,15.38,2,160,8,31,68,23.995,25.1427,2.25,49.93,7.7373,17.49,19.99,23.995,29.99,38.031,20.395,21.49,21.245,1.1429,1.0333,0.7556,0.05,0.1938,0.425,126.5497,276.5781,35.75,Cooling,14.1,46.0,69.23,19.38
Evolving Skies,199,Aroma Lady,Ultra Rare,0.045454545454545456,36717.12,0.0011961722488038277,False,False,False,0.0,10.04,6,129,10,31,73,17.0,18.2779,9.0,35.96,5.9334,12.0,14.0,17.0,19.99,27.638,13.49,15.95,17.0,1.4286,1.0333,0.8111,0.0775,0.2403,0.5659,74.315,261.3161,31.73,Cooling,15.36,29.35,67.54,24.03
Evolving Skies,200,Copycat,Ultra Rare,0.045454545454545456,36717.12,0.0011961722488038277,False,False,False,0.0,2.23,3,231,3,54,107,4.49,4.7305,0.72,9.75,1.6611,2.99,3.505,4.49,5.0,7.11,3.99,3.99,3.99,0.4286,1.8,1.1889,0.013,0.2338,0.4632,102.3631,349.6046,42.74,Stable,33.64,50.0,64.89,23.38
Evolving Skies,201,Gordie,Ultra Rare,0.045454545454545456,36717.12,0.0011961722488038277,False,False,False,0.0,1.73,1,167,9,31,65,3.63,3.8153,1.2,7.95,1.2909,2.49,2.99,3.63,4.465,5.846,3.99,3.79,3.53,1.2857,1.0333,0.7222,0.0539,0.1856,0.3892,128.7832,318.5476,39.81,Cooling,13.19,63.03,66.17,18.56
Evolving Skies,202,Raihan,Ultra Rare,0.045454545454545456,36717.12,0.0011961722488038277,False,False,False,0.0,4.88,3,105,7,25,60,9.99,10.374,2.0,20.0,3.7247,6.846,7.95,9.99,13.0,14.996,7.99,7.99,8.985,1.0,0.8333,0.6667,0.0667,0.2381,0.5714,60.4676,316.2088,32.07,Cooling,9.38,38.93,64.1,23.81
Evolving Skies,203,Zinnia's Resolve,Ultra Rare,0.045454545454545456,36717.12,0.0011961722488038277,False,False,False,0.0,4.48,6,803,72,227,474,1.85,1.7664,0.72,3.97,0.5364,0.99,1.44,1.85,1.99,2.39,1.79,1.89,1.9,10.2857,7.5667,5.2667,0.0897,0.2827,0.5903,68.352,219.2912,58.19,Stable,84.48,44.21,69.63,28.27
Evolving Skies,204,Leafeon VMAX,Secret Rare,0.022222222222222223,67197.59999999999,0.0006535947712418301,False,False,True,0.7509999999999999,28.46,10,79,9,29,51,47.71,49.9497,4.99,100.0,18.8752,30.0,39.98,47.71,55.495,75.992,49.99,45.0,45.0,1.2857,0.9667,0.5667,0.1139,0.3671,0.6456,60.4338,138.4895,40.81,Stable,8.99,61.09,62.21,36.71
Evolving Skies,205,Leafeon VMAX,Secret Rare,0.022222222222222223,67197.59999999999,0.0006535947712418301,True,False,True,0.7509999999999999,357.62,33,181,15,63,126,450.0,475.4099,3.6,949.95,227.9574,29.94,395.0,450.0,669.99,750.0,532.0,450.0,488.045,2.1429,2.1,1.4,0.0829,0.3481,0.6961,58.5712,139.3846,47.05,Stable,39.91,59.01,52.05,34.81
Evolving Skies,206,Trevenant VMAX,Secret Rare,0.022222222222222223,67197.59999999999,0.0006535947712418301,False,False,True,0.645,7.1,4,131,10,31,54,9.43,9.6944,1.99,19.72,3.1797,6.95,7.5,9.43,11.395,13.63,7.995,8.0,8.245,1.4286,1.0333,0.6,0.0763,0.2366,0.4122,138.4386,309.6333,35.47,Cooling,10.68,46.97,67.2,23.66
Evolving Skies,207,Gyarados VMAX,Secret Rare,0.022222222222222223,67197.59999999999,0.0006535947712418301,False,False,True,0.6990000000000001,29.8,14,111,9,37,65,50.0,54.2006,3.99,113.59,19.0138,35.0,45.0,50.0,61.865,79.99,56.0,54.99,50.7,1.2857,1.2333,0.7222,0.0811,0.3333,0.5856,72.8041,135.6322,42.39,Stable,15.36,60.45,64.92,33.33
Evolving Skies,208,Glaceon VMAX,Secret Rare,0.022222222222222223,67197.59999999999,0.0006535947712418301,False,False,True,0.721,26.86,9,117,7,33,61,39.13,38.9974,2.0,79.76,12.9511,25.0,30.0,39.13,44.96,50.462,39.99,37.99,39.87,1.0,1.1,0.6778,0.0598,0.2821,0.5214,88.6008,145.8637,37.99,Cooling,13.01,50.3,66.79,28.21
Evolving Skies,209,Glaceon VMAX,Secret Rare,0.022222222222222223,67197.59999999999,0.0006535947712418301,True,False,True,0.721,265.38,48,199,14,62,127,356.0,396.6767,6.89,800.0,208.6379,40.0,295.0,356.0,540.8,700.0,310.0,331.94,355.7,2.0,2.0667,1.4111,0.0704,0.3116,0.6382,53.7722,139.0926,38.73,Cooling,39.57,37.15,47.4,31.16
Evolving Skies,210,Dracozolt VMAX,Secret Rare,0.022222222222222223,67197.59999999999,0.0006535947712418301,False,False,True,0.418,6.92,1,142,12,32,58,9.99,9.7674,2.0,18.0,2.95,6.491,7.9925,9.99,10.9975,13.539,9.99,9.99,9.99,1.7143,1.0667,0.6444,0.0845,0.2254,0.4085,167.8035,374.1972,36.99,Cooling,11.73,50.0,69.8,22.54
Evolving Skies,211,Sylveon VMAX,Secret Rare,0.022222222222222223,67197.59999999999,0.0006535947712418301,False,False,True,0.78,38.99,10,71,7,22,43,60.0,59.5838,4.99,117.05,19.1288,44.0,48.84,60.0,68.99,85.0,60.0,59.0,60.0,1.0,0.7333,0.4778,0.0986,0.3099,0.6056,71.1612,177.8794,36.21,Cooling,4.79,50.0,67.9,30.99
Evolving Skies,212,Sylveon VMAX,Secret Rare,0.022222222222222223,67197.59999999999,0.0006535947712418301,True,False,True,0.78,288.58,17,210,23,89,147,513.805,558.0165,11.9,1125.0,263.3733,253.689,400.0,513.805,750.0,854.5,430.25,501.0,565.0,3.2857,2.9667,1.6333,0.1095,0.4238,0.7,44.2083,114.8911,41.71,Stable,49.43,26.15,52.8,42.38
Evolving Skies,213,Lycanroc VMAX,Secret Rare,0.022222222222222223,67197.59999999999,0.0006535947712418301,False,False,True,0.688,6.77,3,109,8,22,51,10.99,11.8153,4.95,20.38,3.2785,8.0,9.95,10.99,13.49,16.958,10.1,10.97,10.95,1.1429,0.7333,0.5667,0.0734,0.2018,0.4679,104.6977,280.1208,33.13,Cooling,6.57,42.24,72.25,20.18
Evolving Skies,214,Umbreon VMAX,Secret Rare,0.022222222222222223,67197.59999999999,0.0006535947712418301,False,False,True,0.795,49.74,23,102,13,38,68,85.18,97.0933,5.99,200.0,38.7342,63.226,75.0,85.18,108.145,159.0,82.99,84.975,85.18,1.8571,1.2667,0.7556,0.1275,0.3725,0.6667,46.422,180.8106,38.7,Cooling,16.68,47.43,60.11,37.25
Evolving Skies,215,Umbreon VMAX,Secret Rare,0.022222222222222223,67197.59999999999,0.0006535947712418301,True,False,True,0.795,1369.41,103,289,43,113,199,3748.53,3689.4692,6.82,8500.0,2075.6523,70.192,2350.0,3748.53,5000.0,6260.0,3250.0,3776.0,3800.0,6.1429,3.7667,2.2111,0.1488,0.391,0.6886,48.977,112.3666,44.62,Stable,57.99,35.53,43.74,39.1
Evolving Skies,216,Garbodor VMAX,Secret Rare,0.022222222222222223,67197.59999999999,0.0006535947712418301,False,False,True,0.389,7.09,3,87,4,17,37,10.0,11.4076,2.49,21.0,3.9331,7.782,8.99,10.0,13.7,17.994,9.505,9.53,9.53,0.5714,0.5667,0.4111,0.046,0.1954,0.4253,122.8597,338.46,32.79,Cooling,2.85,49.74,65.52,19.54
Evolving Skies,217,Rayquaza VMAX,Secret Rare,0.022222222222222223,67197.59999999999,0.0006535947712418301,False,False,True,0.764,44.03,31,84,14,40,64,130.495,134.6002,2.25,300.0,59.9745,82.4,113.0,130.495,150.0,203.129,128.445,129.99,130.0,2.0,1.3333,0.7111,0.1667,0.4762,0.7619,31.127,192.7421,40.25,Stable,16.66,48.8,55.44,47.62
Evolving Skies,218,Rayquaza VMAX,Secret Rare,0.022222222222222223,67197.59999999999,0.0006535947712418301,True,False,True,0.764,664.95,100,204,24,85,149,1799.99,1945.6352,4.99,4268.36,1245.066,27.43,1237.5,1799.99,3098.0,3499.99,1702.06,1999.99,1999.99,3.4286,2.8333,1.6556,0.1176,0.4167,0.7304,43.0553,88.7753,40.8,Stable,49.11,35.1,36.01,41.67
Evolving Skies,219,Duraludon VMAX,Secret Rare,0.022222222222222223,67197.59999999999,0.0006535947712418301,False,False,True,0.423,6.65,1,126,1,25,59,9.56,10.3935,1.0,19.99,3.6042,6.995,7.975,9.56,12.6475,15.255,9.0,9.78,9.99,0.1429,0.8333,0.6556,0.0079,0.1984,0.4683,101.8881,300.5876,31.81,Cooling,9.17,40.09,65.32,19.84
Evolving Skies,220,Duraludon VMAX,Secret Rare,0.022222222222222223,67197.59999999999,0.0006535947712418301,False,False,True,0.423,17.44,7,187,15,44,96,19.99,19.0189,1.0,45.0,11.2425,2.0,8.47,19.99,25.435,34.424,17.49,18.0,18.955,2.1429,1.4667,1.0667,0.0802,0.2353,0.5134,83.6575,242.9488,33.64,Cooling,26.91,42.27,40.89,23.53
Evolving Skies,221,Aroma Lady,Secret Rare,0.022222222222222223,67197.59999999999,0.0006535947712418301,False,False,False,0.0,5.23,3,127,4,30,56,9.0,10.4972,3.08,21.11,4.0375,6.806,7.495,9.0,12.625,16.0,8.695,7.995,8.37,0.5714,1.0,0.6222,0.0315,0.2362,0.4409,114.6496,364.4465,36.35,Cooling,10.5,53.88,61.54,23.62
Evolving Skies,222,Copycat,Secret Rare,0.022222222222222223,67197.59999999999,0.0006535947712418301,False,False,False,0.0,4.48,3,133,7,29,56,6.45,6.9186,3.0,13.63,2.1347,4.99,5.01,6.45,8.0,10.0,5.5,5.99,5.99,1.0,0.9667,0.6222,0.0526,0.218,0.4211,120.747,374.843,33.72,Cooling,9.95,41.82,69.15,21.8
Evolving Skies,223,Gordie,Secret Rare,0.022222222222222223,67197.59999999999,0.0006535947712418301,False,False,False,0.0,3.1,1,158,8,23,53,5.04,5.9587,2.6,11.95,2.1849,3.59,4.175,5.04,7.4575,9.53,5.15,5.2,5.0,1.1429,0.7667,0.5889,0.0506,0.1456,0.3354,157.1064,378.9732,33.64,Cooling,7.19,53.0,63.33,14.56
Evolving Skies,224,Raihan,Secret Rare,0.022222222222222223,67197.59999999999,0.0006535947712418301,False,False,False,0.0,4.6,2,131,4,22,63,7.53,7.9621,3.5,15.0,2.4092,5.49,6.285,7.53,9.0,11.57,8.235,7.12,7.28,0.5714,0.7333,0.7,0.0305,0.1679,0.4809,99.91,332.0799,38.98,Cooling,9.13,63.12,69.74,16.79
Evolving Skies,225,Zinnia's Resolve,Secret Rare,0.022222222222222223,67197.59999999999,0.0006535947712418301,False,False,False,0.0,5.19,3,108,7,23,39,8.995,9.7416,5.0,19.99,3.3909,6.112,7.235,8.995,10.9175,14.99,7.24,8.99,8.99,1.0,0.7667,0.4333,0.0648,0.213,0.3611,229.663,450.1715,27.82,Cooling,4.54,30.53,65.19,21.3
Evolving Skies,226,Froslass,Secret Rare,0.022222222222222223,67197.59999999999,0.0006535947712418301,False,False,True,0.655,5.38,1,108,7,36,66,12.95,13.664,5.8,27.99,4.4359,9.45,10.9975,12.95,14.99,19.965,12.5,12.5,12.82,1.0,1.2,0.7333,0.0648,0.3333,0.6111,59.2942,334.6054,39.02,Cooling,15.34,47.5,67.54,33.33
Evolving Skies,227,Inteleon,Secret Rare,0.022222222222222223,67197.59999999999,0.0006535947712418301,False,False,True,0.557,7.7,5,115,5,23,49,12.49,14.0694,6.0,29.2,5.2426,8.532,9.99,12.49,17.75,21.446,8.99,11.95,12.07,0.7143,0.7667,0.5444,0.0435,0.2,0.4261,150.3652,350.7563,25.82,Cooling,6.44,24.48,62.74,20.0
Evolving Skies,228,Cresselia,Secret Rare,0.022222222222222223,67197.59999999999,0.0006535947712418301,False,False,True,0.5920000000000001,9.42,4,105,8,23,53,16.02,18.1354,9.69,39.95,6.8107,11.212,13.0,16.02,20.0,29.438,15.0,14.99,16.02,1.1429,0.7667,0.5889,0.0762,0.219,0.5048,88.2983,302.6063,32.12,Cooling,7.19,43.63,62.45,21.9
Evolving Skies,229,Boost Shake,Secret Rare,0.022222222222222223,67197.59999999999,0.0006535947712418301,False,False,False,0.0,2.26,1,135,11,30,53,4.99,5.0456,1.99,10.0,1.8138,2.99,3.775,4.99,5.99,7.99,3.99,3.995,3.99,1.5714,1.0,0.5889,0.0815,0.2222,0.3926,128.2987,336.2113,35.22,Cooling,9.88,50.0,64.05,22.22
Evolving Skies,230,Crystal Cave,Secret Rare,0.022222222222222223,67197.59999999999,0.0006535947712418301,False,False,False,0.0,3.26,1,90,5,15,28,7.98,8.6139,3.0,16.99,3.4187,4.99,6.0,7.98,10.5025,14.098,7.11,7.11,6.995,0.7143,0.5,0.3111,0.0556,0.1667,0.3111,229.4765,435.3306,31.38,Cooling,1.62,51.64,60.31,16.67
Evolving Skies,231,Full Face Guard,Secret Rare,0.022222222222222223,67197.59999999999,0.0006535947712418301,False,False,False,0.0,2.49,1,171,8,31,66,4.55,4.6964,2.44,8.99,1.4201,2.99,3.525,4.55,5.44,6.82,4.135,3.5,3.99,1.1429,1.0333,0.7333,0.0468,0.1813,0.386,120.5102,267.7394,37.74,Cooling,13.56,53.63,69.76,18.13
Evolving Skies,232,Stormy Mountains,Secret Rare,0.022222222222222223,67197.59999999999,0.0006535947712418301,False,False,False,0.0,4.12,0,112,7,25,51,6.08,6.9683,4.0,12.99,2.2025,4.77,5.06,6.08,8.99,10.0,5.99,5.99,5.99,1.0,0.8333,0.5667,0.0625,0.2232,0.4554,147.847,287.7909,35.37,Cooling,7.42,50.0,68.39,22.32
Evolving Skies,233,Toy Catcher,Secret Rare,0.022222222222222223,67197.59999999999,0.0006535947712418301,False,False,False,0.0,2.65,1,169,7,33,73,4.7,4.9682,2.0,9.5,1.6033,3.238,3.99,4.7,5.99,7.086,3.99,4.42,4.42,1.0,1.1,0.8111,0.0414,0.1953,0.432,127.3503,268.2075,34.36,Cooling,16.09,40.27,67.73,19.53
Evolving Skies,234,Turffield Stadium,Secret Rare,0.022222222222222223,67197.59999999999,0.0006535947712418301,False,False,False,0.0,3.41,1,107,6,23,45,6.02,6.8262,2.0,13.99,2.4659,4.266,4.99,6.02,8.0,10.416,5.865,4.99,5.65,0.8571,0.7667,0.5,0.0561,0.215,0.4206,131.4961,367.1243,34.84,Cooling,5.41,53.81,63.88,21.5
Evolving Skies,235,Lightning Energy,Secret Rare,0.022222222222222223,67197.59999999999,0.0006535947712418301,False,False,False,0.0,9.66,3,104,8,29,47,10.93,12.6409,0.99,25.0,5.3231,8.075,9.0,10.93,15.0,20.0,8.645,9.29,9.98,1.1429,0.9667,0.5222,0.0769,0.2788,0.4519,102.6904,290.5493,30.56,Cooling,8.06,36.62,57.89,27.88
Evolving Skies,236,Darkness Energy,Secret Rare,0.022222222222222223,67197.59999999999,0.0006535947712418301,False,False,False,0.0,22.06,5,108,10,45,85,30.225,31.6731,1.35,53.16,8.4339,25.0,26.99,30.225,36.3925,40.769,29.995,28.0,30.45,1.4286,1.5,0.9444,0.0926,0.4167,0.787,42.5111,122.0362,44.83,Stable,24.24,48.51,73.37,41.67
Evolving Skies,237,Metal Energy,Secret Rare,0.022222222222222223,67197.59999999999,0.0006535947712418301,False,False,False,0.0,14.09,1,108,8,38,49,15.0,15.8969,5.0,29.99,4.8207,11.105,12.4475,15.0,17.425,23.563,12.0,12.955,12.96,1.1429,1.2667,0.5444,0.0741,0.3519,0.4537,107.8934,267.5124,37.42,Cooling,12.23,42.59,69.68,35.19
Champion's Path,001,Venusaur V,Holo Rare V,0.16666666666666666,1242.78,0.01515151515151515,False,False,True,0.695,0.0,0,251,12,53,109,3.99,4.181,1.45,9.0,1.4035,2.75,2.99,3.99,4.99,5.99,4.74,3.99,3.76,1.7143,1.7667,1.2111,0.0478,0.2112,0.4343,109.0219,440.7227,50.41,Stable,33.61,76.06,66.43,21.12
Champion's Path,005,Eldegoss V,Holo Rare V,0.16666666666666666,1242.78,0.01515151515151515,False,False,True,0.449,0.0,0,286,11,52,102,2.0,2.2914,0.99,4.35,0.7945,1.425,1.81,2.0,2.8975,3.49,1.99,1.99,1.99,1.5714,1.7333,1.1333,0.0385,0.1818,0.3566,161.4114,599.3265,41.22,Stable,31.74,50.0,65.33,18.18
Champion's Path,008,Incineroar V,Holo Rare V,0.16666666666666666,1242.78,0.01515151515151515,False,False,True,0.617,0.0,0,225,11,45,100,3.0,3.2489,1.0,6.82,1.087,1.99,2.49,3.0,3.99,4.49,2.99,2.99,2.99,1.5714,1.5,1.1111,0.0489,0.2,0.4444,121.4943,462.6452,40.8,Stable,28.3,50.0,66.54,20.0
Champion's Path,013,Wailord V,Holo Rare V,0.16666666666666666,1242.78,0.01515151515151515,False,False,True,0.591,0.99,4,323,25,89,185,2.99,2.87,0.99,5.88,0.9483,1.668,2.03,2.99,3.355,4.0,2.66,2.53,2.99,3.5714,2.9667,2.0556,0.0774,0.2755,0.5728,76.9423,285.7214,46.47,Stable,52.94,38.96,66.96,27.55
Champion's Path,014,Drednaw V,Holo Rare V,0.16666666666666666,1242.78,0.01515151515151515,False,False,True,0.44299999999999995,0.0,0,279,9,51,120,2.25,2.4182,0.99,5.0,0.8422,1.44,1.95,2.25,2.99,3.49,1.99,2.0,2.125,1.2857,1.7,1.3333,0.0323,0.1828,0.4301,138.5227,487.0392,40.15,Stable,34.55,43.65,65.17,18.28
Champion's Path,016,Gardevoir V,Holo Rare V,0.16666666666666666,1242.78,0.01515151515151515,False,False,True,0.7390000000000001,0.0,0,300,24,77,137,2.99,3.25,0.99,6.99,1.1599,1.99,2.49,2.99,3.99,4.99,2.99,2.99,3.0,3.4286,2.5667,1.5222,0.08,0.2567,0.4567,111.5976,442.58,46.64,Stable,45.8,49.67,64.31,25.67
Champion's Path,021,Galarian Cursola V,Holo Rare V,0.16666666666666666,1242.78,0.01515151515151515,False,False,True,0.522,0.0,0,294,15,46,106,2.25,2.4588,0.73,5.19,0.9119,1.376,1.9725,2.25,2.99,3.627,2.72,2.51,2.5,2.1429,1.5333,1.1778,0.051,0.1565,0.3605,168.8268,564.7846,42.36,Stable,30.01,58.8,62.91,15.65
Champion's Path,022,Alcremie V,Holo Rare V,0.16666666666666666,1242.78,0.01515151515151515,False,False,True,0.5670000000000001,0.0,0,144,10,43,73,3.79,3.8915,1.25,8.18,1.1989,2.5,2.99,3.79,4.99,5.0,3.24,3.59,3.59,1.4286,1.4333,0.8111,0.0694,0.2986,0.5069,89.5789,421.9579,37.99,Cooling,20.33,40.25,69.19,29.86
Champion's Path,027,Lucario V,Holo Rare V,0.16666666666666666,1242.78,0.01515151515151515,False,False,True,0.763,0.0,0,205,19,57,106,4.63,4.8188,1.13,10.5,1.8049,2.99,3.6,4.63,5.79,6.99,5.25,5.25,4.99,2.7143,1.9,1.1778,0.0927,0.278,0.5171,72.538,396.2943,45.02,Stable,34.64,55.21,62.54,27.8
Champion's Path,032,Grapploct V,Holo Rare V,0.16666666666666666,1242.78,0.01515151515151515,False,False,True,0.41,0.0,0,336,17,58,132,2.05,2.3141,0.72,4.95,0.8387,1.255,1.75,2.05,2.99,3.49,1.99,1.99,1.99,2.4286,1.9333,1.4667,0.0506,0.1726,0.3929,141.6503,484.0104,42.97,Stable,39.23,50.0,63.76,17.26
Champion's Path,047,Duraludon V,Holo Rare V,0.16666666666666666,1242.78,0.01515151515151515,False,False,True,0.423,0.0,0,251,15,46,103,2.45,2.5007,0.73,5.0,0.8945,1.45,1.99,2.45,2.99,3.99,2.49,2.495,2.3,2.1429,1.5333,1.1444,0.0598,0.1833,0.4104,136.1928,391.337,42.8,Stable,29.37,58.26,64.23,18.33
Champion's Path,015,Drednaw VMAX,Holo Rare VMAX,0.034482758620689655,1638.2099999999998,0.011494252873563218,False,False,True,0.44299999999999995,0.0,0,205,10,45,85,3.59,3.9639,0.99,8.18,1.5213,2.49,2.95,3.59,4.99,6.512,2.99,2.99,3.0,1.4286,1.5,0.9444,0.0488,0.2195,0.4146,132.9426,460.3754,38.88,Cooling,24.24,49.67,61.62,21.95
Champion's Path,017,Gardevoir VMAX,Holo Rare VMAX,0.034482758620689655,1638.2099999999998,0.011494252873563218,False,False,True,0.7390000000000001,0.0,0,242,16,44,87,5.74,6.0137,1.8,13.52,2.2779,3.5,4.385,5.74,7.0,8.999,5.99,5.74,5.99,2.2857,1.4667,0.9667,0.0661,0.1818,0.3595,194.0808,505.5476,38.37,Cooling,24.37,50.0,62.12,18.18
Champion's Path,023,Alcremie VMAX,Holo Rare VMAX,0.034482758620689655,1638.2099999999998,0.011494252873563218,False,False,True,0.5670000000000001,0.0,0,121,4,27,59,7.99,8.5205,3.0,15.0,2.8652,5.0,6.92,7.99,9.99,12.6,7.625,7.25,7.25,0.5714,0.9,0.6556,0.0331,0.2231,0.4876,103.7338,467.3483,37.27,Cooling,9.93,55.17,66.37,22.31
Champion's Path,069,Drednaw V,Ultra Rare,0.05555555555555555,1694.7,0.01111111111111111,False,False,True,0.44299999999999995,0.0,0,354,15,61,125,2.99,3.0621,0.72,6.0,1.0927,1.983,2.25,2.99,3.6275,4.832,2.99,2.99,2.89,2.1429,2.0333,1.3889,0.0424,0.1723,0.3531,160.2159,479.7371,44.04,Stable,38.98,53.46,64.32,17.23
Champion's Path,070,Gardevoir V,Ultra Rare,0.05555555555555555,1694.7,0.01111111111111111,False,False,True,0.7390000000000001,0.0,0,228,9,50,95,4.99,5.4821,1.94,10.99,1.9498,3.5,3.99,4.99,6.8,8.18,5.99,5.55,5.1,1.2857,1.6667,1.0556,0.0395,0.2193,0.4167,140.6228,528.2844,46.28,Stable,29.26,67.45,64.43,21.93
Champion's Path,071,Galarian Cursola V,Ultra Rare,0.05555555555555555,1694.7,0.01111111111111111,False,False,True,0.522,0.0,0,315,19,56,113,3.0,3.3153,0.99,6.82,1.1399,1.99,2.545,3.0,3.99,4.99,2.99,2.99,2.99,2.7143,1.8667,1.2556,0.0603,0.1778,0.3587,174.6025,519.2266,42.33,Stable,35.49,50.0,65.62,17.78
Champion's Path,072,Grapploct V,Ultra Rare,0.05555555555555555,1694.7,0.01111111111111111,False,False,True,0.41,0.0,0,322,10,58,129,2.99,3.0358,0.99,5.99,1.0492,1.99,2.25,2.99,3.615,4.89,2.99,2.99,2.98,1.4286,1.9333,1.4333,0.0311,0.1801,0.4006,196.8338,532.9215,43.4,Stable,38.7,50.34,65.44,18.01
Champion's Path,073,Hop,Ultra Rare,0.05555555555555555,1694.7,0.01111111111111111,False,False,False,0.0,0.0,0,675,25,107,311,1.99,2.3912,0.72,5.0,1.1315,1.0,1.495,1.99,2.99,4.0,2.44,1.99,1.99,3.5714,3.5667,3.4556,0.037,0.1585,0.4607,97.0074,426.5785,54.5,Stable,63.35,72.61,52.68,15.85
Champion's Path,074,Charizard VMAX,Secret Rare,0.029411764705882353,4481.54,0.004201680672268907,False,False,True,0.675,0.0,0,527,45,155,304,240.99,260.3525,6.99,543.87,133.5966,85.0,160.0,240.99,366.33,450.0,249.99,249.99,232.225,6.4286,5.1667,3.3778,0.0854,0.2941,0.5769,68.6548,273.6561,53.76,Stable,69.49,57.65,48.69,29.41
Champion's Path,075,Drednaw VMAX,Secret Rare,0.029411764705882353,4481.54,0.004201680672268907,False,False,True,0.44299999999999995,0.0,0,131,5,28,48,9.99,12.7519,3.56,29.95,7.0076,6.0,7.965,9.99,15.495,25.0,8.0,9.245,8.495,0.7143,0.9333,0.5333,0.0382,0.2137,0.3664,208.9822,422.638,28.95,Cooling,8.03,44.17,45.05,21.37
Champion's Path,076,Gardevoir VMAX,Secret Rare,0.029411764705882353,4481.54,0.004201680672268907,False,False,True,0.7390000000000001,0.0,0,113,7,23,45,20.0,23.2081,3.99,50.0,9.3076,14.992,17.0,20.0,29.01,35.0,19.99,19.99,20.0,1.0,0.7667,0.5,0.0619,0.2035,0.3982,155.6466,541.4838,32.66,Cooling,5.41,49.95,59.9,20.35
Champion's Path,077,Kabu,Secret Rare,0.029411764705882353,4481.54,0.004201680672268907,False,False,False,0.0,0.0,0,142,7,28,53,4.99,5.4159,2.58,13.63,2.0963,3.5,3.99,4.99,5.99,8.18,4.34,4.165,4.7,1.0,0.9333,0.5889,0.0493,0.1972,0.3732,216.5821,496.5101,31.6,Cooling,8.97,42.34,61.29,19.72
Champion's Path,078,Piers,Secret Rare,0.029411764705882353,4481.54,0.004201680672268907,False,False,False,0.0,0.0,0,125,4,17,35,7.5,8.4182,3.42,19.95,3.5548,4.99,5.77,7.5,10.0,14.662,6.105,5.77,6.0,0.5714,0.5667,0.3889,0.032,0.136,0.28,281.2819,591.316,30.59,Cooling,2.62,51.75,57.77,13.6
Champion's Path,079,Charizard V,Secret Rare,0.029411764705882353,4481.54,0.004201680672268907,False,False,True,0.675,0.0,0,341,40,117,203,325.0,350.5453,3.27,765.0,192.7139,60.0,237.0,325.0,500.0,599.99,347.495,350.0,345.0,5.7143,3.9,2.2556,0.1173,0.3431,0.5953,59.6927,243.5129,48.75,Stable,58.9,50.72,45.02,34.31
Champion's Path,080,Suspicious Food Tin,Secret Rare,0.029411764705882353,4481.54,0.004201680672268907,False,False,False,0.0,0.0,0,209,11,35,80,4.0,4.6835,0.99,10.5,2.1584,2.4,2.99,4.0,5.44,8.0,2.99,2.99,3.49,1.5714,1.1667,0.8889,0.0526,0.1675,0.3828,222.4209,531.6386,30.33,Cooling,18.3,35.67,53.91,16.75
Vivid Voltage,020,Orbeetle V,Holo Rare V,0.1111111111111111,980.1000000000001,0.0101010101010101,False,False,True,0.39899999999999997,0.54,0,900,43,190,415,1.99,1.9978,0.72,3.95,0.6503,1.0,1.5,1.99,2.49,2.99,2.0,1.99,1.99,6.1429,6.3333,4.6111,0.0478,0.2111,0.4611,104.7417,303.8845,56.63,Stable,79.21,50.5,67.45,21.11
Vivid Voltage,022,Zarude V,Holo Rare V,0.1111111111111111,980.1000000000001,0.0101010101010101,False,False,True,0.397,0.68,0,921,41,203,429,1.99,2.1048,0.72,4.0,0.7346,1.0,1.5,1.99,2.5,2.99,1.99,1.99,1.99,5.8571,6.7667,4.7667,0.0445,0.2204,0.4658,100.5112,287.5816,56.75,Stable,81.08,50.0,65.1,22.04
Vivid Voltage,029,Talonflame V,Holo Rare V,0.1111111111111111,980.1000000000001,0.0101010101010101,False,False,True,0.583,0.79,6,895,31,188,412,2.0,2.2254,0.73,4.5,0.7784,1.116,1.67,2.0,2.93,3.0,2.49,2.19,2.0,4.4286,6.2667,4.5778,0.0346,0.2101,0.4603,103.3029,329.2153,63.21,Rising,78.85,74.5,65.02,21.01
Vivid Voltage,036,Galarian Darmanitan V,Holo Rare V,0.1111111111111111,980.1000000000001,0.0101010101010101,False,False,True,0.473,0.61,0,915,42,200,427,1.99,1.9999,0.73,3.98,0.6783,1.0,1.435,1.99,2.49,2.99,1.97,1.99,1.99,6.0,6.6667,4.7444,0.0459,0.2186,0.4667,102.4326,312.3033,56.53,Stable,80.81,48.99,66.08,21.86
Vivid Voltage,043,Pikachu V,Holo Rare V,0.1111111111111111,980.1000000000001,0.0101010101010101,False,False,True,0.701,1.17,17,771,67,217,414,3.95,3.9075,0.99,8.0,1.4522,2.25,2.85,3.95,4.99,5.99,3.99,3.5,3.79,9.5714,7.2333,4.6,0.0869,0.2815,0.537,80.9353,275.6048,59.13,Stable,81.15,55.28,62.84,28.15
Vivid Voltage,049,Ampharos V,Holo Rare V,0.1111111111111111,980.1000000000001,0.0101010101010101,False,False,True,0.71,0.83,10,852,44,195,395,2.49,2.5384,0.99,5.2,0.9226,1.49,1.99,2.49,2.99,3.99,2.5,2.49,2.49,6.2857,6.5,4.3889,0.0516,0.2289,0.4636,105.5236,317.9599,56.03,Stable,78.69,50.4,63.65,22.89
Vivid Voltage,098,Coalossal V,Holo Rare V,0.1111111111111111,980.1000000000001,0.0101010101010101,False,False,True,0.418,0.7,0,872,40,176,399,1.99,2.1171,0.73,4.0,0.7401,1.0,1.5,1.99,2.5,3.0,2.11,1.99,1.99,5.7143,5.8667,4.4333,0.0459,0.2018,0.4576,103.3381,316.0524,56.93,Stable,76.91,56.03,65.04,20.18
Vivid Voltage,106,Drapion V,Holo Rare V,0.1111111111111111,980.1000000000001,0.0101010101010101,False,False,True,0.44,0.63,0,914,55,210,406,1.99,1.9699,0.72,3.95,0.6872,1.0,1.405,1.99,2.49,2.99,2.15,1.995,1.99,7.8571,7.0,4.5111,0.0602,0.2298,0.4442,109.9342,321.7273,59.18,Stable,80.49,58.04,65.11,22.98
Vivid Voltage,115,Steelix V,Holo Rare V,0.1111111111111111,980.1000000000001,0.0101010101010101,False,False,True,0.573,0.73,5,903,39,193,424,2.11,2.3133,0.72,4.79,0.7938,1.25,1.87,2.11,2.99,3.386,2.45,2.37,2.25,5.5714,6.4333,4.7111,0.0432,0.2137,0.4695,100.5497,306.7676,59.06,Stable,79.94,58.89,65.69,21.37
Vivid Voltage,126,Aegislash V,Holo Rare V,0.1111111111111111,980.1000000000001,0.0101010101010101,False,False,True,0.649,0.67,0,926,52,204,431,1.99,2.1443,0.73,4.0,0.7418,1.095,1.53,1.99,2.54,3.0,2.49,2.295,1.99,7.4286,6.8,4.7889,0.0562,0.2203,0.4654,99.7313,295.2477,64.4,Rising,81.26,75.13,65.41,22.03
Vivid Voltage,140,Togekiss V,Holo Rare V,0.1111111111111111,980.1000000000001,0.0101010101010101,False,False,True,0.634,0.81,3,867,39,193,383,2.24,2.3231,0.73,4.98,0.8467,1.168,1.71,2.24,2.99,3.284,2.49,2.49,2.25,5.5714,6.4333,4.2556,0.045,0.2226,0.4418,115.3107,340.8829,58.76,Stable,78.0,60.67,63.55,22.26
Vivid Voltage,021,Orbeetle VMAX,Holo Rare VMAX,0.05555555555555555,1069.2,0.009259259259259259,False,False,True,0.39899999999999997,1.66,1,855,35,150,334,2.84,2.7985,0.99,5.66,1.0069,1.65,1.99,2.84,3.39,4.09,2.79,2.85,2.6,5.0,5.0,3.7111,0.0409,0.1754,0.3906,132.2917,363.6971,54.52,Stable,70.06,57.31,64.02,17.54
Vivid Voltage,037,Galarian Darmanitan VMAX,Holo Rare VMAX,0.05555555555555555,1069.2,0.009259259259259259,False,False,True,0.473,1.29,1,867,28,141,342,2.5,2.6738,0.72,5.69,1.0331,1.5,1.99,2.5,3.1,4.0,2.145,2.49,2.49,4.0,4.7,3.8,0.0323,0.1626,0.3945,121.4941,362.1633,47.27,Stable,69.67,36.14,61.36,16.26
Vivid Voltage,044,Pikachu VMAX,Holo Rare VMAX,0.05555555555555555,1069.2,0.009259259259259259,False,False,True,0.701,6.62,50,698,63,226,430,12.99,13.9086,2.73,31.84,5.6778,8.0,9.5,12.99,16.84,20.598,14.92,13.0,12.99,9.0,7.5333,4.7778,0.0903,0.3238,0.616,60.1496,232.6997,62.52,Rising,82.52,64.86,59.18,32.38
Vivid Voltage,099,Coalossal VMAX,Holo Rare VMAX,0.05555555555555555,1069.2,0.009259259259259259,False,False,True,0.418,1.53,3,853,37,152,333,2.9,2.9171,0.73,5.97,1.03,1.79,2.0,2.9,3.49,4.336,2.59,2.815,2.75,5.2857,5.0667,3.7,0.0434,0.1782,0.3904,130.7083,338.5784,50.86,Stable,70.33,44.18,64.69,17.82
Vivid Voltage,127,Aegislash VMAX,Holo Rare VMAX,0.05555555555555555,1069.2,0.009259259259259259,False,False,True,0.649,1.53,3,859,42,160,365,2.69,2.7609,0.73,5.95,1.0198,1.624,1.99,2.69,3.415,4.0,2.62,2.745,2.75,6.0,5.3333,4.0556,0.0489,0.1863,0.4249,120.9217,351.0215,51.86,Stable,73.14,45.27,63.06,18.63
Vivid Voltage,141,Togekiss VMAX,Holo Rare VMAX,0.05555555555555555,1069.2,0.009259259259259259,False,False,True,0.634,1.6,9,808,47,171,331,2.99,3.1605,0.99,6.19,1.0978,1.99,2.25,2.99,3.99,4.99,2.99,2.99,2.99,6.7143,5.7,3.6778,0.0582,0.2116,0.4097,117.687,332.6459,54.03,Stable,72.48,50.0,65.26,21.16
Vivid Voltage,166,Orbeetle V,Ultra Rare,0.05555555555555555,3564.000000000001,0.0027777777777777775,False,False,True,0.39899999999999997,1.45,1,219,17,50,93,3.49,3.6755,1.45,7.95,1.3231,2.0,2.895,3.49,4.295,5.734,3.0,3.655,3.09,2.4286,1.6667,1.0333,0.0776,0.2283,0.4247,105.7086,343.609,40.1,Stable,28.69,47.09,64.0,22.83
Vivid Voltage,167,Zarude V,Ultra Rare,0.05555555555555555,3564.000000000001,0.0027777777777777775,False,False,True,0.397,2.49,3,194,13,38,80,4.585,4.6141,1.5,9.11,1.4202,2.942,3.5625,4.585,5.39,6.0,4.49,4.8,4.7,1.8571,1.2667,0.8889,0.067,0.1959,0.4124,106.1414,295.0695,37.3,Cooling,19.58,45.53,69.22,19.59
Vivid Voltage,168,Talonflame V,Ultra Rare,0.05555555555555555,3564.000000000001,0.0027777777777777775,False,False,True,0.583,2.93,1,202,10,43,86,4.975,4.8615,0.99,9.98,1.5045,3.258,3.695,4.975,5.69,6.981,4.04,4.77,4.875,1.4286,1.4333,0.9556,0.0495,0.2129,0.4257,124.9382,288.8956,34.9,Cooling,23.23,32.87,69.05,21.29
Vivid Voltage,169,Galarian Darmanitan V,Ultra Rare,0.05555555555555555,3564.000000000001,0.0027777777777777775,False,False,True,0.473,1.83,0,250,10,47,96,3.0,3.3467,1.0,6.82,1.1679,1.999,2.49,3.0,3.99,4.99,2.94,3.27,3.125,1.4286,1.5667,1.0667,0.04,0.188,0.384,119.3178,283.1949,38.47,Cooling,28.23,44.08,65.1,18.8
Vivid Voltage,170,Pikachu V,Ultra Rare,0.05555555555555555,3564.000000000001,0.0027777777777777775,False,False,True,0.701,17.86,125,185,26,82,128,45.0,43.5451,1.0,100.0,25.4374,4.532,25.0,45.0,59.99,75.0,40.0,45.04,43.0,3.7143,2.7333,1.4222,0.1405,0.4432,0.6919,37.8243,199.7623,43.8,Stable,45.71,43.02,41.58,44.32
Vivid Voltage,171,Ampharos V,Ultra Rare,0.05555555555555555,3564.000000000001,0.0027777777777777775,False,False,True,0.71,3.7,2,133,17,50,80,8.99,9.4678,4.0,18.5,3.2828,5.0,7.06,8.99,10.99,14.896,8.85,8.975,8.99,2.4286,1.6667,0.8889,0.1278,0.3759,0.6015,65.8527,276.2406,42.72,Stable,25.35,48.44,65.33,37.59
Vivid Voltage,172,Alakazam V,Ultra Rare,0.05555555555555555,3564.000000000001,0.0027777777777777775,False,False,True,0.634,3.26,15,330,24,79,158,5.99,6.3983,1.25,13.8,2.1234,4.235,4.99,5.99,7.1075,9.503,5.24,5.99,5.995,3.4286,2.6333,1.7556,0.0727,0.2394,0.4788,106.6539,325.5004,43.98,Stable,48.7,37.41,66.81,23.94
Vivid Voltage,173,Coalossal V,Ultra Rare,0.05555555555555555,3564.000000000001,0.0027777777777777775,False,False,True,0.418,1.89,1,237,12,49,96,3.99,4.0747,1.7,8.0,1.3571,2.75,2.99,3.99,4.99,5.99,3.99,3.95,3.99,1.7143,1.6333,1.0667,0.0506,0.2068,0.4051,123.6741,316.8,41.18,Stable,29.01,50.0,66.69,20.68
Vivid Voltage,174,Galarian Sirfetch'd V,Ultra Rare,0.05555555555555555,3564.000000000001,0.0027777777777777775,False,False,True,0.621,1.75,2,410,25,90,163,3.14,3.4726,1.0,6.82,1.1184,2.24,2.65,3.14,4.0,5.0,3.0,3.045,3.0,3.5714,3.0,1.8111,0.061,0.2195,0.3976,122.9381,347.5473,48.39,Stable,51.46,50.0,67.79,21.95
Vivid Voltage,175,Drapion V,Ultra Rare,0.05555555555555555,3564.000000000001,0.0027777777777777775,False,False,True,0.44,1.66,1,251,11,50,114,2.99,3.1957,0.72,6.26,1.1323,1.85,2.25,2.99,3.99,4.99,2.49,2.79,2.99,1.5714,1.6667,1.2667,0.0438,0.1992,0.4542,102.5689,329.3092,36.84,Cooling,33.2,33.28,64.57,19.92
Vivid Voltage,176,Steelix V,Ultra Rare,0.05555555555555555,3564.000000000001,0.0027777777777777775,False,False,True,0.573,3.26,0,155,18,50,91,5.99,6.3093,1.0,12.99,2.1091,4.136,4.99,5.99,7.0,9.524,5.775,5.695,5.99,2.5714,1.6667,1.0111,0.1161,0.3226,0.5871,70.7573,235.3933,42.13,Stable,28.14,46.41,66.57,32.26
Vivid Voltage,177,Aegislash V,Ultra Rare,0.05555555555555555,3564.000000000001,0.0027777777777777775,False,False,True,0.649,2.29,2,197,7,31,82,3.99,4.0446,1.35,7.99,1.2279,2.6,3.0,3.99,4.99,5.52,3.99,3.98,3.965,1.0,1.0333,0.9111,0.0355,0.1574,0.4162,106.3295,318.1689,37.51,Cooling,17.48,50.63,69.64,15.74
Vivid Voltage,178,Togekiss V,Ultra Rare,0.05555555555555555,3564.000000000001,0.0027777777777777775,False,False,True,0.634,2.7,3,147,9,30,70,5.11,5.6999,1.99,10.49,1.7847,3.876,4.49,5.11,6.99,7.99,4.99,5.42,5.965,1.2857,1.0,0.7778,0.0612,0.2041,0.4762,96.5439,308.0942,32.15,Cooling,14.13,33.65,68.69,20.41
Vivid Voltage,179,Allister,Ultra Rare,0.05555555555555555,3564.000000000001,0.0027777777777777775,False,False,False,0.0,4.73,2,136,8,35,70,7.485,8.3022,2.5,16.36,3.2019,5.01,5.9975,7.485,9.99,13.465,6.995,7.0,7.0,1.1429,1.1667,0.7778,0.0588,0.2574,0.5147,86.3138,369.4339,37.2,Cooling,15.95,49.93,61.43,25.74
Vivid Voltage,180,Bea,Ultra Rare,0.05555555555555555,3564.000000000001,0.0027777777777777775,False,False,False,0.0,6.09,1,146,15,44,76,9.99,10.7372,4.0,21.0,3.4339,7.0,8.0,9.99,12.6875,15.98,10.0,9.99,10.0,2.1429,1.4667,0.8444,0.1027,0.3014,0.5205,77.346,258.9916,41.13,Stable,21.66,50.0,68.02,30.14
Vivid Voltage,181,Beauty,Ultra Rare,0.05555555555555555,3564.000000000001,0.0027777777777777775,False,False,False,0.0,2.93,2,169,16,45,79,5.79,6.4084,2.99,14.0,2.425,3.99,4.89,5.79,7.99,9.992,5.235,5.0,5.25,2.2857,1.5,0.8778,0.0947,0.2663,0.4675,108.5191,343.6449,39.57,Cooling,23.0,49.71,62.16,26.63
Vivid Voltage,182,Leon,Ultra Rare,0.05555555555555555,3564.000000000001,0.0027777777777777775,False,False,False,0.0,6.56,1,164,11,37,84,10.585,11.2395,5.0,20.69,3.3591,7.711,9.0,10.585,12.5,15.119,10.99,11.0,11.0,1.5714,1.2333,0.9333,0.0671,0.2256,0.5122,82.7593,264.2206,39.49,Cooling,19.95,49.91,70.11,22.56
Vivid Voltage,183,Nessa,Ultra Rare,0.05555555555555555,3564.000000000001,0.0027777777777777775,False,False,False,0.0,10.83,13,262,15,55,114,13.43,15.1148,5.99,30.0,5.3146,9.99,10.9925,13.43,18.1075,23.342,11.0,11.99,12.09,2.1429,1.8333,1.2667,0.0573,0.2099,0.4351,115.6751,348.1586,40.08,Stable,35.39,40.98,64.84,20.99
Vivid Voltage,184,Opal,Ultra Rare,0.05555555555555555,3564.000000000001,0.0027777777777777775,False,False,False,0.0,1.5,1,216,9,42,93,3.0,3.4176,0.99,7.11,1.204,2.0,2.54,3.0,3.99,4.99,2.99,2.995,3.0,1.2857,1.4,1.0333,0.0417,0.1944,0.4306,115.4727,341.5676,39.18,Cooling,24.78,49.67,64.77,19.44
Vivid Voltage,185,Pokémon Center Lady,Ultra Rare,0.05555555555555555,3564.000000000001,0.0027777777777777775,False,False,False,0.0,15.09,9,170,19,52,92,25.0,27.0842,14.0,51.5,8.2244,18.117,20.4825,25.0,32.665,39.207,24.85,24.985,24.99,2.7143,1.7333,1.0222,0.1118,0.3059,0.5412,81.1691,277.2037,43.64,Stable,29.21,49.44,69.63,30.59
Vivid Voltage,186,Orbeetle VMAX,Secret Rare,0.05555555555555555,3207.6,0.0030864197530864196,False,False,True,0.39899999999999997,7.01,2,205,16,51,94,8.49,8.9195,2.49,17.65,2.7007,6.0,7.0,8.49,10.0,12.996,8.725,8.0,8.0,2.2857,1.7,1.0444,0.078,0.2488,0.4585,101.9517,274.2516,45.48,Stable,29.46,59.06,69.72,24.88
Vivid Voltage,187,Galarian Darmanitan VMAX,Secret Rare,0.05555555555555555,3207.6,0.0030864197530864196,False,False,True,0.473,6.82,6,171,10,42,76,8.0,8.3079,1.0,17.0,2.9793,5.0,6.0,8.0,10.0,12.81,8.495,7.96,8.0,1.4286,1.4,0.8444,0.0585,0.2456,0.4444,115.618,351.5456,40.72,Stable,20.4,56.19,64.14,24.56
Vivid Voltage,188,Pikachu VMAX,Secret Rare,0.05555555555555555,3207.6,0.0030864197530864196,True,False,True,0.701,143.21,52,421,47,130,212,185.0,191.5766,2.99,400.0,90.1422,81.69,140.0,185.0,240.0,315.0,181.28,181.265,190.0,6.7143,4.3333,2.3556,0.1116,0.3088,0.5036,85.9036,314.0809,48.83,Stable,61.46,45.41,52.95,30.88
Vivid Voltage,189,Coalossal VMAX,Secret Rare,0.05555555555555555,3207.6,0.0030864197530864196,False,False,True,0.418,7.21,3,159,8,36,67,8.0,9.0377,1.5,18.0,3.5655,5.0,6.69,8.0,10.665,14.98,6.99,7.365,7.99,1.1429,1.2,0.7444,0.0503,0.2264,0.4214,131.6806,320.6105,32.55,Cooling,15.54,37.48,60.55,22.64
Vivid Voltage,190,Aegislash VMAX,Secret Rare,0.05555555555555555,3207.6,0.0030864197530864196,False,False,True,0.649,6.51,2,140,9,35,64,8.79,9.3307,1.99,18.0,3.2934,5.987,7.2475,8.79,10.9075,14.549,7.56,7.92,8.0,1.2857,1.1667,0.7111,0.0643,0.25,0.4571,112.698,294.8793,35.58,Cooling,14.31,44.5,64.7,25.0
Vivid Voltage,191,Togekiss VMAX,Secret Rare,0.05555555555555555,3207.6,0.0030864197530864196,False,False,True,0.634,8.09,6,111,7,32,56,15.0,15.9455,1.36,30.59,5.936,9.0,12.93,15.0,18.06,25.0,15.25,15.57,15.145,1.0,1.0667,0.6222,0.0631,0.2883,0.5045,88.6254,293.982,36.94,Cooling,11.36,50.69,62.77,28.83
Vivid Voltage,192,Allister,Secret Rare,0.05555555555555555,3207.6,0.0030864197530864196,False,False,False,0.0,5.01,1,136,6,27,66,7.395,8.3814,0.83,17.72,3.1193,5.495,5.99,7.395,10.0,12.995,5.985,6.49,6.99,0.8571,0.9,0.7333,0.0441,0.1985,0.4853,91.7889,340.9331,30.71,Cooling,11.66,35.62,62.78,19.85
Vivid Voltage,193,Bea,Secret Rare,0.05555555555555555,3207.6,0.0030864197530864196,False,False,False,0.0,6.16,2,153,11,30,61,10.99,13.3769,5.41,28.0,5.9722,7.49,8.99,10.99,18.0,22.708,7.5,8.84,9.73,1.5714,1.0,0.6778,0.0719,0.1961,0.3987,175.4098,455.9801,26.64,Cooling,11.75,27.08,55.35,19.61
Vivid Voltage,194,Beauty,Secret Rare,0.05555555555555555,3207.6,0.0030864197530864196,False,False,False,0.0,4.35,2,153,4,23,49,7.99,8.919,1.0,19.95,3.9189,5.0,6.0,7.99,10.1,14.99,7.495,6.49,7.24,0.5714,0.7667,0.5444,0.0261,0.1503,0.3203,167.7592,412.2398,32.21,Cooling,6.44,53.52,56.06,15.03
Vivid Voltage,195,Leon,Secret Rare,0.05555555555555555,3207.6,0.0030864197530864196,False,False,False,0.0,5.29,4,149,9,35,68,8.0,9.0962,2.5,19.0,3.7713,5.24,6.28,8.0,10.87,15.0,7.29,7.4,7.49,1.2857,1.1667,0.7556,0.0604,0.2349,0.4564,120.747,317.4249,35.23,Cooling,15.4,47.33,58.54,23.49
Vivid Voltage,196,Nessa,Secret Rare,0.05555555555555555,3207.6,0.0030864197530864196,False,False,False,0.0,8.69,3,172,16,35,67,15.0,17.5371,6.0,36.26,6.7129,10.41,12.635,15.0,20.0,29.97,13.08,13.16,13.75,2.2857,1.1667,0.7444,0.093,0.2035,0.3895,179.2578,386.5957,34.47,Cooling,15.06,45.13,61.72,20.35
Vivid Voltage,197,Opal,Secret Rare,0.05555555555555555,3207.6,0.0030864197530864196,False,False,False,0.0,3.51,2,151,8,24,63,5.0,5.8216,1.99,11.59,2.1126,3.99,4.11,5.0,6.99,9.99,4.99,5.865,5.0,1.1429,0.8,0.7,0.053,0.1589,0.4172,125.4439,359.6715,33.76,Cooling,9.65,49.8,63.71,15.89
Vivid Voltage,198,Galarian Obstagoon,Secret Rare,0.05555555555555555,3207.6,0.0030864197530864196,False,False,True,0.529,6.13,10,181,25,56,100,9.42,9.9541,5.0,21.0,3.184,6.95,7.66,9.42,11.43,14.96,8.79,8.99,8.995,3.5714,1.8667,1.1111,0.1381,0.3094,0.5525,68.6966,264.0239,43.97,Stable,32.86,47.72,68.01,30.94
Vivid Voltage,199,Oranguru,Secret Rare,0.05555555555555555,3207.6,0.0030864197530864196,False,False,True,0.371,3.59,6,223,19,49,94,7.03,8.4341,1.7,18.99,3.6073,4.99,5.945,7.03,10.0,14.974,5.99,6.0,6.505,2.7143,1.6333,1.0444,0.0852,0.2197,0.4215,120.857,345.4121,36.99,Cooling,28.41,42.08,57.23,21.97
Vivid Voltage,200,Cape of Toughness,Secret Rare,0.05555555555555555,3207.6,0.0030864197530864196,False,False,False,0.0,2.0,1,272,16,58,116,3.99,4.2317,1.58,9.0,1.4596,2.642,3.0,3.99,5.0,5.99,3.0,3.495,3.56,2.2857,1.9333,1.2889,0.0588,0.2132,0.4265,132.3828,349.5705,38.67,Cooling,36.74,34.27,65.51,21.32
Vivid Voltage,201,Hero's Medal,Secret Rare,0.05555555555555555,3207.6,0.0030864197530864196,False,False,False,0.0,1.93,1,296,16,52,107,4.0,4.4879,1.5,9.5,1.7105,2.84,3.0,4.0,5.0,6.99,3.99,3.99,3.59,2.2857,1.7333,1.1889,0.0541,0.1757,0.3615,152.4641,370.0818,44.11,Stable,32.91,61.14,61.89,17.57
Vivid Voltage,202,Memory Capsule,Secret Rare,0.05555555555555555,3207.6,0.0030864197530864196,False,False,False,0.0,2.2,1,273,17,52,108,3.65,4.0423,0.99,8.5,1.6134,2.474,2.99,3.65,4.99,6.514,2.99,3.0,3.44,2.4286,1.7333,1.2,0.0623,0.1905,0.3956,139.1924,316.8968,36.82,Cooling,33.07,36.92,60.09,19.05
Vivid Voltage,203,Telescopic Sight,Secret Rare,0.05555555555555555,3207.6,0.0030864197530864196,False,False,False,0.0,1.62,3,300,16,56,116,3.16,3.6363,0.99,7.95,1.4521,2.0,2.5,3.16,4.9825,5.662,2.99,2.99,2.99,2.2857,1.8667,1.2889,0.0533,0.1867,0.3867,146.0962,333.6711,41.55,Stable,36.01,50.0,60.07,18.67
Shining Fates,009,Dhelmise V,Holo Rare V,0.125,977.92,0.015625,False,False,True,0.44799999999999995,0.66,0,924,37,174,420,2.0,2.2045,0.72,4.09,0.7766,1.053,1.68,2.0,2.825,3.0,2.49,2.42,2.06,5.2857,5.8,4.6667,0.04,0.1883,0.4545,110.9857,337.9043,61.29,Rising,77.68,70.87,64.77,18.83
Shining Fates,018,Cinderace V,Holo Rare V,0.125,977.92,0.015625,False,False,True,0.613,0.71,0,901,39,196,427,2.13,2.299,0.99,4.77,0.7956,1.25,1.78,2.13,2.99,3.29,2.49,2.37,2.25,5.5714,6.5333,4.7444,0.0433,0.2175,0.4739,104.6376,331.1843,59.75,Stable,80.42,60.67,65.39,21.75
Shining Fates,037,Morpeko V,Holo Rare V,0.125,977.92,0.015625,False,False,True,0.49200000000000005,0.82,7,778,34,169,361,2.25,2.3569,0.72,4.98,0.8512,1.29,1.7025,2.25,2.99,3.5,2.49,2.49,2.49,4.8571,5.6333,4.0111,0.0437,0.2172,0.464,103.8806,341.8382,54.33,Stable,74.03,50.0,63.88,21.72
Shining Fates,039,Indeedee V,Holo Rare V,0.125,977.92,0.015625,False,False,True,0.41100000000000003,0.66,0,907,36,153,384,2.0,2.1913,0.73,4.34,0.7595,1.0,1.705,2.0,2.73,3.0,2.065,2.25,2.0,5.1429,5.1,4.2667,0.0397,0.1687,0.4234,121.3107,356.5877,54.48,Stable,73.53,53.25,65.34,16.87
Shining Fates,044,Crobat V,Holo Rare V,0.125,977.92,0.015625,False,False,True,0.628,0.81,0,884,39,176,391,2.0,2.2353,0.83,4.5,0.7777,1.156,1.7375,2.0,2.85,3.0,2.29,2.18,2.0,5.5714,5.8667,4.3444,0.0441,0.1991,0.4423,114.8242,325.5544,59.33,Stable,76.52,64.5,65.21,19.91
Shining Fates,050,Ditto V,Holo Rare V,0.125,977.92,0.015625,False,False,True,0.688,1.03,5,712,39,180,364,3.0,3.1304,0.99,6.0,1.0471,1.99,2.2875,3.0,3.99,4.5,3.0,3.0,3.0,5.5714,6.0,4.0444,0.0548,0.2528,0.5112,88.5488,317.859,56.03,Stable,75.54,50.0,66.55,25.28
Shining Fates,053,Greedent V,Holo Rare V,0.125,977.92,0.015625,False,False,True,0.32,0.61,0,905,50,198,430,2.0,2.194,0.72,4.24,0.7833,1.0,1.59,2.0,2.79,3.0,1.99,2.135,2.0,7.1429,6.6,4.7778,0.0552,0.2188,0.4751,102.7279,306.8864,56.33,Stable,80.83,49.5,64.3,21.88
Shining Fates,054,Cramorant V,Holo Rare V,0.125,977.92,0.015625,False,False,True,0.44299999999999995,0.71,0,913,31,171,408,1.99,2.1565,0.72,4.0,0.7263,1.158,1.6,1.99,2.55,3.0,2.0,2.0,1.99,4.4286,5.7,4.5333,0.034,0.1873,0.4469,112.8641,360.1327,55.22,Stable,76.86,50.5,66.32,18.73
Shining Fates,010,Dhelmise VMAX,Holo Rare VMAX,0.0625,1466.8799999999999,0.010416666666666666,False,False,True,0.44799999999999995,1.71,5,722,36,130,298,2.95,2.894,0.99,5.98,0.9852,1.95,2.0,2.95,3.49,4.054,2.0,2.49,2.845,5.1429,4.3333,3.3111,0.0499,0.1801,0.4127,134.6662,327.2102,42.79,Stable,66.36,20.3,65.96,18.01
Shining Fates,019,Cinderace VMAX,Holo Rare VMAX,0.0625,1466.8799999999999,0.010416666666666666,False,False,True,0.613,1.72,9,657,29,136,297,3.0,3.3522,0.73,6.95,1.1765,2.0,2.49,3.0,3.99,5.0,2.99,2.99,2.99,4.1429,4.5333,3.3,0.0441,0.207,0.4521,104.3475,295.0638,52.3,Stable,67.28,50.0,64.9,20.7
Shining Fates,038,Morpeko VMAX,Holo Rare VMAX,0.0625,1466.8799999999999,0.010416666666666666,False,False,True,0.49200000000000005,1.81,10,473,23,108,227,3.99,4.1689,1.49,8.18,1.3976,2.5,3.0,3.99,5.0,6.0,4.0,4.045,4.03,3.2857,3.6,2.5222,0.0486,0.2283,0.4799,99.1733,367.8634,50.47,Stable,59.42,49.26,66.48,22.83
Shining Fates,045,Crobat VMAX,Holo Rare VMAX,0.0625,1466.8799999999999,0.010416666666666666,False,False,True,0.628,1.67,4,808,47,153,326,2.99,2.9927,0.99,5.98,1.0511,1.89,2.0,2.99,3.5525,4.783,2.99,2.69,2.97,6.7143,5.1,3.6222,0.0582,0.1894,0.4035,128.3957,336.3363,53.0,Stable,70.1,50.67,64.88,18.94
Shining Fates,051,Ditto VMAX,Holo Rare VMAX,0.0625,1466.8799999999999,0.010416666666666666,False,False,True,0.688,2.54,12,390,34,117,224,6.25,6.6426,2.0,13.63,2.0173,4.326,5.0,6.25,7.99,9.504,6.99,6.5,6.525,4.8571,3.9,2.4889,0.0872,0.3,0.5744,68.2427,257.2551,55.26,Stable,60.66,57.13,69.63,30.0
Shining Fates,055,Cramorant VMAX,Holo Rare VMAX,0.0625,1466.8799999999999,0.010416666666666666,False,False,True,0.44299999999999995,1.57,3,873,30,146,344,2.84,2.8329,0.73,5.98,1.0026,1.752,1.99,2.84,3.33,4.09,2.145,2.49,2.795,4.2857,4.8667,3.8222,0.0344,0.1672,0.394,131.8259,365.1642,45.35,Stable,70.22,26.74,64.61,16.72
Shining Fates,064,Alcremie V,Ultra Rare,0.0625,2200.3199999999997,0.006944444444444444,False,False,True,0.5670000000000001,2.87,0,218,16,63,137,8.0,8.6773,2.99,17.0,2.7637,5.99,6.99,8.0,9.99,12.0,7.285,7.49,8.0,2.2857,2.1,1.5222,0.0734,0.289,0.6284,55.9376,302.3715,44.18,Stable,41.49,41.06,68.15,28.9
Shining Fates,065,Ball Guy,Ultra Rare,0.0625,2200.3199999999997,0.006944444444444444,False,False,False,0.0,3.43,1,309,19,68,159,5.7,6.008,2.0,12.0,1.8072,4.24,4.99,5.7,6.99,8.0,4.72,4.995,5.2,2.7143,2.2667,1.7667,0.0615,0.2201,0.5146,88.6072,363.9406,44.38,Stable,45.89,40.77,69.92,22.01
Shining Fates,066,Bird Keeper,Ultra Rare,0.0625,2200.3199999999997,0.006944444444444444,False,False,False,0.0,1.6,4,317,15,65,135,4.0,4.2774,1.0,8.16,1.4114,2.846,3.0,4.0,5.0,6.134,3.63,3.97,3.99,2.1429,2.1667,1.5,0.0473,0.205,0.4259,137.5927,411.5437,42.4,Stable,42.04,40.98,67.0,20.5
Shining Fates,067,Cara Liss,Ultra Rare,0.0625,2200.3199999999997,0.006944444444444444,False,False,False,0.0,1.2,2,408,24,83,158,2.99,3.2052,0.99,6.64,1.2362,1.978,2.045,2.99,3.99,5.0,2.895,2.99,2.99,3.4286,2.7667,1.7556,0.0588,0.2034,0.3873,155.1754,357.562,45.33,Stable,49.75,46.82,61.43,20.34
Shining Fates,068,Gym Trainer,Ultra Rare,0.0625,2200.3199999999997,0.006944444444444444,False,False,False,0.0,1.22,2,564,28,110,220,2.99,3.017,0.99,6.0,1.1507,1.803,2.0,2.99,3.63,4.99,2.87,2.745,2.77,4.0,3.6667,2.4444,0.0496,0.195,0.3901,143.9701,361.9148,50.19,Stable,59.45,53.61,61.86,19.5
Shining Fates,069,Piers,Ultra Rare,0.0625,2200.3199999999997,0.006944444444444444,False,False,False,0.0,1.56,0,312,22,77,145,3.98,3.9459,1.25,8.0,1.3204,2.49,2.99,3.98,4.9525,5.643,3.0,3.26,3.49,3.1429,2.5667,1.6111,0.0705,0.2468,0.4647,110.1276,381.6309,43.0,Stable,46.55,35.96,66.54,24.68
Shining Fates,070,Poké Kid,Ultra Rare,0.0625,2200.3199999999997,0.006944444444444444,False,False,False,0.0,5.89,8,180,21,55,98,13.595,14.8153,5.0,28.99,4.9335,10.0,10.9975,13.595,17.84,21.386,11.99,12.51,12.99,3.0,1.8333,1.0889,0.1167,0.3056,0.5444,71.9294,388.3511,41.78,Stable,32.11,42.3,66.7,30.56
Shining Fates,071,Rose,Ultra Rare,0.0625,2200.3199999999997,0.006944444444444444,False,False,False,0.0,1.1,0,487,27,96,180,2.75,2.7578,0.94,5.95,0.99,1.506,1.99,2.75,3.0,4.0,2.49,2.49,2.49,3.8571,3.2,2.0,0.0554,0.1971,0.3696,145.5514,311.0689,47.82,Stable,53.51,50.0,64.1,19.71
Shining Fates,072,Skyla,Ultra Rare,0.0625,2200.3199999999997,0.006944444444444444,False,False,False,0.0,11.57,15,491,29,108,203,16.0,17.1626,0.99,39.98,8.8924,1.82,12.99,16.0,21.145,29.99,13.63,14.915,14.99,4.1429,3.6,2.2556,0.0591,0.22,0.4134,124.8601,388.491,43.56,Stable,57.49,40.93,48.19,22.0
Shining Fates,073,Alcremie VMAX,Secret Rare,0.014084507042253521,3254.64,0.004694835680751174,False,False,True,0.5670000000000001,5.26,15,868,51,208,430,6.0,6.5307,1.35,13.0,1.9886,4.267,5.0,6.0,7.5,9.956,5.99,5.99,5.99,7.2857,6.9333,4.7778,0.0588,0.2396,0.4954,93.4229,239.3393,58.16,Stable,81.52,50.0,69.55,23.96
Shining Fates,121,Eternatus V,Secret Rare,0.014084507042253521,3254.64,0.004694835680751174,False,False,True,0.506,0.0,0,328,23,87,166,8.99,9.9298,3.49,20.0,4.0813,5.99,7.0,8.99,11.545,17.545,7.75,8.0,8.19,3.2857,2.9,1.8444,0.0701,0.2652,0.5061,86.7022,374.2677,45.83,Stable,51.21,44.63,58.9,26.52
Shining Fates,122,Eternatus VMAX,Secret Rare,0.014084507042253521,3254.64,0.004694835680751174,False,False,True,0.506,0.0,0,356,31,90,180,7.995,8.7558,1.44,19.95,3.1925,5.76,6.6625,7.995,10.0,13.315,7.25,7.95,7.99,4.4286,3.0,2.0,0.0871,0.2528,0.5056,87.9799,303.5768,45.81,Stable,52.76,40.74,63.54,25.28
Shining Fates,105,Rillaboom V,Shiny Rare V,0.045454545454545456,3025.4399999999996,0.005050505050505051,False,False,True,0.499,0.0,0,657,26,104,230,2.98,2.9104,0.99,5.95,1.0786,1.75,1.99,2.98,3.5,4.5,2.49,2.5,2.5,3.7143,3.4667,2.5556,0.0396,0.1583,0.3501,163.6566,397.2306,48.29,Stable,58.85,49.6,62.94,15.83
Shining Fates,108,Centiskorch V,Shiny Rare V,0.045454545454545456,3025.4399999999996,0.005050505050505051,False,False,True,0.53,0.0,0,686,33,129,250,2.985,2.8599,0.87,5.95,1.031,1.645,1.99,2.985,3.49,4.09,2.0,2.49,2.73,4.7143,4.3,2.7778,0.0481,0.188,0.3644,149.1738,402.2357,42.75,Stable,64.06,23.26,63.95,18.8
Shining Fates,110,Lapras V,Shiny Rare V,0.045454545454545456,3025.4399999999996,0.005050505050505051,False,False,True,0.747,0.0,0,490,31,119,232,5.045,5.7409,2.0,11.18,1.7585,3.99,4.49,5.045,6.835,8.31,5.99,5.68,5.425,4.4286,3.9667,2.5778,0.0633,0.2429,0.4735,100.0765,366.0884,55.33,Stable,61.57,60.41,69.37,24.29
Shining Fates,112,Toxtricity V,Shiny Rare V,0.045454545454545456,3025.4399999999996,0.005050505050505051,False,False,True,0.585,0.0,0,599,22,108,214,2.99,3.1139,0.99,6.0,1.1033,1.99,2.13,2.99,3.925,4.956,2.995,2.99,2.99,3.1429,3.6,2.3778,0.0367,0.1803,0.3573,150.7507,382.8173,49.1,Stable,58.42,50.17,64.57,18.03
Shining Fates,114,Indeedee V,Shiny Rare V,0.045454545454545456,3025.4399999999996,0.005050505050505051,False,False,True,0.41100000000000003,0.0,0,616,26,111,237,2.765,2.7708,0.72,5.98,1.0047,1.5,1.99,2.765,3.25,4.0,2.24,2.49,2.49,3.7143,3.7,2.6333,0.0422,0.1802,0.3847,146.1375,407.0605,46.55,Stable,60.7,39.96,63.74,18.02
Shining Fates,115,Falinks V,Shiny Rare V,0.045454545454545456,3025.4399999999996,0.005050505050505051,False,False,True,0.57,0.0,0,575,14,88,206,2.99,2.9471,0.99,5.97,0.9983,1.784,2.17,2.99,3.5,4.286,2.435,2.595,2.84,2.0,2.9333,2.2889,0.0243,0.153,0.3583,160.3872,399.4162,43.34,Stable,54.45,35.74,66.13,15.3
Shining Fates,116,Grimmsnarl V,Shiny Rare V,0.045454545454545456,3025.4399999999996,0.005050505050505051,False,False,True,0.423,0.0,0,614,22,114,250,2.99,3.0674,0.99,6.0,1.05,1.99,2.17,2.99,3.68,4.7,2.99,2.99,2.99,3.1429,3.8,2.7778,0.0358,0.1857,0.4072,128.5624,380.0356,50.45,Stable,61.94,50.0,65.77,18.57
Shining Fates,118,Ditto V,Shiny Rare V,0.045454545454545456,3025.4399999999996,0.005050505050505051,False,False,True,0.688,0.0,0,274,22,88,171,10.85,11.6601,2.17,22.99,3.8016,7.789,9.0,10.85,13.99,16.99,9.99,10.85,10.8,3.1429,2.9333,1.9,0.0803,0.3212,0.6241,63.9939,388.1485,48.17,Stable,51.71,42.5,67.4,32.12
Shining Fates,120,Dubwool V,Shiny Rare V,0.045454545454545456,3025.4399999999996,0.005050505050505051,False,False,True,0.44799999999999995,0.0,0,703,34,131,283,2.89,2.8044,0.73,5.83,1.0487,1.5,1.99,2.89,3.485,4.072,2.25,2.2,2.5,4.8571,4.3667,3.1444,0.0484,0.1863,0.4026,136.8788,395.613,47.99,Stable,65.81,40.0,62.61,18.63
Shining Fates,106,Rillaboom VMAX,Shiny Rare VMAX,0.014925373134328358,7166.32,0.0021321961620469083,False,False,True,0.499,0.0,0,501,22,115,213,3.63,3.8933,1.63,8.0,1.2859,2.5,2.99,3.63,4.85,5.73,3.37,3.49,3.56,3.1429,3.8333,2.3667,0.0439,0.2295,0.4251,122.8465,346.1636,49.22,Stable,59.45,44.66,66.97,22.95
Shining Fates,107,Charizard VMAX,Shiny Rare VMAX,0.014925373134328358,7166.32,0.0021321961620469083,False,False,True,0.675,0.0,0,808,108,285,505,149.99,160.5716,1.49,336.0,82.2019,54.0,107.5,149.99,200.0,299.0,136.835,149.95,149.99,15.4286,9.5,5.6111,0.1337,0.3527,0.625,53.715,193.7427,56.38,Stable,90.67,41.23,48.81,35.27
Shining Fates,109,Centiskorch VMAX,Shiny Rare VMAX,0.014925373134328358,7166.32,0.0021321961620469083,False,False,True,0.53,0.0,0,540,24,89,218,3.1,3.5143,0.99,7.95,1.2194,2.18,2.535,3.1,4.0,5.0,3.24,3.06,3.0,3.4286,2.9667,2.4222,0.0444,0.1648,0.4037,137.4953,352.3827,50.46,Stable,55.68,58.0,65.3,16.48
Shining Fates,111,Lapras VMAX,Shiny Rare VMAX,0.014925373134328358,7166.32,0.0021321961620469083,False,False,True,0.747,0.0,0,431,29,93,209,9.17,10.0674,1.0,20.0,4.0636,5.69,7.5,9.17,11.99,15.99,9.0,8.99,9.5,4.1429,3.1,2.3222,0.0673,0.2158,0.4849,95.6717,336.6287,46.29,Stable,55.43,44.74,59.64,21.58
Shining Fates,113,Toxtricity VMAX,Shiny Rare VMAX,0.014925373134328358,7166.32,0.0021321961620469083,False,False,True,0.585,0.0,0,340,17,65,147,5.0,5.6693,2.39,10.99,1.8187,3.99,4.31,5.0,6.49,8.51,4.99,4.99,5.07,2.4286,2.1667,1.6333,0.05,0.1912,0.4324,111.173,384.3156,44.94,Stable,43.34,48.42,67.92,19.12
Shining Fates,117,Grimmsnarl VMAX,Shiny Rare VMAX,0.014925373134328358,7166.32,0.0021321961620469083,False,False,True,0.423,0.0,0,333,17,73,150,5.0,5.581,1.99,11.0,1.8906,3.756,4.0,5.0,6.4,8.974,4.49,4.99,5.0,2.4286,2.4333,1.6667,0.0511,0.2192,0.4505,111.9239,323.2788,43.43,Stable,46.26,39.8,66.12,21.92
Shining Fates,119,Ditto VMAX,Shiny Rare VMAX,0.014925373134328358,7166.32,0.0021321961620469083,False,False,True,0.688,0.0,0,232,22,72,149,17.99,18.036,2.0,35.53,5.2974,12.0,15.0,17.99,20.0,25.0,14.995,15.6,16.99,3.1429,2.4,1.6556,0.0948,0.3103,0.6422,65.5703,195.516,45.59,Stable,45.94,38.26,70.63,31.03
Battle Styles,006,Kricketune V,Holo Rare V,0.1111111111111111,991.4399999999999,0.009259259259259259,False,False,True,0.43700000000000006,0.64,0,756,26,138,303,2.0,2.2031,0.73,4.26,0.8223,1.0,1.5275,2.0,2.8925,3.095,2.155,2.05,1.99,3.7143,4.6,3.3667,0.0344,0.1825,0.4008,130.5513,365.0256,53.96,Stable,67.64,58.29,62.68,18.25
Battle Styles,018,Flapple V,Holo Rare V,0.1111111111111111,991.4399999999999,0.009259259259259259,False,False,True,0.5429999999999999,0.81,0,772,39,158,336,2.0,2.2734,0.72,4.51,0.785,1.25,1.73,2.0,2.99,3.21,2.25,2.0,2.0,5.5714,5.2667,3.7333,0.0505,0.2047,0.4352,114.0672,320.1484,57.28,Stable,71.13,62.5,65.47,20.47
Battle Styles,021,Victini V,Holo Rare V,0.1111111111111111,991.4399999999999,0.009259259259259259,False,False,True,0.705,0.96,5,601,30,143,297,2.49,2.5392,0.73,5.11,0.9417,1.44,1.95,2.49,2.99,3.99,2.245,2.49,2.49,4.2857,4.7667,3.3,0.0499,0.2379,0.4942,91.4071,329.1689,49.77,Stable,67.94,40.16,62.91,23.79
Battle Styles,040,Empoleon V,Holo Rare V,0.1111111111111111,991.4399999999999,0.009259259259259259,False,False,True,0.723,0.72,6,775,43,159,358,2.0,2.2717,0.72,4.5,0.7996,1.25,1.69,2.0,2.99,3.296,2.3,1.99,1.99,6.1429,5.3,3.9778,0.0555,0.2052,0.4619,103.4853,297.4195,58.5,Stable,72.55,65.58,64.8,20.52
Battle Styles,050,Tapu Koko V,Holo Rare V,0.1111111111111111,991.4399999999999,0.009259259259259259,False,False,True,0.5770000000000001,0.72,3,685,35,149,296,2.09,2.2842,0.72,4.6,0.807,1.25,1.73,2.09,2.99,3.39,2.49,2.0,2.0,5.0,4.9667,3.2889,0.0511,0.2175,0.4321,115.2156,351.9849,60.16,Rising,68.42,74.5,64.67,21.75
Battle Styles,062,Mimikyu V,Holo Rare V,0.1111111111111111,991.4399999999999,0.009259259259259259,False,False,True,0.792,0.89,12,333,30,85,180,3.62,3.6995,0.73,7.89,1.2501,2.172,2.96,3.62,4.65,5.0,3.0,3.5,3.77,4.2857,2.8333,2.0,0.0901,0.2553,0.5405,77.6363,313.0457,42.83,Stable,52.03,29.58,66.21,25.53
Battle Styles,063,Necrozma V,Holo Rare V,0.1111111111111111,991.4399999999999,0.009259259259259259,False,False,True,0.5770000000000001,0.9,1,597,28,123,270,2.49,2.5839,0.72,5.08,0.9605,1.49,1.99,2.49,3.0,3.99,2.99,2.49,2.49,4.0,4.1,3.0,0.0469,0.206,0.4523,107.4787,326.1126,56.94,Stable,64.1,70.08,62.83,20.6
Battle Styles,085,Single Strike Urshifu V,Holo Rare V,0.1111111111111111,991.4399999999999,0.009259259259259259,False,False,True,0.442,0.65,0,881,47,192,407,1.99,2.1285,0.72,4.0,0.7223,1.14,1.59,1.99,2.5,2.99,2.0,2.0,1.99,6.7143,6.4,4.5222,0.0533,0.2179,0.462,100.3825,255.6103,56.44,Stable,79.05,50.5,66.07,21.79
Battle Styles,087,Rapid Strike Urshifu V,Holo Rare V,0.1111111111111111,991.4399999999999,0.009259259259259259,False,False,True,0.442,0.76,0,892,39,170,379,2.0,2.2511,0.72,4.5,0.7816,1.25,1.75,2.0,2.89,3.0,1.99,2.0,1.99,5.5714,5.6667,4.2111,0.0437,0.1906,0.4249,110.9833,288.182,54.45,Stable,75.26,50.0,65.28,19.06
Battle Styles,097,Tyranitar V,Holo Rare V,0.1111111111111111,991.4399999999999,0.009259259259259259,False,False,True,0.6759999999999999,0.71,9,873,63,187,443,2.29,2.3511,0.94,4.98,0.7786,1.298,1.89,2.29,2.99,3.25,2.49,2.18,2.29,9.0,6.2333,4.9222,0.0722,0.2142,0.5074,88.5489,244.2428,59.34,Stable,80.19,58.73,66.88,21.42
Battle Styles,109,Corviknight V,Holo Rare V,0.1111111111111111,991.4399999999999,0.009259259259259259,False,False,True,0.6859999999999999,0.7,3,680,33,136,292,2.18,2.3353,0.72,4.97,0.7968,1.39,1.91,2.18,2.99,3.25,2.0,2.0,2.1,4.7143,4.5333,3.2444,0.0485,0.2,0.4294,117.5283,337.8649,50.87,Stable,67.07,45.24,65.88,20.0
Battle Styles,117,Stoutland V,Holo Rare V,0.1111111111111111,991.4399999999999,0.009259259259259259,False,False,True,0.508,0.58,0,755,28,147,299,1.99,2.1299,0.72,4.0,0.7687,1.08,1.5,1.99,2.66,3.0,2.31,1.99,1.99,4.0,4.9,3.3222,0.0371,0.1947,0.396,129.7227,358.8819,57.03,Stable,68.44,66.08,63.91,19.47
Battle Styles,019,Flapple VMAX,Holo Rare VMAX,0.05555555555555555,991.4399999999999,0.009259259259259259,False,False,True,0.5429999999999999,1.95,1,493,33,105,221,3.0,3.2262,1.0,6.0,1.0592,2.0,2.47,3.0,3.99,4.99,3.0,2.93,3.0,4.7143,3.5,2.4556,0.0669,0.213,0.4483,109.6614,327.2905,50.27,Stable,58.58,50.0,67.17,21.3
Battle Styles,022,Victini VMAX,Holo Rare VMAX,0.05555555555555555,991.4399999999999,0.009259259259259259,False,False,True,0.705,1.89,5,377,26,85,170,4.23,4.449,1.5,9.5,1.5626,2.7,3.0,4.23,5.0,6.6,4.01,4.0,4.235,3.7143,2.8333,1.8889,0.069,0.2255,0.4509,106.1152,356.2767,46.3,Stable,51.35,44.69,64.88,22.55
Battle Styles,051,Tapu Koko VMAX,Holo Rare VMAX,0.05555555555555555,991.4399999999999,0.009259259259259259,False,False,True,0.5770000000000001,1.65,3,545,28,109,223,2.99,3.1124,0.99,6.0,1.0955,1.99,2.17,2.99,3.99,4.99,2.99,2.93,2.98,4.0,3.6333,2.4778,0.0514,0.2,0.4092,123.5923,343.5687,49.87,Stable,59.38,50.34,64.8,20.0
Battle Styles,086,Single Strike Urshifu VMAX,Holo Rare VMAX,0.05555555555555555,991.4399999999999,0.009259259259259259,False,False,True,0.442,1.58,6,785,45,180,372,2.99,3.1862,0.99,6.88,1.1336,1.99,2.25,2.99,3.99,4.99,3.0,2.845,2.99,6.4286,6.0,4.1333,0.0573,0.2293,0.4739,100.3614,257.5084,55.4,Stable,76.08,50.33,64.42,22.93
Battle Styles,088,Rapid Strike Urshifu VMAX,Holo Rare VMAX,0.05555555555555555,991.4399999999999,0.009259259259259259,False,False,True,0.442,1.6,4,844,48,178,376,2.99,3.0438,0.99,6.0,1.0639,1.99,2.0,2.99,3.62,4.95,2.99,2.785,2.99,6.8571,5.9333,4.1778,0.0569,0.2109,0.4455,112.0374,276.8066,55.02,Stable,75.97,50.0,65.05,21.09
Battle Styles,110,Corviknight VMAX,Holo Rare VMAX,0.05555555555555555,991.4399999999999,0.009259259259259259,False,False,True,0.6859999999999999,2.03,1,481,41,118,226,3.62,3.7959,0.99,7.97,1.1885,2.5,2.99,3.62,4.49,5.08,4.0,3.69,3.79,5.8571,3.9333,2.5111,0.0852,0.2453,0.4699,98.3844,306.9257,53.6,Stable,60.98,55.54,68.69,24.53
Battle Styles,142,Kricketune V,Ultra Rare,0.05555555555555555,3635.28,0.002525252525252525,False,False,True,0.43700000000000006,2.15,1,126,7,25,57,3.99,4.1435,1.44,8.0,1.2881,2.775,3.175,3.99,4.99,5.99,3.59,4.16,3.99,1.0,0.8333,0.6333,0.0556,0.1984,0.4524,105.4072,329.8744,32.3,Cooling,8.53,39.97,68.91,19.84
Battle Styles,143,Flapple V,Ultra Rare,0.05555555555555555,3635.28,0.002525252525252525,False,False,True,0.5429999999999999,2.4,0,117,10,35,66,5.0,5.4179,2.31,10.64,1.7775,3.5,4.0,5.0,6.1,8.0,4.995,4.99,5.0,1.4286,1.1667,0.7333,0.0855,0.2991,0.5641,76.8695,257.3833,38.85,Cooling,14.86,49.9,67.19,29.91
Battle Styles,144,Victini V,Ultra Rare,0.05555555555555555,3635.28,0.002525252525252525,False,False,True,0.705,4.84,4,60,5,22,40,13.12,13.0568,1.0,22.0,4.8371,6.999,11.2475,13.12,15.195,19.991,11.99,12.99,13.02,0.7143,0.7333,0.4444,0.0833,0.3667,0.6667,47.4944,260.1243,33.87,Cooling,4.4,42.09,62.95,36.67
Battle Styles,145,Empoleon V,Ultra Rare,0.05555555555555555,3635.28,0.002525252525252525,False,False,True,0.723,5.15,0,129,12,40,70,7.43,7.9023,0.99,15.3,2.5967,5.47,6.0,7.43,9.0,10.986,7.915,6.99,6.99,1.7143,1.3333,0.7778,0.093,0.3101,0.5426,67.8156,272.3442,44.09,Stable,18.3,63.23,67.14,31.01
Battle Styles,146,Empoleon V,Ultra Rare,0.05555555555555555,3635.28,0.002525252525252525,False,False,True,0.723,48.66,4,119,17,55,92,75.0,80.331,1.0,163.56,29.4483,56.598,66.995,75.0,97.22,119.992,80.0,76.0,74.98,2.4286,1.8333,1.0222,0.1429,0.4622,0.7731,37.3834,105.5521,48.09,Stable,30.56,56.7,63.34,46.22
Battle Styles,147,Tapu Koko V,Ultra Rare,0.05555555555555555,3635.28,0.002525252525252525,False,False,True,0.5770000000000001,2.54,1,168,13,40,88,3.99,4.1282,1.27,7.99,1.2363,2.99,3.0,3.99,4.99,5.99,3.99,3.98,3.99,1.8571,1.3333,0.9778,0.0774,0.2381,0.5238,83.7836,278.336,40.56,Stable,22.64,50.0,70.05,23.81
Battle Styles,148,Mimikyu V,Ultra Rare,0.05555555555555555,3635.28,0.002525252525252525,False,False,True,0.792,18.44,6,63,15,37,54,48.59,51.167,20.0,100.0,14.4904,39.198,43.15,48.59,55.52,66.592,45.32,47.5,48.295,2.1429,1.2333,0.6,0.2381,0.5873,0.8571,24.6894,117.9004,43.09,Stable,12.85,43.84,71.68,58.73
Battle Styles,149,Necrozma V,Ultra Rare,0.05555555555555555,3635.28,0.002525252525252525,False,False,True,0.5770000000000001,3.97,1,110,7,24,48,6.73,7.023,2.88,13.63,2.2607,4.688,5.02,6.73,8.1875,10.0,6.5,6.82,6.58,1.0,0.8,0.5333,0.0636,0.2182,0.4364,115.7413,383.3502,34.51,Cooling,6.5,48.78,67.81,21.82
Battle Styles,150,Single Strike Urshifu V,Ultra Rare,0.05555555555555555,3635.28,0.002525252525252525,False,False,True,0.442,3.02,1,159,7,34,70,5.49,6.034,1.44,11.38,2.0692,3.972,4.635,5.49,6.99,9.91,4.99,5.38,4.995,1.0,1.1333,0.7778,0.044,0.2138,0.4403,123.9164,353.6192,37.04,Cooling,15.52,49.9,65.71,21.38
Battle Styles,151,Single Strike Urshifu V,Ultra Rare,0.05555555555555555,3635.28,0.002525252525252525,False,False,True,0.442,14.96,4,165,17,45,86,20.0,21.4855,1.77,40.0,7.0793,14.966,16.99,20.0,24.99,31.996,20.0,20.0,20.0,2.4286,1.5,0.9556,0.103,0.2727,0.5212,86.5177,277.3075,41.22,Stable,24.53,50.0,67.05,27.27
Battle Styles,152,Rapid Strike Urshifu V,Ultra Rare,0.05555555555555555,3635.28,0.002525252525252525,False,False,True,0.442,3.38,0,159,12,40,76,5.15,5.7535,1.0,12.0,1.8543,3.99,4.5,5.15,6.885,8.0,5.495,5.54,5.44,1.7143,1.3333,0.8444,0.0755,0.2516,0.478,100.5767,275.2902,39.77,Cooling,19.6,51.01,67.77,25.16
Battle Styles,153,Rapid Strike Urshifu V,Ultra Rare,0.05555555555555555,3635.28,0.002525252525252525,False,False,True,0.442,16.32,4,170,8,45,85,20.0,22.6212,2.0,45.0,7.6281,15.0,18.0,20.0,25.9975,32.659,18.24,19.95,19.99,1.1429,1.5,0.9444,0.0471,0.2647,0.5,89.9327,281.6467,38.19,Cooling,24.24,41.25,66.28,26.47
Battle Styles,154,Tyranitar V,Ultra Rare,0.05555555555555555,3635.28,0.002525252525252525,False,False,True,0.6759999999999999,7.16,3,108,8,39,56,13.63,14.9433,7.0,29.99,5.4365,9.96,11.0675,13.63,17.9925,21.99,10.99,13.89,13.24,1.1429,1.3,0.6222,0.0741,0.3611,0.5185,80.329,423.9162,34.05,Cooling,14.01,33.01,63.62,36.11
Battle Styles,155,Tyranitar V,Ultra Rare,0.05555555555555555,3635.28,0.002525252525252525,True,False,True,0.6759999999999999,199.12,36,164,22,64,111,280.0,288.508,1.75,599.0,131.5396,105.8,229.8075,280.0,349.99,466.4,260.0,267.495,275.0,3.1429,2.1333,1.2333,0.1341,0.3902,0.6768,43.1715,135.3769,43.46,Stable,38.04,44.55,54.41,39.02
Battle Styles,156,Corviknight V,Ultra Rare,0.05555555555555555,3635.28,0.002525252525252525,False,False,True,0.6859999999999999,3.39,2,86,11,27,45,6.52,6.9077,1.98,13.0,2.272,4.97,5.0,6.52,8.0225,9.995,5.99,6.49,6.0,1.5714,0.9,0.5,0.1279,0.314,0.5233,78.3605,293.6958,36.67,Cooling,6.73,49.83,67.11,31.4
Battle Styles,157,Stoutland V,Ultra Rare,0.05555555555555555,3635.28,0.002525252525252525,False,False,True,0.508,2.58,1,125,7,24,58,4.0,4.4992,1.0,8.78,1.4915,2.984,3.5,4.0,5.0,6.0,4.49,4.66,4.39,1.0,0.8,0.6444,0.056,0.192,0.464,123.7944,307.2932,35.42,Cooling,8.42,52.28,66.85,19.2
Battle Styles,158,Bruno,Ultra Rare,0.05555555555555555,3635.28,0.002525252525252525,False,False,False,0.0,1.89,1,171,12,45,84,4.27,4.5808,2.0,9.95,1.5459,2.99,3.49,4.27,5.0,6.95,3.94,3.88,3.99,1.7143,1.5,0.9333,0.0702,0.2632,0.4912,96.8754,337.467,40.35,Stable,24.05,48.75,66.25,26.32
Battle Styles,159,Cheryl,Ultra Rare,0.05555555555555555,3635.28,0.002525252525252525,False,False,False,0.0,8.96,4,155,11,39,64,12.0,13.7397,5.99,29.01,5.2151,8.588,9.99,12.0,15.08,21.894,9.99,10.3,10.835,1.5714,1.3,0.7111,0.071,0.2516,0.4129,156.5253,397.9098,34.9,Cooling,16.0,42.2,62.04,25.16
Battle Styles,160,Korrina's Focus,Ultra Rare,0.05555555555555555,3635.28,0.002525252525252525,False,False,False,0.0,4.3,1,196,14,45,86,6.605,7.5449,3.0,15.95,2.9466,4.99,5.1475,6.605,9.0,12.25,5.125,5.78,6.22,2.0,1.5,0.9556,0.0714,0.2296,0.4388,113.9328,351.5165,33.86,Cooling,24.53,32.4,60.95,22.96
Battle Styles,161,Phoebe,Ultra Rare,0.05555555555555555,3635.28,0.002525252525252525,False,False,False,0.0,15.72,7,142,10,32,66,19.99,22.4728,10.67,42.0,7.7344,15.0,16.9825,19.99,27.99,34.999,16.99,17.295,18.045,1.4286,1.0667,0.7333,0.0704,0.2254,0.4648,106.8471,311.9571,35.04,Cooling,13.9,44.15,65.58,22.54
Battle Styles,162,Rapid Strike Style Mustard,Ultra Rare,0.05555555555555555,3635.28,0.002525252525252525,False,False,False,0.0,1.25,0,280,13,54,111,2.99,3.2856,0.73,6.8,1.2159,1.959,2.45,2.99,3.99,5.0,2.99,2.99,2.99,1.8571,1.8,1.2333,0.0464,0.1929,0.3964,141.7223,369.0441,41.74,Stable,34.28,50.0,62.99,19.29
Battle Styles,163,Single Strike Style Mustard,Ultra Rare,0.05555555555555555,3635.28,0.002525252525252525,False,False,False,0.0,1.23,0,772,43,164,383,1.99,2.0507,0.72,4.0,0.7795,1.0,1.5,1.99,2.49,3.0,1.99,1.99,1.99,6.1429,5.4667,4.2556,0.0557,0.2124,0.4961,90.7662,307.5063,54.05,Stable,74.69,50.0,61.99,21.24
Battle Styles,164,Flapple VMAX,Secret Rare,0.027777777777777776,6609.600000000001,0.0013888888888888887,False,False,True,0.5429999999999999,8.47,0,81,3,21,37,11.25,11.1456,2.48,19.99,3.833,6.99,8.75,11.25,13.45,14.99,13.5,11.45,11.45,0.4286,0.7,0.4111,0.037,0.2593,0.4568,99.414,336.92,39.73,Cooling,3.51,67.9,65.61,25.93
Battle Styles,165,Victini VMAX,Secret Rare,0.027777777777777776,6609.600000000001,0.0013888888888888887,False,False,True,0.705,10.4,2,98,14,43,60,20.0,21.847,1.44,39.99,7.8873,13.7,18.0,20.0,27.5275,30.402,20.905,20.0,20.0,2.0,1.4333,0.6667,0.1429,0.4388,0.6122,47.8881,237.7001,43.01,Stable,17.0,54.53,63.9,43.88
Battle Styles,166,Tapu Koko VMAX,Secret Rare,0.027777777777777776,6609.600000000001,0.0013888888888888887,False,False,True,0.5770000000000001,6.33,2,110,5,24,46,8.995,9.7809,2.4,19.08,3.3216,6.48,7.96,8.995,10.9975,15.0,8.99,9.205,8.995,0.7143,0.8,0.5111,0.0455,0.2182,0.4182,117.9396,297.5685,34.34,Cooling,5.93,49.94,66.04,21.82
Battle Styles,167,Single Strike Urshifu VMAX,Secret Rare,0.027777777777777776,6609.600000000001,0.0013888888888888887,False,False,True,0.442,10.21,3,92,8,26,44,12.99,13.8208,1.99,30.0,6.2787,6.832,10.0,12.99,16.0175,24.7,13.5,12.495,12.79,1.1429,0.8667,0.4889,0.087,0.2826,0.4783,107.9142,319.9525,35.06,Cooling,6.09,55.55,54.57,28.26
Battle Styles,168,Single Strike Urshifu VMAX,Secret Rare,0.027777777777777776,6609.600000000001,0.0013888888888888887,False,False,True,0.442,33.21,4,137,12,37,72,35.0,39.0343,2.95,80.0,14.7813,25.0,32.0,35.0,45.0,60.0,31.5,33.95,34.99,1.7143,1.2333,0.8,0.0876,0.2701,0.5255,85.6386,202.4742,35.01,Cooling,17.25,40.03,62.13,27.01
Battle Styles,169,Rapid Strike Urshifu VMAX,Secret Rare,0.027777777777777776,6609.600000000001,0.0013888888888888887,False,False,True,0.442,8.06,2,127,8,31,60,12.0,12.2774,1.99,27.26,5.2174,5.5,9.275,12.0,14.995,20.0,12.135,12.0,11.645,1.1429,1.0333,0.6667,0.063,0.2441,0.4724,110.4608,325.8436,36.25,Cooling,12.03,54.21,57.5,24.41
Battle Styles,170,Rapid Strike Urshifu VMAX,Secret Rare,0.027777777777777776,6609.600000000001,0.0013888888888888887,True,False,True,0.442,71.56,11,137,17,45,77,85.0,95.9685,1.99,188.88,38.9606,63.996,74.97,85.0,115.0,154.008,76.99,77.56,79.99,2.4286,1.5,0.8556,0.1241,0.3285,0.562,65.533,210.2013,39.09,Cooling,22.55,46.25,59.4,32.85
Battle Styles,171,Corviknight VMAX,Secret Rare,0.027777777777777776,6609.600000000001,0.0013888888888888887,False,False,True,0.6859999999999999,8.54,5,76,7,24,38,13.99,14.6112,2.0,28.95,5.0728,9.03,10.875,13.99,18.0,20.5,14.99,14.445,13.99,1.0,0.8,0.4222,0.0921,0.3158,0.5,94.7981,328.5905,37.9,Cooling,4.61,57.15,65.28,31.58
Battle Styles,172,Bruno,Secret Rare,0.027777777777777776,6609.600000000001,0.0013888888888888887,False,False,False,0.0,5.5,4,81,6,10,28,7.24,8.304,3.6,16.36,2.9006,5.22,6.3,7.24,9.99,12.88,7.245,7.08,7.085,0.8571,0.3333,0.3111,0.0741,0.1235,0.3457,264.7226,478.3101,31.49,Cooling,1.1,52.26,65.07,12.35
Battle Styles,173,Cheryl,Secret Rare,0.027777777777777776,6609.600000000001,0.0013888888888888887,False,False,False,0.0,6.37,4,88,5,14,24,10.95,13.4231,5.5,29.0,5.6576,8.0,9.41,10.95,16.0825,20.6,8.0,8.81,9.995,0.7143,0.4667,0.2667,0.0568,0.1591,0.2727,256.1045,523.0597,24.12,Illiquid,1.19,30.04,57.85,15.91
Battle Styles,174,Korrina's Focus,Secret Rare,0.027777777777777776,6609.600000000001,0.0013888888888888887,False,False,False,0.0,5.88,2,110,5,21,39,8.99,9.3349,4.49,19.0,3.1705,6.0,6.7275,8.99,10.9,14.891,9.99,7.49,8.54,0.7143,0.7,0.4333,0.0455,0.1909,0.3545,180.5609,435.277,38.28,Cooling,3.86,66.98,66.04,19.09
Battle Styles,175,Phoebe,Secret Rare,0.027777777777777776,6609.600000000001,0.0013888888888888887,False,False,False,0.0,6.96,3,86,5,12,31,11.995,13.19,7.0,27.26,4.2775,9.38,10.0,11.995,15.0,19.97,10.5,11.5,10.98,0.7143,0.4,0.3444,0.0581,0.1395,0.3605,242.6854,466.4202,30.43,Cooling,1.46,45.63,67.57,13.95
Battle Styles,176,Rapid Strike Style Mustard,Secret Rare,0.027777777777777776,6609.600000000001,0.0013888888888888887,False,False,False,0.0,4.05,1,107,7,22,48,5.07,5.7107,1.45,10.67,1.8698,3.93,4.495,5.07,6.14,8.99,4.99,5.0,5.545,1.0,0.7333,0.5333,0.0654,0.2056,0.4486,111.7575,248.5949,31.35,Cooling,5.98,39.99,67.26,20.56
Battle Styles,177,Single Strike Style Mustard,Secret Rare,0.027777777777777776,6609.600000000001,0.0013888888888888887,False,False,False,0.0,4.13,0,116,4,18,42,5.925,6.2562,1.5,10.99,1.9319,4.495,5.0,5.925,7.5575,9.53,5.515,5.485,5.79,0.5714,0.6,0.4667,0.0345,0.1552,0.3621,131.9957,368.2383,31.6,Cooling,3.65,45.25,69.12,15.52
Battle Styles,178,Octillery,Secret Rare,0.027777777777777776,6609.600000000001,0.0013888888888888887,False,False,True,0.45899999999999996,5.59,4,107,7,19,38,11.57,13.2903,1.74,30.0,6.5357,7.018,7.99,11.57,16.52,23.168,8.18,8.18,8.0,1.0,0.6333,0.4222,0.0654,0.1776,0.3551,210.9167,560.4082,30.38,Cooling,3.31,52.25,50.82,17.76
Battle Styles,179,Houndoom,Secret Rare,0.027777777777777776,6609.600000000001,0.0013888888888888887,False,False,True,0.603,18.37,21,123,6,42,73,29.99,34.116,20.0,68.14,11.0145,24.992,26.0,29.99,39.995,50.0,36.995,28.745,29.01,0.8571,1.4,0.8111,0.0488,0.3415,0.5935,57.6803,277.5417,49.57,Stable,19.81,77.52,67.71,34.15
Battle Styles,180,Exp. Share,Secret Rare,0.027777777777777776,6609.600000000001,0.0013888888888888887,False,False,False,0.0,6.76,2,168,10,39,75,5.995,6.599,3.0,13.75,2.3467,3.997,4.95,5.995,8.3625,9.99,4.99,4.99,4.99,1.4286,1.3,0.8333,0.0595,0.2321,0.4464,108.8699,214.3265,38.13,Cooling,18.67,50.0,64.44,23.21
Battle Styles,181,Level Ball,Secret Rare,0.027777777777777776,6609.600000000001,0.0013888888888888887,False,False,False,0.0,6.99,2,106,8,30,56,10.0,11.3276,4.0,24.0,3.8161,7.495,8.99,10.0,13.2475,15.99,8.64,8.995,9.21,1.1429,1.0,0.6222,0.0755,0.283,0.5283,69.9192,137.1007,35.21,Cooling,10.5,43.81,66.31,28.3
Battle Styles,182,Rapid Strike Energy,Secret Rare,0.027777777777777776,6609.600000000001,0.0013888888888888887,False,False,False,0.0,2.52,2,169,8,40,78,4.0,4.6999,1.81,10.0,1.8502,2.94,3.19,4.0,5.98,7.168,4.015,3.995,3.99,1.1429,1.3333,0.8667,0.0473,0.2367,0.4615,103.826,231.2111,38.08,Cooling,20.1,50.63,60.63,23.67
Battle Styles,183,Single Strike Energy,Secret Rare,0.027777777777777776,6609.600000000001,0.0013888888888888887,False,False,False,0.0,2.22,2,153,11,37,81,4.0,4.6866,1.69,10.0,1.8736,2.9,3.33,4.0,5.28,6.956,3.99,4.49,3.99,1.5714,1.2333,0.9,0.0719,0.2418,0.5294,81.9109,188.7801,37.66,Cooling,19.4,50.0,60.02,24.18
Chilling Reign,008,Celebi VMAX,Holo Rare VMAX,0.05263157894736842,1786.0,0.006578947368421052,False,False,True,0.693,2.54,5,388,21,105,187,4.99,5.1066,1.49,10.0,1.8003,3.125,3.915,4.99,5.99,7.959,4.99,4.99,4.99,3.0,3.5,2.0778,0.0541,0.2706,0.482,97.7298,349.0614,50.05,Stable,55.64,50.0,64.75,27.06
Chilling Reign,021,Blaziken VMAX,Holo Rare VMAX,0.05263157894736842,1786.0,0.006578947368421052,False,False,True,0.7020000000000001,2.96,11,450,30,113,237,5.89,6.1471,1.99,12.2,1.9102,4.0,4.95,5.89,7.0,9.0,5.795,5.62,5.83,4.2857,3.7667,2.6333,0.0667,0.2511,0.5267,77.5052,294.5829,51.93,Stable,61.02,49.4,68.93,25.11
Chilling Reign,046,Ice Rider Calyrex VMAX,Holo Rare VMAX,0.05263157894736842,1786.0,0.006578947368421052,False,False,True,0.34600000000000003,1.51,4,813,29,154,343,2.95,2.8996,0.99,5.95,1.05,1.75,2.0,2.95,3.5,4.458,2.35,2.77,2.89,4.1429,5.1333,3.8111,0.0357,0.1894,0.4219,118.9905,281.7253,47.27,Stable,71.11,31.31,63.79,18.94
Chilling Reign,075,Shadow Rider Calyrex VMAX,Holo Rare VMAX,0.05263157894736842,1786.0,0.006578947368421052,False,False,True,0.34600000000000003,1.46,9,804,30,151,323,2.795,2.8845,0.99,5.97,1.0591,1.75,2.0,2.795,3.4925,4.5,2.69,2.69,2.59,4.2857,5.0333,3.5889,0.0373,0.1878,0.4017,120.4723,305.1439,53.47,Stable,69.67,53.86,63.28,18.78
Chilling Reign,090,Sandaconda VMAX,Holo Rare VMAX,0.05263157894736842,1786.0,0.006578947368421052,False,False,True,0.34700000000000003,1.72,3,573,26,111,235,2.99,2.9629,0.99,5.98,1.0155,1.95,2.0,2.99,3.62,4.34,2.535,2.78,2.97,3.7143,3.7,2.6111,0.0454,0.1937,0.4101,117.897,322.0186,45.76,Stable,60.45,35.35,65.73,19.37
Chilling Reign,100,Galarian Slowking VMAX,Holo Rare VMAX,0.05263157894736842,1786.0,0.006578947368421052,False,False,True,0.586,1.56,2,510,31,101,196,2.99,3.1815,0.99,6.0,1.1119,1.99,2.3025,2.99,3.99,4.99,2.83,2.99,2.99,4.4286,3.3667,2.1778,0.0608,0.198,0.3843,144.8788,340.7783,46.99,Stable,55.41,44.65,65.05,19.8
Chilling Reign,113,Metagross VMAX,Holo Rare VMAX,0.05263157894736842,1786.0,0.006578947368421052,False,False,True,0.696,2.08,3,442,32,102,198,3.985,3.905,0.99,7.89,1.2176,2.5,2.99,3.985,4.8875,5.388,3.49,3.99,3.965,4.5714,3.4,2.2,0.0724,0.2308,0.448,106.4774,342.543,46.53,Stable,55.82,38.02,68.82,23.08
Chilling Reign,125,Tornadus VMAX,Holo Rare VMAX,0.05263157894736842,1786.0,0.006578947368421052,False,False,True,0.40399999999999997,1.6,2,680,26,124,276,2.9,2.888,0.73,5.95,1.0125,1.799,2.0,2.9,3.49,4.272,2.495,2.69,2.73,3.7143,4.1333,3.0667,0.0382,0.1824,0.4059,123.6103,326.903,48.41,Stable,64.54,41.39,64.94,18.24
Chilling Reign,160,Celebi V,Ultra Rare,0.05555555555555555,8248.500000000002,0.0014245014245014244,False,False,True,0.693,6.01,3,144,16,49,90,15.0,16.0879,6.99,30.0,4.7256,10.993,13.5,15.0,18.9825,21.238,15.5,15.22,15.0,2.2857,1.6333,1.0,0.1111,0.3403,0.625,61.3532,204.3484,45.1,Stable,27.23,53.33,70.63,34.03
Chilling Reign,161,Blaziken V,Ultra Rare,0.05555555555555555,8248.500000000002,0.0014245014245014244,False,False,True,0.7020000000000001,7.93,8,128,23,60,91,14.85,15.3594,9.25,25.0,3.8836,11.0,12.0,14.85,17.9925,20.0,12.99,13.995,14.0,3.2857,2.0,1.0111,0.1797,0.4688,0.7109,40.3876,155.2956,46.73,Stable,31.93,42.79,74.72,46.88
Chilling Reign,162,Volcanion V,Ultra Rare,0.05555555555555555,8248.500000000002,0.0014245014245014244,False,False,True,0.42200000000000004,1.74,0,220,13,49,91,3.59,3.7107,1.0,7.95,1.2609,2.249,2.75,3.59,4.3675,5.454,3.39,3.2,3.08,1.8571,1.6333,1.0111,0.0591,0.2227,0.4136,120.7415,336.8724,43.95,Stable,27.59,60.06,66.02,22.27
Chilling Reign,163,Ice Rider Calyrex V,Ultra Rare,0.05555555555555555,8248.500000000002,0.0014245014245014244,False,False,True,0.34600000000000003,2.72,1,105,4,24,49,6.0,6.6602,2.0,13.0,2.4913,4.0,5.0,6.0,7.25,10.396,5.06,5.565,5.99,0.5714,0.8,0.5444,0.0381,0.2286,0.4667,112.5805,362.5915,29.44,Cooling,6.69,34.47,62.59,22.86
Chilling Reign,164,Ice Rider Calyrex V,Ultra Rare,0.05555555555555555,8248.500000000002,0.0014245014245014244,False,False,True,0.34600000000000003,16.35,1,80,4,21,33,30.0,30.9969,16.49,67.45,9.4585,20.0,24.9975,30.0,35.0,44.422,29.0,29.0,27.25,0.5714,0.7,0.3667,0.05,0.2625,0.4125,131.4846,332.0709,36.98,Cooling,3.01,56.42,69.49,26.25
Chilling Reign,165,Zeraora V,Ultra Rare,0.05555555555555555,8248.500000000002,0.0014245014245014244,False,False,True,0.591,5.55,1,59,5,19,31,13.67,13.5283,3.62,26.99,4.9591,7.2,10.0,13.67,15.855,20.0,10.87,13.67,13.67,0.7143,0.6333,0.3444,0.0847,0.322,0.5254,66.6183,338.8187,28.74,Cooling,2.6,29.52,63.34,32.2
Chilling Reign,166,Zeraora V,Ultra Rare,0.05555555555555555,8248.500000000002,0.0014245014245014244,False,False,True,0.591,59.22,11,69,7,29,51,99.99,95.1709,1.74,225.0,38.2834,37.0,80.0,99.99,110.0,130.502,78.0,94.27,99.99,1.0,0.9667,0.5667,0.1014,0.4203,0.7391,44.4019,131.1238,31.46,Cooling,8.99,28.01,59.77,42.03
Chilling Reign,167,Galarian Rapidash V,Ultra Rare,0.05555555555555555,8248.500000000002,0.0014245014245014244,False,False,True,0.588,9.53,1,40,5,15,23,18.99,19.0877,10.0,35.0,5.4638,12.45,15.5025,18.99,20.0,27.007,20.24,18.99,18.99,0.7143,0.5,0.2556,0.125,0.375,0.575,54.4022,306.0313,39.16,Cooling,1.37,56.58,71.38,37.5
Chilling Reign,168,Galarian Rapidash V,Ultra Rare,0.05555555555555555,8248.500000000002,0.0014245014245014244,False,False,True,0.588,56.06,10,55,4,27,39,100.0,111.3785,12.0,215.0,43.4092,79.862,89.395,100.0,124.115,177.994,81.495,91.0,95.0,0.5714,0.9,0.4333,0.0727,0.4909,0.7091,30.0999,135.5279,34.52,Cooling,5.86,35.78,61.03,49.09
Chilling Reign,169,Galarian Articuno V,Ultra Rare,0.05555555555555555,8248.500000000002,0.0014245014245014244,False,False,True,0.695,7.45,1,86,8,29,50,12.995,13.568,5.99,29.29,4.3901,8.0,10.0375,12.995,15.0,19.99,12.995,12.99,13.025,1.1429,0.9667,0.5556,0.093,0.3372,0.5814,59.1019,270.0424,37.83,Cooling,8.76,49.77,67.64,33.72
Chilling Reign,170,Galarian Articuno V,Ultra Rare,0.05555555555555555,8248.500000000002,0.0014245014245014244,False,False,True,0.695,54.68,4,98,9,31,57,85.4,89.6611,8.99,177.85,33.2979,67.402,75.0,85.4,99.82,133.6,92.83,85.0,81.0,1.2857,1.0333,0.6333,0.0918,0.3163,0.5816,61.7048,166.9404,41.63,Stable,11.18,64.6,62.86,31.63
Chilling Reign,171,Shadow Rider Calyrex V,Ultra Rare,0.05555555555555555,8248.500000000002,0.0014245014245014244,False,False,True,0.34600000000000003,4.42,1,85,6,15,28,6.99,7.4924,2.53,14.95,2.5346,4.99,5.99,6.99,8.0,11.99,7.195,6.8,6.875,0.8571,0.5,0.3111,0.0706,0.1765,0.3294,140.6817,367.2849,33.65,Cooling,1.62,54.65,66.17,17.65
Chilling Reign,172,Shadow Rider Calyrex V,Ultra Rare,0.05555555555555555,8248.500000000002,0.0014245014245014244,False,False,True,0.34600000000000003,21.81,4,107,6,27,57,31.3,35.9247,2.0,75.0,14.5054,20.552,28.0,31.3,44.975,55.0,26.745,29.99,29.99,0.8571,0.9,0.6333,0.0561,0.2523,0.5327,77.9358,296.1202,31.51,Cooling,9.29,39.18,59.62,25.23
Chilling Reign,173,Galarian Zapdos V,Ultra Rare,0.05555555555555555,8248.500000000002,0.0014245014245014244,False,False,True,0.6609999999999999,6.0,1,73,9,21,36,11.99,12.5482,5.8,20.0,3.6294,8.992,10.0,11.99,14.95,18.0,11.99,11.51,11.53,1.2857,0.7,0.4,0.1233,0.2877,0.4932,92.7055,332.5854,37.18,Cooling,3.38,53.99,71.08,28.77
Chilling Reign,174,Galarian Zapdos V,Ultra Rare,0.05555555555555555,8248.500000000002,0.0014245014245014244,False,False,True,0.6609999999999999,52.62,4,113,9,34,62,75.0,74.2357,3.5,160.0,28.6236,50.0,62.0,75.0,88.0,109.896,75.0,73.995,69.495,1.2857,1.1333,0.6889,0.0796,0.3009,0.5487,77.4061,235.1943,39.67,Cooling,13.3,57.92,61.44,30.09
Chilling Reign,175,Sandaconda V,Ultra Rare,0.05555555555555555,8248.500000000002,0.0014245014245014244,False,False,True,0.34700000000000003,1.47,1,271,11,50,94,2.99,3.1521,0.99,6.0,1.0489,1.99,2.45,2.99,3.815,4.5,2.45,2.645,2.965,1.5714,1.6667,1.0444,0.0406,0.1845,0.3469,142.8094,394.7279,35.51,Cooling,28.96,32.63,66.72,18.45
Chilling Reign,176,Galarian Moltres V,Ultra Rare,0.05555555555555555,8248.500000000002,0.0014245014245014244,False,False,True,0.5670000000000001,11.05,4,82,6,22,36,17.325,18.3102,7.24,35.0,5.5798,12.491,14.99,17.325,21.1375,25.9,16.195,14.995,15.24,0.8571,0.7333,0.4,0.0732,0.2683,0.439,126.4553,355.9426,37.29,Cooling,3.79,56.27,69.53,26.83
Chilling Reign,177,Galarian Moltres V,Ultra Rare,0.05555555555555555,8248.500000000002,0.0014245014245014244,True,False,True,0.5670000000000001,167.15,9,130,23,63,93,249.99,257.2925,1.25,544.99,134.7684,19.587,196.0,249.99,326.605,474.215,265.0,250.0,249.99,3.2857,2.1,1.0333,0.1769,0.4846,0.7154,37.1424,131.5249,46.07,Stable,33.5,56.0,47.62,48.46
Chilling Reign,178,Galarian Slowking V,Ultra Rare,0.05555555555555555,8248.500000000002,0.0014245014245014244,False,False,True,0.586,3.58,1,75,2,21,35,6.75,6.86,4.25,12.0,1.6657,4.99,5.875,6.75,7.865,9.0,5.37,6.0,6.16,0.2857,0.7,0.3889,0.0267,0.28,0.4667,103.4437,314.8303,32.88,Cooling,3.29,37.18,75.72,28.0
Chilling Reign,179,Galarian Slowking V,Ultra Rare,0.05555555555555555,8248.500000000002,0.0014245014245014244,False,False,True,0.586,60.31,5,68,19,35,55,246.475,249.4247,4.25,500.0,144.2205,108.545,124.625,246.475,365.0,452.997,155.0,179.99,252.95,2.7143,1.1667,0.6111,0.2794,0.5147,0.8088,26.3184,93.877,25.74,Cooling,12.09,11.28,42.18,51.47
Chilling Reign,180,Liepard V,Ultra Rare,0.05555555555555555,8248.500000000002,0.0014245014245014244,False,False,True,0.475,1.79,1,168,13,43,71,3.99,3.9646,1.0,7.95,1.2476,2.481,3.0,3.99,4.99,5.229,3.99,3.99,3.99,1.8571,1.4333,0.7889,0.0774,0.256,0.4226,121.5845,305.7937,39.78,Cooling,19.85,50.0,68.53,25.6
Chilling Reign,181,Metagross V,Ultra Rare,0.05555555555555555,8248.500000000002,0.0014245014245014244,False,False,True,0.696,3.53,1,129,7,40,76,7.24,7.5729,3.63,14.5,2.169,5.078,5.94,7.24,8.89,10.0,5.98,7.065,6.995,1.0,1.3333,0.8444,0.0543,0.3101,0.5891,64.3423,233.7257,37.0,Cooling,19.6,35.49,71.36,31.01
Chilling Reign,182,Blissey V,Ultra Rare,0.05555555555555555,8248.500000000002,0.0014245014245014244,False,False,True,0.551,3.75,0,95,6,22,47,9.42,9.4575,3.38,18.13,3.4939,5.038,6.995,9.42,11.495,15.0,6.575,8.99,9.0,0.8571,0.7333,0.5222,0.0632,0.2316,0.4947,93.4686,335.7684,25.85,Cooling,5.64,23.06,63.06,23.16
Chilling Reign,183,Blissey V,Ultra Rare,0.05555555555555555,8248.500000000002,0.0014245014245014244,False,False,True,0.551,25.3,1,74,10,28,51,45.0,48.2268,20.0,87.53,12.5628,36.931,40.0,45.0,50.685,67.209,41.98,44.23,44.95,1.4286,0.9333,0.5667,0.1351,0.3784,0.6892,46.5966,125.3141,37.96,Cooling,8.63,43.39,73.95,37.84
Chilling Reign,184,Tornadus V,Ultra Rare,0.05555555555555555,8248.500000000002,0.0014245014245014244,False,False,True,0.40399999999999997,2.48,0,123,9,26,45,4.2,4.5383,2.0,8.89,1.4359,2.99,3.61,4.2,4.99,6.462,3.99,4.1,4.0,1.2857,0.8667,0.5,0.0732,0.2114,0.3659,156.4831,314.7281,34.71,Cooling,6.28,49.75,68.36,21.14
Chilling Reign,185,Tornadus V,Ultra Rare,0.05555555555555555,8248.500000000002,0.0014245014245014244,False,False,True,0.40399999999999997,25.37,7,96,7,26,54,35.975,40.4211,6.39,80.0,15.0365,29.5,30.0,35.975,45.0,63.73,34.06,33.65,33.855,1.0,0.8667,0.6,0.0729,0.2708,0.5625,70.0257,206.1589,35.66,Cooling,8.33,50.61,62.8,27.08
Chilling Reign,186,Agatha,Ultra Rare,0.05555555555555555,8248.500000000002,0.0014245014245014244,False,False,False,0.0,3.93,1,73,6,25,35,6.0,6.7171,2.89,13.29,2.2211,4.514,5.0,6.0,7.99,9.99,6.295,5.99,5.57,0.8571,0.8333,0.3889,0.0822,0.3425,0.4795,95.463,379.5475,40.5,Stable,4.54,63.02,66.93,34.25
Chilling Reign,187,Avery,Ultra Rare,0.05555555555555555,8248.500000000002,0.0014245014245014244,False,False,False,0.0,3.0,2,161,12,36,71,4.99,5.4563,2.17,10.11,1.7131,3.75,4.0,4.99,6.0,8.0,4.645,4.5,4.99,1.7143,1.2,0.7889,0.0745,0.2236,0.441,104.2272,240.7482,36.12,Cooling,16.66,43.09,68.6,22.36
Chilling Reign,188,Brawly,Ultra Rare,0.05555555555555555,8248.500000000002,0.0014245014245014244,False,False,False,0.0,1.8,1,164,9,27,66,3.965,3.8926,1.49,7.95,1.3558,2.329,2.97,3.965,4.815,5.99,3.49,3.53,3.705,1.2857,0.9,0.7333,0.0549,0.1646,0.4024,138.1236,343.0698,33.08,Cooling,11.66,44.2,65.17,16.46
Chilling Reign,189,Caitlin,Ultra Rare,0.05555555555555555,8248.500000000002,0.0014245014245014244,False,False,False,0.0,22.46,6,99,7,28,51,30.0,32.1137,18.09,55.0,8.0542,24.998,25.185,30.0,35.79,44.992,26.99,26.49,29.99,1.0,0.9333,0.5667,0.0707,0.2828,0.5152,84.9297,283.2292,35.23,Cooling,8.63,40.0,74.92,28.28
Chilling Reign,190,Doctor,Ultra Rare,0.05555555555555555,8248.500000000002,0.0014245014245014244,False,False,False,0.0,7.26,1,91,4,16,41,10.0,11.2321,0.99,21.33,3.4746,8.0,9.0,10.0,12.995,15.0,9.99,9.99,9.99,0.5714,0.5333,0.4556,0.044,0.1758,0.4505,108.3723,242.3813,33.28,Cooling,3.17,50.0,69.07,17.58
Chilling Reign,191,Flannery,Ultra Rare,0.05555555555555555,8248.500000000002,0.0014245014245014244,False,False,False,0.0,16.33,5,64,4,16,31,19.99,20.4925,12.99,40.0,5.7268,14.993,16.4425,19.99,21.755,27.911,17.99,18.74,18.13,0.5714,0.5333,0.3444,0.0625,0.25,0.4844,92.2057,326.9156,34.8,Cooling,2.05,49.23,72.05,25.0
Chilling Reign,192,Honey,Ultra Rare,0.05555555555555555,8248.500000000002,0.0014245014245014244,False,False,False,0.0,6.36,0,113,6,26,48,9.85,10.1931,3.19,19.95,3.2026,6.992,8.0,9.85,10.99,14.998,9.73,9.44,9.03,0.8571,0.8667,0.5333,0.0531,0.2301,0.4248,151.6627,347.7295,37.78,Cooling,7.12,57.75,68.58,23.01
Chilling Reign,193,Karen's Conviction,Ultra Rare,0.05555555555555555,8248.500000000002,0.0014245014245014244,False,False,False,0.0,12.95,1,84,8,24,46,18.325,18.9469,10.84,36.25,4.8169,13.075,15.8125,18.325,20.665,25.0,18.03,16.635,16.995,1.1429,0.8,0.5111,0.0952,0.2857,0.5476,75.8214,217.7871,39.24,Cooling,5.93,56.09,74.58,28.57
Chilling Reign,194,Klara,Ultra Rare,0.05555555555555555,8248.500000000002,0.0014245014245014244,False,False,False,0.0,17.04,4,122,7,33,53,19.99,21.7331,0.72,40.0,7.0874,14.99,17.0625,19.99,25.0,30.0,15.0,18.13,18.49,1.0,1.1,0.5889,0.0574,0.2705,0.4344,119.9578,246.7806,31.57,Cooling,11.14,31.12,67.39,27.05
Chilling Reign,195,Melony,Ultra Rare,0.05555555555555555,8248.500000000002,0.0014245014245014244,False,False,False,0.0,4.68,4,154,6,32,61,8.995,9.7059,3.0,20.0,4.0119,5.782,6.7875,8.995,11.365,14.997,6.45,6.995,8.4,0.8571,1.0667,0.6778,0.039,0.2078,0.3961,139.1337,388.9457,27.71,Cooling,12.62,26.79,58.67,20.78
Chilling Reign,196,Peonia,Ultra Rare,0.05555555555555555,8248.500000000002,0.0014245014245014244,False,False,False,0.0,9.56,4,136,12,36,62,12.935,14.0306,7.5,27.25,4.4435,9.99,10.87,12.935,16.065,20.0,13.205,12.995,12.79,1.7143,1.2,0.6889,0.0882,0.2647,0.4559,110.6039,274.8896,39.2,Cooling,14.22,53.24,68.33,26.47
Chilling Reign,197,Peony,Ultra Rare,0.05555555555555555,8248.500000000002,0.0014245014245014244,False,False,False,0.0,3.52,0,124,12,28,59,4.99,4.9376,0.99,9.69,1.5648,3.33,3.94,4.99,5.4675,7.137,4.525,4.84,4.5,1.7143,0.9333,0.6556,0.0968,0.2258,0.4758,92.7349,212.8923,36.46,Cooling,10.38,50.56,68.31,22.58
Chilling Reign,198,Siebold,Ultra Rare,0.05555555555555555,8248.500000000002,0.0014245014245014244,False,False,False,0.0,2.53,0,819,43,188,419,1.89,1.7954,0.72,3.95,0.5895,0.99,1.425,1.89,1.99,2.49,1.99,1.96,1.97,6.1429,6.2667,4.6556,0.0525,0.2295,0.5116,85.8644,283.1165,57.07,Stable,79.14,51.02,67.17,22.95
Chilling Reign,199,Celebi VMAX,Secret Rare,0.027777777777777776,14805.0,0.0007936507936507937,False,False,True,0.693,14.24,3,78,3,28,42,25.185,26.2221,2.99,55.0,9.9756,14.85,20.0,25.185,30.0,39.962,24.99,26.5,27.5,0.4286,0.9333,0.4667,0.0385,0.359,0.5385,62.1745,310.7754,33.83,Cooling,6.64,40.87,61.96,35.9
Chilling Reign,200,Blaziken VMAX,Secret Rare,0.027777777777777776,14805.0,0.0007936507936507937,False,False,True,0.7020000000000001,22.54,9,89,5,24,45,34.95,35.5192,5.0,70.0,11.3456,23.998,28.0,34.95,43.84,49.992,30.8,31.975,32.45,0.7143,0.8,0.5,0.0562,0.2697,0.5056,88.5199,240.3035,34.18,Cooling,5.66,44.92,68.06,26.97
Chilling Reign,201,Blaziken VMAX,Secret Rare,0.027777777777777776,14805.0,0.0007936507936507937,True,False,True,0.7020000000000001,345.91,15,117,10,43,85,425.0,487.3651,5.0,999.0,265.5386,138.0,348.48,425.0,715.0,871.048,607.5,399.99,420.0,1.4286,1.4333,0.9444,0.0855,0.3675,0.7265,42.4088,111.9125,51.73,Stable,22.93,94.64,45.52,36.75
Chilling Reign,202,Ice Rider Calyrex VMAX,Secret Rare,0.027777777777777776,14805.0,0.0007936507936507937,False,False,True,0.34600000000000003,6.5,2,65,3,18,35,12.0,12.524,4.99,25.0,4.569,7.994,8.98,12.0,14.93,18.648,9.99,9.99,12.95,0.4286,0.6,0.3889,0.0462,0.2769,0.5385,70.7024,273.7221,27.21,Cooling,2.76,27.14,63.52,27.69
Chilling Reign,203,Ice Rider Calyrex VMAX,Secret Rare,0.027777777777777776,14805.0,0.0007936507936507937,False,False,True,0.34600000000000003,41.23,3,88,7,22,37,45.495,49.4544,29.0,92.01,14.209,35.0,39.9975,45.495,54.63,69.909,40.0,40.0,40.0,1.0,0.7333,0.4111,0.0795,0.25,0.4205,118.4215,207.0484,35.43,Cooling,3.93,50.0,71.27,25.0
Chilling Reign,204,Shadow Rider Calyrex VMAX,Secret Rare,0.027777777777777776,14805.0,0.0007936507936507937,False,False,True,0.34600000000000003,7.13,0,84,3,17,39,10.0,11.3089,4.94,21.0,3.8007,7.983,9.0,10.0,12.105,17.997,12.99,10.0,10.0,0.4286,0.5667,0.4333,0.0357,0.2024,0.4643,124.6229,349.0143,42.25,Stable,3.19,79.9,66.39,20.24
Chilling Reign,205,Shadow Rider Calyrex VMAX,Secret Rare,0.027777777777777776,14805.0,0.0007936507936507937,True,False,True,0.34600000000000003,63.49,6,110,14,30,50,81.135,86.4274,0.99,172.22,32.8663,55.0,70.0,81.135,100.0,138.847,72.97,70.0,70.475,2.0,1.0,0.5556,0.1273,0.2727,0.4545,116.9212,264.5924,36.7,Cooling,9.31,53.54,61.97,27.27
Chilling Reign,206,Sandaconda VMAX,Secret Rare,0.027777777777777776,14805.0,0.0007936507936507937,False,False,True,0.34700000000000003,6.39,1,91,6,17,39,8.0,8.4781,4.99,17.71,2.4886,5.88,6.53,8.0,9.99,10.99,8.995,8.99,8.79,0.8571,0.5667,0.4333,0.0659,0.1868,0.4286,135.9068,289.6401,34.52,Cooling,3.19,52.33,70.65,18.68
Chilling Reign,207,Galarian Slowking VMAX,Secret Rare,0.027777777777777776,14805.0,0.0007936507936507937,False,False,True,0.586,7.42,3,55,1,8,19,11.0,11.3551,2.62,20.0,4.0011,5.994,9.0,11.0,14.97,16.196,12.32,12.415,12.51,0.1429,0.2667,0.2111,0.0182,0.1455,0.3455,180.3737,371.8622,30.6,Cooling,0.64,48.48,64.76,14.55
Chilling Reign,208,Metagross VMAX,Secret Rare,0.027777777777777776,14805.0,0.0007936507936507937,False,False,True,0.696,10.52,5,63,3,13,23,18.13,19.5325,7.94,35.99,6.8455,12.15,14.99,18.13,24.995,29.99,19.48,18.49,18.0,0.4286,0.4333,0.2556,0.0476,0.2063,0.3651,135.5797,373.9803,34.91,Cooling,1.07,58.22,64.95,20.63
Chilling Reign,209,Tornadus VMAX,Secret Rare,0.027777777777777776,14805.0,0.0007936507936507937,False,False,True,0.40399999999999997,6.82,4,96,6,15,29,9.425,9.5811,4.06,19.08,2.7599,6.95,7.99,9.425,10.0,13.44,9.065,8.99,9.0,0.8571,0.5,0.3222,0.0625,0.1562,0.3021,230.7203,397.1166,33.09,Cooling,1.71,50.72,71.19,15.62
Chilling Reign,210,Agatha,Secret Rare,0.027777777777777776,14805.0,0.0007936507936507937,False,False,False,0.0,4.59,0,74,2,15,28,7.495,8.6957,4.0,16.75,3.3816,5.276,6.0,7.495,10.6525,14.744,15.25,7.48,6.99,0.2857,0.5,0.3111,0.027,0.2027,0.3784,130.0617,346.9097,46.76,Stable,1.62,100.0,61.11,20.27
Chilling Reign,211,Avery,Secret Rare,0.027777777777777776,14805.0,0.0007936507936507937,False,False,False,0.0,5.55,2,63,1,7,23,8.95,9.1889,4.99,17.99,3.0346,5.99,6.99,8.95,10.0,14.41,9.45,6.99,7.95,0.1429,0.2333,0.2556,0.0159,0.1111,0.3651,205.4797,416.6695,36.49,Cooling,0.71,68.87,66.98,11.11
Chilling Reign,212,Brawly,Secret Rare,0.027777777777777776,14805.0,0.0007936507936507937,False,False,False,0.0,4.54,0,90,3,12,31,7.0,7.9029,4.35,15.0,2.5768,5.5,5.9925,7.0,9.98,12.05,6.0,6.5,6.99,0.4286,0.4,0.3444,0.0333,0.1333,0.3444,165.0422,403.5192,27.33,Cooling,1.46,35.84,67.39,13.33
Chilling Reign,213,Caitlin,Secret Rare,0.027777777777777776,14805.0,0.0007936507936507937,False,False,False,0.0,9.45,1,92,5,19,40,15.665,17.1927,7.99,35.0,6.201,10.0,12.5625,15.665,19.9925,24.999,16.65,15.85,16.02,0.7143,0.6333,0.4444,0.0543,0.2065,0.4348,124.5833,348.2973,34.18,Cooling,3.63,53.93,63.93,20.65
Chilling Reign,214,Doctor,Secret Rare,0.027777777777777776,14805.0,0.0007936507936507937,False,False,False,0.0,6.33,2,73,4,18,33,10.99,12.1521,4.71,22.67,3.8307,8.972,9.94,10.99,14.0,18.9,10.64,10.97,10.88,0.5714,0.6,0.3667,0.0548,0.2466,0.4521,122.3985,307.6278,33.71,Cooling,2.49,47.79,68.48,24.66
Chilling Reign,215,Flannery,Secret Rare,0.027777777777777776,14805.0,0.0007936507936507937,False,False,False,0.0,5.4,3,83,3,19,38,8.69,8.7402,5.0,15.0,2.4388,6.49,6.965,8.69,9.99,12.214,7.99,6.99,7.47,0.4286,0.6333,0.4222,0.0361,0.2289,0.4578,124.7756,300.7673,37.08,Cooling,3.31,56.96,72.1,22.89
Chilling Reign,216,Karen's Conviction,Secret Rare,0.027777777777777776,14805.0,0.0007936507936507937,False,False,False,0.0,4.9,3,82,3,14,31,10.995,11.5046,5.0,21.81,3.4464,7.525,9.015,10.995,13.6975,15.0,10.15,10.94,10.99,0.4286,0.4667,0.3444,0.0366,0.1707,0.378,157.8704,408.7643,30.63,Cooling,1.67,42.36,70.04,17.07
Chilling Reign,217,Klara,Secret Rare,0.027777777777777776,14805.0,0.0007936507936507937,False,False,False,0.0,6.68,2,105,6,24,47,11.0,11.9827,3.5,24.56,4.0385,7.99,9.0,11.0,14.14,16.594,11.1,10.97,11.0,0.8571,0.8,0.5222,0.0571,0.2286,0.4476,143.7181,310.9832,34.95,Cooling,6.16,50.91,66.3,22.86
Chilling Reign,218,Melony,Secret Rare,0.027777777777777776,14805.0,0.0007936507936507937,False,False,False,0.0,8.86,3,52,2,5,12,14.99,15.0342,7.99,29.99,5.1705,9.098,10.88,14.99,19.955,20.909,13.49,15.0,12.81,0.2857,0.1667,0.1333,0.0385,0.0962,0.2308,289.0641,466.9091,31.77,Cooling,0.43,55.31,65.61,9.62
Chilling Reign,219,Peonia,Secret Rare,0.027777777777777776,14805.0,0.0007936507936507937,False,False,False,0.0,5.72,1,67,2,12,25,10.0,11.1316,5.0,21.75,3.9777,7.0,8.235,10.0,13.375,17.394,8.695,8.535,9.48,0.2857,0.4,0.2778,0.0299,0.1791,0.3731,160.9491,303.1148,29.25,Cooling,1.0,41.72,64.27,17.91
Chilling Reign,220,Peony,Secret Rare,0.027777777777777776,14805.0,0.0007936507936507937,False,False,False,0.0,4.22,1,80,1,10,29,6.0,7.0208,3.6,13.63,2.5478,4.948,5.3375,6.0,7.24,12.025,5.0,5.75,5.99,0.1429,0.3333,0.3222,0.0125,0.125,0.3625,165.0209,338.1447,25.64,Cooling,1.19,33.47,63.71,12.5
Chilling Reign,221,Siebold,Secret Rare,0.027777777777777776,14805.0,0.0007936507936507937,False,False,False,0.0,4.44,1,76,1,12,27,6.0,6.7517,2.95,14.23,2.4715,4.125,4.99,6.0,7.99,10.0,7.99,5.04,6.01,0.1429,0.4,0.3,0.0132,0.1579,0.3553,193.4355,365.3673,41.06,Stable,1.12,82.95,63.39,15.79
Chilling Reign,222,Electrode,Secret Rare,0.027777777777777776,14805.0,0.0007936507936507937,False,False,True,0.425,9.49,6,67,10,33,46,18.99,20.3382,13.0,39.99,6.0953,15.0,16.965,18.99,20.0,27.498,18.865,18.0,18.61,1.4286,1.1,0.5111,0.1493,0.4925,0.6866,30.921,179.6171,42.16,Stable,9.63,51.37,70.03,49.25
Chilling Reign,223,Bronzong,Secret Rare,0.027777777777777776,14805.0,0.0007936507936507937,False,False,True,0.428,5.65,2,84,4,13,34,8.53,9.1573,4.95,16.5,2.9702,5.99,6.99,8.53,10.0,13.99,7.995,7.99,7.605,0.5714,0.4333,0.3778,0.0476,0.1548,0.4048,110.3671,358.4689,33.67,Cooling,1.76,55.13,67.56,15.48
Chilling Reign,224,Snorlax,Secret Rare,0.027777777777777776,14805.0,0.0007936507936507937,False,False,True,0.701,83.56,29,65,16,32,43,179.99,212.8478,0.99,425.0,104.0049,131.65,145.0,179.99,299.97,357.508,151.5,151.5,153.0,2.2857,1.0667,0.4778,0.2462,0.4923,0.6615,30.8268,205.0587,37.37,Cooling,8.63,49.02,51.14,49.23
Chilling Reign,225,Echoing Horn,Secret Rare,0.027777777777777776,14805.0,0.0007936507936507937,False,False,False,0.0,2.49,1,151,10,39,65,4.24,4.7654,1.81,9.95,1.8645,2.89,3.495,4.24,5.66,7.99,3.97,3.95,3.95,1.4286,1.3,0.7222,0.0662,0.2583,0.4305,159.5041,342.7933,37.35,Cooling,16.18,50.51,60.87,25.83
Chilling Reign,226,Fan of Waves,Secret Rare,0.027777777777777776,14805.0,0.0007936507936507937,False,False,False,0.0,2.58,2,124,4,22,49,4.96,4.9685,2.43,10.0,1.8474,2.99,3.5,4.96,5.99,7.679,4.665,4.295,3.99,0.5714,0.7333,0.5444,0.0323,0.1774,0.3952,132.3817,293.3654,38.04,Cooling,6.16,66.92,62.82,17.74
Chilling Reign,227,Fog Crystal,Secret Rare,0.027777777777777776,14805.0,0.0007936507936507937,False,False,False,0.0,3.88,0,104,4,21,45,6.99,7.4279,3.25,15.8,2.4911,4.906,5.49,6.99,8.9225,10.441,6.245,6.49,6.49,0.5714,0.7,0.5,0.0385,0.2019,0.4327,105.3241,218.6535,32.62,Cooling,4.72,46.22,66.46,20.19
Chilling Reign,228,Rugged Helmet,Secret Rare,0.027777777777777776,14805.0,0.0007936507936507937,False,False,False,0.0,2.63,0,125,9,30,46,4.0,4.2398,2.0,8.54,1.4201,2.67,3.0,4.0,4.99,5.942,2.94,3.415,3.685,1.2857,1.0,0.5111,0.072,0.24,0.368,172.2163,348.0843,29.55,Cooling,8.38,29.78,66.51,24.0
Chilling Reign,229,Urn of Vitality,Secret Rare,0.027777777777777776,14805.0,0.0007936507936507937,False,False,False,0.0,2.31,1,132,4,31,61,4.085,4.4193,2.0,9.0,1.4749,2.932,3.29,4.085,5.0,6.0,3.405,3.74,3.99,0.5714,1.0333,0.6778,0.0303,0.2348,0.4621,103.2137,200.3137,32.31,Cooling,12.28,35.34,66.63,23.48
Chilling Reign,230,Welcoming Lantern,Secret Rare,0.027777777777777776,14805.0,0.0007936507936507937,False,False,False,0.0,2.57,0,142,8,27,54,4.49,4.7781,1.25,9.95,1.8227,2.89,3.4225,4.49,5.9875,7.988,3.415,3.99,4.36,1.1429,0.9,0.6,0.0563,0.1901,0.3803,150.3882,337.738,27.31,Cooling,8.79,28.33,61.85,19.01
Chilling Reign,231,Water Energy,Secret Rare,0.027777777777777776,14805.0,0.0007936507936507937,False,False,False,0.0,10.04,1,67,10,25,40,16.95,16.926,0.99,31.0,5.3681,12.0,14.75,16.95,19.79,21.73,14.5,16.35,16.53,1.4286,0.8333,0.4444,0.1493,0.3731,0.597,46.5283,202.8998,34.01,Cooling,5.25,37.72,68.28,37.31
Chilling Reign,232,Psychic Energy,Secret Rare,0.027777777777777776,14805.0,0.0007936507936507937,False,False,False,0.0,10.2,1,91,11,30,60,18.84,18.9645,0.99,37.5,6.6672,11.72,14.99,18.84,21.075,28.99,18.11,17.39,18.115,1.5714,1.0,0.6667,0.1209,0.3297,0.6593,46.5283,210.222,38.0,Cooling,11.5,49.97,64.84,32.97
Chilling Reign,233,Fighting Energy,Secret Rare,0.027777777777777776,14805.0,0.0007936507936507937,False,False,False,0.0,7.31,0,114,7,43,77,14.99,14.9178,0.99,30.0,5.6353,9.143,10.9925,14.99,17.8375,21.043,12.3,13.55,14.99,1.0,1.4333,0.8556,0.0614,0.3772,0.6754,57.3244,194.2989,35.98,Cooling,21.25,32.05,62.22,37.72
Fusion Strike,006,Breloom V,Holo Rare V,0.16666666666666666,2193.3599999999997,0.008771929824561403,False,False,True,0.647,0.7,4,743,41,152,333,2.0,2.2495,0.72,4.2,0.7431,1.25,1.75,2.0,2.86,3.0,2.36,1.995,2.2,5.8571,5.0667,3.7,0.0552,0.2046,0.4482,104.6376,284.4979,55.77,Stable,70.33,57.27,66.97,20.46
Fusion Strike,021,Tsareena V,Holo Rare V,0.16666666666666666,2193.3599999999997,0.008771929824561403,False,False,True,0.556,0.67,0,835,51,169,355,2.0,2.1586,0.73,4.25,0.7792,1.08,1.5,2.0,2.7,3.0,2.49,2.13,2.0,7.2857,5.6333,3.9444,0.0611,0.2024,0.4251,117.8109,305.6561,61.28,Rising,73.69,74.5,63.9,20.24
Fusion Strike,022,Rillaboom V,Holo Rare V,0.16666666666666666,2193.3599999999997,0.008771929824561403,False,False,True,0.499,0.65,0,823,29,148,335,2.0,2.2221,0.72,4.35,0.8142,1.094,1.5,2.0,2.875,3.194,1.99,1.995,2.0,4.1429,4.9333,3.7222,0.0352,0.1798,0.407,131.475,310.6532,52.09,Stable,69.92,49.5,63.36,17.98
Fusion Strike,026,Appletun V,Holo Rare V,0.16666666666666666,2193.3599999999997,0.008771929824561403,False,False,True,0.5920000000000001,0.66,3,702,29,147,289,2.09,2.275,0.72,4.39,0.7897,1.201,1.79,2.09,2.99,3.136,1.99,1.99,2.1,4.1429,4.9,3.2111,0.0413,0.2094,0.4117,134.9527,340.8304,51.05,Stable,67.91,44.76,65.29,20.94
Fusion Strike,039,Chandelure V,Holo Rare V,0.16666666666666666,2193.3599999999997,0.008771929824561403,False,False,True,0.763,0.77,1,841,48,169,369,2.0,2.2516,0.72,4.48,0.7603,1.25,1.79,2.0,2.95,3.0,1.995,2.0,2.06,6.8571,5.6333,4.1,0.0571,0.201,0.4388,108.8827,315.3691,53.69,Stable,74.55,46.84,66.23,20.1
Fusion Strike,043,Cinderace V,Holo Rare V,0.16666666666666666,2193.3599999999997,0.008771929824561403,False,False,True,0.613,0.64,0,891,34,145,369,2.2,2.3146,0.72,4.98,0.8359,1.25,1.705,2.2,2.99,3.31,1.99,2.0,2.0,4.8571,4.8333,4.1,0.0382,0.1627,0.4141,119.2556,303.6557,52.4,Stable,71.73,49.5,63.89,16.27
Fusion Strike,044,Cinderace V,Holo Rare V,0.16666666666666666,2193.3599999999997,0.008771929824561403,False,False,True,0.613,0.74,0,802,45,157,325,2.075,2.2845,0.72,4.34,0.7863,1.25,1.79,2.075,2.9875,3.07,1.99,2.25,2.0,6.4286,5.2333,3.6111,0.0561,0.1958,0.4052,129.4348,311.2759,53.04,Stable,70.52,49.5,65.58,19.58
Fusion Strike,073,Greninja V,Holo Rare V,0.16666666666666666,2193.3599999999997,0.008771929824561403,False,False,True,0.72,1.33,9,335,22,112,218,4.9,4.759,1.0,9.53,1.3303,3.164,3.95,4.9,5.5,6.486,4.62,4.775,4.97,3.1429,3.7333,2.4222,0.0657,0.3343,0.6507,58.9507,196.6028,51.82,Stable,59.47,42.96,72.05,33.43
Fusion Strike,076,Crabominable V,Holo Rare V,0.16666666666666666,2193.3599999999997,0.008771929824561403,False,False,True,0.26899999999999996,0.68,0,843,36,161,336,1.99,2.1167,0.72,4.0,0.7747,1.0,1.5,1.99,2.54,3.0,1.94,2.0,1.99,5.1429,5.3667,3.7333,0.0427,0.191,0.3986,127.7597,313.1536,52.22,Stable,71.57,47.49,63.4,19.1
Fusion Strike,078,Inteleon V,Holo Rare V,0.16666666666666666,2193.3599999999997,0.008771929824561403,False,False,True,0.557,0.74,1,814,35,160,355,2.15,2.2987,0.72,4.5,0.8204,1.25,1.73,2.15,2.99,3.47,1.79,2.34,2.0,5.0,5.3333,3.9444,0.043,0.1966,0.4361,111.7011,266.812,50.42,Stable,72.59,39.5,64.31,19.66
Fusion Strike,086,Pikachu V,Holo Rare V,0.16666666666666666,2193.3599999999997,0.008771929824561403,False,False,True,0.701,1.36,14,354,36,126,220,4.47,4.4378,0.99,8.99,1.4995,2.673,3.29,4.47,5.0775,6.447,4.495,4.635,4.745,5.1429,4.2,2.4444,0.1017,0.3559,0.6215,50.9591,204.2241,52.31,Stable,61.75,44.73,66.21,35.59
Fusion Strike,103,Boltund V,Holo Rare V,0.16666666666666666,2193.3599999999997,0.008771929824561403,False,False,True,0.46799999999999997,0.67,0,907,42,167,370,2.0,2.2111,0.72,4.31,0.7868,1.138,1.635,2.0,2.84,3.07,1.995,1.99,2.0,6.0,5.5667,4.1111,0.0463,0.1841,0.4079,121.3309,309.4061,53.8,Stable,74.35,49.75,64.42,18.41
Fusion Strike,113,Mew V,Holo Rare V,0.16666666666666666,2193.3599999999997,0.008771929824561403,False,False,True,0.7609999999999999,1.96,16,717,66,225,444,5.99,6.2483,1.29,13.35,2.3124,3.99,4.92,5.99,7.49,9.704,5.99,5.99,5.99,9.4286,7.5,4.9333,0.0921,0.3138,0.6192,67.3131,207.074,58.81,Stable,83.11,50.0,62.99,31.38
Fusion Strike,146,Lucario V,Holo Rare V,0.16666666666666666,2193.3599999999997,0.008771929824561403,False,False,True,0.763,0.98,6,584,39,142,304,2.985,2.9562,0.72,5.74,1.0102,1.796,2.1075,2.985,3.5825,4.535,2.69,2.855,2.985,5.5714,4.7333,3.3778,0.0668,0.2432,0.5205,79.5074,283.3105,50.49,Stable,68.1,40.12,65.83,24.32
Fusion Strike,156,Gengar V,Holo Rare V,0.16666666666666666,2193.3599999999997,0.008771929824561403,False,False,True,0.746,4.64,25,425,50,161,299,13.0,13.9183,4.0,27.88,4.2043,9.966,10.99,13.0,15.4,19.99,12.25,12.5,12.99,7.1429,5.3667,3.3222,0.1176,0.3788,0.7035,48.684,101.0989,55.84,Stable,70.06,44.3,69.79,37.88
Fusion Strike,158,Tyranitar V,Holo Rare V,0.16666666666666666,2193.3599999999997,0.008771929824561403,False,False,True,0.6759999999999999,0.81,4,887,66,215,417,2.5,2.687,0.72,5.56,1.0166,1.5,1.99,2.5,3.0,4.032,2.305,2.63,2.59,9.4286,7.1667,4.6333,0.0744,0.2424,0.4701,99.33,279.3063,53.35,Stable,81.22,39.0,62.17,24.24
Fusion Strike,185,Genesect V,Holo Rare V,0.16666666666666666,2193.3599999999997,0.008771929824561403,False,False,True,0.579,0.78,0,933,71,224,504,2.0,2.1819,0.76,4.0,0.7466,1.05,1.67,2.0,2.69,3.0,1.99,2.0,1.99,10.1429,7.4667,5.6,0.0761,0.2401,0.5402,79.5074,175.8773,58.6,Stable,85.49,50.0,65.78,24.01
Fusion Strike,201,Dodrio V,Holo Rare V,0.16666666666666666,2193.3599999999997,0.008771929824561403,False,False,True,0.467,0.85,2,781,35,162,348,2.18,2.3137,0.72,4.6,0.8342,1.25,1.72,2.18,2.99,3.47,2.29,2.3,2.29,5.0,5.4,3.8667,0.0448,0.2074,0.4456,113.6334,309.8975,53.61,Stable,72.23,50.0,63.95,20.74
Fusion Strike,217,Greedent V,Holo Rare V,0.16666666666666666,2193.3599999999997,0.008771929824561403,False,False,True,0.32,0.59,0,738,39,151,313,2.0,2.2247,0.72,4.35,0.7826,1.2,1.74,2.0,2.89,3.0,1.99,1.99,2.0,5.5714,5.0333,3.4778,0.0528,0.2046,0.4241,121.2353,343.5534,52.69,Stable,69.28,49.5,64.82,20.46
Fusion Strike,023,Rillaboom VMAX,Holo Rare VMAX,0.05555555555555555,2770.56,0.006944444444444444,False,False,True,0.499,1.74,4,566,25,103,225,2.99,3.1479,0.72,6.0,1.0769,1.99,2.2325,2.99,3.99,4.99,3.56,2.99,2.99,3.5714,3.4333,2.5,0.0442,0.182,0.3975,124.5791,258.4288,55.02,Stable,58.33,69.06,65.79,18.2
Fusion Strike,040,Chandelure VMAX,Holo Rare VMAX,0.05555555555555555,2770.56,0.006944444444444444,False,False,True,0.763,1.77,1,388,34,123,204,4.0,4.2788,0.99,8.63,1.3589,2.77,3.14,4.0,4.9925,6.0,4.14,4.49,4.125,4.8571,4.1,2.2667,0.0876,0.317,0.5258,80.026,260.6847,53.08,Stable,59.93,50.36,68.24,31.7
Fusion Strike,045,Cinderace VMAX,Holo Rare VMAX,0.05555555555555555,2770.56,0.006944444444444444,False,False,True,0.613,2.24,11,459,38,119,219,3.99,3.9808,1.0,7.5,1.1795,2.822,2.99,3.99,4.99,5.79,3.99,3.95,3.99,5.4286,3.9667,2.4333,0.0828,0.2593,0.4771,95.2301,253.9605,52.46,Stable,60.68,50.0,70.37,25.93
Fusion Strike,079,Inteleon VMAX,Holo Rare VMAX,0.05555555555555555,2770.56,0.006944444444444444,False,False,True,0.557,1.78,2,577,28,109,242,2.99,3.1373,0.99,6.5,1.0894,1.99,2.25,2.99,3.98,4.99,2.715,2.69,2.99,4.0,3.6333,2.6889,0.0485,0.1889,0.4194,126.6739,251.9435,47.29,Stable,60.73,40.8,65.28,18.89
Fusion Strike,104,Boltund VMAX,Holo Rare VMAX,0.05555555555555555,2770.56,0.006944444444444444,False,False,True,0.46799999999999997,1.55,3,668,30,124,272,2.99,2.9889,0.91,5.98,0.9704,1.987,2.15,2.99,3.63,4.263,2.695,2.99,2.99,4.2857,4.1333,3.0222,0.0449,0.1856,0.4072,129.2848,310.0091,48.56,Stable,64.33,40.13,67.53,18.56
Fusion Strike,114,Mew VMAX,Holo Rare VMAX,0.05555555555555555,2770.56,0.006944444444444444,False,False,True,0.7609999999999999,8.35,47,655,81,268,483,18.98,19.8374,3.0,40.0,7.3357,12.99,14.99,18.98,24.835,30.0,16.0,17.0,17.99,11.5714,8.9333,5.3667,0.1237,0.4092,0.7374,41.59,157.7446,59.03,Stable,88.54,38.94,63.02,40.92
Fusion Strike,157,Gengar VMAX,Holo Rare VMAX,0.05555555555555555,2770.56,0.006944444444444444,False,False,True,0.746,32.49,63,578,85,231,425,50.0,55.3806,1.99,110.0,17.6575,40.0,45.0,50.0,60.0,79.993,48.99,49.0,50.0,12.1429,7.7,4.7222,0.1471,0.3997,0.7353,40.581,85.1544,60.84,Rising,82.75,47.98,68.12,39.97
Fusion Strike,218,Greedent VMAX,Holo Rare VMAX,0.05555555555555555,2770.56,0.006944444444444444,False,False,True,0.32,1.47,1,674,28,109,238,2.98,2.8549,0.97,5.98,1.0156,1.593,1.99,2.98,3.49,4.087,2.21,2.69,2.895,4.0,3.6333,2.6444,0.0415,0.1617,0.3531,158.86,334.9013,42.14,Stable,60.41,26.34,64.43,16.17
Fusion Strike,245,Celebi V,Ultra Rare,0.05555555555555555,6926.400000000001,0.0027777777777777775,False,False,True,0.693,54.91,24,274,44,124,207,95.0,98.8765,12.0,204.47,34.13,74.895,84.99,95.0,114.98,135.865,87.125,89.995,90.82,6.2857,4.1333,2.3,0.1606,0.4526,0.7555,38.4947,99.2985,54.01,Stable,60.27,45.93,65.48,45.26
Fusion Strike,246,Tsareena V,Ultra Rare,0.05555555555555555,6926.400000000001,0.0027777777777777775,False,False,True,0.556,1.27,1,484,27,102,207,2.99,3.2015,1.0,6.0,1.1052,1.99,2.35,2.99,3.99,4.99,2.99,2.99,2.99,3.8571,3.4,2.3,0.0558,0.2107,0.4277,121.9704,302.5807,49.3,Stable,56.64,50.0,65.48,21.07
Fusion Strike,247,Chandelure V,Ultra Rare,0.05555555555555555,6926.400000000001,0.0027777777777777775,False,False,True,0.763,1.78,1,225,11,58,101,4.49,4.5872,1.5,9.4,1.4374,2.99,3.59,4.49,5.46,6.208,4.55,4.815,4.58,1.5714,1.9333,1.1222,0.0489,0.2578,0.4489,108.0397,345.0006,43.85,Stable,33.87,49.34,68.66,25.78
Fusion Strike,248,Crabominable V,Ultra Rare,0.05555555555555555,6926.400000000001,0.0027777777777777775,False,False,True,0.26899999999999996,1.25,1,504,26,99,219,2.71,2.7938,0.99,5.49,0.9944,1.743,1.99,2.71,3.2825,4.139,2.11,2.49,2.5,3.7143,3.3,2.4333,0.0516,0.1964,0.4345,119.579,309.8004,44.27,Stable,57.14,34.4,64.41,19.64
Fusion Strike,249,Boltund V,Ultra Rare,0.05555555555555555,6926.400000000001,0.0027777777777777775,False,False,True,0.46799999999999997,1.74,5,300,20,74,146,3.985,3.9313,0.99,7.95,1.2595,2.5,2.99,3.985,4.775,5.687,3.685,3.985,3.985,2.8571,2.4667,1.6222,0.0667,0.2467,0.4867,101.2831,313.1789,45.11,Stable,46.14,42.47,67.96,24.67
Fusion Strike,250,Mew V,Ultra Rare,0.05555555555555555,6926.400000000001,0.0027777777777777775,False,False,True,0.7609999999999999,17.12,14,159,26,66,119,39.0,40.1948,3.5,79.99,10.6978,29.308,33.475,39.0,45.085,55.0,38.78,39.995,39.99,3.7143,2.2,1.3222,0.1635,0.4151,0.7484,40.3586,141.7995,49.04,Stable,39.89,46.97,73.39,41.51
Fusion Strike,251,Mew V,Ultra Rare,0.05555555555555555,6926.400000000001,0.0027777777777777775,False,False,True,0.7609999999999999,79.88,32,224,30,87,155,133.42,144.0902,1.0,300.0,50.8119,99.962,110.0,133.42,174.99,200.0,115.0,120.0,123.87,4.2857,2.9,1.7222,0.1339,0.3884,0.692,46.3379,97.1211,48.59,Stable,50.07,42.84,64.74,38.84
Fusion Strike,252,Sandaconda V,Ultra Rare,0.05555555555555555,6926.400000000001,0.0027777777777777775,False,False,True,0.34700000000000003,5.1,0,245,22,64,118,7.99,8.4807,4.0,17.5,2.636,5.582,6.75,7.99,9.99,12.0,6.945,7.0,7.49,3.1429,2.1333,1.3111,0.0898,0.2612,0.4816,96.2735,253.641,43.57,Stable,39.16,42.72,68.92,26.12
Fusion Strike,253,Hoopa V,Ultra Rare,0.05555555555555555,6926.400000000001,0.0027777777777777775,False,False,True,0.49,1.63,2,320,18,76,135,3.65,3.8544,1.44,7.8,1.2818,2.309,2.9075,3.65,4.7525,5.79,3.2,3.5,3.63,2.5714,2.5333,1.5,0.0563,0.2375,0.4219,111.4753,328.8328,43.13,Stable,45.28,38.15,66.74,23.75
Fusion Strike,254,Genesect V,Ultra Rare,0.05555555555555555,6926.400000000001,0.0027777777777777775,False,False,True,0.579,2.61,2,212,11,52,93,5.13,5.6963,0.99,11.97,2.0008,3.5,4.0,5.13,6.805,8.162,4.27,4.99,5.49,1.5714,1.7333,1.0333,0.0519,0.2453,0.4387,101.3211,293.381,35.07,Cooling,29.53,27.78,64.88,24.53
Fusion Strike,255,Genesect V,Ultra Rare,0.05555555555555555,6926.400000000001,0.0027777777777777775,False,False,True,0.579,26.66,4,212,14,55,115,34.99,36.6857,1.45,75.0,11.7742,25.0,29.99,34.99,40.5425,50.0,30.0,30.55,34.08,2.0,1.8333,1.2778,0.066,0.2594,0.5425,80.5225,183.9721,40.84,Stable,35.55,38.03,67.91,25.94
Fusion Strike,256,Greedent V,Ultra Rare,0.05555555555555555,6926.400000000001,0.0027777777777777775,False,False,True,0.32,1.45,0,221,14,48,91,3.5,3.68,0.99,7.95,1.3379,2.15,2.75,3.5,4.35,5.4,2.99,3.04,3.0,2.0,1.6,1.0111,0.0633,0.2172,0.4118,136.6147,326.0641,40.12,Stable,27.16,49.67,63.64,21.72
Fusion Strike,257,Greedent V,Ultra Rare,0.05555555555555555,6926.400000000001,0.0027777777777777775,False,False,True,0.32,9.12,6,135,10,31,63,19.99,20.7687,5.0,40.0,6.7464,13.738,16.0,19.99,24.82,30.0,17.015,17.72,17.99,1.4286,1.0333,0.7,0.0741,0.2296,0.4667,99.91,333.9191,35.26,Cooling,12.62,44.58,67.52,22.96
Fusion Strike,258,Chili & Cilan & Cress,Ultra Rare,0.05555555555555555,6926.400000000001,0.0027777777777777775,False,False,False,0.0,1.46,1,365,24,83,155,3.0,3.3213,0.99,6.95,1.1148,1.99,2.5,3.0,3.99,4.99,2.99,2.99,3.0,3.4286,2.7667,1.7222,0.0658,0.2274,0.4247,122.293,320.7022,47.54,Stable,49.36,49.67,66.43,22.74
Fusion Strike,259,Dancer,Ultra Rare,0.05555555555555555,6926.400000000001,0.0027777777777777775,False,False,False,0.0,1.19,1,369,18,66,141,3.0,3.4052,0.99,6.82,1.1514,2.0,2.5,3.0,3.99,5.0,2.865,2.99,2.99,2.5714,2.2,1.5667,0.0488,0.1789,0.3821,138.8925,312.7267,43.48,Stable,43.06,45.82,66.19,17.89
Fusion Strike,260,Elesa's Sparkle,Ultra Rare,0.05555555555555555,6926.400000000001,0.0027777777777777775,False,False,False,0.0,3.55,2,280,25,78,151,6.0,6.5385,1.99,13.52,2.0938,4.5,4.99,6.0,7.9275,9.391,4.99,5.055,5.49,3.5714,2.6,1.6778,0.0893,0.2786,0.5393,74.2062,239.6295,45.71,Stable,47.58,40.89,67.98,27.86
Fusion Strike,261,Schoolboy,Ultra Rare,0.05555555555555555,6926.400000000001,0.0027777777777777775,False,False,False,0.0,1.16,2,240,13,46,100,3.0,3.2968,0.99,6.07,1.1467,1.99,2.4,3.0,3.99,5.0,2.99,2.99,2.99,1.8571,1.5333,1.1111,0.0542,0.1917,0.4167,126.6531,305.9965,40.47,Stable,28.64,50.0,65.22,19.17
Fusion Strike,262,Schoolgirl,Ultra Rare,0.05555555555555555,6926.400000000001,0.0027777777777777775,False,False,False,0.0,1.57,2,218,13,46,100,3.225,3.565,0.99,7.5,1.2523,2.18,2.625,3.225,4.295,5.0,2.75,2.99,2.99,1.8571,1.5333,1.1111,0.0596,0.211,0.4587,116.164,288.6289,38.38,Cooling,28.64,41.97,64.87,21.1
Fusion Strike,263,Shauna,Ultra Rare,0.05555555555555555,6926.400000000001,0.0027777777777777775,False,False,False,0.0,2.93,3,238,18,72,125,5.99,6.6081,1.04,13.99,2.5323,4.175,4.99,5.99,7.985,10.0,5.995,5.145,5.49,2.5714,2.4,1.3889,0.0756,0.3025,0.5252,78.8486,304.4552,49.01,Stable,42.88,59.2,61.68,30.25
Fusion Strike,264,Sidney,Ultra Rare,0.05555555555555555,6926.400000000001,0.0027777777777777775,False,False,False,0.0,0.95,1,828,58,207,457,1.99,2.0284,0.72,3.98,0.7026,1.0,1.5,1.99,2.49,2.99,1.89,1.98,1.99,8.2857,6.9,5.0778,0.07,0.25,0.5519,76.7343,230.6586,56.33,Stable,82.57,44.97,65.36,25.0
Fusion Strike,265,Chandelure VMAX,Secret Rare,0.027777777777777776,13852.800000000001,0.0013888888888888887,False,False,True,0.763,6.62,5,86,2,16,39,10.625,11.6514,6.0,22.0,3.6608,7.98,8.99,10.625,13.6825,16.165,11.81,9.995,10.0,0.2857,0.5333,0.4333,0.0233,0.186,0.4535,115.3664,281.0349,38.75,Cooling,2.94,68.1,68.58,18.6
Fusion Strike,266,Inteleon VMAX,Secret Rare,0.027777777777777776,13852.800000000001,0.0013888888888888887,False,False,True,0.557,30.55,19,212,13,55,118,33.995,36.3283,1.99,73.0,11.7846,25.0,29.635,33.995,40.0,50.0,32.37,30.46,31.0,1.8571,1.8333,1.3111,0.0613,0.2594,0.5566,80.1995,178.8529,45.83,Stable,36.01,54.42,67.56,25.94
Fusion Strike,267,Boltund VMAX,Secret Rare,0.027777777777777776,13852.800000000001,0.0013888888888888887,False,False,True,0.46799999999999997,6.11,1,118,11,32,64,9.345,10.1105,2.0,20.0,3.6758,6.0,8.0,9.345,11.945,15.0,8.0,8.0,8.74,1.5714,1.0667,0.7111,0.0932,0.2712,0.5424,79.1876,231.4346,34.62,Cooling,13.35,41.53,63.64,27.12
Fusion Strike,268,Mew VMAX,Secret Rare,0.027777777777777776,13852.800000000001,0.0013888888888888887,False,False,True,0.7609999999999999,48.9,24,106,11,45,77,108.02,110.9883,10.9,219.99,37.0357,74.995,90.0,108.02,124.5675,157.995,100.0,104.62,106.99,1.5714,1.5,0.8556,0.1038,0.4245,0.7264,36.6488,114.1704,41.62,Stable,22.55,43.47,66.63,42.45
Fusion Strike,269,Mew VMAX,Secret Rare,0.027777777777777776,13852.800000000001,0.0013888888888888887,True,False,True,0.7609999999999999,144.92,88,177,22,71,129,265.0,276.2875,0.99,555.0,128.538,136.032,218.98,265.0,327.14,499.0,276.995,265.0,269.95,3.1429,2.3667,1.4333,0.1243,0.4011,0.7288,42.9662,103.0268,47.47,Stable,43.22,52.61,53.48,40.11
Fusion Strike,270,Espeon VMAX,Secret Rare,0.027777777777777776,13852.800000000001,0.0013888888888888887,True,False,True,0.753,269.66,52,174,24,63,113,358.41,393.4487,7.24,799.0,189.1779,200.0,315.0,358.41,474.3725,723.84,377.795,350.0,362.55,3.4286,2.1,1.2556,0.1379,0.3621,0.6494,52.9069,120.1263,45.23,Stable,37.81,54.2,51.92,36.21
Fusion Strike,271,Gengar VMAX,Secret Rare,0.027777777777777776,13852.800000000001,0.0013888888888888887,True,False,True,0.746,630.89,117,222,31,92,167,999.995,929.7078,5.0,2300.0,581.4571,19.009,686.3175,999.995,1200.0,1648.571,975.0,1000.0,1000.0,4.4286,3.0667,1.8556,0.1396,0.4144,0.7523,37.2819,85.7893,45.67,Stable,52.12,47.5,37.46,41.44
Fusion Strike,272,Greedent VMAX,Secret Rare,0.027777777777777776,13852.800000000001,0.0013888888888888887,False,False,True,0.32,6.62,3,88,4,19,43,9.21,9.4213,2.49,19.0,3.0143,6.203,7.965,9.21,10.2575,12.99,8.095,9.42,9.78,0.5714,0.6333,0.4778,0.0455,0.2159,0.4886,98.1388,266.9732,28.96,Cooling,4.02,32.77,68.01,21.59
Fusion Strike,273,Chili & Cilan & Cress,Secret Rare,0.027777777777777776,13852.800000000001,0.0013888888888888887,False,False,False,0.0,3.53,1,197,12,44,88,5.0,5.5055,1.99,10.49,1.6968,3.856,4.34,5.0,6.0,7.99,5.745,5.0,5.0,1.7143,1.4667,0.9778,0.0609,0.2234,0.4467,112.7342,278.3898,45.18,Stable,24.69,64.9,69.18,22.34
Fusion Strike,274,Dancer,Secret Rare,0.027777777777777776,13852.800000000001,0.0013888888888888887,False,False,False,0.0,3.51,0,165,8,33,69,5.0,5.5908,2.89,10.22,1.7754,3.99,4.46,5.0,5.99,8.096,4.245,4.99,4.99,1.1429,1.1,0.7667,0.0485,0.2,0.4182,119.6423,304.3305,32.7,Cooling,15.11,35.07,68.24,20.0
Fusion Strike,275,Elesa's Sparkle,Secret Rare,0.027777777777777776,13852.800000000001,0.0013888888888888887,False,False,False,0.0,4.27,0,130,11,29,59,7.945,8.4808,3.8,16.0,2.8231,5.749,6.505,7.945,9.99,13.013,6.21,7.43,7.43,1.5714,0.9667,0.6556,0.0846,0.2231,0.4538,107.8316,265.4714,31.1,Cooling,10.75,33.58,66.71,22.31
Fusion Strike,276,Schoolboy,Secret Rare,0.027777777777777776,13852.800000000001,0.0013888888888888887,False,False,False,0.0,3.18,2,171,7,43,74,4.99,5.067,0.99,10.0,1.6962,3.25,3.99,4.99,5.695,7.0,4.99,4.85,4.99,1.0,1.4333,0.8222,0.0409,0.2515,0.4327,107.7544,250.7498,39.48,Cooling,20.47,50.0,66.52,25.15
Fusion Strike,277,Schoolgirl,Secret Rare,0.027777777777777776,13852.800000000001,0.0013888888888888887,False,False,False,0.0,3.34,1,171,9,39,68,5.07,5.722,1.95,10.99,1.776,3.99,4.4,5.07,6.99,8.0,4.53,5.0,5.0,1.2857,1.3,0.7556,0.0526,0.2281,0.3977,120.7082,317.3229,35.66,Cooling,17.09,40.6,68.96,22.81
Fusion Strike,278,Shauna,Secret Rare,0.027777777777777776,13852.800000000001,0.0013888888888888887,False,False,False,0.0,4.86,1,141,5,25,52,6.49,6.9984,3.3,13.78,2.0691,4.99,5.7,6.49,7.99,9.99,9.53,6.45,6.0,0.7143,0.8333,0.5778,0.0355,0.1773,0.3688,133.8387,299.0135,49.89,Stable,7.53,100.0,70.43,17.73
Fusion Strike,279,Sidney,Secret Rare,0.027777777777777776,13852.800000000001,0.0013888888888888887,False,False,False,0.0,3.24,1,162,5,33,68,4.99,5.4066,2.75,10.0,1.6898,3.75,4.0925,4.99,6.0,7.999,3.99,4.5,4.98,0.7143,1.1,0.7556,0.0309,0.2037,0.4198,109.4989,298.3277,31.31,Cooling,14.83,30.12,68.75,20.37
Fusion Strike,280,Flaaffy,Secret Rare,0.027777777777777776,13852.800000000001,0.0013888888888888887,False,False,True,0.5670000000000001,4.85,1,136,8,27,62,9.99,10.8969,4.0,21.8,4.4501,5.99,7.9975,9.99,13.14,18.49,9.995,9.99,9.99,1.1429,0.9,0.6889,0.0588,0.1985,0.4559,120.4467,361.6246,33.98,Cooling,10.54,50.05,59.16,19.85
Fusion Strike,281,Power Tablet,Secret Rare,0.027777777777777776,13852.800000000001,0.0013888888888888887,False,False,False,0.0,1.72,1,337,15,54,135,3.49,3.6985,0.99,7.98,1.3922,2.096,2.53,3.49,4.75,5.5,2.75,2.715,3.0,2.1429,1.8,1.5,0.0445,0.1602,0.4006,133.9262,283.7366,39.57,Cooling,37.97,41.67,62.36,16.02
Fusion Strike,282,Training Court,Secret Rare,0.027777777777777776,13852.800000000001,0.0013888888888888887,False,False,False,0.0,2.27,1,279,16,67,113,3.99,4.3797,1.88,8.95,1.4942,2.85,3.0,3.99,5.0,6.8,3.99,3.79,3.99,2.2857,2.2333,1.2556,0.0573,0.2401,0.405,120.857,285.7816,44.73,Stable,39.18,50.0,65.88,24.01
Fusion Strike,283,Grass Energy,Secret Rare,0.027777777777777776,13852.800000000001,0.0013888888888888887,False,False,False,0.0,6.8,2,143,8,36,81,11.49,11.9362,1.35,20.0,3.6738,7.956,9.99,11.49,14.245,16.864,9.49,10.345,11.49,1.1429,1.2,0.9,0.0559,0.2517,0.5664,67.4261,228.5285,34.36,Cooling,19.01,32.59,69.22,25.17
Fusion Strike,284,Fire Energy,Secret Rare,0.027777777777777776,13852.800000000001,0.0013888888888888887,False,False,False,0.0,5.55,4,186,12,43,89,8.0,8.5608,0.99,16.36,2.677,5.99,6.81,8.0,9.99,12.195,6.99,6.99,7.0,1.7143,1.4333,0.9889,0.0645,0.2312,0.4785,97.5637,265.7801,40.61,Stable,24.28,49.86,68.73,23.12
Brilliant Stars,014,Shaymin VSTAR,Holo Rare VSTAR,0.014925373134328358,4550.64,0.0037313432835820895,False,False,True,0.718,0.92,2,885,38,188,377,2.5,2.6637,0.99,5.5,1.0074,1.49,1.99,2.5,3.0,4.0,2.325,2.49,2.49,5.4286,6.2667,4.1889,0.0429,0.2124,0.426,125.8077,298.1362,52.82,Stable,77.07,43.37,62.18,21.24
Brilliant Stars,018,Charizard VSTAR,Holo Rare VSTAR,0.014925373134328358,4550.64,0.0037313432835820895,False,False,True,0.675,6.06,31,494,43,120,248,14.0,14.5852,4.98,30.0,4.9904,9.962,11.0,14.0,16.36,20.35,14.0,13.05,13.99,6.1429,4.0,2.7556,0.087,0.2429,0.502,89.8636,288.7204,51.87,Stable,62.78,50.07,65.78,24.29
Brilliant Stars,065,Whimsicott VSTAR,Holo Rare VSTAR,0.014925373134328358,4550.64,0.0037313432835820895,False,False,True,0.61,0.9,1,870,26,150,341,2.235,2.3635,0.73,4.98,0.8683,1.389,1.6325,2.235,2.99,3.621,2.44,2.095,2.25,3.7143,5.0,3.7889,0.0299,0.1724,0.392,135.9244,332.1277,54.75,Stable,70.4,58.44,63.26,17.24
Brilliant Stars,123,Arceus VSTAR,Holo Rare VSTAR,0.014925373134328358,4550.64,0.0037313432835820895,False,False,True,0.71,4.49,24,488,39,131,242,7.975,8.4941,2.61,19.08,3.4322,5.0,6.0,7.975,10.0,14.248,6.0,6.25,7.0,5.5714,4.3667,2.6889,0.0799,0.2684,0.4959,90.8811,304.7742,47.18,Stable,63.94,35.71,59.59,26.84
Brilliant Stars,029,Kingler VMAX,Holo Rare VMAX,0.01,13584.0,0.00125,False,False,True,0.451,1.9,4,493,28,118,224,3.49,3.6345,1.0,7.73,1.1164,2.43,2.79,3.49,4.35,5.0,2.995,3.5,3.465,4.0,3.9333,2.4889,0.0568,0.2394,0.4544,106.7992,312.2274,47.83,Stable,60.86,36.44,69.28,23.94
Brilliant Stars,069,Mimikyu VMAX,Holo Rare VMAX,0.01,13584.0,0.00125,False,False,True,0.792,4.22,21,334,41,136,262,13.66,13.7593,3.25,28.95,4.3167,8.791,10.9225,13.66,15.99,19.987,11.5,12.41,13.74,5.8571,4.5333,2.9111,0.1228,0.4072,0.7844,45.3435,135.2484,51.63,Stable,65.52,33.7,68.63,40.72
Brilliant Stars,097,Aggron VMAX,Holo Rare VMAX,0.01,13584.0,0.00125,False,False,True,0.63,1.97,5,528,37,128,245,3.49,3.6089,1.08,7.0,1.1287,2.49,2.75,3.49,4.2425,5.0,3.25,3.25,3.48,5.2857,4.2667,2.7222,0.0701,0.2424,0.464,102.4785,276.3563,50.7,Stable,63.65,43.39,68.72,24.24
Brilliant Stars,153,Sylveon VMAX,Holo Rare VMAX,0.01,13584.0,0.00125,False,False,True,0.78,18.44,27,97,13,48,80,80.0,82.823,15.0,159.0,19.434,69.0,75.0,80.0,88.0,100.616,78.2,79.99,80.0,1.8571,1.6,0.8889,0.134,0.4948,0.8247,30.1038,80.2624,46.84,Stable,24.37,47.75,76.54,49.48
Brilliant Stars,173,Mimikyu VMAX,Holo Rare VMAX,0.01,13584.0,0.00125,False,False,True,0.792,6.18,4,295,37,114,227,13.49,13.8382,2.69,33.0,4.8308,8.16,10.845,13.49,16.545,19.99,11.99,12.985,13.95,5.2857,3.8,2.5222,0.1254,0.3864,0.7695,45.614,146.8719,49.66,Stable,60.43,35.95,65.09,38.64
Brilliant Stars,193,Single Strike Urshifu VMAX,Holo Rare VMAX,0.01,13584.0,0.00125,False,False,True,0.442,0.0,0,828,100,305,550,5.555,5.7308,0.99,11.95,2.2599,2.697,4.49,5.555,6.99,8.99,5.0,5.49,5.94,14.2857,10.1667,6.1111,0.1208,0.3684,0.6643,52.3274,136.9813,57.67,Stable,93.13,34.18,60.57,36.84
Brilliant Stars,213,Rapid Strike Urshifu VMAX,Holo Rare VMAX,0.01,13584.0,0.00125,False,False,True,0.442,0.0,0,825,77,241,480,5.5,5.7456,0.99,12.0,2.598,2.284,3.99,5.5,6.99,9.99,5.94,5.58,5.99,11.0,8.0333,5.3333,0.0933,0.2921,0.5818,71.397,166.5282,57.32,Stable,85.92,49.17,54.78,29.21
Brilliant Stars,233,Umbreon VMAX,Holo Rare VMAX,0.01,13584.0,0.00125,False,False,True,0.795,0.0,0,135,19,57,105,119.99,117.7024,25.0,200.0,29.0644,86.1,100.995,119.99,129.995,150.0,101.99,115.0,119.99,2.7143,1.9,1.1667,0.1407,0.4222,0.7778,35.6252,86.8402,44.33,Stable,34.41,35.0,75.31,42.22
Brilliant Stars,173,Shaymin VSTAR,Secret Rare,0.018867924528301886,14399.04,0.0011792452830188679,False,False,True,0.718,6.18,4,295,37,114,227,13.49,13.8382,2.69,33.0,4.8308,8.16,10.845,13.49,16.545,19.99,11.99,12.985,13.95,5.2857,3.8,2.5222,0.1254,0.3864,0.7695,45.614,146.8719,49.66,Stable,60.43,35.95,65.09,38.64
Brilliant Stars,174,Charizard VSTAR,Secret Rare,0.018867924528301886,14399.04,0.0011792452830188679,False,False,True,0.675,50.4,55,421,36,130,222,90.0,100.0539,2.99,210.0,39.9128,60.0,75.0,90.0,115.0,163.0,79.995,80.59,85.0,5.1429,4.3333,2.4667,0.0855,0.3088,0.5273,75.7957,286.5072,50.14,Stable,62.37,44.11,60.11,30.88
Brilliant Stars,175,Whimsicott VSTAR,Secret Rare,0.018867924528301886,14399.04,0.0011792452830188679,False,False,True,0.61,5.85,1,288,14,57,116,7.0,7.4511,2.17,14.5,2.2853,5.0,5.9975,7.0,8.4575,10.0,7.005,7.0,7.0,2.0,1.9,1.2889,0.0486,0.1979,0.4028,122.9018,307.0958,43.77,Stable,36.42,50.07,69.33,19.79
Brilliant Stars,176,Arceus VSTAR,Secret Rare,0.018867924528301886,14399.04,0.0011792452830188679,False,False,True,0.71,9.64,18,286,20,68,135,17.51,18.675,3.59,39.95,6.3456,12.0,14.99,17.51,20.0,29.955,15.495,16.64,16.99,2.8571,2.2667,1.5,0.0699,0.2378,0.472,95.3459,297.722,43.27,Stable,43.18,41.2,66.02,23.78
Brilliant Stars,177,Cheren's Care,Secret Rare,0.018867924528301886,14399.04,0.0011792452830188679,False,False,False,0.0,2.54,1,301,20,63,129,4.0,4.3437,1.8,8.49,1.371,2.99,3.25,4.0,4.99,6.2,3.74,3.49,3.99,2.8571,2.1,1.4333,0.0664,0.2093,0.4286,131.3768,335.5216,43.08,Stable,40.3,43.73,68.44,20.93
Brilliant Stars,178,Cynthia's Ambition,Secret Rare,0.018867924528301886,14399.04,0.0011792452830188679,False,False,False,0.0,4.97,1,206,19,55,96,8.0,8.8627,4.0,17.79,2.8734,5.995,6.99,8.0,10.0,13.0,8.99,7.99,7.995,2.7143,1.8333,1.0667,0.0922,0.267,0.466,101.1437,353.0767,47.11,Stable,31.74,62.45,67.58,26.7
Brilliant Stars,179,Kindler,Secret Rare,0.018867924528301886,14399.04,0.0011792452830188679,False,False,False,0.0,2.34,4,394,18,74,152,3.95,3.9601,1.45,7.95,1.3397,2.456,2.99,3.95,4.99,5.99,2.995,3.04,3.165,2.5714,2.4667,1.6889,0.0457,0.1878,0.3858,135.7088,328.8852,44.43,Stable,46.83,44.63,66.17,18.78
Brilliant Stars,180,Roseanne's Backup,Secret Rare,0.018867924528301886,14399.04,0.0011792452830188679,False,False,False,0.0,3.16,2,340,14,55,122,4.985,5.0597,1.45,10.0,1.7932,3.19,3.835,4.985,5.99,7.86,3.79,3.99,4.0,2.0,1.8333,1.3556,0.0412,0.1618,0.3588,152.377,347.1248,40.53,Stable,36.51,44.75,64.56,16.18
Brilliant Stars,181,Galarian Articuno V,Secret Rare,0.018867924528301886,14399.04,0.0011792452830188679,False,False,True,0.695,9.35,11,207,17,55,124,17.03,19.0568,6.92,36.8,6.4315,12.9,14.99,17.03,21.92,29.99,16.67,16.0,16.67,2.4286,1.8333,1.3778,0.0821,0.2657,0.599,73.5757,224.738,44.63,Stable,36.88,50.0,66.25,26.57
Brilliant Stars,182,Galarian Zapdos V,Secret Rare,0.018867924528301886,14399.04,0.0011792452830188679,False,False,True,0.6609999999999999,9.39,8,194,13,40,91,17.805,19.2702,9.9,39.95,6.8623,12.0,14.99,17.805,21.1025,30.0,16.99,16.715,17.4,1.8571,1.3333,1.0111,0.067,0.2062,0.4691,101.3868,353.14,38.33,Cooling,23.44,47.64,64.39,20.62
Brilliant Stars,183,Galarian Moltres V,Secret Rare,0.018867924528301886,14399.04,0.0011792452830188679,False,False,True,0.5670000000000001,11.78,20,185,20,57,101,22.33,25.4448,9.99,50.0,9.7387,15.2,18.13,22.33,29.99,40.864,22.105,22.62,22.0,2.8571,1.9,1.1222,0.1081,0.3081,0.5459,80.737,281.9926,43.71,Stable,33.55,50.48,61.73,30.81
Brilliant Stars,184,Arceus VSTAR,Secret Rare,0.018867924528301886,14399.04,0.0011792452830188679,False,False,True,0.71,11.62,13,175,13,41,85,19.99,21.669,10.0,42.5,7.2154,14.414,16.34,19.99,25.995,33.194,17.5,17.99,19.99,1.8571,1.3667,0.9444,0.0743,0.2343,0.4857,97.6041,273.7628,35.9,Cooling,22.02,37.54,66.7,23.43
Brilliant Stars,185,Magma Basin,Secret Rare,0.018867924528301886,14399.04,0.0011792452830188679,False,False,False,0.0,2.32,0,237,12,38,99,4.58,5.0868,1.24,10.0,2.0102,2.99,3.6,4.58,6.0,8.0,3.99,3.97,3.99,1.7143,1.2667,1.1,0.0506,0.1603,0.4177,125.534,267.6145,37.59,Cooling,24.28,50.0,60.48,16.03
Brilliant Stars,186,Ultra Ball,Secret Rare,0.018867924528301886,14399.04,0.0011792452830188679,False,False,False,0.0,28.17,4,300,24,73,156,20.44,22.9731,0.99,40.5,6.9343,16.0,18.09,20.44,26.705,33.099,18.14,17.99,19.485,3.4286,2.4333,1.7333,0.08,0.2433,0.52,86.0545,164.2579,45.88,Stable,47.08,43.1,69.82,24.33
Brilliant Stars,293,Single Strike Urshifu VMAX,Secret Rare,0.018867924528301886,14399.04,0.0011792452830188679,False,False,True,0.442,0.0,0,828,92,285,534,5.49,5.6656,0.99,11.95,2.3415,2.497,4.2,5.49,6.99,9.0,5.535,5.58,5.84,13.1429,9.5,5.9333,0.1111,0.3442,0.6449,57.4072,143.9177,59.6,Stable,91.83,44.78,58.67,34.42
Brilliant Stars,303,Rapid Strike Urshifu VMAX,Secret Rare,0.018867924528301886,14399.04,0.0011792452830188679,False,False,True,0.442,0.0,0,838,77,246,494,5.945,5.8804,0.99,12.0,2.5787,2.5,4.21,5.945,7.0,9.99,5.99,5.985,5.99,11.0,8.2,5.4889,0.0919,0.2936,0.5895,69.1887,166.6519,58.14,Stable,86.81,50.0,56.15,29.36
Astral Radiance,001,Beedrill V,Holo Rare V,0.16666666666666666,1683.36,0.005952380952380952,False,False,True,0.595,0.82,0,542,28,98,220,2.325,2.4279,0.72,4.98,0.874,1.272,1.95,2.325,2.99,3.75,2.15,2.24,2.39,4.0,3.2667,2.4444,0.0517,0.1808,0.4059,126.7993,314.7822,45.54,Stable,57.12,39.96,64.0,18.08
Astral Radiance,017,Hisuian Lilligant V,Holo Rare V,0.16666666666666666,1683.36,0.005952380952380952,False,False,True,0.621,0.74,0,824,36,133,333,2.135,2.2902,0.72,4.5,0.7883,1.25,1.75,2.135,2.9225,3.32,1.99,2.0,2.17,5.1429,4.4333,3.7,0.0437,0.1614,0.4041,125.6289,294.9283,49.3,Stable,68.14,41.71,65.58,16.14
Astral Radiance,025,Heatran V,Holo Rare V,0.16666666666666666,1683.36,0.005952380952380952,False,False,True,0.425,0.82,2,629,27,122,271,2.14,2.2842,0.73,4.57,0.7784,1.34,1.7,2.14,2.95,3.29,2.0,2.18,2.17,3.8571,4.0667,3.0111,0.0429,0.194,0.4308,120.5835,302.1393,48.9,Stable,63.97,42.17,65.92,19.4
Astral Radiance,030,Starmie V,Holo Rare V,0.16666666666666666,1683.36,0.005952380952380952,False,False,True,0.578,0.8,3,558,23,117,244,2.49,2.4195,0.72,4.97,0.7889,1.45,1.99,2.49,2.99,3.47,1.99,2.49,2.435,3.2857,3.9,2.7111,0.0412,0.2097,0.4373,109.536,261.0051,45.82,Stable,62.09,31.72,67.39,20.97
Astral Radiance,039,Origin Forme Palkia V,Holo Rare V,0.16666666666666666,1683.36,0.005952380952380952,False,False,True,0.63,0.83,3,867,42,197,421,2.16,2.3367,0.73,4.96,0.7903,1.432,1.79,2.16,2.99,3.418,1.99,2.0,2.0,6.0,6.5667,4.6778,0.0484,0.2272,0.4856,95.252,208.0916,56.71,Stable,80.26,49.5,66.18,22.72
Astral Radiance,049,Galarian Mr. Rime V,Holo Rare V,0.16666666666666666,1683.36,0.005952380952380952,False,False,True,0.39,0.71,2,633,28,123,256,2.17,2.286,0.72,4.5,0.8084,1.25,1.59,2.17,2.99,3.378,2.49,2.49,2.29,4.0,4.1,2.8444,0.0442,0.1943,0.4044,120.9346,297.7128,53.49,Stable,63.53,58.73,64.64,19.43
Astral Radiance,050,Luxray V,Holo Rare V,0.16666666666666666,1683.36,0.005952380952380952,False,False,True,0.746,1.36,4,291,22,84,152,3.39,3.5029,1.15,6.99,1.0894,2.17,2.84,3.39,4.0,4.99,3.99,3.74,3.515,3.1429,2.8,1.6889,0.0756,0.2887,0.5223,84.6443,217.5274,53.38,Stable,49.25,63.51,68.9,28.87
Astral Radiance,053,Hisuian Typhlosion V,Holo Rare V,0.16666666666666666,1683.36,0.005952380952380952,False,False,True,0.715,1.01,6,504,23,114,236,2.99,3.0439,0.73,6.0,0.9997,1.928,2.25,2.99,3.6825,4.225,3.0,2.99,2.99,3.2857,3.8,2.6222,0.0456,0.2262,0.4683,104.2132,299.0838,51.36,Stable,61.02,50.33,67.16,22.62
Astral Radiance,072,Machamp V,Holo Rare V,0.16666666666666666,1683.36,0.005952380952380952,False,False,True,0.5660000000000001,1.15,3,324,24,83,167,3.0,3.3029,1.0,6.4,1.0736,2.0,2.5,3.0,3.99,4.99,3.09,3.18,3.0,3.4286,2.7667,1.8556,0.0741,0.2562,0.5154,78.7223,258.9478,49.71,Stable,50.64,53.0,67.5,25.62
Astral Radiance,078,Lucario V,Holo Rare V,0.16666666666666666,1683.36,0.005952380952380952,False,False,True,0.763,0.79,7,845,41,174,410,2.73,2.8016,0.99,5.96,1.0271,1.634,1.99,2.73,3.49,4.0,2.99,2.99,2.99,5.8571,5.8,4.5556,0.0485,0.2059,0.4852,94.7478,246.4798,54.93,Stable,77.16,50.0,63.34,20.59
Astral Radiance,083,Hisuian Decidueye V,Holo Rare V,0.16666666666666666,1683.36,0.005952380952380952,False,False,True,0.738,0.78,0,805,32,158,338,2.16,2.282,0.72,4.49,0.8229,1.2,1.69,2.16,2.99,3.416,1.99,2.45,2.24,4.5714,5.2667,3.7556,0.0398,0.1963,0.4199,121.3759,288.4229,49.74,Stable,71.25,38.84,63.94,19.63
Astral Radiance,087,Kleavor V,Holo Rare V,0.16666666666666666,1683.36,0.005952380952380952,False,False,True,0.5,0.72,0,755,29,127,291,2.0,2.171,0.72,4.08,0.7518,1.238,1.5,2.0,2.71,3.0,2.49,1.99,2.06,4.1429,4.2333,3.2333,0.0384,0.1682,0.3854,141.6495,311.6758,57.38,Stable,65.61,70.87,65.37,16.82
Astral Radiance,094,Hisuian Sneasler V,Holo Rare V,0.16666666666666666,1683.36,0.005952380952380952,False,False,True,0.502,0.82,0,669,28,129,277,2.15,2.313,0.72,4.6,0.7717,1.298,1.89,2.15,2.99,3.3,2.47,2.49,2.1,4.0,4.3,3.0778,0.0419,0.1928,0.4141,123.9152,320.7975,57.04,Stable,65.24,67.62,66.64,19.28
Astral Radiance,098,Darkrai V,Holo Rare V,0.16666666666666666,1683.36,0.005952380952380952,False,False,True,0.726,0.94,27,833,53,203,405,2.89,2.8518,0.99,5.95,0.9661,1.79,2.0,2.89,3.49,4.0,2.76,2.75,2.99,7.5714,6.7667,4.5,0.0636,0.2437,0.4862,95.9439,247.2012,54.76,Stable,79.9,42.31,66.12,24.37
Astral Radiance,101,Hisuian Samurott V,Holo Rare V,0.16666666666666666,1683.36,0.005952380952380952,False,False,True,0.655,0.77,3,696,31,129,287,2.22,2.3269,0.72,4.77,0.8125,1.25,1.79,2.22,2.99,3.41,1.99,2.19,2.25,4.4286,4.3,3.1889,0.0445,0.1853,0.4124,125.4203,308.5451,47.97,Stable,65.72,38.44,65.08,18.53
Astral Radiance,113,Origin Forme Dialga V,Holo Rare V,0.16666666666666666,1683.36,0.005952380952380952,False,False,True,0.7140000000000001,1.11,0,493,18,107,237,2.74,2.7904,0.99,5.92,0.9473,1.81,2.0,2.74,3.25,4.0,2.0,2.25,2.49,2.5714,3.5667,2.6333,0.0365,0.217,0.4807,98.5504,198.3884,44.63,Stable,59.95,30.32,66.05,21.7
Astral Radiance,117,Garchomp V,Holo Rare V,0.16666666666666666,1683.36,0.005952380952380952,False,False,True,0.726,0.93,2,606,34,124,273,2.445,2.4522,0.73,4.98,0.8094,1.49,1.99,2.445,2.99,3.49,2.295,2.5,2.49,4.8571,4.1333,3.0333,0.0561,0.2046,0.4505,107.1541,266.8679,49.46,Stable,64.4,42.17,66.99,20.46
Astral Radiance,133,Oranguru V,Holo Rare V,0.16666666666666666,1683.36,0.005952380952380952,False,False,True,0.371,0.71,0,730,33,144,307,1.99,2.2126,0.72,4.09,0.7769,1.2,1.69,1.99,2.73,3.007,1.99,1.99,1.99,4.7143,4.8,3.4111,0.0452,0.1973,0.4205,114.3373,281.8863,52.43,Stable,68.37,50.0,64.89,19.73
Astral Radiance,134,Wyrdeer V,Holo Rare V,0.16666666666666666,1683.36,0.005952380952380952,False,False,True,0.488,0.79,1,841,35,170,338,2.0,2.1754,0.72,4.19,0.7453,1.15,1.6,2.0,2.71,3.0,2.0,2.0,2.0,5.0,5.6667,3.7556,0.0416,0.2021,0.4019,121.6619,291.3865,54.03,Stable,72.8,50.0,65.74,20.21
Astral Radiance,133,Starmie V,Holo Rare V,0.16666666666666666,1683.36,0.005952380952380952,False,False,True,0.578,0.71,0,730,33,144,307,1.99,2.2126,0.72,4.09,0.7769,1.2,1.69,1.99,2.73,3.007,1.99,1.99,1.99,4.7143,4.8,3.4111,0.0452,0.1973,0.4205,114.3373,281.8863,52.43,Stable,68.37,50.0,64.89,19.73
Astral Radiance,143,Ice Rider Calyrex V,Holo Rare V,0.16666666666666666,1683.36,0.005952380952380952,False,False,True,0.34600000000000003,0.12,0,736,51,207,432,2.49,2.9781,0.99,6.0,1.4587,1.49,1.99,2.49,4.0,5.075,2.75,2.49,2.49,7.2857,6.9,4.8,0.0693,0.2812,0.587,65.6422,158.8206,58.44,Stable,81.61,60.44,51.02,28.12
Astral Radiance,163,Galarian Articuno V,Holo Rare V,0.16666666666666666,1683.36,0.005952380952380952,False,False,True,0.695,16.46,15,618,30,154,317,3.18,5.8445,0.99,16.0,4.8177,1.98,2.49,3.18,10.0,14.931,4.0,3.99,3.59,4.2857,5.1333,3.5222,0.0485,0.2492,0.5129,84.8397,225.9292,47.87,Stable,69.81,61.42,17.57,24.92
Astral Radiance,173,Shadow Rider Calyrex V,Holo Rare V,0.16666666666666666,1683.36,0.005952380952380952,False,False,True,0.34600000000000003,1.6,0,212,20,50,102,5.645,6.602,1.0,15.05,3.6936,2.49,3.9675,5.645,9.99,12.0,5.49,7.79,5.995,2.8571,1.6667,1.1333,0.0943,0.2358,0.4811,95.786,237.6561,35.27,Cooling,30.9,41.58,44.05,23.58
Astral Radiance,193,Galarian Zapdos V,Holo Rare V,0.16666666666666666,1683.36,0.005952380952380952,False,False,True,0.6609999999999999,9.86,4,343,25,80,156,12.0,11.1202,0.99,25.0,6.7688,1.9,3.0,12.0,16.395,19.99,14.47,13.945,14.0,3.5714,2.6667,1.7333,0.0729,0.2332,0.4548,104.9424,253.3459,43.1,Stable,48.68,53.36,39.13,23.32
Astral Radiance,203,Galarian Moltres V,Holo Rare V,0.16666666666666666,1683.36,0.005952380952380952,False,False,True,0.5670000000000001,3.68,2,627,50,174,334,4.99,10.2028,0.99,29.0,8.5075,1.99,2.86,4.99,18.32,21.994,15.495,13.68,7.99,7.1429,5.8,3.7111,0.0797,0.2775,0.5327,77.2363,226.3942,60.77,Rising,72.98,100.0,16.62,27.75
Astral Radiance,213,Zacian V,Holo Rare V,0.16666666666666666,1683.36,0.005952380952380952,False,False,True,0.606,5.33,1,308,20,68,149,1.99,2.0868,0.99,4.5,0.7752,1.0,1.49,1.99,2.56,2.99,2.0,1.99,2.0,2.8571,2.2667,1.6556,0.0649,0.2208,0.4838,97.1381,197.0019,45.4,Stable,44.73,50.0,62.85,22.08
Astral Radiance,223,Zamazenta V,Holo Rare V,0.16666666666666666,1683.36,0.005952380952380952,False,False,True,0.56,0.0,0,711,40,162,353,2.0,2.2342,0.99,4.89,0.8597,1.05,1.5,2.0,2.99,3.24,2.49,2.015,2.04,5.7143,5.4,3.9222,0.0563,0.2278,0.4965,90.6282,184.4293,60.27,Rising,72.64,72.06,61.52,22.78
Astral Radiance,233,Garchomp V,Holo Rare V,0.16666666666666666,1683.36,0.005952380952380952,False,False,True,0.726,0.0,0,493,31,107,244,2.49,2.4809,0.99,5.2,0.8462,1.49,1.99,2.49,2.99,3.49,2.5,2.57,2.5,4.4286,3.5667,2.7111,0.0629,0.217,0.4949,94.5653,224.4856,50.66,Stable,60.47,50.0,65.89,21.7
Astral Radiance,018,Hisuian Lilligant VSTAR,Holo Rare VSTAR,0.05555555555555555,1262.52,0.007936507936507936,False,False,True,0.621,1.3,2,411,13,61,151,2.95,2.8589,0.99,5.85,0.9363,1.79,2.0,2.95,3.49,4.0,2.69,2.99,2.89,1.8571,2.0333,1.6778,0.0316,0.1484,0.3674,146.2533,318.2817,42.03,Stable,42.29,43.08,67.25,14.84
Astral Radiance,040,Origin Forme Palkia VSTAR,Holo Rare VSTAR,0.05555555555555555,1262.52,0.007936507936507936,False,False,True,0.63,1.19,6,737,36,151,303,2.95,2.9063,0.99,5.95,1.0308,1.75,2.0,2.95,3.49,4.34,2.49,2.5,2.69,5.1429,5.0333,3.3667,0.0488,0.2049,0.4111,118.5256,240.3971,50.45,Stable,68.92,42.57,64.53,20.49
Astral Radiance,054,Hisuian Typhlosion VSTAR,Holo Rare VSTAR,0.05555555555555555,1262.52,0.007936507936507936,False,False,True,0.715,1.57,2,354,16,64,140,3.0,3.4223,0.99,6.89,1.1666,2.0,2.535,3.0,3.99,5.0,3.36,3.0,3.34,2.2857,2.1333,1.5556,0.0452,0.1808,0.3955,152.7178,317.9119,44.67,Stable,42.31,50.6,65.91,18.08
Astral Radiance,084,Hisuian Decidueye VSTAR,Holo Rare VSTAR,0.05555555555555555,1262.52,0.007936507936507936,False,False,True,0.738,1.19,3,473,20,80,189,2.71,2.7358,0.99,5.8,0.9877,1.5,1.99,2.71,3.16,4.0,2.495,2.5,2.5,2.8571,2.6667,2.1,0.0423,0.1691,0.3996,147.508,308.2241,46.53,Stable,51.41,49.8,63.9,16.91
Astral Radiance,099,Darkrai VSTAR,Holo Rare VSTAR,0.05555555555555555,1262.52,0.007936507936507936,False,False,True,0.726,1.39,21,747,39,153,322,3.0,3.3509,0.99,7.25,1.2084,2.0,2.49,3.0,3.99,5.0,3.0,3.0,3.0,5.5714,5.1,3.5778,0.0522,0.2048,0.4311,108.9938,253.0718,52.85,Stable,69.9,50.0,63.94,20.48
Astral Radiance,102,Hisuian Samurott VSTAR,Holo Rare VSTAR,0.05555555555555555,1262.52,0.007936507936507936,False,False,True,0.655,1.5,1,464,23,90,182,2.89,2.8906,0.72,5.95,1.0391,1.73,2.0,2.89,3.49,4.406,2.99,2.765,2.735,3.2857,3.0,2.0222,0.0496,0.194,0.3922,143.2953,319.5847,50.36,Stable,52.9,59.32,64.05,19.4
Astral Radiance,114,Origin Forme Dialga VSTAR,Holo Rare VSTAR,0.05555555555555555,1262.52,0.007936507936507936,False,False,True,0.7140000000000001,1.49,4,371,22,89,168,3.49,3.6888,0.99,7.5,1.2579,2.25,2.74,3.49,4.32,5.0,2.995,3.0,3.125,3.1429,2.9667,1.8667,0.0593,0.2399,0.4528,104.5246,210.4171,47.28,Stable,51.83,45.84,65.9,23.99
Astral Radiance,026,Heatran VMAX,Holo Rare VMAX,0.018867924528301886,2124.24,0.0047169811320754715,False,False,True,0.425,1.75,0,351,11,70,161,2.99,3.1491,0.99,6.0,1.0558,1.99,2.25,2.99,3.745,4.77,2.48,2.99,2.99,1.5714,2.3333,1.7889,0.0313,0.1994,0.4587,101.5511,273.8716,41.15,Stable,46.6,32.94,66.47,19.94
Astral Radiance,073,Machamp VMAX,Holo Rare VMAX,0.018867924528301886,2124.24,0.0047169811320754715,False,False,True,0.5660000000000001,4.66,11,317,24,85,180,7.95,8.1888,3.56,16.0,2.5561,5.654,6.0,7.95,9.5,11.99,7.99,7.35,7.975,3.4286,2.8333,2.0,0.0757,0.2681,0.5678,74.2732,193.2834,49.78,Stable,52.03,50.19,68.79,26.81
Astral Radiance,153,Ice Rider Calyrex VMAX,Holo Rare VMAX,0.018867924528301886,2124.24,0.0047169811320754715,False,False,True,0.34600000000000003,0.1,0,806,45,191,414,3.7,3.9222,0.99,8.25,1.77,1.98,2.5,3.7,5.0,6.295,4.0,3.99,3.99,6.4286,6.3667,4.6,0.0558,0.237,0.5136,83.2096,195.3672,54.56,Stable,79.23,50.25,54.87,23.7
Astral Radiance,183,Shadow Rider Calyrex VMAX,Holo Rare VMAX,0.018867924528301886,2124.24,0.0047169811320754715,False,False,True,0.34600000000000003,1.88,0,762,60,204,405,3.855,4.1051,0.99,9.97,2.0346,1.99,2.49,3.855,5.0,6.999,4.19,3.99,3.99,8.5714,6.8,4.5,0.0787,0.2677,0.5315,80.4171,209.0078,55.93,Stable,79.94,55.01,50.44,26.77
Astral Radiance,027,Radiant Heatran,Radiant Rare,0.05555555555555555,541.0799999999999,0.018518518518518517,False,False,True,0.425,0.44,0,921,56,260,501,1.99,2.1107,0.72,4.0,0.6922,1.0,1.75,1.99,2.49,2.99,1.99,1.99,1.99,8.0,8.6667,5.5667,0.0608,0.2823,0.544,75.0722,210.3835,60.64,Rising,88.5,50.0,67.21,28.23
Astral Radiance,046,Radiant Greninja,Radiant Rare,0.05555555555555555,541.0799999999999,0.018518518518518517,False,False,True,0.72,1.96,35,781,67,247,447,5.66,6.1663,1.5,12.84,2.1679,4.0,4.5,5.66,7.0,9.99,5.0,5.25,5.44,9.5714,8.2333,4.9667,0.0858,0.3163,0.5723,64.479,204.4689,57.42,Stable,85.17,41.91,64.84,31.63
Astral Radiance,081,Radiant Hawlucha,Radiant Rare,0.05555555555555555,541.0799999999999,0.018518518518518517,False,False,True,0.5920000000000001,0.47,3,919,57,239,465,2.0,2.2304,0.72,4.19,0.7519,1.25,1.79,2.0,2.795,3.0,1.99,2.0,2.0,8.1429,7.9667,5.1667,0.062,0.2601,0.506,87.5219,241.7203,58.85,Stable,85.12,49.5,66.29,26.01
Astral Radiance,160,Beedrill V,Ultra Rare,0.027777777777777776,12625.199999999999,0.0007936507936507937,False,False,True,0.595,2.96,4,97,10,28,60,5.99,6.1632,1.49,11.99,1.8442,4.49,4.99,5.99,7.0,8.7,4.99,5.645,5.99,1.4286,0.9333,0.6667,0.1031,0.2887,0.6186,57.5911,217.7278,32.96,Cooling,10.59,33.31,70.08,28.87
Astral Radiance,161,Beedrill V,Ultra Rare,0.027777777777777776,12625.199999999999,0.0007936507936507937,False,False,True,0.595,36.76,17,96,18,54,70,84.19,82.9143,3.5,185.0,32.5554,32.5,74.9675,84.19,99.9825,112.5,74.45,84.19,81.0,2.5714,1.8,0.7778,0.1875,0.5625,0.7292,22.6661,114.6237,43.34,Stable,24.58,41.91,60.74,56.25
Astral Radiance,162,Hisuian Lilligant V,Ultra Rare,0.027777777777777776,12625.199999999999,0.0007936507936507937,False,False,True,0.621,2.1,1,148,13,34,65,4.405,4.6203,1.45,9.54,1.4501,2.99,3.5,4.405,5.49,6.646,3.99,5.245,4.89,1.8571,1.1333,0.7222,0.0878,0.2297,0.4392,105.7589,296.7546,32.01,Cooling,14.06,31.6,68.61,22.97
Astral Radiance,163,Hisuian Lilligant V,Ultra Rare,0.027777777777777776,12625.199999999999,0.0007936507936507937,False,False,True,0.621,16.46,15,618,30,154,317,3.18,5.8445,0.99,16.0,4.8177,1.98,2.49,3.18,10.0,14.931,4.0,3.99,3.59,4.2857,5.1333,3.5222,0.0485,0.2492,0.5129,84.8397,225.9292,47.87,Stable,69.81,61.42,17.57,24.92
Astral Radiance,164,Virizion V,Ultra Rare,0.027777777777777776,12625.199999999999,0.0007936507936507937,False,False,True,0.5660000000000001,1.83,3,219,13,44,89,3.63,3.812,1.0,7.24,1.222,2.49,2.99,3.63,4.595,5.44,3.39,3.195,3.49,1.8571,1.4667,0.9889,0.0594,0.2009,0.4064,124.4591,323.8841,39.25,Cooling,25.01,47.13,67.94,20.09
Astral Radiance,165,Heatran V,Ultra Rare,0.027777777777777776,12625.199999999999,0.0007936507936507937,False,False,True,0.425,1.83,0,195,9,41,95,3.55,3.6781,1.78,7.22,1.217,2.15,2.99,3.55,4.0,5.264,3.0,3.32,3.5,1.2857,1.3667,1.0556,0.0462,0.2103,0.4872,94.4208,282.6742,35.79,Cooling,24.97,35.71,66.91,21.03
Astral Radiance,166,Starmie V,Ultra Rare,0.027777777777777776,12625.199999999999,0.0007936507936507937,False,False,True,0.578,2.7,1,74,4,22,43,5.87,5.8922,2.9,10.05,1.7636,3.666,4.3425,5.87,7.0,8.0,6.765,6.07,6.0,0.5714,0.7333,0.4778,0.0541,0.2973,0.5811,74.3656,280.6853,40.22,Stable,4.79,62.75,70.07,29.73
Astral Radiance,167,Origin Forme Palkia V,Ultra Rare,0.027777777777777776,12625.199999999999,0.0007936507936507937,False,False,True,0.63,59.89,30,127,20,62,94,102.99,114.3724,3.0,252.7,48.7764,77.394,90.0,102.99,135.0,172.188,113.86,103.24,101.495,2.8571,2.0667,1.0444,0.1575,0.4882,0.7402,30.6291,117.0024,49.88,Stable,33.32,62.18,57.35,48.82
Astral Radiance,168,Luxray V,Ultra Rare,0.027777777777777776,12625.199999999999,0.0007936507936507937,False,False,True,0.746,4.32,0,124,8,36,75,7.235,7.5131,4.0,15.0,2.0986,5.096,5.99,7.235,8.49,10.0,7.245,6.99,7.22,1.1429,1.2,0.8333,0.0645,0.2903,0.6048,69.7228,234.8956,40.56,Stable,17.46,50.35,72.07,29.03
Astral Radiance,169,Hisuian Typhlosion V,Ultra Rare,0.027777777777777776,12625.199999999999,0.0007936507936507937,False,False,True,0.715,4.94,8,140,13,38,70,7.015,7.4782,3.0,13.63,2.0701,5.048,6.0,7.015,8.0,10.0,6.99,6.995,6.99,1.8571,1.2667,0.7778,0.0929,0.2714,0.5,91.4721,234.8081,40.06,Stable,17.23,50.0,72.32,27.14
Astral Radiance,170,Jirachi V,Ultra Rare,0.027777777777777776,12625.199999999999,0.0007936507936507937,False,False,True,0.711,10.47,5,82,12,38,65,25.0,26.7326,4.99,50.0,8.0895,19.007,20.0,25.0,31.515,36.8,26.495,25.0,25.94,1.7143,1.2667,0.7222,0.1463,0.4634,0.7927,37.6439,78.3035,43.59,Stable,15.77,52.14,69.74,46.34
Astral Radiance,171,Machamp V,Ultra Rare,0.027777777777777776,12625.199999999999,0.0007936507936507937,False,False,True,0.5660000000000001,8.45,1,83,7,25,50,11.99,12.3896,5.6,25.0,3.5939,9.0,10.0,11.99,13.995,17.0,13.62,12.0,11.995,1.0,0.8333,0.5556,0.0843,0.3012,0.6024,58.7848,154.8028,41.44,Stable,7.19,63.55,70.99,30.12
Astral Radiance,172,Machamp V,Ultra Rare,0.027777777777777776,12625.199999999999,0.0007936507936507937,True,False,True,0.5660000000000001,140.01,22,119,17,53,88,225.0,235.9699,1.75,477.09,109.9543,73.198,200.0,225.0,254.0,425.998,217.55,219.05,223.435,2.4286,1.7667,0.9778,0.1429,0.4454,0.7395,34.8073,145.9694,42.38,Stable,28.59,47.37,53.4,44.54
Astral Radiance,173,Hisuian Decidueye V,Ultra Rare,0.027777777777777776,12625.199999999999,0.0007936507936507937,False,False,True,0.738,1.6,0,212,20,50,102,5.645,6.602,1.0,15.05,3.6936,2.49,3.9675,5.645,9.99,12.0,5.49,7.79,5.995,2.8571,1.6667,1.1333,0.0943,0.2358,0.4811,95.786,237.6561,35.27,Cooling,30.9,41.58,44.05,23.58
Astral Radiance,174,Hisuian Sneasler V,Ultra Rare,0.027777777777777776,12625.199999999999,0.0007936507936507937,False,False,True,0.502,3.87,0,114,6,31,59,6.99,7.0888,1.0,13.88,2.2321,4.99,5.435,6.99,8.0,10.169,5.94,6.99,6.99,0.8571,1.0333,0.6556,0.0526,0.2719,0.5175,86.5707,223.5989,33.18,Cooling,11.82,34.98,68.51,27.19
Astral Radiance,175,Hisuian Sneasler V,Ultra Rare,0.027777777777777776,12625.199999999999,0.0007936507936507937,False,False,True,0.502,23.81,6,90,10,33,52,40.405,42.9794,5.0,80.0,13.3085,30.0,34.9925,40.405,49.99,59.99,38.995,38.98,39.99,1.4286,1.1,0.5778,0.1111,0.3667,0.5778,55.1342,244.5963,38.67,Cooling,10.91,47.51,69.04,36.67
Astral Radiance,176,Hisuian Samurott V,Ultra Rare,0.027777777777777776,12625.199999999999,0.0007936507936507937,False,False,True,0.655,2.57,2,176,10,44,85,4.265,4.5021,1.79,9.0,1.407,3.0,3.49,4.265,5.0,6.0,5.345,4.375,4.24,1.4286,1.4667,0.9444,0.0568,0.25,0.483,97.4321,282.8698,48.67,Stable,23.66,76.06,68.75,25.0
Astral Radiance,177,Origin Forme Dialga V,Ultra Rare,0.027777777777777776,12625.199999999999,0.0007936507936507937,False,False,True,0.7140000000000001,49.36,15,168,24,65,104,76.495,80.3177,7.24,166.99,28.9621,55.0,65.955,76.495,93.1325,125.0,70.0,70.0,74.87,3.4286,2.1667,1.1556,0.1429,0.3869,0.619,54.1502,196.3059,44.67,Stable,36.97,43.5,63.94,38.69
Astral Radiance,178,Garchomp V,Ultra Rare,0.027777777777777776,12625.199999999999,0.0007936507936507937,False,False,True,0.726,6.46,4,121,13,46,74,11.0,11.5151,1.5,22.49,3.3311,7.99,9.5,11.0,13.49,15.65,11.6,11.3,10.995,1.8571,1.5333,0.8222,0.1074,0.3802,0.6116,65.8549,139.8085,45.1,Stable,22.11,55.5,71.07,38.02
Astral Radiance,179,Oranguru V,Ultra Rare,0.027777777777777776,12625.199999999999,0.0007936507936507937,False,False,True,0.371,2.14,0,208,14,48,92,3.5,3.6814,1.5,7.23,1.2247,2.301,2.6,3.5,4.49,5.0,2.495,3.0,3.13,2.0,1.6,1.0222,0.0673,0.2308,0.4423,119.3471,274.5432,35.09,Cooling,27.38,29.71,66.73,23.08
Astral Radiance,180,Wyrdeer V,Ultra Rare,0.027777777777777776,12625.199999999999,0.0007936507936507937,False,False,True,0.488,2.01,1,202,10,42,86,3.77,3.924,1.75,7.5,1.3079,2.491,2.99,3.77,4.49,5.99,3.485,3.495,3.655,1.4286,1.4,0.9556,0.0495,0.2079,0.4257,113.0499,241.2166,37.91,Cooling,22.71,45.35,66.67,20.79
Astral Radiance,181,Adaman,Ultra Rare,0.027777777777777776,12625.199999999999,0.0007936507936507937,False,False,False,0.0,3.03,0,134,11,41,75,5.27,5.7609,2.0,10.0,1.7998,3.99,4.21,5.27,6.99,8.32,5.0,5.49,5.21,1.5714,1.3667,0.8333,0.0821,0.306,0.5597,66.9109,230.7321,39.58,Cooling,19.74,45.97,68.76,30.6
Astral Radiance,182,Choy,Ultra Rare,0.027777777777777776,12625.199999999999,0.0007936507936507937,False,False,False,0.0,1.28,0,243,16,57,105,3.0,3.2296,0.99,6.39,1.1396,1.99,2.33,3.0,3.99,4.99,3.085,2.99,2.99,2.2857,1.9,1.1667,0.0658,0.2346,0.4321,120.521,286.2638,43.91,Stable,34.41,53.18,64.71,23.46
Astral Radiance,183,Cyllene,Ultra Rare,0.027777777777777776,12625.199999999999,0.0007936507936507937,False,False,False,0.0,1.88,0,762,60,204,405,3.855,4.1051,0.99,9.97,2.0346,1.99,2.49,3.855,5.0,6.999,4.19,3.99,3.99,8.5714,6.8,4.5,0.0787,0.2677,0.5315,80.4171,209.0078,55.93,Stable,79.94,55.01,50.44,26.77
Astral Radiance,184,Gardenia's Vigor,Ultra Rare,0.027777777777777776,12625.199999999999,0.0007936507936507937,False,False,False,0.0,6.76,1,149,9,33,66,10.2,11.7717,2.59,23.21,4.1123,7.998,8.99,10.2,13.49,18.92,9.99,10.0,10.0,1.2857,1.1,0.7333,0.0604,0.2215,0.443,106.8673,304.1413,36.7,Cooling,14.29,49.9,65.07,22.15
Astral Radiance,185,Grant,Ultra Rare,0.027777777777777776,12625.199999999999,0.0007936507936507937,False,False,False,0.0,1.37,1,224,12,52,102,3.47,3.5437,1.0,7.11,1.2353,2.15,2.57,3.47,4.0,5.45,2.44,2.99,2.995,1.7143,1.7333,1.1333,0.0536,0.2321,0.4554,113.6433,272.0201,36.63,Cooling,31.74,31.47,65.14,23.21
Astral Radiance,186,Irida,Ultra Rare,0.027777777777777776,12625.199999999999,0.0007936507936507937,False,False,False,0.0,7.86,5,154,10,31,57,15.06,17.5203,8.79,36.26,7.4926,10.0,11.355,15.06,20.0,30.0,11.075,12.0,12.0,1.4286,1.0333,0.6333,0.0649,0.2013,0.3701,152.4668,337.1901,31.52,Cooling,11.18,42.29,57.23,20.13
Astral Radiance,187,Kamado,Ultra Rare,0.027777777777777776,12625.199999999999,0.0007936507936507937,False,False,False,0.0,1.46,0,172,10,30,69,3.215,3.4217,1.0,6.99,1.1798,2.0,2.5,3.215,4.0,4.99,2.99,3.0,2.99,1.4286,1.0,0.7667,0.0581,0.1744,0.4012,123.6299,313.2121,35.75,Cooling,13.85,50.0,65.52,17.44
Astral Radiance,188,Roxanne,Ultra Rare,0.027777777777777776,12625.199999999999,0.0007936507936507937,False,False,False,0.0,4.54,0,156,9,40,76,7.99,8.6047,3.85,17.99,2.9273,5.715,6.0,7.99,10.0,13.26,6.5,7.065,7.0,1.2857,1.3333,0.8444,0.0577,0.2564,0.4872,100.6614,252.2641,37.06,Cooling,19.6,42.86,65.98,25.64
Astral Radiance,189,Zisu,Ultra Rare,0.027777777777777776,12625.199999999999,0.0007936507936507937,False,False,False,0.0,1.44,1,827,64,214,464,1.98,1.8834,0.72,3.97,0.6685,0.99,1.45,1.98,2.01,2.92,1.95,1.89,1.99,9.1429,7.1333,5.1556,0.0774,0.2588,0.5611,71.4454,261.1413,57.47,Stable,83.32,47.99,64.51,25.88
Astral Radiance,243,Allister,Ultra Rare,0.027777777777777776,12625.199999999999,0.0007936507936507937,False,False,False,0.0,0.0,0,0,0,0,0,0.0,0.0,0.0,0.0,0.0,0.0,0.0,0.0,0.0,0.0,0.0,0.0,0.0,0.0,0.0,0.0,0.0,0.0,0.0,0.0,0.0,0.0,No Data,0.0,50.0,0.0,0.0
Astral Radiance,253,Bea,Ultra Rare,0.027777777777777776,12625.199999999999,0.0007936507936507937,False,False,False,0.0,0.0,0,117,8,38,64,7.92,7.9272,1.99,14.99,2.3067,5.384,6.0,7.92,9.63,10.99,6.495,6.97,7.0,1.1429,1.2667,0.7111,0.0684,0.3248,0.547,76.4819,261.8434,38.19,Cooling,15.59,42.79,70.9,32.48
Astral Radiance,263,Melony,Ultra Rare,0.027777777777777776,12625.199999999999,0.0007936507936507937,False,False,False,0.0,0.0,0,34,1,4,10,7.675,7.8821,3.0,13.0,2.6568,4.892,5.6175,7.675,9.99,11.693,4.85,5.525,6.35,0.1429,0.1333,0.1111,0.0294,0.1176,0.2941,228.4569,573.1648,23.63,Illiquid,0.37,26.38,66.29,11.76
Astral Radiance,273,Milo,Ultra Rare,0.027777777777777776,12625.199999999999,0.0007936507936507937,False,False,False,0.0,0.0,0,4,0,2,3,2.44,2.47,1.0,4.0,1.3078,1.264,1.66,2.44,3.25,3.7,0.0,3.5,3.0,0.0,0.0667,0.0333,0.0,0.5,0.75,45.8361,53.4712,28.89,Cooling,0.25,31.33,47.05,50.0
Astral Radiance,283,Piers,Ultra Rare,0.027777777777777776,12625.199999999999,0.0007936507936507937,False,False,False,0.0,0.0,0,34,2,7,14,4.99,4.2332,0.99,8.2,2.0959,1.762,1.99,4.99,5.9525,6.7,4.49,1.99,2.99,0.2857,0.2333,0.1556,0.0588,0.2059,0.4118,122.6909,437.7785,44.38,Stable,0.55,100.0,50.49,20.59
Astral Radiance,190,Hisuian Lilligant VSTAR,Secret Rare,0.018867924528301886,15400.740000000002,0.0006506180871828236,False,False,True,0.621,6.28,0,145,9,29,64,8.99,9.4919,2.0,17.65,2.9436,6.12,7.28,8.99,10.94,13.776,9.99,9.4,9.06,1.2857,0.9667,0.7111,0.0621,0.2,0.4414,128.6042,273.5179,39.46,Cooling,11.94,60.26,68.99,20.0
Astral Radiance,191,Heatran VMAX,Secret Rare,0.018867924528301886,15400.740000000002,0.0006506180871828236,False,False,True,0.425,6.55,48,108,7,27,51,8.49,8.6508,3.45,17.65,2.4501,6.0,7.0,8.49,9.42,10.99,8.49,8.49,8.99,1.0,0.9,0.5667,0.0648,0.25,0.4722,100.6101,216.0385,35.12,Cooling,8.17,44.44,71.68,25.0
Astral Radiance,192,Origin Forme Palkia VSTAR,Secret Rare,0.018867924528301886,15400.740000000002,0.0006506180871828236,False,False,True,0.63,9.72,5,113,8,29,54,15.0,15.6195,1.6,30.0,6.2961,9.29,11.0,15.0,19.99,24.142,15.49,15.99,15.97,1.1429,0.9667,0.6,0.0708,0.2566,0.4779,93.6476,268.2439,34.05,Cooling,9.61,46.99,59.69,25.66
Astral Radiance,193,Hisuian Typhlosion VSTAR,Secret Rare,0.018867924528301886,15400.740000000002,0.0006506180871828236,False,False,True,0.715,9.86,4,343,25,80,156,12.0,11.1202,0.99,25.0,6.7688,1.9,3.0,12.0,16.395,19.99,14.47,13.945,14.0,3.5714,2.6667,1.7333,0.0729,0.2332,0.4548,104.9424,253.3459,43.1,Stable,48.68,53.36,39.13,23.32
Astral Radiance,194,Machamp VMAX,Secret Rare,0.018867924528301886,15400.740000000002,0.0006506180871828236,False,False,True,0.5660000000000001,10.68,5,93,5,31,60,18.99,18.4902,9.69,34.95,4.0952,13.992,15.0,18.99,20.0,23.954,19.99,18.25,18.97,0.7143,1.0333,0.6667,0.0538,0.3333,0.6452,64.9252,194.8148,42.46,Stable,12.03,55.38,77.85,33.33
Astral Radiance,195,Hisuian Decidueye VSTAR,Secret Rare,0.018867924528301886,15400.740000000002,0.0006506180871828236,False,False,True,0.738,6.58,2,151,13,40,76,8.95,9.0675,1.5,17.78,2.9108,5.99,7.47,8.95,10.0,12.95,7.99,8.8,8.855,1.8571,1.3333,0.8444,0.0861,0.2649,0.5033,88.2872,234.5761,36.83,Cooling,19.6,40.23,67.9,26.49
Astral Radiance,196,Kleavor VSTAR,Secret Rare,0.018867924528301886,15400.740000000002,0.0006506180871828236,False,False,True,0.5,6.74,0,96,10,20,38,9.995,10.7238,5.0,20.0,3.3239,7.96,8.5375,9.995,11.99,15.815,9.995,9.995,9.995,1.4286,0.6667,0.4222,0.1042,0.2083,0.3958,125.2952,286.6169,33.99,Cooling,3.4,50.0,69.0,20.83
Astral Radiance,197,Hisuian Samurott VSTAR,Secret Rare,0.018867924528301886,15400.740000000002,0.0006506180871828236,False,False,True,0.655,6.93,3,128,7,32,57,8.99,9.4854,5.5,17.71,2.5824,6.99,7.5725,8.99,10.235,12.99,8.99,8.995,8.69,1.0,1.0667,0.6333,0.0547,0.25,0.4453,112.0596,259.0644,39.05,Cooling,11.52,53.45,72.78,25.0
Astral Radiance,198,Origin Forme Dialga VSTAR,Secret Rare,0.018867924528301886,15400.740000000002,0.0006506180871828236,False,False,True,0.7140000000000001,12.28,10,107,7,27,56,19.99,19.9279,6.3,36.6,5.3801,14.592,16.66,19.99,21.655,27.064,19.99,19.99,19.99,1.0,0.9,0.6222,0.0654,0.2523,0.5234,79.8173,277.977,37.38,Cooling,9.13,50.0,73.0,25.23
Astral Radiance,199,Adaman,Secret Rare,0.018867924528301886,15400.740000000002,0.0006506180871828236,False,False,False,0.0,4.24,1,125,7,32,55,5.99,6.89,1.1,13.63,2.3151,4.932,5.0,5.99,8.0,10.006,5.49,5.775,6.0,1.0,1.0667,0.6111,0.056,0.256,0.44,108.512,290.6011,34.19,Cooling,11.14,41.5,66.4,25.6
Astral Radiance,200,Choy,Secret Rare,0.018867924528301886,15400.740000000002,0.0006506180871828236,False,False,False,0.0,4.05,0,111,4,20,38,5.0,5.603,2.99,10.99,1.7199,3.88,4.495,5.0,6.52,7.49,4.745,5.135,5.135,0.5714,0.6667,0.4222,0.036,0.1802,0.3423,186.1751,321.7595,31.21,Cooling,3.4,42.41,69.3,18.02
Astral Radiance,201,Cyllene,Secret Rare,0.018867924528301886,15400.740000000002,0.0006506180871828236,False,False,False,0.0,3.96,0,93,3,18,45,5.79,6.3143,3.5,11.0,1.9826,4.474,4.99,5.79,7.5,9.998,5.0,5.0,5.0,0.4286,0.6,0.5,0.0323,0.1935,0.4839,92.3411,235.5831,33.85,Cooling,4.2,50.0,68.6,19.35
Astral Radiance,202,Gardenia's Vigor,Secret Rare,0.018867924528301886,15400.740000000002,0.0006506180871828236,False,False,False,0.0,5.44,4,93,4,16,37,7.99,8.1826,1.25,15.22,2.5084,5.958,6.7,7.99,8.99,11.57,7.495,7.99,7.91,0.5714,0.5333,0.4111,0.043,0.172,0.3978,147.4474,314.5472,31.52,Cooling,2.6,44.75,69.34,17.2
Astral Radiance,203,Grant,Secret Rare,0.018867924528301886,15400.740000000002,0.0006506180871828236,False,False,False,0.0,3.68,2,627,50,174,334,4.99,10.2028,0.99,29.0,8.5075,1.99,2.86,4.99,18.32,21.994,15.495,13.68,7.99,7.1429,5.8,3.7111,0.0797,0.2775,0.5327,77.2363,226.3942,60.77,Rising,72.98,100.0,16.62,27.75
Astral Radiance,204,Irida,Secret Rare,0.018867924528301886,15400.740000000002,0.0006506180871828236,False,False,False,0.0,6.98,1,119,6,16,45,11.49,12.7654,7.95,25.0,4.1075,8.93,9.99,11.49,14.745,18.442,11.245,11.33,10.99,0.8571,0.5333,0.5,0.0504,0.1345,0.3782,155.7771,287.8313,33.09,Cooling,3.81,52.32,67.82,13.45
Astral Radiance,205,Kamado,Secret Rare,0.018867924528301886,15400.740000000002,0.0006506180871828236,False,False,False,0.0,4.08,0,135,5,31,61,6.49,6.9413,3.0,13.0,2.2566,4.794,5.0,6.49,7.985,10.012,5.25,6.49,6.29,0.7143,1.0333,0.6778,0.037,0.2296,0.4519,104.9579,299.5836,31.81,Cooling,12.28,33.47,67.49,22.96
Astral Radiance,206,Roxanne,Secret Rare,0.018867924528301886,15400.740000000002,0.0006506180871828236,False,False,False,0.0,4.74,0,113,7,24,51,7.99,8.423,4.0,15.66,2.6362,5.7,6.0,7.99,9.99,12.166,5.99,6.995,7.74,1.0,0.8,0.5667,0.0619,0.2124,0.4513,129.5334,309.1414,28.33,Cooling,7.1,27.39,68.7,21.24
Astral Radiance,207,Zisu,Secret Rare,0.018867924528301886,15400.740000000002,0.0006506180871828236,False,False,False,0.0,3.39,1,113,7,30,48,5.49,5.8319,2.5,10.9,1.842,3.99,4.49,5.49,6.99,8.902,4.99,5.0,5.0,1.0,1.0,0.5333,0.0619,0.2655,0.4248,119.5369,252.0024,36.62,Cooling,8.95,49.8,68.42,26.55
Astral Radiance,208,Origin Forme Palkia VSTAR,Secret Rare,0.018867924528301886,15400.740000000002,0.0006506180871828236,False,False,True,0.63,7.53,10,136,6,30,54,14.245,15.1237,1.99,30.0,6.092,9.0,10.9975,14.245,18.0,24.75,13.17,12.995,13.17,0.8571,1.0,0.6,0.0441,0.2206,0.3971,120.5921,326.3254,34.4,Cooling,10.16,50.0,59.72,22.06
Astral Radiance,209,Hisuian Samurott VSTAR,Secret Rare,0.018867924528301886,15400.740000000002,0.0006506180871828236,False,False,True,0.655,5.91,4,120,14,26,47,10.0,10.9633,4.47,22.99,3.9653,6.853,8.0,10.0,13.0,15.136,9.54,9.995,10.66,2.0,0.8667,0.5222,0.1167,0.2167,0.3917,117.7592,285.3269,30.98,Cooling,6.78,39.49,63.83,21.67
Astral Radiance,210,Origin Forme Dialga VSTAR,Secret Rare,0.018867924528301886,15400.740000000002,0.0006506180871828236,False,False,True,0.7140000000000001,9.65,7,110,13,33,58,16.07,17.7323,2.99,35.0,6.685,10.45,13.63,16.07,20.0,29.024,15.0,15.0,15.6,1.8571,1.1,0.6444,0.1182,0.3,0.5273,82.5514,306.7421,35.94,Cooling,12.12,46.15,62.3,30.0
Astral Radiance,211,Choice Belt,Secret Rare,0.018867924528301886,15400.740000000002,0.0006506180871828236,False,False,False,0.0,1.79,0,198,6,28,79,4.93,4.8544,1.45,9.99,1.8929,2.907,3.2525,4.93,5.99,7.325,3.49,3.99,4.36,0.8571,0.9333,0.8778,0.0303,0.1414,0.399,127.1424,246.249,28.63,Cooling,15.29,30.05,61.01,14.14
Astral Radiance,212,Jubilife Village,Secret Rare,0.018867924528301886,15400.740000000002,0.0006506180871828236,False,False,False,0.0,3.97,2,88,9,32,44,7.03,7.5718,1.3,15.68,2.9099,4.714,5.4375,7.03,9.0,11.11,7.0,6.99,6.99,1.2857,1.0667,0.4889,0.1023,0.3636,0.5,97.2243,290.8295,37.26,Cooling,8.79,50.14,61.57,36.36
Astral Radiance,213,Path to the Peak,Secret Rare,0.018867924528301886,15400.740000000002,0.0006506180871828236,False,False,False,0.0,5.33,1,308,20,68,149,1.99,2.0868,0.99,4.5,0.7752,1.0,1.49,1.99,2.56,2.99,2.0,1.99,2.0,2.8571,2.2667,1.6556,0.0649,0.2208,0.4838,97.1381,197.0019,45.4,Stable,44.73,50.0,62.85,22.08
Astral Radiance,214,Temple of Sinnoh,Secret Rare,0.018867924528301886,15400.740000000002,0.0006506180871828236,False,False,False,0.0,3.77,1,80,3,13,20,10.0,11.0239,2.52,24.0,5.1489,5.234,6.0,10.0,15.0,19.07,7.73,7.73,6.615,0.4286,0.4333,0.2222,0.0375,0.1625,0.25,311.024,393.0004,34.27,Cooling,1.0,66.86,53.29,16.25
Astral Radiance,215,Trekking Shoes,Secret Rare,0.018867924528301886,15400.740000000002,0.0006506180871828236,False,False,False,0.0,2.66,0,155,12,31,78,4.99,5.4957,1.06,11.0,2.1905,3.0,3.76,4.99,6.61,9.368,4.985,4.99,4.86,1.7143,1.0333,0.8667,0.0774,0.2,0.5032,88.5162,173.2536,36.74,Cooling,16.45,52.57,60.14,20.0
Astral Radiance,216,Double Turbo Energy,Secret Rare,0.018867924528301886,15400.740000000002,0.0006506180871828236,False,False,False,0.0,3.5,0,136,4,27,65,5.55,6.4749,1.45,13.25,2.6189,3.99,4.49,5.55,8.04,10.76,4.39,4.99,4.95,0.5714,0.9,0.7222,0.0294,0.1985,0.4779,105.7218,210.6979,30.88,Cooling,11.3,38.69,59.55,19.85
Astral Radiance,293,Ice Rider Calyrex VMAX,Secret Rare,0.018867924528301886,15400.740000000002,0.0006506180871828236,False,False,True,0.34600000000000003,0.0,0,826,50,198,431,3.99,4.1575,0.99,9.0,1.9358,1.99,2.69,3.99,5.1975,6.99,4.0,3.99,3.99,7.1429,6.6,4.7889,0.0605,0.2397,0.5218,82.718,199.5386,54.83,Stable,80.9,50.25,53.44,23.97
Astral Radiance,303,Shadow Rider Calyrex VMAX,Secret Rare,0.018867924528301886,15400.740000000002,0.0006506180871828236,False,False,True,0.34600000000000003,0.0,0,755,54,188,386,3.84,4.1022,0.99,9.8,1.9746,1.99,2.5,3.84,5.0,6.99,4.23,3.99,3.99,7.7143,6.2667,4.2889,0.0715,0.249,0.5113,86.5504,223.9333,55.46,Stable,77.66,56.02,51.86,24.9
Lost Origin,049,Kyurem VMAX,Holo Rare VMAX,0.034482758620689655,2621.6,0.006896551724137931,False,False,True,0.599,1.97,6,666,39,132,280,3.75,3.8518,1.0,7.7,1.1734,2.565,2.99,3.75,4.59,5.225,3.99,3.99,3.965,5.5714,4.4,3.1111,0.0586,0.1982,0.4204,117.9371,277.6009,52.8,Stable,65.79,50.63,69.54,19.82
Lost Origin,133,Orbeetle VMAX,Holo Rare VMAX,0.034482758620689655,2621.6,0.006896551724137931,False,False,True,0.39899999999999997,0.08,0,104,9,41,73,12.99,13.3017,3.66,23.0,3.4196,9.99,10.9975,12.99,15.0,17.69,14.99,12.99,12.99,1.2857,1.3667,0.8111,0.0865,0.3942,0.7019,42.1485,146.4891,48.19,Stable,19.42,65.4,74.29,39.42
Lost Origin,153,Centiskorch VMAX,Holo Rare VMAX,0.034482758620689655,2621.6,0.006896551724137931,False,False,True,0.53,0.37,0,145,11,40,83,10.0,10.2972,1.72,20.0,3.5899,6.0,7.99,10.0,11.99,14.99,8.99,9.995,10.0,1.5714,1.3333,0.9222,0.0759,0.2759,0.5724,76.4251,243.9943,36.9,Cooling,21.29,39.9,65.14,27.59
Lost Origin,173,Pikachu VMAX,Holo Rare VMAX,0.034482758620689655,2621.6,0.006896551724137931,False,False,True,0.701,2.18,0,59,7,22,41,28.0,30.8646,3.75,60.0,10.6337,23.0,24.995,28.0,35.0,50.0,24.0,27.995,28.0,1.0,0.7333,0.4556,0.1186,0.3729,0.6949,51.5021,112.5938,32.63,Cooling,4.5,35.71,65.55,37.29
Lost Origin,223,Eternatus VMAX,Holo Rare VMAX,0.034482758620689655,2621.6,0.006896551724137931,False,False,True,0.506,0.0,0,184,14,51,93,10.0,10.3211,2.49,20.0,4.0732,5.41,6.9975,10.0,12.99,15.623,12.49,11.99,11.99,2.0,1.7,1.0333,0.0761,0.2772,0.5054,89.3239,191.746,42.66,Stable,29.19,54.17,60.54,27.72
Lost Origin,057,Magnezone VSTAR,Holo Rare VSTAR,0.034482758620689655,3145.9199999999996,0.005747126436781609,False,False,True,0.5720000000000001,0.87,3,902,48,178,360,2.0,2.2792,0.73,4.59,0.8411,1.203,1.5,2.0,2.99,3.44,2.395,2.35,2.12,6.8571,5.9333,4.0,0.0532,0.1973,0.3991,132.9274,272.301,57.96,Stable,75.01,62.97,63.1,19.73
Lost Origin,093,Aerodactyl VSTAR,Holo Rare VSTAR,0.034482758620689655,3145.9199999999996,0.005747126436781609,False,False,True,0.565,1.08,12,889,32,151,343,2.69,2.7316,0.72,5.8,0.9952,1.5,1.99,2.69,3.25,4.0,2.81,2.5,2.59,4.5714,5.0333,3.8111,0.036,0.1699,0.3858,137.5672,285.7895,54.88,Stable,70.72,58.49,63.57,16.99
Lost Origin,119,Drapion VSTAR,Holo Rare VSTAR,0.034482758620689655,3145.9199999999996,0.005747126436781609,False,False,True,0.44,0.9,4,918,33,166,371,2.03,2.291,0.72,4.55,0.8268,1.25,1.675,2.03,2.99,3.443,2.04,2.065,2.09,4.7143,5.5333,4.1222,0.0359,0.1808,0.4041,136.6618,308.8682,52.96,Stable,74.26,47.61,63.91,18.08
Lost Origin,131,Giratina VSTAR,Holo Rare VSTAR,0.034482758620689655,3145.9199999999996,0.005747126436781609,False,False,True,0.7390000000000001,1.66,7,792,42,156,342,3.99,4.2137,1.19,8.7,1.4659,2.721,3.0,3.99,4.99,6.12,3.995,3.99,3.99,6.0,5.2,3.8,0.053,0.197,0.4318,113.8191,246.7838,53.39,Stable,71.25,50.13,65.21,19.7
Lost Origin,136,Hisuian Goodra VSTAR,Holo Rare VSTAR,0.034482758620689655,3145.9199999999996,0.005747126436781609,False,False,True,0.682,1.0,3,882,38,172,350,2.73,2.7292,0.73,5.59,0.962,1.5,1.99,2.73,3.0,3.99,2.745,2.5,2.645,5.4286,5.7333,3.8889,0.0431,0.195,0.3968,132.9805,308.2915,55.06,Stable,73.6,53.78,64.75,19.5
Lost Origin,147,Hisuian Zoroark VSTAR,Holo Rare VSTAR,0.034482758620689655,3145.9199999999996,0.005747126436781609,False,False,True,0.725,1.01,4,874,46,169,360,2.5,2.6436,0.99,5.55,0.9525,1.5,1.99,2.5,3.0,3.99,2.715,2.49,2.69,6.5714,5.6333,4.0,0.0526,0.1934,0.4119,121.3308,275.7178,54.12,Stable,73.94,50.93,63.97,19.34
Lost Origin,069,Radiant Gardevoir,Radiant Rare,0.05555555555555555,976.3199999999999,0.018518518518518517,False,False,True,0.7390000000000001,0.66,11,898,68,282,519,2.5,2.6605,0.99,5.0,0.8683,1.66,2.0,2.5,3.0,3.99,2.545,2.5,2.75,9.7143,9.4,5.7667,0.0757,0.314,0.578,71.3357,197.8659,59.81,Stable,90.96,42.55,67.36,31.4
Lost Origin,123,Radiant Hisuian Sneasler,Radiant Rare,0.05555555555555555,976.3199999999999,0.018518518518518517,False,False,True,0.502,0.41,0,929,76,257,514,1.99,1.9789,0.72,3.95,0.597,1.0,1.5,1.99,2.45,2.956,1.99,1.99,1.99,10.8571,8.5667,5.7111,0.0818,0.2766,0.5533,76.7511,204.1504,61.11,Rising,88.7,50.0,69.83,27.66
Lost Origin,124,Radiant Steelix,Radiant Rare,0.05555555555555555,976.3199999999999,0.018518518518518517,False,False,True,0.573,0.73,15,894,58,235,450,2.49,2.509,0.99,5.0,0.8317,1.5,1.99,2.49,2.99,3.497,2.28,2.48,2.49,8.2857,7.8333,5.0,0.0649,0.2629,0.5034,89.4272,241.6978,56.43,Stable,84.44,41.57,66.85,26.29
Lost Origin,172,Hisuian Electrode V,Ultra Rare,0.08333333333333333,6725.76,0.0026881720430107525,False,False,True,0.425,1.73,0,173,11,45,87,3.97,3.919,1.63,7.5,1.2138,2.632,2.99,3.97,4.5,5.296,4.25,3.49,3.63,1.5714,1.5,0.9667,0.0636,0.2601,0.5029,87.5072,191.004,46.61,Stable,24.94,67.08,69.03,26.01
Lost Origin,173,Delphox V,Ultra Rare,0.08333333333333333,6725.76,0.0026881720430107525,False,False,True,0.636,2.18,0,59,7,22,41,28.0,30.8646,3.75,60.0,10.6337,23.0,24.995,28.0,35.0,50.0,24.0,27.995,28.0,1.0,0.7333,0.4556,0.1186,0.3729,0.6949,51.5021,112.5938,32.63,Cooling,4.5,35.71,65.55,37.29
Lost Origin,174,Kyurem V,Ultra Rare,0.08333333333333333,6725.76,0.0026881720430107525,False,False,True,0.599,2.39,0,210,15,56,104,4.565,4.9226,1.71,9.43,1.4752,3.49,3.815,4.565,5.925,6.991,5.49,4.745,4.37,2.1429,1.8667,1.1556,0.0714,0.2667,0.4952,91.3843,271.15,52.18,Stable,33.82,75.63,70.03,26.67
Lost Origin,175,Magnezone V,Ultra Rare,0.08333333333333333,6725.76,0.0026881720430107525,False,False,True,0.5720000000000001,1.4,2,331,21,72,148,2.99,3.2086,0.99,6.0,1.1131,1.99,2.48,2.99,3.99,4.99,2.5,2.905,2.99,3.0,2.4,1.6444,0.0634,0.2175,0.4471,124.1756,270.8042,41.21,Stable,45.71,33.61,65.31,21.75
Lost Origin,176,Rotom V,Ultra Rare,0.08333333333333333,6725.76,0.0026881720430107525,False,False,True,0.691,1.58,1,215,8,43,96,3.99,4.1544,1.0,8.0,1.3608,2.568,3.0,3.99,4.99,6.0,3.705,3.39,3.71,1.1429,1.4333,1.0667,0.0372,0.2,0.4465,122.6332,249.6471,40.26,Stable,26.18,49.87,67.24,20.0
Lost Origin,177,Rotom V,Ultra Rare,0.08333333333333333,6725.76,0.0026881720430107525,False,False,True,0.691,22.22,7,139,14,44,69,36.0,38.7363,18.49,75.0,10.6771,29.428,30.99,36.0,44.22,50.0,36.355,33.99,35.0,2.0,1.4667,0.7667,0.1007,0.3165,0.4964,91.5992,236.4198,43.0,Stable,20.08,53.87,72.44,31.65
Lost Origin,178,Enamorus V,Ultra Rare,0.08333333333333333,6725.76,0.0026881720430107525,False,False,True,0.263,1.49,0,178,9,33,68,3.99,4.064,1.22,7.99,1.4471,2.5,3.0,3.99,4.735,6.0,4.24,3.99,3.99,1.2857,1.1,0.7556,0.0506,0.1854,0.382,146.6548,317.8001,37.92,Cooling,14.83,56.27,64.39,18.54
Lost Origin,179,Aerodactyl V,Ultra Rare,0.08333333333333333,6725.76,0.0026881720430107525,False,False,True,0.565,1.97,4,178,19,52,99,4.92,4.8941,2.05,9.0,1.4592,3.089,3.99,4.92,5.99,7.026,5.0,4.995,4.99,2.7143,1.7333,1.1,0.1067,0.2921,0.5562,71.6019,243.7395,44.21,Stable,30.9,50.2,70.18,29.21
Lost Origin,180,Aerodactyl V,Ultra Rare,0.08333333333333333,6725.76,0.0026881720430107525,True,False,True,0.565,125.48,31,114,17,49,82,225.0,228.0504,12.0,477.09,98.3703,74.5,200.0,225.0,260.7425,349.997,215.0,220.0,225.0,2.4286,1.6333,0.9111,0.1491,0.4298,0.7193,38.547,130.4916,41.22,Stable,25.29,45.56,56.86,42.98
Lost Origin,181,Gallade V,Ultra Rare,0.08333333333333333,6725.76,0.0026881720430107525,False,False,True,0.691,1.78,1,254,19,51,114,3.99,4.1588,1.79,7.99,1.3206,2.539,3.0,3.99,4.99,5.99,4.1,4.0,3.99,2.7143,1.7,1.2667,0.0748,0.2008,0.4488,121.6089,301.1774,43.6,Stable,33.71,52.76,68.25,20.08
Lost Origin,182,Drapion V,Ultra Rare,0.08333333333333333,6725.76,0.0026881720430107525,False,False,True,0.44,1.32,1,365,15,70,155,2.99,3.027,0.72,5.45,0.954,1.99,2.23,2.99,3.69,4.202,2.8,2.99,2.99,2.1429,2.3333,1.7222,0.0411,0.1918,0.4247,118.5931,246.4948,44.43,Stable,46.01,43.65,68.48,19.18
Lost Origin,183,Galarian Perrserker V,Ultra Rare,0.08333333333333333,6725.76,0.0026881720430107525,False,False,True,0.445,1.38,1,297,15,50,113,3.0,3.479,1.0,6.82,1.2385,2.0,2.5,3.0,4.0,5.344,3.0,2.955,2.99,2.1429,1.6667,1.2556,0.0505,0.1684,0.3805,151.5042,344.2344,41.25,Stable,33.0,50.33,64.4,16.84
Lost Origin,184,Galarian Perrserker V,Ultra Rare,0.08333333333333333,6725.76,0.0026881720430107525,False,False,True,0.445,16.36,11,122,19,38,66,25.0,27.4704,4.99,50.0,9.4655,18.991,21.75,25.0,33.0225,40.792,22.0,22.975,23.25,2.7143,1.2667,0.7333,0.1557,0.3115,0.541,75.0042,241.7904,37.57,Cooling,16.13,44.62,65.54,31.15
Lost Origin,185,Giratina V,Ultra Rare,0.08333333333333333,6725.76,0.0026881720430107525,False,False,True,0.7390000000000001,10.31,13,106,17,44,71,19.335,20.4569,1.25,39.0,6.5014,14.995,15.9925,19.335,21.9875,30.0,19.99,18.88,18.99,2.4286,1.4667,0.7889,0.1604,0.4151,0.6698,43.3719,219.9458,44.7,Stable,20.58,55.27,68.22,41.51
Lost Origin,186,Giratina V,Ultra Rare,0.08333333333333333,6725.76,0.0026881720430107525,False,False,True,0.7390000000000001,553.46,51,176,28,80,130,875.0,798.089,2.08,1995.61,496.7837,15.845,613.325,875.0,1092.61,1472.66,861.185,873.68,875.0,4.0,2.6667,1.4444,0.1591,0.4545,0.7386,34.7117,82.2007,44.82,Stable,45.5,48.42,37.75,45.45
Lost Origin,187,Hisuian Goodra V,Ultra Rare,0.08333333333333333,6725.76,0.0026881720430107525,False,False,True,0.682,1.73,0,194,9,47,95,3.99,4.0495,1.0,7.99,1.3827,2.49,3.0,3.99,4.9875,5.99,3.99,3.99,3.99,1.2857,1.5667,1.0556,0.0464,0.2423,0.4897,95.2699,273.4714,41.4,Stable,27.93,50.0,65.86,24.23
Lost Origin,188,Pidgeot V,Ultra Rare,0.08333333333333333,6725.76,0.0026881720430107525,False,False,True,0.545,1.76,2,224,17,44,104,4.0,4.4476,1.89,8.99,1.5079,2.983,3.0,4.0,5.0,6.933,4.0,4.0,4.0,2.4286,1.4667,1.1556,0.0759,0.1964,0.4643,100.856,239.9804,40.75,Stable,28.69,50.0,66.1,19.64
Lost Origin,189,Arezu,Ultra Rare,0.08333333333333333,6725.76,0.0026881720430107525,False,False,False,0.0,3.69,1,195,19,43,97,5.8,6.0765,2.91,10.93,1.7647,4.124,4.99,5.8,7.0,8.91,5.0,5.0,5.25,2.7143,1.4333,1.0778,0.0974,0.2205,0.4974,90.5209,250.7828,40.07,Stable,26.31,45.24,70.96,22.05
Lost Origin,190,Colress's Experiment,Ultra Rare,0.08333333333333333,6725.76,0.0026881720430107525,False,False,False,0.0,1.42,1,289,12,58,127,3.52,3.7692,1.25,8.0,1.4354,2.0,2.66,3.52,4.77,5.95,3.755,3.435,3.19,1.7143,1.9333,1.4111,0.0415,0.2007,0.4394,114.8774,255.1581,48.24,Stable,38.43,67.71,61.92,20.07
Lost Origin,191,Fantina,Ultra Rare,0.08333333333333333,6725.76,0.0026881720430107525,False,False,False,0.0,2.12,1,175,10,36,79,4.99,5.2233,2.78,10.0,1.7583,3.078,3.99,4.99,5.995,7.99,4.24,4.74,4.99,1.4286,1.2,0.8778,0.0571,0.2057,0.4514,127.932,342.0637,33.42,Cooling,18.51,34.97,66.34,20.57
Lost Origin,192,Iscan,Ultra Rare,0.08333333333333333,6725.76,0.0026881720430107525,False,False,False,0.0,1.08,1,383,21,76,146,2.86,2.845,0.99,5.98,1.0294,1.75,1.99,2.86,3.49,4.088,2.49,2.835,2.79,3.0,2.5333,1.6222,0.0548,0.1984,0.3812,139.5594,296.9568,42.47,Stable,46.53,39.25,63.82,19.84
Lost Origin,193,Lady,Ultra Rare,0.08333333333333333,6725.76,0.0026881720430107525,False,False,False,0.0,3.3,7,179,4,41,87,6.82,7.4869,3.8,15.95,2.7611,4.99,5.1,6.82,8.81,11.188,6.49,6.0,6.06,0.5714,1.3667,0.9667,0.0223,0.2291,0.486,94.9454,289.2264,41.15,Stable,22.73,57.1,63.12,22.91
Lost Origin,194,Miss Fortune Sisters,Ultra Rare,0.08333333333333333,6725.76,0.0026881720430107525,False,False,False,0.0,2.79,1,218,16,59,98,5.0,5.7332,2.99,11.0,1.9748,3.99,4.13,5.0,6.7925,9.533,5.72,4.99,4.975,2.2857,1.9667,1.0889,0.0734,0.2706,0.4495,107.8467,290.6505,48.03,Stable,33.39,64.97,65.56,27.06
Lost Origin,195,Thorton,Ultra Rare,0.08333333333333333,6725.76,0.0026881720430107525,False,False,False,0.0,1.58,0,323,20,63,156,2.99,3.1601,0.99,6.0,1.1135,1.99,2.25,2.99,3.985,4.99,2.87,2.75,2.99,2.8571,2.1,1.7333,0.0619,0.195,0.483,94.4279,220.489,43.75,Stable,43.66,45.99,64.76,19.5
Lost Origin,196,Volo,Ultra Rare,0.08333333333333333,6725.76,0.0026881720430107525,False,False,False,0.0,1.99,1,775,64,211,466,1.99,1.923,0.72,3.95,0.5274,1.19,1.605,1.99,2.0,2.52,1.99,1.99,1.99,9.1429,7.0333,5.1778,0.0826,0.2723,0.6013,64.6163,202.2623,59.93,Stable,83.23,50.0,72.57,27.23
Lost Origin,233,Adventurer's Discovery,Ultra Rare,0.08333333333333333,6725.76,0.0026881720430107525,False,False,False,0.0,0.0,0,14,1,1,5,5.0,5.7414,3.64,9.5,1.513,4.297,4.9925,5.0,6.7175,6.99,5.0,5.0,4.99,0.1429,0.0333,0.0556,0.0714,0.0714,0.3571,350.0557,467.5516,31.29,Cooling,0.25,50.2,73.65,7.14
Lost Origin,243,Boss's Orders,Ultra Rare,0.08333333333333333,6725.76,0.0026881720430107525,False,False,False,0.0,0.0,0,83,6,30,53,10.0,10.9583,4.98,20.0,3.0787,7.992,9.375,10.0,11.995,14.664,10.0,10.0,10.49,0.8571,1.0,0.5889,0.0723,0.3614,0.6386,54.8356,145.5079,38.17,Cooling,9.88,45.33,71.91,36.14
Lost Origin,253,Cook,Ultra Rare,0.08333333333333333,6725.76,0.0026881720430107525,False,False,False,0.0,0.0,0,74,5,32,50,4.49,4.5982,1.95,8.17,1.3374,3.0,3.5925,4.49,5.43,6.411,4.99,4.245,4.745,0.7143,1.0667,0.5556,0.0676,0.4324,0.6757,49.8584,168.2262,42.43,Stable,10.18,55.16,70.91,43.24
Lost Origin,263,Kabu,Ultra Rare,0.08333333333333333,6725.76,0.0026881720430107525,False,False,False,0.0,0.0,0,52,0,4,13,3.44,3.6648,1.9,6.99,1.1716,2.25,2.99,3.44,3.9925,5.0,0.0,2.25,3.29,0.0,0.1333,0.1444,0.0,0.0769,0.25,152.3081,308.5342,31.64,Cooling,0.41,54.56,68.03,7.69
Lost Origin,273,Nessa,Ultra Rare,0.08333333333333333,6725.76,0.0026881720430107525,False,False,False,0.0,0.0,0,123,10,35,68,14.05,14.5464,9.0,28.03,3.6537,10.0,12.0,14.05,15.995,19.802,13.83,13.99,14.25,1.4286,1.1667,0.7556,0.0813,0.2846,0.5528,70.5323,217.3906,39.41,Cooling,15.4,47.05,74.88,28.46
Lost Origin,283,Opal,Ultra Rare,0.08333333333333333,6725.76,0.0026881720430107525,False,False,False,0.0,0.0,0,67,3,15,31,3.22,3.5699,1.25,6.0,1.0731,2.454,2.99,3.22,4.445,4.994,3.99,2.99,3.0,0.4286,0.5,0.3444,0.0448,0.2239,0.4627,106.2644,272.994,43.93,Stable,1.87,83.0,69.94,22.39
Lost Origin,197,Kyurem VMAX,Secret Rare,0.014084507042253521,29524.639999999996,0.000612369871402327,False,False,True,0.599,7.18,4,126,9,30,54,10.875,11.9521,3.5,21.99,3.7201,8.0,9.9525,10.875,13.7425,18.06,9.99,9.965,10.0,1.2857,1.0,0.6,0.0714,0.2381,0.4286,128.7817,277.6318,36.55,Cooling,10.16,49.9,68.87,23.81
Lost Origin,198,Magnezone VSTAR,Secret Rare,0.014084507042253521,29524.639999999996,0.000612369871402327,False,False,True,0.5720000000000001,6.94,3,163,9,27,62,7.99,8.5396,3.63,15.99,2.6284,5.886,6.99,7.99,9.995,12.538,9.99,7.96,7.98,1.2857,0.9,0.6889,0.0552,0.1656,0.3804,132.902,346.5165,42.88,Stable,10.54,75.19,69.22,16.56
Lost Origin,199,Aerodactyl VSTAR,Secret Rare,0.014084507042253521,29524.639999999996,0.000612369871402327,False,False,True,0.565,8.67,6,122,4,31,59,17.97,18.9287,8.0,39.0,6.9618,10.095,14.5,17.97,22.9825,28.899,15.5,16.0,17.4,0.5714,1.0333,0.6556,0.0328,0.2541,0.4836,101.6424,235.2234,33.0,Cooling,11.82,39.08,63.22,25.41
Lost Origin,200,Drapion VSTAR,Secret Rare,0.014084507042253521,29524.639999999996,0.000612369871402327,False,False,True,0.44,6.48,3,163,11,40,62,7.22,7.8633,4.0,14.99,2.2811,5.59,6.215,7.22,9.0,10.738,6.95,6.99,6.99,1.5714,1.3333,0.6889,0.0675,0.2454,0.3804,148.8317,276.805,38.76,Cooling,16.09,49.43,70.99,24.54
Lost Origin,201,Giratina VSTAR,Secret Rare,0.014084507042253521,29524.639999999996,0.000612369871402327,False,False,True,0.7390000000000001,20.08,18,97,10,38,60,29.0,30.3678,15.0,56.91,7.4809,22.996,25.0,29.0,33.35,40.0,27.36,29.99,29.365,1.4286,1.2667,0.6667,0.1031,0.3918,0.6186,57.4614,183.9645,40.24,Stable,14.61,43.17,75.37,39.18
Lost Origin,202,Hisuian Goodra VSTAR,Secret Rare,0.014084507042253521,29524.639999999996,0.000612369871402327,False,False,True,0.682,6.03,1,101,7,23,43,10.0,11.0323,6.0,20.45,3.6412,7.0,8.25,10.0,12.99,17.95,9.99,10.0,10.0,1.0,0.7667,0.4778,0.0693,0.2277,0.4257,124.5433,276.5276,34.44,Cooling,5.07,49.9,67.0,22.77
Lost Origin,203,Hisuian Zoroark VSTAR,Secret Rare,0.014084507042253521,29524.639999999996,0.000612369871402327,False,False,True,0.725,7.29,4,108,12,28,52,10.0,10.0995,5.0,20.5,3.1478,6.933,7.985,10.0,11.2075,14.066,10.145,10.265,10.105,1.7143,0.9333,0.5778,0.1111,0.2593,0.4815,107.2912,288.031,36.69,Cooling,8.74,50.4,68.83,25.93
Lost Origin,204,Arezu,Secret Rare,0.014084507042253521,29524.639999999996,0.000612369871402327,False,False,False,0.0,3.46,1,126,4,28,59,6.245,7.283,1.99,13.62,2.6523,4.86,5.0,6.245,9.7575,11.805,4.745,4.99,6.0,0.5714,0.9333,0.6556,0.0317,0.2222,0.4683,109.2858,244.0001,29.0,Cooling,10.38,29.08,63.58,22.22
Lost Origin,205,Colress's Experiment,Secret Rare,0.014084507042253521,29524.639999999996,0.000612369871402327,False,False,False,0.0,2.69,0,204,9,36,86,5.0,5.634,2.53,11.0,1.7358,3.962,4.49,5.0,6.4925,7.99,4.99,4.99,4.99,1.2857,1.2,0.9556,0.0441,0.1765,0.4216,148.7672,256.3255,38.38,Cooling,20.04,50.0,69.19,17.65
Lost Origin,206,Fantina,Secret Rare,0.014084507042253521,29524.639999999996,0.000612369871402327,False,False,False,0.0,3.55,1,161,9,30,75,5.99,6.214,2.0,12.0,1.8728,4.47,4.99,5.99,6.99,8.99,5.49,5.59,5.98,1.2857,1.0,0.8333,0.0559,0.1863,0.4658,109.9384,263.9109,34.79,Cooling,15.15,41.81,69.86,18.63
Lost Origin,207,Iscan,Secret Rare,0.014084507042253521,29524.639999999996,0.000612369871402327,False,False,False,0.0,2.87,0,168,8,30,72,4.34,4.6457,1.75,8.59,1.3945,3.0,3.5,4.34,5.4925,6.862,3.62,4.17,4.17,1.1429,1.0,0.8,0.0476,0.1786,0.4286,125.6851,264.7521,32.98,Cooling,14.56,36.81,69.98,17.86
Lost Origin,208,Lady,Secret Rare,0.014084507042253521,29524.639999999996,0.000612369871402327,False,False,False,0.0,4.8,0,123,10,31,64,7.25,8.0286,4.0,15.5,2.633,5.49,5.97,7.25,9.99,11.99,6.995,6.99,6.99,1.4286,1.0333,0.7111,0.0813,0.252,0.5203,80.545,270.8488,37.4,Cooling,13.01,50.07,67.2,25.2
Lost Origin,209,Miss Fortune Sisters,Secret Rare,0.014084507042253521,29524.639999999996,0.000612369871402327,False,False,False,0.0,3.56,1,166,9,30,71,6.0,6.6073,3.24,12.33,2.0196,4.75,5.0,6.0,7.835,9.895,6.49,6.0,5.99,1.2857,1.0,0.7889,0.0542,0.1807,0.4277,109.5845,267.3074,39.31,Cooling,14.35,58.35,69.43,18.07
Lost Origin,210,Thorton,Secret Rare,0.014084507042253521,29524.639999999996,0.000612369871402327,False,False,False,0.0,2.98,0,229,12,44,106,4.99,5.2429,1.45,10.0,1.7228,3.488,3.99,4.99,6.0,7.99,4.495,4.17,4.5,1.7143,1.4667,1.1778,0.0524,0.1921,0.4629,119.5367,241.8498,40.97,Stable,29.1,49.89,67.14,19.21
Lost Origin,211,Volo,Secret Rare,0.014084507042253521,29524.639999999996,0.000612369871402327,False,False,False,0.0,3.43,3,179,14,39,77,5.99,6.3294,2.99,12.0,1.871,4.588,4.99,5.99,7.12,9.504,6.15,5.0,5.5,2.0,1.3,0.8556,0.0782,0.2179,0.4302,119.495,255.3724,42.77,Stable,19.26,61.82,70.44,21.79
Lost Origin,212,Giratina VSTAR,Secret Rare,0.014084507042253521,29524.639999999996,0.000612369871402327,False,False,True,0.7390000000000001,11.29,13,150,15,43,77,22.0,26.9581,2.81,54.51,11.5619,16.941,19.99,22.0,33.5175,46.93,20.0,20.0,20.0,2.1429,1.4333,0.8556,0.1,0.2867,0.5133,81.8975,309.8025,38.53,Cooling,21.25,50.0,57.11,28.67
Lost Origin,213,Hisuian Zoroark VSTAR,Secret Rare,0.014084507042253521,29524.639999999996,0.000612369871402327,False,False,True,0.725,4.3,5,191,14,44,82,7.97,8.3983,1.97,17.0,2.987,5.0,6.195,7.97,9.995,12.69,6.745,7.82,7.99,2.0,1.4667,0.9111,0.0733,0.2304,0.4293,135.6394,307.7882,34.78,Cooling,23.19,34.42,64.43,23.04
Lost Origin,214,Box of Disaster,Secret Rare,0.014084507042253521,29524.639999999996,0.000612369871402327,False,False,False,0.0,1.45,2,303,13,62,120,3.99,4.0194,1.79,7.83,1.3037,2.5,3.0,3.99,4.99,5.99,3.49,3.195,3.495,1.8571,2.0667,1.3333,0.0429,0.2046,0.396,136.9495,292.2917,44.08,Stable,38.41,49.86,67.56,20.46
Lost Origin,215,Collapsed Stadium,Secret Rare,0.014084507042253521,29524.639999999996,0.000612369871402327,False,False,False,0.0,2.06,1,168,11,35,69,4.995,5.6706,2.0,11.24,2.2734,3.218,3.99,4.995,6.99,9.22,4.49,4.0,4.34,1.5714,1.1667,0.7667,0.0655,0.2083,0.4107,145.3658,301.2605,36.89,Cooling,15.68,53.46,59.91,20.83
Lost Origin,216,Dark Patch,Secret Rare,0.014084507042253521,29524.639999999996,0.000612369871402327,False,False,False,0.0,2.38,1,241,11,47,107,4.5,4.7071,1.59,9.47,1.569,2.99,3.49,4.5,5.64,6.99,3.99,3.99,3.99,1.5714,1.5667,1.1889,0.0456,0.195,0.444,114.0127,214.1159,41.46,Stable,30.74,50.0,66.67,19.5
Lost Origin,217,Lost Vacuum,Secret Rare,0.014084507042253521,29524.639999999996,0.000612369871402327,False,False,False,0.0,1.7,3,285,17,58,115,3.99,4.1973,0.73,8.18,1.6533,2.5,2.99,3.99,5.0,6.8,2.99,2.99,3.0,2.4286,1.9333,1.2778,0.0596,0.2035,0.4035,119.638,226.4076,42.07,Stable,36.58,49.67,60.61,20.35
Lost Origin,293,Pikachu VMAX,Secret Rare,0.014084507042253521,29524.639999999996,0.000612369871402327,False,False,True,0.701,0.0,0,251,23,78,166,27.99,30.9856,5.99,70.0,11.4135,20.0,24.95,27.99,35.0,50.0,25.55,27.345,26.99,3.2857,2.6,1.8444,0.0916,0.3108,0.6614,56.7668,132.6118,47.01,Stable,49.2,44.66,63.17,31.08
Lost Origin,303,Mew VMAX,Secret Rare,0.014084507042253521,29524.639999999996,0.000612369871402327,False,False,True,0.7609999999999999,0.0,0,231,38,118,192,33.99,34.7579,7.0,66.0,8.3994,25.0,29.99,33.99,39.99,45.0,31.995,32.0,32.995,5.4286,3.9333,2.1333,0.1645,0.5108,0.8312,29.6265,80.847,56.92,Stable,58.17,46.97,75.83,51.08
Silver Tempest,004,Ariados,Holo Rare,0.16666666666666666,2161.5,0.006666666666666666,False,False,True,0.43200000000000005,0.21,0,982,91,288,629,1.99,1.8545,0.72,3.89,0.479,1.0,1.5,1.99,1.99,2.49,1.99,1.99,1.99,13.0,9.6,6.9889,0.0927,0.2933,0.6405,60.5186,178.0297,64.15,Rising,94.82,50.0,74.17,29.33
Silver Tempest,022,Rapidash,Holo Rare,0.16666666666666666,2161.5,0.006666666666666666,False,False,True,0.588,0.23,0,965,84,277,593,1.99,1.945,0.72,3.98,0.5411,1.1,1.6,1.99,2.11,2.59,1.99,1.99,1.99,12.0,9.2333,6.5889,0.087,0.287,0.6145,60.8614,170.4969,63.1,Rising,93.09,50.0,72.18,28.7
Silver Tempest,036,Articuno,Holo Rare,0.16666666666666666,2161.5,0.006666666666666666,False,False,True,0.695,0.47,0,907,63,252,560,1.99,2.081,0.72,3.95,0.5457,1.474,1.79,1.99,2.49,2.984,1.99,1.99,1.99,9.0,8.4,6.2222,0.0695,0.2778,0.6174,66.2696,153.6557,62.36,Rising,90.16,50.0,73.78,27.78
Silver Tempest,073,Medicham,Holo Rare,0.16666666666666666,2161.5,0.006666666666666666,False,False,True,0.366,0.17,0,978,83,240,572,1.99,1.9117,0.72,3.94,0.5199,1.0,1.59,1.99,2.0,2.5,1.99,1.99,1.99,11.8571,8.0,6.3556,0.0849,0.2454,0.5849,72.6356,186.1354,61.3,Rising,89.43,50.0,72.8,24.54
Silver Tempest,078,Reuniclus,Holo Rare,0.16666666666666666,2161.5,0.006666666666666666,False,False,True,0.599,0.17,0,971,69,252,594,1.99,1.9049,0.72,3.89,0.5267,1.03,1.55,1.99,2.0,2.52,1.98,1.99,1.99,9.8571,8.4,6.6,0.0711,0.2595,0.6117,68.3825,200.3821,61.82,Rising,91.03,49.5,72.35,25.95
Silver Tempest,089,Dragapult,Holo Rare,0.16666666666666666,2161.5,0.006666666666666666,False,False,True,0.6859999999999999,0.19,0,957,72,250,572,1.99,1.9299,0.72,3.89,0.5402,1.134,1.59,1.99,2.09,2.594,1.99,1.99,1.99,10.2857,8.3333,6.3556,0.0752,0.2612,0.5977,71.9705,201.7882,61.72,Rising,90.32,50.0,72.01,26.12
Silver Tempest,097,Terrakion,Holo Rare,0.16666666666666666,2161.5,0.006666666666666666,False,False,True,0.385,0.15,0,965,73,230,563,1.99,1.9032,0.72,3.89,0.5028,1.094,1.59,1.99,2.0,2.5,1.99,1.99,1.99,10.4286,7.6667,6.2556,0.0756,0.2383,0.5834,73.9748,188.7909,61.0,Rising,88.38,50.0,73.58,23.83
Silver Tempest,105,Crobat,Holo Rare,0.16666666666666666,2161.5,0.006666666666666666,False,False,True,0.628,0.15,0,967,79,264,576,1.99,1.938,0.72,3.89,0.5166,1.2,1.69,1.99,2.0,2.5,1.99,1.99,1.99,11.2857,8.8,6.4,0.0817,0.273,0.5957,68.7014,193.2421,62.64,Rising,91.72,50.0,73.34,27.3
Silver Tempest,113,Krookodile,Holo Rare,0.16666666666666666,2161.5,0.006666666666666666,False,False,True,0.643,0.31,0,962,74,240,556,1.99,1.8965,0.72,3.89,0.5236,1.0,1.59,1.99,2.0,2.52,1.99,1.99,1.99,10.5714,8.0,6.1778,0.0769,0.2495,0.578,72.6356,194.9647,61.13,Rising,88.89,50.0,72.39,24.95
Silver Tempest,119,Metagross,Holo Rare,0.16666666666666666,2161.5,0.006666666666666666,False,False,True,0.696,0.19,0,988,83,284,604,1.99,1.9331,0.72,3.93,0.5174,1.1,1.7,1.99,2.0,2.5,1.99,1.99,1.99,11.8571,9.4667,6.7111,0.084,0.2874,0.6113,63.7896,177.4175,63.63,Rising,94.11,50.0,73.23,28.74
Silver Tempest,131,Dragonite,Holo Rare,0.16666666666666666,2161.5,0.006666666666666666,False,False,True,0.733,0.48,11,801,76,219,469,2.79,2.7587,0.72,5.92,0.9777,1.55,2.0,2.79,3.1,3.99,2.99,2.99,2.98,10.8571,7.3,5.2111,0.0949,0.2734,0.5855,68.9727,219.0695,58.61,Stable,83.75,50.34,64.56,27.34
Silver Tempest,147,Archeops,Holo Rare,0.16666666666666666,2161.5,0.006666666666666666,False,False,True,0.562,0.29,0,969,90,279,629,1.99,1.9211,0.72,3.98,0.4794,1.25,1.69,1.99,2.0,2.49,1.99,1.99,1.99,12.8571,9.3,6.9889,0.0929,0.2879,0.6491,59.4578,138.3823,64.04,Rising,94.23,50.0,75.05,28.79
Silver Tempest,154,Earthen Seal Stone,Holo Rare,0.16666666666666666,2161.5,0.006666666666666666,False,False,False,0.0,0.16,0,949,49,192,420,1.98,1.8494,0.72,3.92,0.6038,0.998,1.42,1.98,2.0,2.636,1.99,1.99,1.99,7.0,6.4,4.6667,0.0516,0.2023,0.4426,111.916,307.2771,56.41,Stable,79.64,50.0,67.35,20.23
Silver Tempest,156,Forest Seal Stone,Holo Rare,0.16666666666666666,2161.5,0.006666666666666666,False,False,False,0.0,0.39,0,797,48,169,399,1.99,2.1158,0.72,4.0,0.7338,1.056,1.69,1.99,2.5,3.0,1.99,1.99,1.99,6.8571,5.6333,4.4333,0.0602,0.212,0.5006,89.7134,194.4201,55.12,Stable,76.06,50.0,65.32,21.2
Silver Tempest,013,Braixen,Holo Rare,0.16666666666666666,2161.5,0.006666666666666666,False,False,True,0.653,0.14,0,653,57,191,447,1.89,1.7895,0.99,3.94,0.5314,0.99,1.49,1.89,1.99,2.49,1.89,1.79,1.95,8.1429,6.3667,4.9667,0.0873,0.2925,0.6845,51.9885,126.937,58.26,Stable,80.9,46.92,70.3,29.25
Silver Tempest,023,Milotic,Holo Rare,0.16666666666666666,2161.5,0.006666666666666666,False,False,True,0.6990000000000001,0.3,0,446,29,123,264,1.895,1.7934,0.99,3.0,0.4841,1.0,1.49,1.895,1.99,2.49,1.99,1.97,1.99,4.1429,4.1,2.9333,0.065,0.2758,0.5919,64.6552,177.5811,54.28,Stable,63.87,50.0,73.01,27.58
Silver Tempest,033,Flaaffy,Holo Rare,0.16666666666666666,2161.5,0.006666666666666666,False,False,True,0.5670000000000001,0.99,8,374,34,136,259,6.49,6.7356,1.49,12.99,2.0139,4.493,5.0,6.49,7.99,9.343,6.99,6.99,6.99,4.8571,4.5333,2.8778,0.0909,0.3636,0.6925,49.4369,104.7031,55.93,Stable,65.45,50.0,70.1,36.36
Silver Tempest,043,Jynx,Holo Rare,0.16666666666666666,2161.5,0.006666666666666666,False,False,True,0.28600000000000003,0.12,0,188,42,106,160,1.69,1.6302,0.99,3.11,0.3847,0.99,1.45,1.69,1.99,1.99,1.79,1.79,1.69,6.0,3.5333,1.7778,0.2234,0.5638,0.8511,25.201,70.3516,59.38,Stable,53.49,55.92,76.4,56.38
Silver Tempest,053,Gardevoir,Holo Rare,0.16666666666666666,2161.5,0.006666666666666666,False,False,True,0.7390000000000001,0.05,0,508,27,139,318,1.99,1.8391,0.99,3.34,0.4862,1.0,1.49,1.99,1.99,2.49,1.9,1.9,1.99,3.8571,4.6333,3.5333,0.0531,0.2736,0.626,56.4467,173.1964,54.32,Stable,68.3,45.48,73.56,27.36
Silver Tempest,063,Malamar,Holo Rare,0.16666666666666666,2161.5,0.006666666666666666,False,False,True,0.52,0.04,0,85,9,25,47,2.0,2.4048,0.99,4.49,0.7442,1.736,1.99,2.0,2.99,3.294,1.99,2.0,2.0,1.2857,0.8333,0.5222,0.1059,0.2941,0.5529,78.0036,229.1602,36.49,Cooling,6.48,49.5,69.05,29.41
Silver Tempest,073,Rockruff,Holo Rare,0.16666666666666666,2161.5,0.006666666666666666,False,False,True,0.6709999999999999,0.17,0,978,83,240,572,1.99,1.9117,0.72,3.94,0.5199,1.0,1.59,1.99,2.0,2.5,1.99,1.99,1.99,11.8571,8.0,6.3556,0.0849,0.2454,0.5849,72.6356,186.1354,61.3,Rising,89.43,50.0,72.8,24.54
Silver Tempest,083,Passimian,Holo Rare,0.16666666666666666,2161.5,0.006666666666666666,False,False,True,0.387,0.11,0,34,0,7,9,2.995,3.1338,1.12,5.99,1.409,1.5,1.9925,2.995,3.4775,5.69,0.0,5.99,4.99,0.0,0.2333,0.1,0.0,0.2059,0.2647,270.7147,359.4118,18.27,Illiquid,0.46,10.02,55.04,20.59
Silver Tempest,093,Druddigon,Holo Rare,0.16666666666666666,2161.5,0.006666666666666666,False,False,True,0.485,0.05,0,34,1,8,19,5.0,5.2638,3.0,8.99,1.4485,3.993,4.5,5.0,5.98,7.0,5.0,5.0,5.0,0.1429,0.2667,0.2111,0.0294,0.2353,0.5588,69.3838,162.9882,34.39,Cooling,0.64,50.0,72.48,23.53
Silver Tempest,103,Smeargle,Holo Rare,0.16666666666666666,2161.5,0.006666666666666666,False,False,True,0.546,0.06,0,813,59,262,599,1.89,1.7695,0.99,3.33,0.4603,0.99,1.49,1.89,1.99,2.248,1.89,1.89,1.99,8.4286,8.7333,6.6556,0.0726,0.3223,0.7368,48.4705,121.2615,62.37,Rising,92.13,44.97,73.99,32.23
Silver Tempest,113,Altaria,Holo Rare,0.16666666666666666,2161.5,0.006666666666666666,False,False,True,0.693,0.31,0,962,74,240,556,1.99,1.8965,0.72,3.89,0.5236,1.0,1.59,1.99,2.0,2.52,1.99,1.99,1.99,10.5714,8.0,6.1778,0.0769,0.2495,0.578,72.6356,194.9647,61.13,Rising,88.89,50.0,72.39,24.95
Silver Tempest,007,Serperior V,Holo Rare V,0.1111111111111111,2853.1800000000003,0.00505050505050505,False,False,True,0.685,0.71,0,930,39,187,423,2.0,2.205,0.72,4.19,0.7641,1.0,1.7,2.0,2.79,3.0,2.0,2.0,2.17,5.5714,6.2333,4.7,0.0419,0.2011,0.4548,111.1056,241.6653,53.49,Stable,79.16,42.17,65.35,20.11
Silver Tempest,015,Chesnaught V,Holo Rare V,0.1111111111111111,2853.1800000000003,0.00505050505050505,False,False,True,0.478,0.76,1,930,35,187,435,1.99,2.0217,0.8,3.95,0.6973,1.0,1.49,1.99,2.49,2.99,1.99,2.0,2.0,5.0,6.2333,4.8333,0.0376,0.2011,0.4677,99.7758,253.1555,55.94,Stable,79.87,49.5,65.51,20.11
Silver Tempest,024,Reshiram V,Holo Rare V,0.1111111111111111,2853.1800000000003,0.00505050505050505,False,False,True,0.71,0.9,1,847,39,192,391,2.43,2.3992,0.73,4.98,0.8044,1.4,1.8,2.43,2.99,3.49,2.74,2.49,2.49,5.5714,6.4,4.3444,0.046,0.2267,0.4616,99.4365,238.1321,59.3,Stable,78.21,60.04,66.47,22.67
Silver Tempest,033,Alolan Vulpix V,Holo Rare V,0.1111111111111111,2853.1800000000003,0.00505050505050505,False,False,True,0.682,0.99,8,374,34,136,259,6.49,6.7356,1.49,12.99,2.0139,4.493,5.0,6.49,7.99,9.343,6.99,6.99,6.99,4.8571,4.5333,2.8778,0.0909,0.3636,0.6925,49.4369,104.7031,55.93,Stable,65.45,50.0,70.1,36.36
Silver Tempest,035,Omastar V,Holo Rare V,0.1111111111111111,2853.1800000000003,0.00505050505050505,False,False,True,0.493,0.66,0,934,40,174,411,2.0,2.1714,0.87,4.08,0.779,1.0,1.5,2.0,2.88,3.0,2.345,2.49,2.19,5.7143,5.8,4.5667,0.0428,0.1863,0.44,110.5304,265.2339,56.84,Stable,77.23,57.08,64.12,18.63
Silver Tempest,057,Regieleki V,Holo Rare V,0.1111111111111111,2853.1800000000003,0.00505050505050505,False,False,True,0.5,0.66,0,931,45,231,492,1.99,1.9675,0.73,3.95,0.6616,1.0,1.49,1.99,2.49,2.99,1.99,1.99,1.99,6.4286,7.7,5.4667,0.0483,0.2481,0.5285,83.7192,187.1298,58.91,Stable,85.58,50.0,66.37,24.81
Silver Tempest,065,Unown V,Holo Rare V,0.1111111111111111,2853.1800000000003,0.00505050505050505,False,False,True,0.502,0.8,1,914,45,169,394,1.99,2.1866,0.73,4.0,0.7745,1.043,1.5925,1.99,2.86,3.0,1.99,1.99,2.0,6.4286,5.6333,4.3778,0.0492,0.1849,0.4311,115.6565,264.9777,54.2,Stable,75.79,49.5,64.58,18.49
Silver Tempest,070,Mawile V,Holo Rare V,0.1111111111111111,2853.1800000000003,0.00505050505050505,False,False,True,0.624,0.7,0,912,41,174,401,1.99,2.0213,0.72,3.95,0.6891,1.0,1.49,1.99,2.49,2.99,2.31,2.0,1.99,5.8571,5.8,4.4556,0.045,0.1908,0.4397,112.8014,270.2151,59.87,Stable,76.81,66.08,65.91,19.08
Silver Tempest,090,Hisuian Arcanine V,Holo Rare V,0.1111111111111111,2853.1800000000003,0.00505050505050505,False,False,True,0.703,0.73,3,918,33,165,398,2.25,2.3047,0.73,4.98,0.7953,1.2,1.75,2.25,2.99,3.05,2.49,2.49,2.49,4.7143,5.5,4.4222,0.0359,0.1797,0.4336,113.4256,262.5913,54.33,Stable,75.47,50.0,65.49,17.97
Silver Tempest,102,Ursaluna V,Holo Rare V,0.1111111111111111,2853.1800000000003,0.00505050505050505,False,False,True,0.522,0.64,0,926,33,170,432,1.99,1.9916,0.73,3.98,0.6792,1.0,1.4825,1.99,2.49,2.99,1.99,1.99,1.99,4.7143,5.6667,4.8,0.0356,0.1836,0.4665,102.0605,251.9149,55.24,Stable,77.98,50.0,65.9,18.36
Silver Tempest,108,Skuntank V,Holo Rare V,0.1111111111111111,2853.1800000000003,0.00505050505050505,False,False,True,0.315,0.69,0,920,33,162,383,1.99,1.9876,0.72,3.95,0.706,1.0,1.45,1.99,2.49,2.99,1.99,1.99,1.99,4.7143,5.4,4.2556,0.0359,0.1761,0.4163,119.9413,293.9723,53.77,Stable,74.51,50.0,64.48,17.61
Silver Tempest,128,Magearna V,Holo Rare V,0.1111111111111111,2853.1800000000003,0.00505050505050505,False,False,True,0.537,0.6,3,924,24,155,381,2.0,2.2324,0.72,4.33,0.7917,1.0,1.7075,2.0,2.95,3.0,2.125,2.25,2.19,3.4286,5.1667,4.2333,0.026,0.1677,0.4123,132.9688,279.059,52.44,Stable,73.55,47.03,64.54,16.77
Silver Tempest,135,Regidrago V,Holo Rare V,0.1111111111111111,2853.1800000000003,0.00505050505050505,False,False,True,0.488,0.73,0,940,41,213,446,2.0,2.2057,0.72,4.0,0.7509,1.25,1.6975,2.0,2.7725,3.0,2.2,2.0,2.0,5.8571,7.1,4.9556,0.0436,0.2266,0.4745,101.2495,230.5221,60.49,Rising,82.54,60.0,65.96,22.66
Silver Tempest,138,Lugia V,Holo Rare V,0.1111111111111111,2853.1800000000003,0.00505050505050505,False,False,True,0.752,8.71,39,369,43,155,290,18.0,19.4354,7.5,40.0,6.5023,14.0,15.0,18.0,20.0,29.044,16.49,17.71,18.0,6.1429,5.1667,3.2222,0.1165,0.4201,0.7859,37.201,112.7302,54.85,Stable,68.85,41.61,66.54,42.01
Silver Tempest,140,Ho-Oh V,Holo Rare V,0.1111111111111111,2853.1800000000003,0.00505050505050505,False,False,True,0.713,1.69,16,317,49,134,200,4.99,4.9675,1.0,10.0,1.8014,2.99,3.67,4.99,5.99,7.494,4.69,4.99,4.99,7.0,4.4667,2.2222,0.1546,0.4227,0.6309,47.6491,178.0569,52.72,Stable,61.09,43.99,63.74,42.27
Silver Tempest,123,Kricketune V,Holo Rare V,0.1111111111111111,2853.1800000000003,0.00505050505050505,False,False,True,0.43700000000000006,0.05,0,101,6,17,48,6.49,6.5776,2.0,12.5,1.9892,4.0,5.0,6.49,7.42,8.99,4.995,5.99,6.49,0.8571,0.5667,0.5333,0.0594,0.1683,0.4752,100.001,313.5968,26.88,Cooling,4.91,26.96,69.76,16.83
Silver Tempest,133,Serperior V,Holo Rare V,0.1111111111111111,2853.1800000000003,0.00505050505050505,False,False,True,0.685,0.12,0,790,39,181,400,2.24,2.4015,0.99,5.0,0.9714,1.078,1.79,2.24,2.99,3.99,2.49,2.3,2.29,5.5714,6.0333,4.4444,0.0494,0.2291,0.5063,88.5111,173.8029,57.4,Stable,77.64,58.73,59.55,22.91
Silver Tempest,143,Blaziken V,Holo Rare V,0.1111111111111111,2853.1800000000003,0.00505050505050505,False,False,True,0.7020000000000001,0.14,0,272,34,116,202,30.97,29.9584,1.49,65.0,12.7728,11.991,18.7425,30.97,39.99,45.0,30.0,30.0,32.0,4.8571,3.8667,2.2444,0.125,0.4265,0.7426,40.4013,111.2358,50.7,Stable,58.56,43.75,57.36,42.65
Silver Tempest,163,Zeraora V,Holo Rare V,0.1111111111111111,2853.1800000000003,0.00505050505050505,False,False,True,0.591,0.05,0,428,20,119,274,1.89,1.785,0.99,3.0,0.5089,0.99,1.49,1.89,1.99,2.49,1.845,1.99,1.99,2.8571,3.9667,3.0444,0.0467,0.278,0.6402,60.151,164.4195,51.81,Stable,63.78,42.71,71.49,27.8
Silver Tempest,173,Mawile V,Holo Rare V,0.1111111111111111,2853.1800000000003,0.00505050505050505,False,False,True,0.624,5.31,7,855,44,170,386,2.0,2.2291,0.99,4.5,0.8604,1.0,1.57,2.0,2.99,3.49,2.49,2.0,2.0,6.2857,5.6667,4.2889,0.0515,0.1988,0.4515,105.8625,226.503,61.32,Rising,75.7,74.5,61.4,19.88
Silver Tempest,183,Corviknight V,Holo Rare V,0.1111111111111111,2853.1800000000003,0.00505050505050505,False,False,True,0.6859999999999999,1.94,2,238,12,49,104,2.77,3.8147,0.99,10.0,2.7839,1.39,1.99,2.77,5.0,9.0,3.375,2.49,2.41,1.7143,1.6333,1.1556,0.0504,0.2059,0.437,108.5305,198.6596,45.77,Stable,30.79,90.04,27.02,20.59
Silver Tempest,223,Blissey V,Holo Rare V,0.1111111111111111,2853.1800000000003,0.00505050505050505,False,False,True,0.551,0.0,0,120,10,56,96,24.99,24.9327,2.5,43.0,5.5924,19.99,21.8575,24.99,28.0,32.049,24.995,24.97,24.99,1.4286,1.8667,1.0667,0.0833,0.4667,0.8,30.8724,67.018,49.47,Stable,32.04,50.02,77.57,46.67
Silver Tempest,008,Serperior VSTAR,Holo Rare VSTAR,0.03225806451612903,2680.26,0.005376344086021505,False,False,True,0.685,0.93,4,913,31,167,397,2.49,2.5833,0.99,5.24,0.9663,1.49,1.98,2.49,3.0,3.99,2.49,2.49,2.49,4.4286,5.5667,4.4111,0.034,0.1829,0.4348,120.3157,262.2688,53.88,Stable,75.67,50.0,62.59,18.29
Silver Tempest,034,Alolan Vulpix VSTAR,Holo Rare VSTAR,0.03225806451612903,2680.26,0.005376344086021505,False,False,True,0.682,1.48,11,508,29,102,243,3.625,3.7499,1.12,7.98,1.2323,2.285,2.9075,3.625,4.5025,5.0,3.69,3.65,3.75,4.1429,3.4,2.7,0.0571,0.2008,0.4783,100.4649,256.1112,49.81,Stable,59.49,48.4,67.14,20.08
Silver Tempest,066,Unown VSTAR,Holo Rare VSTAR,0.03225806451612903,2680.26,0.005376344086021505,False,False,True,0.502,1.18,7,763,29,133,308,2.99,2.9037,0.72,5.98,1.0309,1.752,2.0,2.99,3.49,4.27,2.99,2.99,2.99,4.1429,4.4333,3.4222,0.038,0.1743,0.4037,128.5372,272.7407,51.53,Stable,67.16,50.0,64.5,17.43
Silver Tempest,071,Mawile VSTAR,Holo Rare VSTAR,0.03225806451612903,2680.26,0.005376344086021505,False,False,True,0.624,1.03,3,891,27,139,313,2.25,2.3868,0.88,4.95,0.8078,1.37,1.75,2.25,2.99,3.49,2.99,2.49,2.25,3.8571,4.6333,3.4778,0.0303,0.156,0.3513,145.6161,304.8718,61.65,Rising,68.12,82.89,66.16,15.6
Silver Tempest,136,Regidrago VSTAR,Holo Rare VSTAR,0.03225806451612903,2680.26,0.005376344086021505,False,False,True,0.488,1.08,1,791,35,161,360,2.5,2.6812,0.91,5.95,0.9996,1.5,1.99,2.5,3.0,3.99,2.65,2.49,2.49,5.0,5.3667,4.0,0.0442,0.2035,0.4551,107.2035,189.567,55.44,Stable,72.98,56.43,62.72,20.35
Silver Tempest,139,Lugia VSTAR,Holo Rare VSTAR,0.03225806451612903,2680.26,0.005376344086021505,False,False,True,0.752,2.68,81,660,34,166,319,6.99,7.5252,1.99,15.4,2.692,4.89,5.49,6.99,8.99,10.991,7.99,7.0,7.0,4.8571,5.5333,3.5444,0.0515,0.2515,0.4833,98.9106,248.495,58.5,Stable,71.27,64.14,64.23,25.15
Silver Tempest,058,Regieleki VMAX,Holo Rare VMAX,0.005,14410.0,0.001,False,False,True,0.5,1.39,2,928,55,197,423,2.5,2.6115,0.99,5.38,0.9143,1.5,1.99,2.5,3.0,3.99,2.5,2.5,2.5,7.8571,6.5667,4.7,0.0593,0.2123,0.4558,105.6598,211.5029,56.34,Stable,80.33,50.0,64.99,21.23
Silver Tempest,153,Blaziken VMAX,Holo Rare VMAX,0.005,14410.0,0.001,False,False,True,0.7020000000000001,0.08,0,306,32,113,229,35.745,36.1741,1.49,75.0,12.6659,24.0,30.0,35.745,42.0,49.99,35.0,35.0,35.99,4.5714,3.7667,2.5444,0.1046,0.3693,0.7484,44.5274,102.6809,52.69,Stable,60.43,47.25,64.99,36.93
Silver Tempest,193,Corviknight VMAX,Holo Rare VMAX,0.005,14410.0,0.001,False,False,True,0.6859999999999999,11.4,16,329,32,81,160,3.99,4.3226,0.99,9.98,1.976,2.49,2.99,3.99,4.99,8.0,4.0,4.0,3.99,4.5714,2.7,1.7778,0.0973,0.2462,0.4863,93.8167,238.7906,45.64,Stable,49.27,50.25,54.29,24.62
Silver Tempest,203,Rayquaza VMAX,Holo Rare VMAX,0.005,14410.0,0.001,False,False,True,0.764,3.6,4,267,44,128,217,35.0,34.8929,4.0,88.0,15.7098,15.0,24.995,35.0,42.39,50.0,32.0,34.99,35.0,6.2857,4.2667,2.4111,0.1648,0.4794,0.8127,31.3405,129.3741,51.5,Stable,61.64,41.43,54.98,47.94
Silver Tempest,213,Duraludon VMAX,Holo Rare VMAX,0.005,14410.0,0.001,False,False,True,0.423,1.97,1,544,24,100,239,4.915,4.9951,1.2,10.0,1.7776,3.173,3.99,4.915,5.99,7.497,4.89,4.97,4.76,3.4286,3.3333,2.6556,0.0441,0.1838,0.4393,109.5721,256.6144,50.0,Stable,58.74,52.73,64.41,18.38
Silver Tempest,016,Radiant Tsareena,Radiant Rare,0.045454545454545456,951.0600000000001,0.015151515151515152,False,False,True,0.556,0.4,0,937,68,265,517,1.99,1.9676,0.99,3.95,0.6182,1.0,1.5,1.99,2.49,2.86,1.99,1.99,1.99,9.7143,8.8333,5.7444,0.0726,0.2828,0.5518,74.9768,187.3396,61.28,Rising,89.71,50.0,68.58,28.28
Silver Tempest,059,Radiant Alakazam,Radiant Rare,0.045454545454545456,951.0600000000001,0.015151515151515152,False,False,True,0.634,1.0,32,848,79,260,495,3.0,3.3084,0.72,6.75,1.0904,2.0,2.49,3.0,3.99,4.99,2.99,3.0,3.2,11.2857,8.6667,5.5,0.0932,0.3066,0.5837,62.4372,166.6255,59.02,Stable,88.16,43.44,67.04,30.66
Silver Tempest,120,Radiant Jirachi,Radiant Rare,0.045454545454545456,951.0600000000001,0.015151515151515152,False,False,True,0.711,0.78,28,857,55,220,459,2.99,3.0671,0.99,6.0,1.007,1.99,2.25,2.99,3.95,4.49,3.0,3.0,3.0,7.8571,7.3333,5.1,0.0642,0.2567,0.5356,80.4867,219.0736,58.6,Stable,83.43,50.0,67.17,25.67
Silver Tempest,170,Serperior V,Ultra Rare,0.037037037037037035,12450.24,0.0011574074074074073,False,False,True,0.685,1.85,0,234,10,57,111,3.97,3.9698,1.5,7.83,1.2626,2.616,2.99,3.97,4.9875,5.926,3.49,3.34,3.49,1.4286,1.9,1.2333,0.0427,0.2436,0.4744,97.7625,229.175,44.19,Stable,35.6,50.0,68.19,24.36
Silver Tempest,171,Chesnaught V,Ultra Rare,0.037037037037037035,12450.24,0.0011574074074074073,False,False,True,0.478,1.44,2,244,9,44,112,3.49,3.7365,1.0,7.5,1.2595,2.329,2.9,3.49,4.5,5.497,3.3,3.29,3.47,1.2857,1.4667,1.2444,0.0369,0.1803,0.459,107.1601,241.1553,39.44,Cooling,30.15,45.1,66.29,18.03
Silver Tempest,172,Reshiram V,Ultra Rare,0.037037037037037035,12450.24,0.0011574074074074073,False,False,True,0.71,4.65,1,128,8,44,77,8.495,8.9555,3.39,18.0,2.7284,5.798,7.5425,8.495,10.0,12.53,7.99,8.965,8.89,1.1429,1.4667,0.8556,0.0625,0.3438,0.6016,56.7124,187.2148,39.34,Cooling,21.98,39.88,69.53,34.38
Silver Tempest,173,Alolan Vulpix V,Ultra Rare,0.037037037037037035,12450.24,0.0011574074074074073,False,False,True,0.682,5.31,7,855,44,170,386,2.0,2.2291,0.99,4.5,0.8604,1.0,1.57,2.0,2.99,3.49,2.49,2.0,2.0,6.2857,5.6667,4.2889,0.0515,0.1988,0.4515,105.8625,226.503,61.32,Rising,75.7,74.5,61.4,19.88
Silver Tempest,174,Omastar V,Ultra Rare,0.037037037037037035,12450.24,0.0011574074074074073,False,False,True,0.493,1.8,3,205,13,48,103,3.99,4.1428,1.0,7.99,1.2381,2.922,3.0,3.99,4.99,5.99,4.99,4.18,4.19,1.8571,1.6,1.1444,0.0634,0.2341,0.5024,89.6051,243.5781,48.47,Stable,30.12,69.09,70.11,23.41
Silver Tempest,175,Regieleki V,Ultra Rare,0.037037037037037035,12450.24,0.0011574074074074073,False,False,True,0.5,1.98,1,299,16,64,133,3.59,3.7901,0.99,7.24,1.2198,2.49,2.99,3.59,4.495,5.628,3.64,3.495,3.74,2.2857,2.1333,1.4778,0.0535,0.214,0.4448,116.5833,230.4675,44.48,Stable,41.47,47.33,67.82,21.4
Silver Tempest,176,Unown V,Ultra Rare,0.037037037037037035,12450.24,0.0011574074074074073,False,False,True,0.502,2.17,2,226,12,48,101,4.465,4.7109,1.87,9.53,1.5119,3.0,3.6,4.465,5.5,6.995,4.845,4.51,4.52,1.7143,1.6,1.1222,0.0531,0.2124,0.4469,115.0501,262.7479,43.89,Stable,29.67,57.19,67.91,21.24
Silver Tempest,177,Unown V,Ultra Rare,0.037037037037037035,12450.24,0.0011574074074074073,False,False,True,0.502,19.02,16,174,27,70,106,36.26,38.7871,2.0,80.0,14.1968,25.0,30.0,36.26,43.385,59.693,32.0,34.185,35.0,3.8571,2.3333,1.1778,0.1552,0.4023,0.6092,47.5572,222.1651,44.87,Stable,39.07,41.43,63.4,40.23
Silver Tempest,178,Mawile V,Ultra Rare,0.037037037037037035,12450.24,0.0011574074074074073,False,False,True,0.624,1.6,1,233,12,44,97,3.88,3.9464,1.0,7.24,1.2985,2.5,2.99,3.88,4.99,5.99,4.245,3.98,3.99,1.7143,1.4667,1.0778,0.0515,0.1888,0.4163,125.7257,278.6047,42.23,Stable,27.04,56.39,67.1,18.88
Silver Tempest,179,Hisuian Arcanine V,Ultra Rare,0.037037037037037035,12450.24,0.0011574074074074073,False,False,True,0.703,2.59,1,127,10,42,68,6.0,6.597,0.99,13.63,2.2442,3.996,5.0,6.0,7.99,9.99,6.94,6.99,6.935,1.4286,1.4,0.7556,0.0787,0.3307,0.5354,78.4281,229.5518,40.4,Stable,18.55,50.07,65.98,33.07
Silver Tempest,180,Skuntank V,Ultra Rare,0.037037037037037035,12450.24,0.0011574074074074073,False,False,True,0.315,1.38,1,334,14,63,135,2.99,3.0951,0.99,5.95,1.0716,1.915,2.25,2.99,3.99,4.984,3.24,2.99,2.99,2.0,2.1,1.5,0.0419,0.1886,0.4042,118.1046,277.4347,46.72,Stable,41.21,58.36,65.38,18.86
Silver Tempest,181,Skuntank V,Ultra Rare,0.037037037037037035,12450.24,0.0011574074074074073,False,False,True,0.315,7.15,3,160,14,43,72,14.885,15.5663,5.34,30.0,5.8527,9.973,11.0825,14.885,17.9925,25.0,12.99,13.59,14.595,2.0,1.4333,0.8,0.0875,0.2687,0.45,136.7386,338.3376,35.57,Cooling,20.06,39.0,62.4,26.87
Silver Tempest,182,Magearna V,Ultra Rare,0.037037037037037035,12450.24,0.0011574074074074073,False,False,True,0.537,1.38,0,259,18,62,119,3.0,3.2788,0.99,6.13,1.0599,2.0,2.49,3.0,3.99,4.99,2.99,3.0,3.0,2.5714,2.0667,1.3222,0.0695,0.2394,0.4595,111.3386,247.575,44.72,Stable,38.32,49.67,67.67,23.94
Silver Tempest,183,Regidrago V,Ultra Rare,0.037037037037037035,12450.24,0.0011574074074074073,False,False,True,0.488,1.94,2,238,12,49,104,2.77,3.8147,0.99,10.0,2.7839,1.39,1.99,2.77,5.0,9.0,3.375,2.49,2.41,1.7143,1.6333,1.1556,0.0504,0.2059,0.437,108.5305,198.6596,45.77,Stable,30.79,90.04,27.02,20.59
Silver Tempest,184,Regidrago V,Ultra Rare,0.037037037037037035,12450.24,0.0011574074074074073,False,False,True,0.488,16.09,18,142,9,63,107,35.0,39.1868,11.0,84.97,13.0823,28.0,30.615,35.0,44.9975,59.99,32.63,32.0,34.99,1.2857,2.1,1.1889,0.0634,0.4437,0.7535,40.1237,198.5569,46.24,Stable,36.88,43.26,66.62,44.37
Silver Tempest,185,Lugia V,Ultra Rare,0.037037037037037035,12450.24,0.0011574074074074073,False,False,True,0.752,11.03,20,117,14,39,70,21.75,25.689,12.99,50.0,9.663,16.06,19.0,21.75,30.0,39.994,19.995,20.0,20.365,2.0,1.3,0.7778,0.1197,0.3333,0.5983,53.4951,163.2854,38.89,Cooling,17.64,48.18,62.38,33.33
Silver Tempest,186,Lugia V,Ultra Rare,0.037037037037037035,12450.24,0.0011574074074074073,True,False,True,0.752,348.85,88,261,51,133,203,577.77,573.458,4.25,1350.0,261.6524,40.0,500.0,577.77,676.72,879.99,525.0,550.0,575.0,7.2857,4.4333,2.2556,0.1954,0.5096,0.7778,28.4892,96.6092,51.8,Stable,61.14,41.3,54.37,50.96
Silver Tempest,187,Ho-Oh V,Ultra Rare,0.037037037037037035,12450.24,0.0011574074074074073,False,False,True,0.713,5.32,5,162,13,42,81,9.995,10.6792,4.15,20.38,3.4324,6.99,8.175,9.995,12.865,15.0,9.99,10.99,10.66,1.8571,1.4,0.9,0.0802,0.2593,0.5,90.7145,204.6353,38.38,Cooling,21.68,43.71,67.86,25.93
Silver Tempest,188,Brandon,Ultra Rare,0.037037037037037035,12450.24,0.0011574074074074073,False,False,False,0.0,2.38,1,108,3,25,61,5.0,5.4632,3.0,10.0,1.6313,3.978,4.2325,5.0,6.0,7.654,4.28,4.99,4.99,0.4286,0.8333,0.6778,0.0278,0.2315,0.5648,71.5384,200.117,32.28,Cooling,9.63,35.77,70.14,23.15
Silver Tempest,189,Candice,Ultra Rare,0.037037037037037035,12450.24,0.0011574074074074073,False,False,False,0.0,5.56,6,195,9,49,99,8.0,8.941,3.0,19.88,2.9381,6.0,6.96,8.0,10.0,13.62,8.78,7.81,7.99,1.2857,1.6333,1.1,0.0462,0.2513,0.5077,84.3492,239.4317,45.27,Stable,29.51,59.89,67.14,25.13
Silver Tempest,190,Furisode Girl,Ultra Rare,0.037037037037037035,12450.24,0.0011574074074074073,False,False,False,0.0,3.47,5,160,8,39,67,7.115,7.935,2.0,15.0,2.8586,4.998,5.905,7.115,9.99,12.029,5.99,6.15,6.49,1.1429,1.3,0.7444,0.05,0.2437,0.4188,137.486,308.7238,35.38,Cooling,16.75,42.3,63.97,24.37
Silver Tempest,191,Gym Trainer,Ultra Rare,0.037037037037037035,12450.24,0.0011574074074074073,False,False,False,0.0,1.39,1,297,12,67,139,3.0,3.3191,0.72,6.98,1.2127,1.99,2.49,3.0,3.99,4.99,3.49,2.99,2.99,1.7143,2.2333,1.5444,0.0404,0.2256,0.468,104.0433,237.5064,50.15,Stable,43.09,66.72,63.46,22.56
Silver Tempest,192,Lance,Ultra Rare,0.037037037037037035,12450.24,0.0011574074074074073,False,False,False,0.0,3.75,2,189,9,45,90,6.29,6.8835,0.91,13.0,2.3425,4.498,5.0,6.29,8.5,10.0,5.0,5.85,5.99,1.2857,1.5,1.0,0.0476,0.2381,0.4762,96.3583,221.3296,35.71,Cooling,25.7,33.47,65.97,23.81
Silver Tempest,193,Serena,Ultra Rare,0.037037037037037035,12450.24,0.0011574074074074073,False,False,False,0.0,11.4,16,329,32,81,160,3.99,4.3226,0.99,9.98,1.976,2.49,2.99,3.99,4.99,8.0,4.0,4.0,3.99,4.5714,2.7,1.7778,0.0973,0.2462,0.4863,93.8167,238.7906,45.64,Stable,49.27,50.25,54.29,24.62
Silver Tempest,194,Wallace,Ultra Rare,0.037037037037037035,12450.24,0.0011574074074074073,False,False,False,0.0,4.75,2,109,1,22,50,7.46,8.1934,0.88,15.0,3.0162,5.0,5.99,7.46,9.99,13.084,6.99,7.59,7.355,0.1429,0.7333,0.5556,0.0092,0.2018,0.4587,106.407,242.904,32.09,Cooling,6.34,45.04,63.19,20.18
Silver Tempest,195,Worker,Ultra Rare,0.037037037037037035,12450.24,0.0011574074074074073,False,False,False,0.0,2.46,0,782,59,232,484,1.96,1.8632,0.72,3.96,0.6,0.99,1.49,1.96,1.99,2.5,1.95,1.92,1.99,8.4286,7.7333,5.3778,0.0754,0.2967,0.6189,60.5207,181.7951,59.51,Stable,85.39,47.99,67.8,29.67
Silver Tempest,233,Friends in Galar,Ultra Rare,0.037037037037037035,12450.24,0.0011574074074074073,False,False,False,0.0,0.0,0,168,11,46,86,10.99,11.5154,0.99,22.99,3.9806,7.07,9.885,10.99,13.49,15.993,12.0,11.99,11.99,1.5714,1.5333,0.9556,0.0655,0.2738,0.5119,87.5163,261.3593,41.05,Stable,24.87,50.08,65.43,27.38
Silver Tempest,243,Gordie,Ultra Rare,0.037037037037037035,12450.24,0.0011574074074074073,False,False,False,0.0,0.0,0,7,1,1,2,3.0,3.28,2.0,4.5,0.9057,2.294,2.74,3.0,3.99,4.194,3.99,3.99,3.24,0.1429,0.0333,0.0222,0.1429,0.1429,0.2857,490.942,470.5189,39.34,Cooling,0.21,73.15,72.39,14.29
Silver Tempest,253,Judge,Ultra Rare,0.037037037037037035,12450.24,0.0011574074074074073,False,False,False,0.0,0.0,0,167,16,64,132,9.0,9.7772,4.5,18.99,2.7695,6.996,7.99,9.0,10.99,13.388,7.99,8.46,8.99,2.2857,2.1333,1.4667,0.0958,0.3832,0.7904,44.6605,117.7895,46.07,Stable,41.35,38.88,71.67,38.32
Silver Tempest,263,Professor Burnet,Ultra Rare,0.037037037037037035,12450.24,0.0011574074074074073,False,False,False,0.0,0.0,0,66,3,15,34,5.5,5.6156,1.29,9.99,1.6347,3.99,4.5525,5.5,6.245,7.76,5.98,5.98,5.735,0.4286,0.5,0.3778,0.0455,0.2273,0.5152,81.9536,175.0784,35.62,Cooling,2.05,54.27,70.89,22.73
Silver Tempest,273,Raihan,Ultra Rare,0.037037037037037035,12450.24,0.0011574074074074073,False,False,False,0.0,0.0,0,167,11,50,92,4.5,4.8004,1.99,9.0,1.3925,3.25,3.95,4.5,5.985,6.936,4.75,4.02,4.365,1.5714,1.6667,1.0222,0.0659,0.2994,0.5509,76.4819,248.6141,46.34,Stable,28.37,58.82,70.99,29.94
Silver Tempest,283,Sordward & Shielbert,Ultra Rare,0.037037037037037035,12450.24,0.0011574074074074073,False,False,False,0.0,0.0,0,5,0,0,2,3.0,2.94,2.4,3.3,0.3286,2.64,3.0,3.0,3.0,3.18,0.0,0.0,2.7,0.0,0.0,0.0222,0.0,0.0,0.4,93.8732,99.0856,36.15,Cooling,0.16,61.11,88.82,0.0
Silver Tempest,196,Serperior VSTAR,Secret Rare,0.02,15851.0,0.0009090909090909091,False,False,True,0.685,6.64,2,159,10,39,77,8.99,9.5567,3.0,19.97,3.225,6.41,7.125,8.99,10.99,14.1,9.49,8.99,8.99,1.4286,1.3,0.8556,0.0629,0.2453,0.4843,95.6487,228.5156,40.6,Stable,19.26,55.56,66.25,24.53
Silver Tempest,197,Alolan Vulpix VSTAR,Secret Rare,0.02,15851.0,0.0009090909090909091,False,False,True,0.682,14.62,1,82,9,34,53,29.995,30.2576,17.25,57.25,7.9613,20.027,24.9925,29.995,34.9175,39.99,30.0,29.495,29.99,1.2857,1.1333,0.5889,0.1098,0.4146,0.6463,43.3104,106.4346,41.42,Stable,11.27,50.03,73.69,41.46
Silver Tempest,198,Regieleki VMAX,Secret Rare,0.02,15851.0,0.0009090909090909091,False,False,True,0.5,6.76,1,128,6,26,68,9.03,9.3081,2.0,19.08,2.9148,6.0,7.6975,9.03,10.01,12.39,3.25,8.145,8.99,0.8571,0.8667,0.7556,0.0469,0.2031,0.5312,85.5479,189.2545,21.32,Illiquid,11.75,0.0,68.69,20.31
Silver Tempest,199,Unown VSTAR,Secret Rare,0.02,15851.0,0.0009090909090909091,False,False,True,0.502,7.62,7,91,5,25,44,12.0,12.7871,5.55,25.0,4.4817,7.5,9.99,12.0,14.995,18.99,12.99,12.99,12.99,0.7143,0.8333,0.4889,0.0549,0.2747,0.4835,99.7459,312.2218,35.22,Cooling,5.8,50.0,64.95,27.47
Silver Tempest,200,Mawile VSTAR,Secret Rare,0.02,15851.0,0.0009090909090909091,False,False,True,0.624,6.54,1,163,10,34,66,8.29,8.7705,3.0,17.4,2.5396,6.0,7.055,8.29,9.99,12.2,9.0,8.75,8.95,1.4286,1.1333,0.7333,0.0613,0.2086,0.4049,141.7011,277.6379,37.88,Cooling,14.42,50.56,71.04,20.86
Silver Tempest,201,Regidrago VSTAR,Secret Rare,0.02,15851.0,0.0009090909090909091,False,False,True,0.488,5.82,0,140,8,30,57,10.0,11.2194,5.0,20.45,3.8364,7.441,8.2825,10.0,14.0,17.801,9.645,9.42,9.0,1.1429,1.0,0.6333,0.0571,0.2143,0.4071,130.4318,255.0032,37.79,Cooling,10.66,57.17,65.81,21.43
Silver Tempest,202,Lugia VSTAR,Secret Rare,0.02,15851.0,0.0009090909090909091,False,False,True,0.752,26.53,25,88,13,35,58,48.745,51.7449,12.99,100.0,18.1702,35.0,40.0,48.745,58.2575,79.99,42.0,42.04,44.97,1.8571,1.1667,0.6444,0.1477,0.3977,0.6591,43.0929,214.436,37.76,Cooling,12.69,43.4,64.89,39.77
Silver Tempest,203,Brandon,Secret Rare,0.02,15851.0,0.0009090909090909091,False,False,False,0.0,3.6,4,267,44,128,217,35.0,34.8929,4.0,88.0,15.7098,15.0,24.995,35.0,42.39,50.0,32.0,34.99,35.0,6.2857,4.2667,2.4111,0.1648,0.4794,0.8127,31.3405,129.3741,51.5,Stable,61.64,41.43,54.98,47.94
Silver Tempest,204,Candice,Secret Rare,0.02,15851.0,0.0009090909090909091,False,False,False,0.0,4.18,1,139,10,26,59,7.35,8.1619,3.5,15.95,2.7357,5.432,6.07,7.35,9.99,12.198,6.74,6.755,6.99,1.4286,0.8667,0.6556,0.0719,0.1871,0.4245,148.8348,298.4811,33.81,Cooling,9.47,46.42,66.48,18.71
Silver Tempest,205,Furisode Girl,Secret Rare,0.02,15851.0,0.0009090909090909091,False,False,False,0.0,5.34,4,116,3,22,55,9.23,9.9084,4.99,20.0,3.159,6.145,7.7425,9.23,12.0,14.715,8.75,9.375,8.49,0.4286,0.7333,0.6111,0.0259,0.1897,0.4741,106.6588,292.6729,35.53,Cooling,7.3,53.06,68.12,18.97
Silver Tempest,206,Lance,Secret Rare,0.02,15851.0,0.0009090909090909091,False,False,False,0.0,3.91,1,113,6,30,59,6.99,7.4896,3.44,13.62,2.5166,4.99,5.85,6.99,8.7,11.792,5.495,6.43,6.5,0.8571,1.0,0.6556,0.0531,0.2655,0.5221,83.3172,157.9365,32.34,Cooling,11.3,34.54,66.4,26.55
Silver Tempest,207,Serena,Secret Rare,0.02,15851.0,0.0009090909090909091,False,False,False,0.0,6.66,5,89,4,26,63,19.0,19.5907,4.99,38.5,5.0431,15.0,16.99,19.0,20.0,24.992,19.265,18.74,19.0,0.5714,0.8667,0.7,0.0449,0.2921,0.7079,56.3107,75.2801,39.19,Cooling,10.27,51.39,74.26,29.21
Silver Tempest,208,Wallace,Secret Rare,0.02,15851.0,0.0009090909090909091,False,False,False,0.0,3.48,2,142,5,26,68,6.145,6.5166,3.07,12.0,1.9301,4.5,5.0,6.145,7.425,9.913,7.0,6.51,6.49,0.7143,0.8667,0.7556,0.0352,0.1831,0.4789,105.2528,222.0355,38.62,Cooling,11.75,57.86,70.38,18.31
Silver Tempest,209,Worker,Secret Rare,0.02,15851.0,0.0009090909090909091,False,False,False,0.0,4.03,3,138,6,26,59,5.99,6.465,2.53,11.99,2.0948,4.229,4.99,5.99,7.8875,9.99,5.49,4.99,5.99,0.8571,0.8667,0.6556,0.0435,0.1884,0.4275,151.3792,260.9668,32.62,Cooling,9.47,41.65,67.6,18.84
Silver Tempest,210,Serperior VSTAR,Secret Rare,0.02,15851.0,0.0009090909090909091,False,False,True,0.685,4.54,3,238,13,55,105,7.425,7.966,2.99,15.99,2.4003,5.334,6.2525,7.425,8.99,10.962,7.99,7.7,7.7,1.8571,1.8333,1.1667,0.0546,0.2311,0.4412,107.6589,280.3403,44.84,Stable,33.71,53.77,69.87,23.11
Silver Tempest,211,Lugia VSTAR,Secret Rare,0.02,15851.0,0.0009090909090909091,False,False,True,0.752,15.18,29,168,12,47,98,30.25,34.8789,10.0,71.79,11.2587,24.99,27.0,30.25,39.9925,50.0,28.62,30.0,30.0,1.7143,1.5667,1.0889,0.0714,0.2798,0.5833,70.262,201.8177,41.34,Stable,28.59,45.4,67.72,27.98
Silver Tempest,212,Energy Switch,Secret Rare,0.02,15851.0,0.0009090909090909091,False,False,False,0.0,4.68,0,172,17,67,125,9.005,9.8752,3.25,19.0,3.0383,6.53,7.9275,9.005,11.99,13.986,7.5,8.5,8.99,2.4286,2.2333,1.3889,0.0988,0.3895,0.7267,49.1495,127.4536,43.99,Stable,41.08,33.43,69.23,38.95
Silver Tempest,213,Gapejaw Bog,Secret Rare,0.02,15851.0,0.0009090909090909091,False,False,False,0.0,1.97,1,544,24,100,239,4.915,4.9951,1.2,10.0,1.7776,3.173,3.99,4.915,5.99,7.497,4.89,4.97,4.76,3.4286,3.3333,2.6556,0.0441,0.1838,0.4393,109.5721,256.6144,50.0,Stable,58.74,52.73,64.41,18.38
Silver Tempest,214,Leafy Camo Poncho,Secret Rare,0.02,15851.0,0.0009090909090909091,False,False,False,0.0,1.64,1,361,8,44,129,3.65,3.7523,0.99,7.83,1.328,2.1,2.59,3.65,4.75,5.45,3.375,2.785,3.44,1.1429,1.4667,1.4333,0.0222,0.1219,0.3573,164.5473,301.5874,39.64,Cooling,32.84,48.11,64.61,12.19
Silver Tempest,215,V Guard Energy,Secret Rare,0.02,15851.0,0.0009090909090909091,False,False,False,0.0,1.54,1,318,15,53,130,3.49,3.6677,1.0,7.5,1.2453,2.149,2.9125,3.49,4.35,5.199,3.43,3.26,3.12,2.1429,1.7667,1.4444,0.0472,0.1667,0.4088,116.9585,254.0878,45.6,Stable,36.92,59.94,66.05,16.67
Silver Tempest,293,Rayquaza VMAX,Secret Rare,0.02,15851.0,0.0009090909090909091,False,False,True,0.764,0.0,0,61,10,31,54,39.0,40.6602,14.0,80.0,12.9689,28.0,33.0,39.0,46.15,55.25,33.475,35.0,35.0,1.4286,1.0333,0.6,0.1639,0.5082,0.8852,28.716,57.3581,40.68,Stable,10.68,45.64,68.1,50.82
Silver Tempest,303,Duraludon VMAX,Secret Rare,0.02,15851.0,0.0009090909090909091,False,False,True,0.423,0.0,0,531,22,99,237,4.89,5.0028,1.2,10.0,1.7677,3.25,3.99,4.89,5.99,7.5,4.645,4.79,4.75,3.1429,3.3,2.6333,0.0414,0.1864,0.4463,105.7461,256.4249,48.53,Stable,58.44,47.79,64.67,18.64
Crown Zenith,013,Leafeon V,Holo Rare V,0.1,6572.8,0.0038461538461538464,False,False,True,0.7509999999999999,1.26,5,645,40,133,277,2.99,3.1694,0.99,6.0,1.0901,1.99,2.25,2.99,3.99,4.986,2.99,3.0,3.29,5.7143,4.4333,3.0778,0.062,0.2062,0.4295,115.8345,246.019,49.24,Stable,65.77,40.88,65.61,20.62
Crown Zenith,018,Charizard V,Holo Rare V,0.1,6572.8,0.0038461538461538464,False,False,True,0.675,3.26,26,412,38,119,278,9.99,10.1342,1.99,20.0,3.6516,5.99,7.99,9.99,11.99,14.99,9.99,9.39,9.99,5.4286,3.9667,3.0889,0.0922,0.2888,0.6748,61.7138,156.9565,52.77,Stable,64.01,50.0,63.97,28.88
Crown Zenith,022,Simisear V,Holo Rare V,0.1,6572.8,0.0038461538461538464,False,False,True,0.299,0.64,0,781,28,138,329,1.99,2.1423,0.72,4.0,0.7474,1.05,1.57,1.99,2.67,3.0,2.11,1.995,1.99,4.0,4.6,3.6556,0.0359,0.1767,0.4213,124.7793,273.0772,53.97,Stable,68.69,56.03,65.11,17.67
Crown Zenith,037,Kyogre V,Holo Rare V,0.1,6572.8,0.0038461538461538464,False,False,True,0.7490000000000001,0.78,16,929,56,227,469,1.99,2.1157,0.99,4.0,0.713,1.0,1.59,1.99,2.49,2.99,2.125,2.25,2.09,8.0,7.5667,5.2111,0.0603,0.2443,0.5048,87.7866,169.1901,58.92,Stable,84.25,51.67,66.3,24.43
Crown Zenith,038,Glaceon V,Holo Rare V,0.1,6572.8,0.0038461538461538464,False,False,True,0.721,1.35,8,609,46,160,300,2.99,3.2974,0.99,6.0,1.1163,1.99,2.46,2.99,4.0,4.99,3.91,3.81,3.49,6.5714,5.3333,3.3333,0.0755,0.2627,0.4926,90.6282,215.6348,58.08,Stable,69.97,62.03,66.15,26.27
Crown Zenith,045,Rotom V,Holo Rare V,0.1,6572.8,0.0038461538461538464,False,False,True,0.691,0.73,0,898,37,166,379,2.0,2.2529,0.72,4.35,0.7918,1.25,1.75,2.0,2.89,3.25,2.49,1.995,2.0,5.2857,5.5333,4.2111,0.0412,0.1849,0.422,117.1714,197.3393,61.43,Rising,74.69,74.5,64.85,18.49
Crown Zenith,053,Zeraora V,Holo Rare V,0.1,6572.8,0.0038461538461538464,False,False,True,0.591,0.69,0,842,37,176,357,2.07,2.2876,0.98,4.5,0.7892,1.25,1.75,2.07,2.99,3.26,1.99,1.99,2.08,5.2857,5.8667,3.9667,0.0439,0.209,0.424,123.1914,260.661,53.36,Stable,74.6,45.67,65.5,20.9
Crown Zenith,060,Mew V,Holo Rare V,0.1,6572.8,0.0038461538461538464,False,False,True,0.7609999999999999,2.01,15,328,52,126,240,8.31,8.3593,1.88,16.99,2.7726,4.99,6.99,8.31,9.99,11.941,7.99,8.0,8.495,7.4286,4.2,2.6667,0.1585,0.3841,0.7317,43.4473,108.3412,53.19,Stable,63.08,44.06,66.83,38.41
Crown Zenith,065,Hatterene V,Holo Rare V,0.1,6572.8,0.0038461538461538464,False,False,True,0.575,0.68,1,805,31,160,354,2.04,2.2524,0.72,4.43,0.7842,1.25,1.71,2.04,2.92,3.0,2.25,2.325,2.41,4.4286,5.3333,3.9333,0.0385,0.1988,0.4398,117.4269,270.9486,51.76,Stable,72.48,43.36,65.18,19.88
Crown Zenith,095,Zacian V,Holo Rare V,0.1,6572.8,0.0038461538461538464,False,False,True,0.606,0.71,0,931,39,190,441,2.0,2.1758,0.72,4.0,0.7414,1.14,1.69,2.0,2.705,3.0,2.0,1.99,2.0,5.5714,6.3333,4.9,0.0419,0.2041,0.4737,99.8504,207.9048,56.41,Stable,80.49,50.0,65.93,20.41
Crown Zenith,098,Zamazenta V,Holo Rare V,0.1,6572.8,0.0038461538461538464,False,False,True,0.56,0.69,3,906,41,182,395,2.0,2.2578,0.72,4.26,0.7855,1.25,1.75,2.0,2.99,3.0,2.49,2.14,2.04,5.8571,6.0667,4.3889,0.0453,0.2009,0.436,113.6648,248.2312,61.9,Rising,77.41,72.06,65.21,20.09
Crown Zenith,100,Rayquaza V,Holo Rare V,0.1,6572.8,0.0038461538461538464,False,False,True,0.764,0.77,50,879,65,243,490,2.99,2.9824,0.99,5.97,1.0166,1.888,2.0,2.99,3.5,4.49,3.0,2.99,2.99,9.2857,8.1,5.4444,0.0739,0.2765,0.5575,71.8427,162.0565,59.74,Stable,86.42,50.33,65.91,27.65
Crown Zenith,103,Duraludon V,Holo Rare V,0.1,6572.8,0.0038461538461538464,False,False,True,0.423,0.71,0,875,37,165,346,2.0,2.1853,0.72,4.18,0.7581,1.184,1.63,2.0,2.79,3.0,2.0,2.0,1.99,5.2857,5.5,3.8444,0.0423,0.1886,0.3954,135.1764,270.2895,53.72,Stable,72.46,50.5,65.31,18.86
Crown Zenith,108,Eevee V,Holo Rare V,0.1,6572.8,0.0038461538461538464,False,False,True,0.768,3.22,11,328,42,142,256,9.99,9.7595,1.99,19.98,2.8017,6.232,8.0,9.99,11.015,12.99,9.76,9.49,9.99,6.0,4.7333,2.8444,0.128,0.4329,0.7805,35.161,96.8914,57.02,Stable,65.97,47.7,71.29,43.29
Crown Zenith,113,Regigigas V,Holo Rare V,0.1,6572.8,0.0038461538461538464,False,False,True,0.589,0.76,3,896,47,179,374,2.095,2.2581,0.73,4.45,0.7736,1.13,1.75,2.095,2.95,3.0,2.0,2.0,2.17,6.7143,5.9667,4.1556,0.0525,0.1998,0.4174,121.5854,274.8142,52.61,Stable,76.04,42.17,65.74,19.98
Crown Zenith,116,Stoutland V,Holo Rare V,0.1,6572.8,0.0038461538461538464,False,False,True,0.508,0.71,0,937,41,167,368,1.99,2.1004,0.72,4.0,0.7378,1.0,1.5,1.99,2.5,2.99,1.99,1.99,1.99,5.8571,5.5667,4.0889,0.0438,0.1782,0.3927,132.2299,287.399,53.8,Stable,74.19,50.0,64.87,17.82
Crown Zenith,120,Greedent V,Holo Rare V,0.1,6572.8,0.0038461538461538464,False,False,True,0.32,0.75,1,835,39,155,332,1.99,2.1572,0.72,4.18,0.8071,1.0,1.5,1.99,2.785,3.0,2.1,2.17,2.165,5.5714,5.1667,3.6889,0.0467,0.1856,0.3976,141.9517,291.8341,51.49,Stable,70.54,47.0,62.59,18.56
Crown Zenith,367,Entei V,Holo Rare V,0.1,6572.8,0.0038461538461538464,False,False,True,0.652,0.0,0,447,43,123,279,1.99,2.0215,0.99,4.0,0.5829,1.25,1.79,1.99,2.19,2.798,1.99,1.99,1.99,6.1429,4.1,3.1,0.0962,0.2752,0.6242,63.6493,158.289,54.11,Stable,64.58,50.0,71.16,27.52
Crown Zenith,387,Suicune V,Holo Rare V,0.1,6572.8,0.0038461538461538464,False,False,True,0.7290000000000001,0.0,0,249,28,98,216,70.0,73.1484,14.0,129.0,15.3977,59.988,64.99,70.0,80.0,90.0,65.0,65.0,70.0,4.0,3.2667,2.4,0.1124,0.3936,0.8675,37.8195,55.3767,53.53,Stable,56.71,42.86,78.95,39.36
Crown Zenith,397,Lumineon V,Holo Rare V,0.1,6572.8,0.0038461538461538464,False,False,True,0.406,0.0,0,117,20,57,88,28.0,29.1364,16.0,56.0,7.0055,22.0,25.0,28.0,31.43,35.0,25.5,27.0,26.995,2.8571,1.9,0.9778,0.1709,0.4872,0.7521,31.7796,100.1181,47.35,Stable,30.24,44.46,75.96,48.72
Crown Zenith,417,Raikou V,Holo Rare V,0.1,6572.8,0.0038461538461538464,False,False,True,0.652,0.0,0,204,33,84,173,54.95,56.1871,11.0,107.0,12.5655,45.0,48.9975,54.95,60.0,73.493,49.95,49.99,51.99,4.7143,2.8,1.9222,0.1618,0.4118,0.848,36.4715,57.914,52.96,Stable,51.26,46.08,77.64,41.18
Crown Zenith,487,Zacian V,Holo Rare V,0.1,6572.8,0.0038461538461538464,False,False,True,0.606,0.0,0,856,83,263,544,1.99,2.0553,0.99,3.95,0.6099,1.135,1.75,1.99,2.49,2.99,1.99,1.99,1.99,11.8571,8.7667,6.0444,0.097,0.3072,0.6355,54.942,123.736,62.4,Rising,90.62,50.0,70.33,30.72
Crown Zenith,497,Drapion V,Holo Rare V,0.1,6572.8,0.0038461538461538464,False,False,True,0.44,0.0,0,99,12,41,79,14.0,14.3878,8.99,25.0,3.6567,10.0,12.0,14.0,15.99,19.992,13.0,13.0,13.0,1.7143,1.3667,0.8778,0.1212,0.4141,0.798,41.2098,130.5972,44.44,Stable,20.79,50.0,74.58,41.41
Crown Zenith,517,Hisuian Samurott V,Holo Rare V,0.1,6572.8,0.0038461538461538464,False,False,True,0.655,0.0,0,307,34,110,208,17.99,18.0986,1.75,35.0,5.4718,12.0,14.99,17.99,20.0,25.224,16.75,18.0,18.0,4.8571,3.6667,2.3111,0.1107,0.3583,0.6775,56.7572,142.9712,51.52,Stable,58.28,43.06,69.77,35.83
Crown Zenith,537,Hoopa V,Holo Rare V,0.1,6572.8,0.0038461538461538464,False,False,True,0.49,0.0,0,0,0,0,0,0.0,0.0,0.0,0.0,0.0,0.0,0.0,0.0,0.0,0.0,0.0,0.0,0.0,0.0,0.0,0.0,0.0,0.0,0.0,0.0,0.0,0.0,No Data,0.0,50.0,0.0,0.0
Crown Zenith,547,Zamazenta V,Holo Rare V,0.1,6572.8,0.0038461538461538464,False,False,True,0.56,0.0,0,842,87,264,526,1.99,2.1348,0.99,4.0,0.668,1.25,1.79,1.99,2.49,2.99,1.99,1.99,1.99,12.4286,8.8,5.8444,0.1033,0.3135,0.6247,57.8779,127.7966,61.98,Rising,89.89,50.0,68.71,31.35
Crown Zenith,014,Leafeon VSTAR,Holo Rare VSTAR,0.041666666666666664,10920.960000000001,0.0023148148148148147,False,False,True,0.7509999999999999,2.35,5,398,26,98,189,4.4,4.5398,0.99,9.95,1.4082,2.99,3.5,4.4,5.0,6.0,4.65,4.745,4.89,3.7143,3.2667,2.1,0.0653,0.2462,0.4749,101.4977,245.2035,48.59,Stable,54.47,45.09,68.98,24.62
Crown Zenith,019,Charizard VSTAR,Holo Rare VSTAR,0.041666666666666664,10920.960000000001,0.0023148148148148147,False,False,True,0.675,5.8,17,426,29,134,276,12.99,13.6562,4.99,29.97,4.0159,9.99,11.0,12.99,15.0,19.66,12.99,12.995,13.0,4.1429,4.4667,3.0667,0.0681,0.3146,0.6479,60.5522,172.8749,55.15,Stable,65.88,49.92,70.59,31.46
Crown Zenith,023,Simisear VSTAR,Holo Rare VSTAR,0.041666666666666664,10920.960000000001,0.0023148148148148147,False,False,True,0.299,1.06,3,781,28,140,295,2.29,2.4096,0.72,4.97,0.8545,1.33,1.75,2.29,2.99,3.51,2.935,2.095,2.49,4.0,4.6667,3.2778,0.0359,0.1793,0.3777,142.6103,279.0785,57.13,Stable,67.59,67.87,64.54,17.93
Crown Zenith,046,Rotom VSTAR,Holo Rare VSTAR,0.041666666666666664,10920.960000000001,0.0023148148148148147,False,False,True,0.691,1.0,0,765,34,144,296,2.5,2.6194,0.72,5.56,0.9529,1.5,1.99,2.5,3.0,3.99,2.99,2.495,2.645,4.8571,4.8,3.2889,0.0444,0.1882,0.3869,141.9517,267.3863,55.79,Stable,67.96,63.04,63.62,18.82
Crown Zenith,055,Zeraora VSTAR,Holo Rare VSTAR,0.041666666666666664,10920.960000000001,0.0023148148148148147,False,False,True,0.591,1.31,3,397,26,73,184,2.99,3.1175,0.99,6.0,0.9908,1.99,2.37,2.99,3.63,4.512,2.99,2.99,2.99,3.7143,2.4333,2.0444,0.0655,0.1839,0.4635,107.4787,247.0179,47.14,Stable,49.38,50.0,68.22,18.39
Crown Zenith,096,Zacian VSTAR,Holo Rare VSTAR,0.041666666666666664,10920.960000000001,0.0023148148148148147,False,False,True,0.606,1.2,8,592,35,117,273,2.99,3.0223,0.99,6.0,1.0011,1.99,2.15,2.99,3.62,4.171,2.99,2.99,2.99,5.0,3.9,3.0333,0.0591,0.1976,0.4611,99.3804,248.3948,51.33,Stable,63.33,50.0,66.88,19.76
Crown Zenith,099,Zamazenta VSTAR,Holo Rare VSTAR,0.041666666666666664,10920.960000000001,0.0023148148148148147,False,False,True,0.56,1.14,4,661,34,117,268,2.79,2.8067,0.99,5.79,0.9543,1.7,2.0,2.79,3.39,3.99,2.955,2.5,2.99,4.8571,3.9,2.9778,0.0514,0.177,0.4054,128.6748,267.053,50.31,Stable,63.08,48.83,66.0,17.7
Crown Zenith,114,Regigigas VSTAR,Holo Rare VSTAR,0.041666666666666664,10920.960000000001,0.0023148148148148147,False,False,True,0.589,1.16,4,672,25,134,276,2.75,2.7718,0.91,5.95,0.9825,1.5,1.99,2.75,3.32,4.0,2.99,2.49,2.77,3.5714,4.4667,3.0667,0.0372,0.1994,0.4107,121.9798,289.1215,54.05,Stable,65.88,57.94,64.55,19.94
Crown Zenith,357,Leafeon VSTAR,Holo Rare VSTAR,0.041666666666666664,10920.960000000001,0.0023148148148148147,False,False,True,0.7509999999999999,0.0,0,434,32,107,210,3.99,4.0663,1.0,9.0,1.4609,2.25,2.99,3.99,4.99,5.99,3.995,4.0,4.0,4.5714,3.5667,2.3333,0.0737,0.2465,0.4839,95.7502,205.6645,50.07,Stable,57.87,49.88,64.07,24.65
Crown Zenith,377,Simisear VSTAR,Holo Rare VSTAR,0.041666666666666664,10920.960000000001,0.0023148148148148147,False,False,True,0.299,0.0,0,827,37,163,361,2.12,2.3136,0.99,4.79,0.8083,1.276,1.69,2.12,2.99,3.32,2.25,2.0,2.2,5.2857,5.4333,4.0111,0.0447,0.1971,0.4365,112.3698,230.6305,54.62,Stable,73.28,52.27,65.06,19.71
Crown Zenith,407,Glaceon VSTAR,Holo Rare VSTAR,0.041666666666666664,10920.960000000001,0.0023148148148148147,False,False,True,0.721,0.0,0,317,30,110,209,65.0,45.567,1.0,137.0,38.0281,2.0,3.0,65.0,75.99,88.4,69.99,70.0,70.0,4.2857,3.6667,2.3222,0.0946,0.347,0.6593,52.3504,128.0032,42.77,Stable,58.42,49.99,16.54,34.7
Crown Zenith,437,Zeraora VSTAR,Holo Rare VSTAR,0.041666666666666664,10920.960000000001,0.0023148148148148147,False,False,True,0.591,0.0,0,776,65,228,492,2.22,2.4575,0.99,5.49,0.9428,1.43,1.89,2.22,2.99,3.99,1.99,1.99,2.0,9.2857,7.6,5.4667,0.0838,0.2938,0.634,64.4168,131.5396,58.66,Stable,85.37,49.5,61.64,29.38
Crown Zenith,447,Mewtwo VSTAR,Holo Rare VSTAR,0.041666666666666664,10920.960000000001,0.0023148148148148147,False,False,True,0.747,0.0,0,150,30,71,125,300.0,272.6487,3.88,590.0,125.0043,25.0,266.0,300.0,325.0,374.99,300.0,299.99,300.0,4.2857,2.3667,1.3889,0.2,0.4733,0.8333,35.3774,55.3305,48.09,Stable,42.63,50.0,54.15,47.33
Crown Zenith,467,Deoxys VSTAR,Holo Rare VSTAR,0.041666666666666664,10920.960000000001,0.0023148148148148147,False,False,True,0.655,0.0,0,515,87,258,449,59.99,53.5449,0.99,120.0,26.2159,19.99,25.0,59.99,73.42,85.0,55.0,55.0,59.99,12.4286,8.6,4.9889,0.1689,0.501,0.8718,29.7899,56.3481,58.6,Stable,86.22,41.68,51.04,50.1
Crown Zenith,507,Darkrai VSTAR,Holo Rare VSTAR,0.041666666666666664,10920.960000000001,0.0023148148148148147,False,False,True,0.726,0.0,0,243,33,134,231,105.0,108.6132,12.0,190.0,19.6393,95.0,99.99,105.0,119.99,129.99,99.99,100.0,105.0,4.7143,4.4667,2.5667,0.1358,0.5514,0.9506,26.5487,36.3807,60.05,Rising,63.56,45.23,81.92,55.14
Crown Zenith,527,Hisuian Samurott VSTAR,Holo Rare VSTAR,0.041666666666666664,10920.960000000001,0.0023148148148148147,False,False,True,0.655,0.0,0,303,35,109,209,17.5,17.8823,1.75,35.0,5.6967,11.99,14.97,17.5,20.0,25.0,17.0,18.0,18.0,5.0,3.6333,2.3222,0.1155,0.3597,0.6898,55.5296,137.2217,51.61,Stable,58.19,44.44,68.14,35.97
Crown Zenith,557,Regigigas VSTAR,Holo Rare VSTAR,0.041666666666666664,10920.960000000001,0.0023148148148148147,False,False,True,0.589,0.0,0,799,31,160,350,2.49,2.5059,0.99,5.5,0.9174,1.428,1.99,2.49,2.99,3.95,2.79,2.49,2.49,4.4286,5.3333,3.8889,0.0388,0.2003,0.438,102.602,242.9624,56.95,Stable,72.16,62.05,63.39,20.03
Crown Zenith,567,Hisuian Zoroark VSTAR,Holo Rare VSTAR,0.041666666666666664,10920.960000000001,0.0023148148148148147,False,False,True,0.725,0.0,0,163,35,83,139,51.99,53.3747,4.0,100.0,13.0886,44.99,49.99,51.99,58.995,67.998,50.0,51.99,52.0,5.0,2.7667,1.5444,0.2147,0.5092,0.8528,28.6371,58.9072,53.4,Stable,47.58,46.15,75.48,50.92
Crown Zenith,054,Zeraora VMAX,Holo Rare VMAX,0.013888888888888888,14561.28,0.001736111111111111,False,False,True,0.591,1.63,5,462,36,100,215,3.99,4.1069,1.0,7.99,1.3538,2.5,2.99,3.99,4.99,5.99,4.87,4.49,4.33,5.1429,3.3333,2.3889,0.0779,0.2165,0.4654,106.4724,254.4195,53.58,Stable,57.01,62.47,67.04,21.65
Crown Zenith,066,Hatterene VMAX,Holo Rare VMAX,0.013888888888888888,14561.28,0.001736111111111111,False,False,True,0.575,1.62,1,655,30,121,267,2.99,2.9613,0.99,5.98,0.9748,1.9,2.09,2.99,3.55,4.044,2.99,2.99,2.99,4.2857,4.0333,2.9667,0.0458,0.1847,0.4076,121.8017,260.0213,51.22,Stable,63.69,50.0,67.08,18.47
Crown Zenith,101,Rayquaza VMAX,Holo Rare VMAX,0.013888888888888888,14561.28,0.001736111111111111,False,False,True,0.764,4.9,12,172,33,83,135,14.99,14.8367,1.99,30.0,5.1663,9.491,10.875,14.99,18.0,20.405,13.99,13.99,14.95,4.7143,2.7667,1.5,0.1919,0.4826,0.7849,31.4007,113.4081,49.89,Stable,47.08,43.58,65.18,48.26
Crown Zenith,102,Rayquaza VMAX,Holo Rare VMAX,0.013888888888888888,14561.28,0.001736111111111111,False,False,True,0.764,4.56,16,167,30,79,138,16.59,17.4466,1.99,39.0,6.3249,10.0,13.99,16.59,19.99,24.994,15.0,16.0,16.695,4.2857,2.6333,1.5333,0.1796,0.4731,0.8263,32.9492,85.8392,48.1,Stable,46.44,39.85,63.75,47.31
Crown Zenith,104,Duraludon VMAX,Holo Rare VMAX,0.013888888888888888,14561.28,0.001736111111111111,False,False,True,0.423,1.53,4,762,27,133,308,2.73,2.7649,0.99,5.79,0.9599,1.691,1.99,2.73,3.3475,3.99,2.0,2.5,2.715,3.8571,4.4333,3.4222,0.0354,0.1745,0.4042,137.4702,277.1838,43.79,Stable,67.16,23.66,65.28,17.45
Crown Zenith,427,Zeraora VMAX,Holo Rare VMAX,0.013888888888888888,14561.28,0.001736111111111111,False,False,True,0.591,0.0,0,678,44,143,325,2.99,3.2617,0.99,7.98,1.4758,1.59,2.0,2.99,4.0,5.0,3.87,3.0,2.99,6.2857,4.7667,3.6111,0.0649,0.2109,0.4794,96.8331,218.3265,59.69,Stable,68.96,79.43,54.75,21.09
Crown Zenith,457,Deoxys VMAX,Holo Rare VMAX,0.013888888888888888,14561.28,0.001736111111111111,False,False,True,0.655,0.0,0,317,48,152,277,69.99,66.019,12.0,130.0,24.6607,24.99,55.0,69.99,80.0,91.99,69.99,66.58,69.95,6.8571,5.0667,3.0778,0.1514,0.4795,0.8738,32.5243,58.4659,57.52,Stable,67.96,50.06,62.65,47.95
Crown Zenith,477,Hatterene VMAX,Holo Rare VMAX,0.013888888888888888,14561.28,0.001736111111111111,False,False,True,0.575,0.0,0,732,33,125,286,2.95,2.8674,0.99,6.0,1.1166,1.502,1.99,2.95,3.5,4.485,2.99,2.89,2.99,4.7143,4.1667,3.1778,0.0451,0.1708,0.3907,132.6018,256.5738,50.17,Stable,65.15,50.0,61.06,17.08
Crown Zenith,020,Radiant Charizard,Radiant Rare,0.030303030303030304,2502.72,0.010101010101010102,False,False,True,0.675,5.66,103,713,78,276,560,15.99,17.4575,1.99,37.02,5.6026,12.774,13.99,15.99,19.99,24.99,15.0,15.0,15.715,11.1429,9.2,6.2222,0.1094,0.3871,0.7854,44.4304,105.0292,62.61,Rising,92.17,45.45,67.91,38.71
Crown Zenith,051,Radiant Charjabug,Radiant Rare,0.030303030303030304,2502.72,0.010101010101010102,False,False,True,0.456,0.43,0,930,42,228,473,1.99,1.9609,0.72,3.95,0.6107,1.0,1.5,1.99,2.49,2.95,1.99,1.99,1.99,6.0,7.6,5.2556,0.0452,0.2452,0.5086,87.5177,221.9149,59.07,Stable,84.66,50.0,68.86,24.52
Crown Zenith,105,Radiant Eternatus,Radiant Rare,0.030303030303030304,2502.72,0.010101010101010102,False,False,True,0.506,0.56,0,910,73,260,478,2.0,2.2512,0.73,4.5,0.7363,1.29,1.79,2.0,2.79,3.0,1.99,2.0,2.25,10.4286,8.6667,5.3111,0.0802,0.2857,0.5253,79.486,198.4945,56.95,Stable,87.49,38.44,67.29,28.57
Crown Zenith,147,Elesa's Sparkle,Ultra Rare,0.034482758620689655,16861.760000000002,0.0014992503748125937,False,False,False,0.0,12.67,8,225,16,67,115,19.0,20.7849,1.14,40.0,6.563,15.0,16.0,19.0,24.95,30.0,17.995,17.99,18.0,2.2857,2.2333,1.2778,0.0711,0.2978,0.5111,86.572,204.9772,46.5,Stable,39.55,49.97,68.42,29.78
Crown Zenith,148,Friends in Hisui,Ultra Rare,0.034482758620689655,16861.760000000002,0.0014992503748125937,False,False,False,0.0,5.2,1,261,17,74,137,8.0,8.7522,2.0,18.0,2.8228,5.99,6.99,8.0,9.99,12.27,7.99,8.22,8.49,2.4286,2.4667,1.5222,0.0651,0.2835,0.5249,82.9685,234.9873,46.0,Stable,45.16,44.11,67.75,28.35
Crown Zenith,149,Friends in Sinnoh,Ultra Rare,0.034482758620689655,16861.760000000002,0.0014992503748125937,False,False,False,0.0,5.95,0,244,17,65,133,10.6,11.5272,3.0,22.4,3.7776,7.99,9.045,10.6,12.99,17.706,10.99,10.99,10.86,2.4286,2.1667,1.4778,0.0697,0.2664,0.5451,75.0442,238.2138,46.66,Stable,41.76,51.2,67.23,26.64
Crown Zenith,150,Professor's Research,Ultra Rare,0.034482758620689655,16861.760000000002,0.0014992503748125937,False,False,False,0.0,2.35,1,402,20,73,166,3.415,3.5862,1.49,7.0,1.1055,2.49,2.79,3.415,4.0,5.0,3.315,3.0,3.0,2.8571,2.4333,1.8444,0.0498,0.1816,0.4129,122.6263,269.6532,50.03,Stable,48.06,60.5,69.17,18.16
Crown Zenith,151,Volo,Ultra Rare,0.034482758620689655,16861.760000000002,0.0014992503748125937,False,False,False,0.0,1.61,3,432,25,81,175,3.0,3.2919,1.0,6.29,1.0437,2.0,2.49,3.0,3.99,4.99,2.99,2.99,2.99,3.5714,2.7,1.9444,0.0579,0.1875,0.4051,117.0645,267.8422,47.59,Stable,50.62,50.0,68.29,18.75
Crown Zenith,152,Grass Energy,Ultra Rare,0.034482758620689655,16861.760000000002,0.0014992503748125937,False,False,False,0.0,2.26,0,151,13,49,96,4.23,4.3554,0.99,9.0,1.8129,1.99,3.33,4.23,5.34,6.52,4.11,4.35,4.485,1.8571,1.6333,1.0667,0.0861,0.3245,0.6358,56.3959,197.601,39.36,Cooling,29.01,41.64,58.38,32.45
Crown Zenith,153,Fire Energy,Ultra Rare,0.034482758620689655,16861.760000000002,0.0014992503748125937,False,False,False,0.0,2.6,1,163,14,45,87,4.99,4.5046,0.99,9.53,1.8495,1.83,3.5,4.99,5.47,6.918,4.99,4.99,4.99,2.0,1.5,0.9667,0.0859,0.2761,0.5337,72.9044,216.0075,39.79,Cooling,24.94,50.0,58.94,27.61
Crown Zenith,154,Water Energy,Ultra Rare,0.034482758620689655,16861.760000000002,0.0014992503748125937,False,False,False,0.0,2.81,0,155,6,36,87,4.99,4.7794,0.73,10.0,2.0284,1.936,3.645,4.99,5.98,6.99,5.0,5.495,5.0,0.8571,1.2,0.9667,0.0387,0.2323,0.5613,73.51,254.1985,37.29,Cooling,20.45,50.0,57.56,23.23
Crown Zenith,155,Lightning Energy,Ultra Rare,0.034482758620689655,16861.760000000002,0.0014992503748125937,False,False,False,0.0,2.26,0,158,9,33,75,3.99,3.6379,0.99,7.21,1.4624,1.44,2.615,3.99,4.985,5.0,4.0,3.99,3.99,1.2857,1.1,0.8333,0.057,0.2089,0.4747,93.5602,232.1105,36.14,Cooling,16.41,50.25,59.8,20.89
Crown Zenith,156,Psychic Energy,Ultra Rare,0.034482758620689655,16861.760000000002,0.0014992503748125937,False,False,False,0.0,2.97,0,156,9,44,94,5.44,5.5019,0.99,10.99,1.9823,3.0,4.3175,5.44,6.7,7.99,4.34,5.71,5.71,1.2857,1.4667,1.0444,0.0577,0.2821,0.6026,64.955,193.3088,34.13,Cooling,26.31,26.01,63.97,28.21
Crown Zenith,157,Fighting Energy,Ultra Rare,0.034482758620689655,16861.760000000002,0.0014992503748125937,False,False,False,0.0,1.72,0,197,12,61,122,4.98,4.5868,0.99,9.54,1.7664,2.35,3.5,4.98,5.75,6.77,4.5,4.99,4.99,1.7143,2.0333,1.3556,0.0609,0.3096,0.6193,64.7036,202.3529,42.07,Stable,38.41,40.18,61.49,30.96
Crown Zenith,158,Darkness Energy,Ultra Rare,0.034482758620689655,16861.760000000002,0.0014992503748125937,False,False,False,0.0,3.16,0,168,13,58,119,6.99,6.4148,0.99,12.25,2.9162,1.764,4.2625,6.99,8.1825,9.993,7.33,7.545,7.24,1.8571,1.9333,1.3222,0.0774,0.3452,0.7083,49.6969,114.3849,44.34,Stable,37.17,51.24,54.54,34.52
Crown Zenith,159,Metal Energy,Ultra Rare,0.034482758620689655,16861.760000000002,0.0014992503748125937,False,False,False,0.0,2.36,0,182,13,53,100,3.5,3.5911,0.99,7.34,1.4552,1.42,2.915,3.5,4.85,5.045,3.9,3.63,3.44,1.8571,1.7667,1.1111,0.0714,0.2912,0.5495,76.6143,195.6465,46.22,Stable,31.63,63.37,59.48,29.12
Crown Zenith,577,Adaman,Ultra Rare,0.034482758620689655,16861.760000000002,0.0014992503748125937,False,False,False,0.0,0.0,0,162,10,44,88,6.12,6.528,2.87,12.0,1.7114,4.99,5.0,6.12,7.75,8.99,6.045,6.0,6.045,1.4286,1.4667,0.9778,0.0617,0.2716,0.5432,75.4675,235.4187,42.6,Stable,24.69,50.0,73.78,27.16
Crown Zenith,587,Cheren's Care,Ultra Rare,0.034482758620689655,16861.760000000002,0.0014992503748125937,False,False,False,0.0,0.0,0,227,19,61,118,5.25,5.7109,2.75,10.0,1.6327,3.996,4.5,5.25,6.9,7.994,4.98,4.99,5.0,2.7143,2.0333,1.3111,0.0837,0.2687,0.5198,79.674,256.4828,45.91,Stable,37.91,49.6,71.41,26.87
Crown Zenith,597,Colress's Experiment,Ultra Rare,0.034482758620689655,16861.760000000002,0.0014992503748125937,False,False,False,0.0,0.0,0,298,28,75,131,5.0,5.4075,0.99,10.0,1.6633,3.778,4.0,5.0,5.99,7.99,4.935,4.89,4.99,4.0,2.5,1.4556,0.094,0.2517,0.4396,112.5831,277.2465,46.94,Stable,44.61,48.9,69.24,25.17
Crown Zenith,607,Cynthia's Ambition,Ultra Rare,0.034482758620689655,16861.760000000002,0.0014992503748125937,False,False,False,0.0,0.0,0,146,18,53,101,29.97,30.6367,11.0,55.0,7.4677,24.915,25.0,29.97,33.895,39.99,28.0,29.0,29.0,2.5714,1.7667,1.1222,0.1233,0.363,0.6918,50.9542,156.3648,45.92,Stable,31.9,46.55,75.62,36.3
Crown Zenith,617,Gardenia's Vigor,Ultra Rare,0.034482758620689655,16861.760000000002,0.0014992503748125937,False,False,False,0.0,0.0,0,109,22,51,74,19.12,20.3693,12.0,35.99,5.577,14.918,16.0,19.12,23.0,29.992,17.53,19.0,19.79,3.1429,1.7,0.8222,0.2018,0.4679,0.6789,41.1745,180.874,42.76,Stable,24.35,38.58,72.62,46.79
Crown Zenith,627,Grant,Ultra Rare,0.034482758620689655,16861.760000000002,0.0014992503748125937,False,False,False,0.0,0.0,0,75,5,26,38,3.99,4.0031,2.29,6.99,1.0331,2.984,3.0,3.99,4.99,5.0,3.2,3.59,3.99,0.7143,0.8667,0.4222,0.0667,0.3467,0.5067,88.9113,180.8328,32.4,Cooling,5.23,30.2,74.19,34.67
Crown Zenith,637,Irida,Ultra Rare,0.034482758620689655,16861.760000000002,0.0014992503748125937,False,False,False,0.0,0.0,0,220,5,46,88,10.0,11.0616,6.0,20.0,3.1384,7.99,8.99,10.0,12.0,15.854,10.0,9.99,10.0,0.7143,1.5333,0.9778,0.0227,0.2091,0.4,180.6849,305.1859,41.19,Stable,25.6,50.0,71.63,20.91
Crown Zenith,647,Melony,Ultra Rare,0.034482758620689655,16861.760000000002,0.0014992503748125937,False,False,False,0.0,0.0,0,55,8,17,29,9.0,9.1489,4.0,15.0,2.5919,5.994,7.665,9.0,10.625,12.29,8.57,9.79,9.99,1.1429,0.5667,0.3222,0.1455,0.3091,0.5273,78.282,166.3925,31.9,Cooling,2.15,35.79,71.67,30.91
Crown Zenith,657,Raihan,Ultra Rare,0.034482758620689655,16861.760000000002,0.0014992503748125937,False,False,False,0.0,0.0,0,656,60,176,402,1.99,1.9804,0.99,3.89,0.5234,1.29,1.7475,1.99,2.09,2.77,1.895,1.99,1.99,8.5714,5.8667,4.4667,0.0915,0.2683,0.6128,66.1418,171.1037,56.78,Stable,77.11,45.23,73.57,26.83
Crown Zenith,667,Roxanne,Ultra Rare,0.034482758620689655,16861.760000000002,0.0014992503748125937,False,False,False,0.0,0.0,0,182,20,64,91,7.98,8.0709,3.0,15.5,2.493,5.397,6.4925,7.98,8.99,10.666,6.99,7.25,7.65,2.8571,2.1333,1.0111,0.1099,0.3516,0.5,89.8086,294.6156,43.31,Stable,33.48,41.37,69.11,35.16
Crown Zenith,160,Pikachu,Secret Rare,0.014925373134328358,8468.800000000001,0.0029850746268656717,False,False,True,0.701,27.28,135,656,75,281,533,60.0,66.8373,0.99,150.0,24.8676,48.0,50.0,60.0,75.0,100.0,58.0,58.99,59.99,10.7143,9.3667,5.9222,0.1143,0.4284,0.8125,36.8992,68.6478,62.56,Rising,91.44,46.68,62.79,42.84
Crown Zenith,677,Origin Forme Palkia VSTAR,Secret Rare,0.014925373134328358,8468.800000000001,0.0029850746268656717,False,False,True,0.63,0.0,0,173,26,70,115,129.95,105.1543,1.59,200.0,61.1669,9.2,30.0,129.95,149.99,170.0,125.0,130.0,135.0,3.7143,2.3333,1.2778,0.1503,0.4046,0.6647,39.6197,328.2843,41.44,Stable,40.69,42.59,41.83,40.46
Crown Zenith,687,Origin Forme Dialga VSTAR,Secret Rare,0.014925373134328358,8468.800000000001,0.0029850746268656717,False,False,True,0.7140000000000001,0.0,0,146,35,75,107,130.0,104.3573,1.99,249.99,66.2068,5.035,20.0,130.0,149.9975,179.495,125.0,135.0,135.0,5.0,2.5,1.1889,0.2397,0.5137,0.7329,28.5798,232.2016,42.6,Stable,40.8,42.59,36.56,51.37
Crown Zenith,697,Giratina VSTAR,Secret Rare,0.014925373134328358,8468.800000000001,0.0029850746268656717,False,False,True,0.7390000000000001,0.0,0,226,44,127,210,379.995,405.4783,1.99,780.0,144.5487,320.0,340.5,379.995,441.305,635.0,350.0,355.0,380.0,6.2857,4.2333,2.3333,0.1947,0.5619,0.9292,26.0098,53.2719,55.03,Stable,60.95,42.11,64.35,56.19
Crown Zenith,707,Arceus VSTAR,Secret Rare,0.014925373134328358,8468.800000000001,0.0029850746268656717,False,False,True,0.71,0.0,0,174,29,101,162,227.99,247.1641,4.0,450.0,60.0574,200.0,218.2975,227.99,259.99,300.0,225.0,224.99,225.79,4.1429,3.3667,1.8,0.1667,0.5805,0.931,22.4763,63.262,57.49,Stable,52.83,49.65,75.7,58.05
Scarlet & Violet,019,Spidops ex,Double Rare,0.14285714285714285,713.16,0.011904761904761904,False,False,True,0.308,0.09,0,950,40,185,449,1.99,1.9531,0.91,3.95,0.6466,1.0,1.45,1.99,2.49,2.99,1.99,1.99,1.99,5.7143,6.1667,4.9889,0.0421,0.1947,0.4726,97.1019,231.0231,56.38,Stable,80.35,50.0,66.89,19.47
Scarlet & Violet,032,Arcanine ex,Double Rare,0.14285714285714285,713.16,0.011904761904761904,False,False,True,0.703,0.18,0,919,50,188,401,2.5,2.6925,0.99,5.6,0.9325,1.698,1.99,2.5,3.0,3.99,2.37,2.49,2.59,7.1429,6.2667,4.4556,0.0544,0.2046,0.4363,113.6074,233.0023,53.13,Stable,78.37,41.51,65.37,20.46
Scarlet & Violet,045,Gyarados ex,Double Rare,0.14285714285714285,713.16,0.011904761904761904,False,False,True,0.6990000000000001,0.15,0,853,42,181,371,2.99,3.1372,0.72,6.0,1.1091,1.99,2.25,2.99,3.99,4.99,2.99,2.99,2.99,6.0,6.0333,4.1222,0.0492,0.2122,0.4349,120.2825,272.5958,55.03,Stable,76.18,50.0,64.65,21.22
Scarlet & Violet,065,Magnezone ex,Double Rare,0.14285714285714285,713.16,0.011904761904761904,False,False,True,0.5720000000000001,0.52,0,931,53,195,425,1.99,2.0114,0.73,3.95,0.6325,1.0,1.5,1.99,2.49,2.99,2.0,1.99,1.99,7.5714,6.5,4.7222,0.0569,0.2095,0.4565,110.4106,245.519,57.11,Stable,80.19,50.5,68.55,20.95
Scarlet & Violet,081,Miraidon ex,Double Rare,0.14285714285714285,713.16,0.011904761904761904,False,False,True,0.63,1.46,29,918,48,220,493,2.0,2.1442,0.91,4.18,0.7256,1.0,1.69,2.0,2.5,2.99,1.99,1.99,1.99,6.8571,7.3333,5.4778,0.0523,0.2397,0.537,78.6265,161.961,58.46,Stable,84.78,50.0,66.16,23.97
Scarlet & Violet,086,Gardevoir ex,Double Rare,0.14285714285714285,713.16,0.011904761904761904,False,False,True,0.7390000000000001,0.15,0,933,62,236,477,2.0,2.1774,0.99,4.22,0.6892,1.19,1.79,2.0,2.5,2.99,2.0,1.99,1.99,8.8571,7.8667,5.3,0.0665,0.2529,0.5113,85.7374,166.4338,59.51,Stable,85.44,50.5,68.35,25.29
Scarlet & Violet,088,Banette ex,Double Rare,0.14285714285714285,713.16,0.011904761904761904,False,False,True,0.5760000000000001,0.12,0,925,37,165,379,1.99,2.109,0.73,4.0,0.7234,1.0,1.5,1.99,2.5,2.99,1.99,1.99,1.99,5.2857,5.5,4.2111,0.04,0.1784,0.4097,121.6918,235.838,54.09,Stable,74.6,50.0,65.7,17.84
Scarlet & Violet,123,Great Tusk ex,Double Rare,0.14285714285714285,713.16,0.011904761904761904,False,False,True,0.529,0.06,0,948,41,184,421,1.99,1.983,0.72,3.96,0.655,1.0,1.49,1.99,2.49,2.99,1.99,1.99,1.99,5.8571,6.1333,4.6778,0.0432,0.1941,0.4441,108.0068,242.6306,55.94,Stable,78.87,50.0,66.97,19.41
Scarlet & Violet,125,Koraidon ex,Double Rare,0.14285714285714285,713.16,0.011904761904761904,False,False,True,0.609,0.04,0,913,37,181,406,1.99,2.0221,0.99,3.95,0.6434,1.0,1.5,1.99,2.49,2.99,1.99,1.99,1.99,5.2857,6.0333,4.5111,0.0405,0.1982,0.4447,112.4027,234.1683,56.0,Stable,78.0,50.0,68.18,19.82
Scarlet & Violet,131,Toxicroak ex,Double Rare,0.14285714285714285,713.16,0.011904761904761904,False,False,True,0.525,0.09,0,915,42,167,384,1.99,2.001,0.72,3.95,0.6444,1.0,1.49,1.99,2.49,2.99,1.99,2.0,1.99,6.0,5.5667,4.2667,0.0459,0.1825,0.4197,117.3406,253.6461,54.76,Stable,75.17,50.0,67.8,18.25
Scarlet & Violet,143,Iron Treads ex,Double Rare,0.14285714285714285,713.16,0.011904761904761904,False,False,True,0.37799999999999995,0.05,0,957,39,175,423,1.99,1.963,0.72,3.84,0.6365,1.0,1.5,1.99,2.49,2.99,1.99,1.99,1.99,5.5714,5.8333,4.7,0.0408,0.1829,0.442,112.6101,237.6091,55.56,Stable,77.96,50.0,67.58,18.29
Scarlet & Violet,158,Oinkologne ex,Double Rare,0.14285714285714285,713.16,0.011904761904761904,False,False,True,0.282,0.04,0,933,53,205,427,1.99,2.0117,0.73,3.98,0.64,1.0,1.5,1.99,2.49,2.99,2.25,1.99,1.99,7.5714,6.8333,4.7444,0.0568,0.2197,0.4577,105.8898,241.186,61.3,Rising,81.17,63.07,68.19,21.97
Scarlet & Violet,199,Tarountula,Illustration Rare,0.07692307692307693,2648.8799999999997,0.0032051282051282055,False,False,True,0.315,10.5,28,117,17,67,102,16.99,17.0193,7.0,30.99,4.0689,12.0,15.0,16.99,18.99,21.146,14.99,16.49,17.0,2.4286,2.2333,1.1333,0.1453,0.5726,0.8718,25.9336,84.054,49.25,Stable,37.08,38.18,76.09,57.26
Scarlet & Violet,200,Dolliv,Illustration Rare,0.07692307692307693,2648.8799999999997,0.0032051282051282055,False,False,True,0.382,9.43,22,231,23,85,149,8.42,8.6152,2.05,17.71,2.5721,5.0,7.0,8.42,10.0,11.99,8.0,8.99,8.5,3.2857,2.8333,1.6556,0.0996,0.368,0.645,51.4873,165.0116,49.36,Stable,49.11,44.12,70.14,36.8
Scarlet & Violet,201,Toedscool,Illustration Rare,0.07692307692307693,2648.8799999999997,0.0032051282051282055,False,False,True,0.36,4.88,25,303,26,96,183,6.99,6.8549,0.99,14.19,2.122,4.49,5.05,6.99,7.995,9.782,6.18,6.99,6.99,3.7143,3.2,2.0333,0.0858,0.3168,0.604,66.4222,160.2409,47.79,Stable,53.74,38.41,69.04,31.68
Scarlet & Violet,202,Scovillain,Illustration Rare,0.07692307692307693,2648.8799999999997,0.0032051282051282055,False,False,True,0.361,7.96,26,282,29,92,162,6.99,7.0433,2.75,13.99,2.0083,4.99,5.735,6.99,8.0,9.711,7.11,6.99,6.995,4.1429,3.0667,1.8,0.1028,0.3262,0.5745,56.9606,150.1942,51.78,Stable,51.55,51.64,71.49,32.62
Scarlet & Violet,203,Armarouge,Illustration Rare,0.07692307692307693,2648.8799999999997,0.0032051282051282055,False,False,True,0.575,26.82,77,227,33,107,175,19.99,21.1753,10.0,40.0,6.5172,15.0,17.0,19.99,22.15,30.0,18.13,18.13,19.5,4.7143,3.5667,1.9444,0.1454,0.4714,0.7709,33.3881,83.14,52.69,Stable,55.09,42.97,69.22,47.14
Scarlet & Violet,204,Slowpoke,Illustration Rare,0.07692307692307693,2648.8799999999997,0.0032051282051282055,False,False,True,0.565,10.16,37,211,32,98,183,48.0,50.8861,3.95,100.0,16.3609,39.0,40.66,48.0,55.255,71.0,44.97,45.0,47.0,4.5714,3.2667,2.0333,0.1517,0.4645,0.8673,35.4959,59.8158,52.76,Stable,53.99,45.68,67.85,46.45
Scarlet & Violet,205,Clauncher,Illustration Rare,0.07692307692307693,2648.8799999999997,0.0032051282051282055,False,False,True,0.434,5.1,13,204,23,62,134,9.46,10.0302,2.99,20.0,3.5946,5.993,7.89,9.46,11.8925,15.0,8.0,9.355,9.525,3.2857,2.0667,1.4889,0.1127,0.3039,0.6569,51.482,161.9812,41.27,Stable,40.53,33.99,64.16,30.39
Scarlet & Violet,206,Wiglett,Illustration Rare,0.07692307692307693,2648.8799999999997,0.0032051282051282055,False,False,True,0.38799999999999996,2.64,5,219,34,108,202,29.99,29.9216,5.71,51.0,7.2113,22.5,24.99,29.99,34.99,39.99,24.53,25.05,29.08,4.8571,3.6,2.2444,0.1553,0.4932,0.9224,30.6406,42.7742,52.55,Stable,57.35,34.35,75.9,49.32
Scarlet & Violet,207,Dondozo,Illustration Rare,0.07692307692307693,2648.8799999999997,0.0032051282051282055,False,False,True,0.46,2.51,4,200,21,80,141,16.0,17.3533,1.42,34.64,5.3022,12.0,14.375,16.0,19.99,24.991,15.0,15.475,16.0,3.0,2.6667,1.5667,0.105,0.4,0.705,40.1673,114.4425,49.1,Stable,46.96,43.75,69.45,40.0
Scarlet & Violet,208,Pachirisu,Illustration Rare,0.07692307692307693,2648.8799999999997,0.0032051282051282055,False,False,True,0.608,8.21,38,183,22,85,144,19.99,20.4499,10.0,39.99,5.3488,14.99,16.99,19.99,22.705,28.326,16.995,19.0,19.99,3.1429,2.8333,1.6,0.1202,0.4645,0.7869,32.8444,83.9444,49.13,Stable,48.54,35.02,73.84,46.45
Scarlet & Violet,209,Pawmot,Illustration Rare,0.07692307692307693,2648.8799999999997,0.0032051282051282055,False,False,True,0.45,8.75,18,198,22,77,135,11.99,12.3454,4.5,23.99,3.6854,7.997,10.0,11.99,14.93,17.14,12.25,11.99,11.99,3.1429,2.5667,1.5,0.1111,0.3889,0.6818,44.9495,136.9375,51.12,Stable,45.53,52.17,70.15,38.89
Scarlet & Violet,210,Drowzee,Illustration Rare,0.07692307692307693,2648.8799999999997,0.0032051282051282055,False,False,True,0.349,2.64,2,276,34,121,212,72.51,77.7248,7.24,155.0,25.5875,57.495,64.055,72.51,90.0,108.77,69.255,66.78,70.0,4.8571,4.0333,2.3556,0.1232,0.4384,0.7681,36.9225,98.778,54.96,Stable,60.31,48.94,67.08,43.84
Scarlet & Violet,211,Ralts,Illustration Rare,0.07692307692307693,2648.8799999999997,0.0032051282051282055,False,False,True,0.627,1.66,6,227,27,107,193,50.0,52.9161,12.0,102.57,13.0499,41.0,45.0,50.0,59.99,67.748,45.0,47.0,50.0,3.8571,3.5667,2.1444,0.1189,0.4714,0.8502,32.2902,62.2264,53.43,Stable,56.46,40.0,75.34,47.14
Scarlet & Violet,212,Kirlia,Illustration Rare,0.07692307692307693,2648.8799999999997,0.0032051282051282055,False,False,True,0.575,2.2,7,240,33,103,191,50.0,53.8339,12.0,100.0,15.5549,40.0,44.99,50.0,59.99,70.099,44.99,47.99,50.0,4.7143,3.4333,2.1222,0.1375,0.4292,0.7958,38.5033,68.6996,51.46,Stable,55.55,39.98,71.11,42.92
Scarlet & Violet,213,Fidough,Illustration Rare,0.07692307692307693,2648.8799999999997,0.0032051282051282055,False,False,True,0.48,20.95,77,180,18,81,157,27.775,28.7747,12.0,54.0,7.221,20.0,24.99,27.775,32.99,37.548,24.99,25.93,27.5,2.5714,2.7,1.7444,0.1,0.45,0.8722,38.0078,60.3734,50.96,Stable,49.06,40.87,74.91,45.0
Scarlet & Violet,214,Greavard,Illustration Rare,0.07692307692307693,2648.8799999999997,0.0032051282051282055,False,False,True,0.498,2.06,6,202,23,94,161,25.375,27.762,11.62,50.75,7.6743,20.0,22.1075,25.375,31.9275,37.826,23.0,23.925,25.0,3.2857,3.1333,1.7889,0.1139,0.4653,0.797,33.3879,74.6322,51.89,Stable,51.71,42.0,72.36,46.53
Scarlet & Violet,215,Riolu,Illustration Rare,0.07692307692307693,2648.8799999999997,0.0032051282051282055,False,False,True,0.682,9.05,20,243,42,108,189,39.99,41.7466,12.0,79.99,11.7881,31.108,34.08,39.99,45.0,58.79,39.63,37.78,39.89,6.0,3.6,2.1,0.1728,0.4444,0.7778,36.9722,70.2387,54.96,Stable,56.37,49.35,71.76,44.44
Scarlet & Violet,216,Sandile,Illustration Rare,0.07692307692307693,2648.8799999999997,0.0032051282051282055,False,False,True,0.5329999999999999,6.28,16,201,23,71,131,7.5,7.8229,3.42,15.0,2.3196,5.0,6.0,7.5,8.99,10.99,7.49,7.49,7.54,3.2857,2.3667,1.4556,0.1144,0.3532,0.6517,51.4982,127.7486,49.02,Stable,43.61,49.34,70.35,35.32
Scarlet & Violet,217,Klawf,Illustration Rare,0.07692307692307693,2648.8799999999997,0.0032051282051282055,False,False,True,0.355,4.05,12,302,18,76,168,6.09,6.5566,3.5,12.95,1.7482,4.75,5.0,6.09,7.5225,8.99,6.815,6.64,6.475,2.5714,2.5333,1.8667,0.0596,0.2517,0.5563,72.4738,152.2412,50.97,Stable,48.97,55.25,73.34,25.17
Scarlet & Violet,218,Mabosstiff,Illustration Rare,0.07692307692307693,2648.8799999999997,0.0032051282051282055,False,False,True,0.41600000000000004,2.7,6,241,20,82,136,8.95,8.6665,1.81,18.0,2.9872,4.5,6.99,8.95,10.15,11.99,9.56,9.53,9.53,2.8571,2.7333,1.5111,0.083,0.3402,0.5643,69.8746,159.4318,49.06,Stable,46.85,50.31,65.53,34.02
Scarlet & Violet,219,Bombirdier,Illustration Rare,0.07692307692307693,2648.8799999999997,0.0032051282051282055,False,False,True,0.35100000000000003,6.38,16,291,31,111,178,6.62,6.8263,0.99,14.0,2.2597,4.0,5.0,6.62,8.0,9.99,5.99,6.91,6.99,4.4286,3.7,1.9778,0.1065,0.3814,0.6117,52.4982,168.6999,48.52,Stable,56.02,35.69,66.9,38.14
Scarlet & Violet,220,Kingambit,Illustration Rare,0.07692307692307693,2648.8799999999997,0.0032051282051282055,False,False,True,0.502,5.1,4,225,28,79,152,12.0,12.3038,5.0,25.0,3.7609,7.994,10.0,12.0,13.99,16.566,11.365,11.99,12.0,4.0,2.6333,1.6889,0.1244,0.3511,0.6756,45.7692,147.2355,48.71,Stable,47.97,44.71,69.43,35.11
Scarlet & Violet,221,Starly,Illustration Rare,0.07692307692307693,2648.8799999999997,0.0032051282051282055,False,False,True,0.505,8.9,9,185,18,78,140,15.65,15.893,1.79,30.03,4.8281,10.0,13.0,15.65,18.46,20.0,15.195,15.52,15.99,2.5714,2.6,1.5556,0.0973,0.4216,0.7568,38.8577,113.0769,49.77,Stable,46.35,45.03,69.62,42.16
Scarlet & Violet,222,Skwovet,Illustration Rare,0.07692307692307693,2648.8799999999997,0.0032051282051282055,False,False,True,0.359,3.26,3,238,25,89,158,9.99,9.8826,2.69,20.0,3.6305,5.399,7.99,9.99,11.26,14.479,9.99,9.99,10.0,3.5714,2.9667,1.7556,0.105,0.3739,0.6639,51.3999,142.0548,50.34,Stable,50.8,49.9,63.26,37.39
Scarlet & Violet,223,Spidops ex,Ultra Rare,0.06666666666666667,2547.0,0.003333333333333333,False,False,True,0.308,5.93,3,670,31,121,263,2.5,2.6613,0.98,5.59,1.007,1.5,1.9825,2.5,3.0,4.0,2.49,2.49,2.49,4.4286,4.0333,2.9222,0.0463,0.1806,0.3925,134.4277,230.9898,50.1,Stable,63.53,50.0,62.16,18.06
Scarlet & Violet,224,Arcanine ex,Ultra Rare,0.06666666666666667,2547.0,0.003333333333333333,False,False,True,0.703,6.23,9,169,18,67,123,17.0,17.8005,1.99,35.0,5.5313,12.472,15.0,17.0,20.0,24.19,16.1,16.5,17.0,2.5714,2.2333,1.3667,0.1065,0.3964,0.7278,45.8041,155.1394,47.3,Stable,40.6,44.71,68.93,39.64
Scarlet & Violet,225,Gyarados ex,Ultra Rare,0.06666666666666667,2547.0,0.003333333333333333,False,False,True,0.6990000000000001,8.02,19,340,36,96,193,14.99,15.382,4.81,31.34,5.3073,9.99,11.455,14.99,18.0,22.0,11.99,12.515,14.0,5.1429,3.2,2.1444,0.1059,0.2824,0.5676,75.8274,208.2639,45.8,Stable,54.52,35.64,65.5,28.24
Scarlet & Violet,226,Magnezone ex,Ultra Rare,0.06666666666666667,2547.0,0.003333333333333333,False,False,True,0.5720000000000001,5.69,12,543,26,109,221,2.99,2.9463,1.0,5.98,0.9794,1.99,2.0,2.99,3.49,4.09,2.775,2.99,2.99,3.7143,3.6333,2.4556,0.0479,0.2007,0.407,122.5094,254.7492,47.99,Stable,59.29,42.81,66.76,20.07
Scarlet & Violet,227,Miraidon ex,Ultra Rare,0.06666666666666667,2547.0,0.003333333333333333,False,False,True,0.63,5.9,6,434,17,88,188,4.5,4.7345,1.99,9.95,1.5453,3.0,3.5,4.5,5.1875,6.997,4.3,4.27,4.32,2.4286,2.9333,2.0889,0.0392,0.2028,0.4332,111.041,231.4748,48.27,Stable,52.94,49.54,67.36,20.28
Scarlet & Violet,228,Gardevoir ex,Ultra Rare,0.06666666666666667,2547.0,0.003333333333333333,False,False,True,0.7390000000000001,34.15,9,399,30,101,199,5.97,6.2263,2.6,12.5,1.8422,4.5,4.99,5.97,7.0,8.99,6.0,6.0,6.0,4.2857,3.3667,2.2111,0.0752,0.2531,0.4987,90.4497,216.7585,50.88,Stable,55.77,50.0,70.41,25.31
Scarlet & Violet,229,Banette ex,Ultra Rare,0.06666666666666667,2547.0,0.003333333333333333,False,False,True,0.5760000000000001,135.67,103,383,21,82,166,3.2,3.5113,1.45,6.98,1.2126,2.196,2.535,3.2,4.0,5.184,3.0,3.0,2.99,3.0,2.7333,1.8444,0.0548,0.2141,0.4334,124.4293,257.8574,47.53,Stable,50.18,50.33,65.47,21.41
Scarlet & Violet,230,Great Tusk ex,Ultra Rare,0.06666666666666667,2547.0,0.003333333333333333,False,False,True,0.529,163.47,64,640,22,101,225,2.845,2.8093,0.99,5.87,1.0028,1.69,1.99,2.845,3.41,4.008,2.495,2.69,2.65,3.1429,3.3667,2.5,0.0344,0.1578,0.3516,150.6477,259.4031,46.64,Stable,57.94,44.15,64.3,15.78
Scarlet & Violet,231,Koraidon ex,Ultra Rare,0.06666666666666667,2547.0,0.003333333333333333,False,False,True,0.609,344.77,128,505,26,96,204,3.47,3.645,0.99,7.84,1.2913,2.244,2.7,3.47,4.27,5.066,3.675,3.49,3.41,3.7143,3.2,2.2667,0.0515,0.1901,0.404,137.6878,266.2619,50.68,Stable,55.43,57.77,64.57,19.01
Scarlet & Violet,232,Toxicroak ex,Ultra Rare,0.06666666666666667,2547.0,0.003333333333333333,False,False,True,0.525,210.21,64,444,20,100,197,2.99,3.1743,1.24,6.0,1.038,1.99,2.2975,2.99,3.92,4.954,2.37,2.99,2.99,2.8571,3.3333,2.1889,0.045,0.2252,0.4437,107.6787,228.1115,43.33,Stable,55.29,29.26,67.3,22.52
Scarlet & Violet,233,Iron Treads ex,Ultra Rare,0.06666666666666667,2547.0,0.003333333333333333,False,False,True,0.37799999999999995,104.92,38,700,31,115,242,2.5,2.6644,0.99,5.55,0.9233,1.648,1.99,2.5,3.0,3.99,2.0,2.49,2.5,4.4286,3.8333,2.6889,0.0443,0.1643,0.3457,161.4729,278.62,43.85,Stable,61.64,30.0,65.35,16.43
Scarlet & Violet,234,Oinkologne ex,Ultra Rare,0.06666666666666667,2547.0,0.003333333333333333,False,False,True,0.282,77.39,42,519,23,82,183,2.99,2.984,0.99,5.89,1.0545,1.8,2.0,2.99,3.815,4.45,2.99,2.99,2.99,3.2857,2.7333,2.0333,0.0443,0.158,0.3526,150.9803,276.3427,46.53,Stable,51.46,50.0,64.66,15.8
Scarlet & Violet,235,Arven,Ultra Rare,0.06666666666666667,2547.0,0.003333333333333333,False,False,False,0.0,31.53,14,391,21,68,149,7.25,7.8088,2.67,16.0,3.3944,3.99,4.99,7.25,10.0,12.99,4.47,4.49,4.99,3.0,2.2667,1.6556,0.0537,0.1739,0.3811,141.6592,199.408,40.08,Stable,44.73,39.58,56.53,17.39
Scarlet & Violet,236,Jacq,Ultra Rare,0.06666666666666667,2547.0,0.003333333333333333,False,False,False,0.0,49.37,24,391,26,82,163,3.99,4.1507,1.15,8.0,1.449,2.5,2.99,3.99,5.0,6.13,2.995,3.0,3.25,3.7143,2.7333,1.8111,0.0665,0.2097,0.4169,115.413,207.7228,44.84,Stable,49.93,42.15,65.09,20.97
Scarlet & Violet,237,Katy,Ultra Rare,0.06666666666666667,2547.0,0.003333333333333333,False,False,False,0.0,39.0,19,382,16,71,156,3.58,3.8227,0.99,7.79,1.3416,2.463,2.7525,3.58,4.9275,5.99,3.195,3.0,3.47,2.2857,2.3667,1.7333,0.0419,0.1859,0.4084,140.23,244.4146,43.29,Stable,46.58,42.07,64.9,18.59
Scarlet & Violet,238,Miriam,Ultra Rare,0.06666666666666667,2547.0,0.003333333333333333,False,False,False,0.0,45.61,18,255,12,51,95,9.53,10.0524,2.89,21.75,3.8585,6.068,7.37,9.53,10.995,15.0,7.84,7.99,8.21,1.7143,1.7,1.0556,0.0471,0.2,0.3725,143.4622,296.7479,38.9,Cooling,29.76,45.49,61.62,20.0
Scarlet & Violet,239,Penny,Ultra Rare,0.06666666666666667,2547.0,0.003333333333333333,False,False,False,0.0,30.22,28,327,17,75,139,5.8,6.0765,2.5,11.36,1.8012,4.196,4.99,5.8,6.99,9.0,4.99,5.24,5.78,2.4286,2.5,1.5444,0.052,0.2294,0.4251,126.9578,229.0439,43.25,Stable,45.64,36.33,70.36,22.94
Scarlet & Violet,240,Professor's Research,Ultra Rare,0.06666666666666667,2547.0,0.003333333333333333,False,False,False,0.0,65.91,70,436,19,85,186,5.0,5.5358,1.42,11.0,1.9458,3.5,4.0,5.0,6.445,8.495,3.99,4.24,4.565,2.7143,2.8333,2.0667,0.0436,0.195,0.4266,126.9082,240.0103,43.82,Stable,52.44,37.4,64.85,19.5
Scarlet & Violet,241,Professor's Research,Ultra Rare,0.06666666666666667,2547.0,0.003333333333333333,False,False,False,0.0,44.72,28,511,26,94,193,2.99,3.2569,0.99,6.3,1.1506,1.99,2.49,2.99,3.99,4.99,2.99,2.99,2.99,3.7143,3.1333,2.1444,0.0509,0.184,0.3777,139.2657,250.6383,47.91,Stable,54.31,50.0,64.67,18.4
Scarlet & Violet,242,Team Star Grunt,Ultra Rare,0.06666666666666667,2547.0,0.003333333333333333,False,False,False,0.0,24.67,12,471,15,89,195,2.99,3.1389,0.99,6.0,1.1125,1.99,2.145,2.99,3.99,4.99,2.49,2.95,2.99,2.1429,2.9667,2.1667,0.0318,0.189,0.414,124.7644,261.1025,42.76,Stable,53.63,33.28,64.56,18.9
Scarlet & Violet,243,Spidops ex,Special Illustration Rare,0.03125,2716.8,0.003125,False,False,True,0.308,25.03,3,142,12,49,95,13.13,13.9994,5.5,30.0,5.0643,9.0,10.12,13.13,15.6025,20.0,11.0,13.0,13.88,1.7143,1.6333,1.0556,0.0845,0.3451,0.669,46.6665,198.8591,37.05,Cooling,28.71,29.25,63.82,34.51
Scarlet & Violet,244,Miraidon ex,Special Illustration Rare,0.03125,2716.8,0.003125,False,False,True,0.63,20.11,4,315,42,109,188,31.64,35.2695,5.0,70.0,11.938,24.966,27.25,31.64,40.0,54.996,29.49,28.0,29.99,6.0,3.6333,2.0889,0.1333,0.346,0.5968,54.609,206.2027,51.58,Stable,56.44,48.33,66.15,34.6
Scarlet & Violet,245,Gardevoir ex,Special Illustration Rare,0.03125,2716.8,0.003125,False,False,True,0.7390000000000001,0.0,0,320,55,140,242,86.065,90.3981,3.3,179.99,28.016,70.0,75.0,86.065,100.0,125.0,75.99,80.0,84.97,7.8571,4.6667,2.6889,0.1719,0.4375,0.7562,37.6285,94.5413,53.93,Stable,65.15,39.43,69.01,43.75
Scarlet & Violet,246,Great Tusk ex,Special Illustration Rare,0.03125,2716.8,0.003125,False,False,True,0.529,0.0,0,236,26,82,138,15.275,16.2986,1.99,32.71,5.3842,10.09,12.97,15.275,19.99,24.61,15.08,15.0,15.0,3.7143,2.7333,1.5333,0.1102,0.3475,0.5847,54.5727,220.0511,49.65,Stable,47.17,50.53,66.97,34.75
Scarlet & Violet,247,Koraidon ex,Special Illustration Rare,0.03125,2716.8,0.003125,False,False,True,0.609,0.0,0,283,31,91,154,28.97,31.1602,1.0,60.0,11.3395,20.0,24.99,28.97,35.0,49.99,25.0,25.0,26.99,4.4286,3.0333,1.7111,0.1095,0.3216,0.5442,75.7156,203.7726,47.09,Stable,50.5,42.63,63.61,32.16
Scarlet & Violet,248,Iron Treads ex,Special Illustration Rare,0.03125,2716.8,0.003125,False,False,True,0.37799999999999995,0.0,0,267,25,79,146,7.43,7.893,1.0,16.2,2.673,5.0,6.0,7.43,8.995,11.324,6.56,7.0,7.44,3.5714,2.6333,1.6222,0.0936,0.2959,0.5468,73.5191,196.9994,44.78,Stable,47.28,38.17,66.13,29.59
Scarlet & Violet,249,Arven,Special Illustration Rare,0.03125,2716.8,0.003125,False,False,False,0.0,0.0,0,392,17,71,152,9.475,10.022,3.0,19.98,3.4728,6.0,7.0,9.475,12.09,15.0,6.24,6.99,7.3,2.4286,2.3667,1.6889,0.0434,0.1811,0.3878,127.2113,217.2651,41.16,Stable,46.07,35.48,65.35,18.11
Scarlet & Violet,250,Jacq,Special Illustration Rare,0.03125,2716.8,0.003125,False,False,False,0.0,0.0,0,424,20,83,198,6.495,7.0685,0.99,14.0,2.2516,4.99,5.0,6.495,8.58,10.0,6.995,5.99,5.995,2.8571,2.7667,2.2,0.0472,0.1958,0.467,100.771,204.3369,53.41,Stable,52.85,66.68,68.15,19.58
Scarlet & Violet,251,Miriam,Special Illustration Rare,0.03125,2716.8,0.003125,False,False,False,0.0,0.0,0,449,18,103,220,35.0,37.6619,5.5,79.97,13.3905,24.4,28.98,35.0,42.0,56.9,29.175,28.02,30.0,2.5714,3.4333,2.4444,0.0401,0.2294,0.49,95.9861,261.1203,49.07,Stable,58.06,47.25,64.45,22.94
Scarlet & Violet,252,Penny,Special Illustration Rare,0.03125,2716.8,0.003125,False,False,False,0.0,0.0,0,396,16,74,178,8.99,9.717,0.99,19.9,3.4934,6.0,7.0,8.99,10.8725,15.0,7.74,7.535,8.02,2.2857,2.4667,1.9778,0.0404,0.1869,0.4495,114.19,233.2644,45.25,Stable,49.18,46.51,64.05,18.69
Scarlet & Violet,253,Miraidon ex,Hyper Rare,0.018867924528301886,2699.82,0.003144654088050314,False,False,True,0.63,0.0,0,309,37,90,161,9.99,10.2164,2.99,20.0,3.4662,7.0,7.99,9.99,10.99,15.0,9.62,9.0,9.16,5.2857,3.0,1.7889,0.1197,0.2913,0.521,79.3554,237.301,50.9,Stable,51.16,55.02,66.07,29.13
Scarlet & Violet,254,Koraidon ex,Hyper Rare,0.018867924528301886,2699.82,0.003144654088050314,False,False,True,0.609,0.0,0,308,17,83,151,8.0,9.0186,2.99,19.95,3.0547,5.99,7.0,8.0,10.0,13.221,7.0,7.98,7.99,2.4286,2.7667,1.6778,0.0552,0.2695,0.4903,91.0866,233.522,44.56,Stable,48.88,37.61,66.13,26.95
Scarlet & Violet,255,Nest Ball,Hyper Rare,0.018867924528301886,2699.82,0.003144654088050314,False,False,False,0.0,0.0,0,399,24,84,155,8.16,9.0189,2.8,19.0,3.956,4.5,5.545,8.16,11.99,15.0,5.35,4.99,5.25,3.4286,2.8,1.7222,0.0602,0.2105,0.3885,139.0704,202.1903,45.89,Stable,49.59,51.9,56.14,21.05
Scarlet & Violet,256,Rare Candy,Hyper Rare,0.018867924528301886,2699.82,0.003144654088050314,False,False,False,0.0,0.0,0,372,29,94,180,8.125,9.0373,2.53,17.5,2.5691,6.632,7.0,8.125,10.0,12.999,7.0,6.995,7.975,4.1429,3.1333,2.0,0.078,0.2527,0.4839,103.5933,221.4496,46.69,Stable,53.31,37.77,71.57,25.27
Scarlet & Violet,257,Basic Lightning Energy,Hyper Rare,0.018867924528301886,2699.82,0.003144654088050314,False,False,False,0.0,0.0,0,325,23,77,165,5.99,6.4009,0.99,12.2,1.998,4.494,5.0,5.99,7.5,9.536,5.0,5.49,5.99,3.2857,2.5667,1.8333,0.0708,0.2369,0.5077,81.3991,223.5419,43.19,Stable,48.84,33.47,68.79,23.69
Scarlet & Violet,258,Basic Fighting Energy,Hyper Rare,0.018867924528301886,2699.82,0.003144654088050314,False,False,False,0.0,0.0,0,228,15,62,157,9.0,9.1782,1.36,15.99,2.273,6.805,7.99,9.0,10.3925,12.0,8.0,8.0,8.5,2.1429,2.0667,1.7444,0.0658,0.2719,0.6886,56.4856,127.3622,46.71,Stable,43.31,44.12,75.23,27.19
Paldea Evolved,194,Heracross,Illustration Rare,0.07692307692307693,7502.04,0.002136752136752137,False,False,True,0.635,17.03,18,118,12,43,88,38.0,39.1763,12.0,75.0,11.6543,28.0,31.795,38.0,43.76,52.997,34.75,38.0,36.625,1.7143,1.4333,0.9778,0.1017,0.3644,0.7458,44.4493,118.2569,41.99,Stable,23.96,44.88,70.25,36.44
Paldea Evolved,195,Tropius,Illustration Rare,0.07692307692307693,7502.04,0.002136752136752137,False,False,True,0.584,7.7,7,116,15,58,84,16.81,17.2551,0.99,35.0,5.9123,11.0,13.5975,16.81,19.99,24.22,16.0,16.0,16.435,2.1429,1.9333,0.9333,0.1293,0.5,0.7241,29.449,125.3787,46.16,Stable,29.35,47.35,65.74,50.0
Paldea Evolved,196,Sprigatito,Illustration Rare,0.07692307692307693,7502.04,0.002136752136752137,False,False,True,0.706,20.37,18,216,44,127,189,59.995,54.013,1.45,120.0,24.88,9.75,45.0,59.995,68.9925,76.245,45.0,54.95,59.99,6.2857,4.2333,2.1,0.2037,0.588,0.875,22.6823,61.171,47.82,Stable,59.24,25.01,53.94,58.8
Paldea Evolved,197,Floragato,Illustration Rare,0.07692307692307693,7502.04,0.002136752136752137,False,False,True,0.622,10.96,12,142,24,62,113,23.64,24.4062,8.0,47.0,6.6388,18.0,19.99,23.64,28.185,31.562,20.0,21.97,22.39,3.4286,2.0667,1.2556,0.169,0.4366,0.7958,36.4804,87.0186,46.3,Stable,37.36,39.33,72.8,43.66
Paldea Evolved,198,Bramblin,Illustration Rare,0.07692307692307693,7502.04,0.002136752136752137,False,False,True,0.337,6.15,2,142,14,50,90,12.0,12.4668,0.99,25.0,4.4608,7.0,10.0,12.0,14.9975,18.0,10.675,12.38,12.135,2.0,1.6667,1.0,0.0986,0.3521,0.6338,56.464,147.3456,39.61,Cooling,27.77,37.97,64.22,35.21
Paldea Evolved,199,Fletchinder,Illustration Rare,0.07692307692307693,7502.04,0.002136752136752137,False,False,True,0.506,7.78,4,142,23,73,120,21.0,21.2049,2.0,42.0,7.3759,14.855,17.0,21.0,25.0,30.441,18.0,19.99,21.0,3.2857,2.4333,1.3333,0.162,0.5141,0.8451,25.9037,90.3325,46.73,Stable,42.29,35.71,65.22,51.41
Paldea Evolved,200,Pyroar,Illustration Rare,0.07692307692307693,7502.04,0.002136752136752137,False,False,True,0.415,7.85,10,100,15,50,81,20.0,21.828,9.0,42.0,6.4473,14.986,18.3375,20.0,25.0,30.0,19.98,20.0,20.0,2.1429,1.6667,0.9,0.15,0.5,0.81,30.1249,94.8469,46.74,Stable,25.58,49.9,70.46,50.0
Paldea Evolved,201,Fuecoco,Illustration Rare,0.07692307692307693,7502.04,0.002136752136752137,False,False,True,0.645,21.84,12,184,28,99,159,56.995,56.9597,1.5,118.0,17.1493,40.88,49.99,56.995,65.3025,74.997,49.995,55.0,56.99,4.0,3.3,1.7667,0.1522,0.538,0.8641,28.0466,60.7188,51.71,Stable,52.19,37.73,69.89,53.8
Paldea Evolved,202,Crocalor,Illustration Rare,0.07692307692307693,7502.04,0.002136752136752137,False,False,True,0.409,9.61,10,147,26,64,118,21.75,23.0788,7.42,42.74,5.8225,17.996,19.985,21.75,25.995,30.0,19.99,20.0,21.0,3.7143,2.1333,1.3111,0.1769,0.4354,0.8027,40.4112,85.8025,48.97,Stable,39.16,45.19,74.77,43.54
Paldea Evolved,203,Magikarp,Illustration Rare,0.07692307692307693,7502.04,0.002136752136752137,True,False,True,0.5529999999999999,256.22,89,264,54,132,206,420.5,405.4123,4.5,999.95,219.2093,18.9,354.86,420.5,521.2475,644.029,390.5,400.0,421.515,7.7143,4.4,2.2889,0.2045,0.5,0.7803,30.336,79.7613,50.35,Stable,61.23,42.64,45.93,50.0
Paldea Evolved,204,Marill,Illustration Rare,0.07692307692307693,7502.04,0.002136752136752137,False,False,True,0.616,22.33,17,128,23,71,107,59.99,59.9898,12.0,120.0,16.726,47.0,53.0,59.99,65.445,76.568,54.99,57.51,59.99,3.2857,2.3667,1.1889,0.1797,0.5547,0.8359,26.658,60.0483,49.96,Stable,39.8,41.67,72.12,55.47
Paldea Evolved,205,Eiscue,Illustration Rare,0.07692307692307693,7502.04,0.002136752136752137,False,False,True,0.46799999999999997,11.67,9,96,10,31,64,23.57,24.3031,14.99,44.34,5.9132,17.74,20.0,23.57,26.0325,33.35,20.0,21.57,23.725,1.4286,1.0333,0.7111,0.1042,0.3229,0.6667,43.5331,139.14,35.78,Cooling,13.01,34.3,75.67,32.29
Paldea Evolved,206,Quaxly,Illustration Rare,0.07692307692307693,7502.04,0.002136752136752137,False,False,True,0.5479999999999999,9.04,7,149,20,57,108,21.0,22.4979,5.9,45.0,6.6439,14.998,19.0,21.0,25.0,29.992,20.0,19.99,20.995,2.8571,1.9,1.2,0.1342,0.3826,0.7248,47.259,117.3914,45.86,Stable,35.12,45.26,70.47,38.26
Paldea Evolved,207,Quaxwell,Illustration Rare,0.07692307692307693,7502.04,0.002136752136752137,False,False,True,0.366,4.82,6,158,17,56,112,12.5,12.8132,4.0,25.0,4.1062,8.0,10.0,12.5,14.99,19.137,10.59,12.315,12.59,2.4286,1.8667,1.2444,0.1076,0.3544,0.7089,45.0759,132.1137,41.5,Stable,35.28,34.11,67.95,35.44
Paldea Evolved,208,Frigibax,Illustration Rare,0.07692307692307693,7502.04,0.002136752136752137,False,False,True,0.255,9.35,19,135,17,57,101,26.13,27.9694,12.0,53.0,6.9553,20.0,24.295,26.13,30.92,36.3,22.92,25.0,25.99,2.4286,1.9,1.1222,0.1259,0.4222,0.7481,38.6754,110.2596,44.99,Stable,33.55,38.19,75.13,42.22
Paldea Evolved,209,Arctibax,Illustration Rare,0.07692307692307693,7502.04,0.002136752136752137,False,False,True,0.34700000000000003,9.19,16,148,16,41,87,24.82,26.1338,12.0,49.99,8.2176,16.997,19.9975,24.82,30.0,35.363,18.79,20.0,22.0,2.2857,1.3667,0.9667,0.1081,0.277,0.5878,71.8423,201.6798,36.69,Cooling,22.73,35.41,68.56,27.7
Paldea Evolved,210,Baxcalibur,Illustration Rare,0.07692307692307693,7502.04,0.002136752136752137,False,False,True,0.395,14.58,17,165,19,68,130,39.99,41.3529,12.0,80.0,11.6221,30.0,34.99,39.99,45.0,55.066,35.0,35.0,39.99,2.7143,2.2667,1.4444,0.1152,0.4121,0.7879,39.6672,114.6262,46.61,Stable,42.45,37.52,71.9,41.21
Paldea Evolved,211,Raichu,Illustration Rare,0.07692307692307693,7502.04,0.002136752136752137,False,False,True,0.711,45.96,32,150,26,76,131,115.0,110.1635,7.24,231.0,36.0464,82.262,99.9925,115.0,125.7425,142.552,105.495,110.0,115.0,3.7143,2.5333,1.4556,0.1733,0.5067,0.8733,29.7473,59.6116,49.54,Stable,44.75,41.73,67.28,50.67
Paldea Evolved,212,Mismagius,Illustration Rare,0.07692307692307693,7502.04,0.002136752136752137,False,False,True,0.685,16.25,16,212,26,93,172,43.985,43.65,2.5,87.01,11.9244,34.0,39.99,43.985,49.99,56.19,40.25,40.0,42.525,3.7143,3.1,1.9111,0.1226,0.4387,0.8113,40.4401,71.2535,52.45,Stable,52.49,44.65,72.68,43.87
Paldea Evolved,213,Gothorita,Illustration Rare,0.07692307692307693,7502.04,0.002136752136752137,False,False,True,0.37799999999999995,5.52,5,148,15,53,94,14.5,15.0595,6.0,30.0,4.6434,9.99,12.4125,14.5,17.3475,20.0,14.99,14.22,14.215,2.1429,1.7667,1.0444,0.1014,0.3581,0.6351,52.6856,143.3255,46.7,Stable,30.21,55.45,69.17,35.81
Paldea Evolved,214,Sandygast,Illustration Rare,0.07692307692307693,7502.04,0.002136752136752137,False,False,True,0.45899999999999996,5.86,10,158,5,37,94,11.44,11.8271,4.0,22.68,3.5195,8.0,9.99,11.44,13.4875,15.336,11.99,12.57,12.0,0.7143,1.2333,1.0444,0.0316,0.2342,0.5949,63.6114,188.5454,40.54,Stable,22.77,49.92,70.24,23.42
Paldea Evolved,215,Rabsca,Illustration Rare,0.07692307692307693,7502.04,0.002136752136752137,False,False,True,0.287,4.06,3,195,17,61,121,7.74,7.9464,3.71,16.0,2.4651,5.0,6.32,7.74,9.0,10.706,7.64,7.96,7.98,2.4286,2.0333,1.3444,0.0872,0.3128,0.6205,58.8841,169.8639,45.25,Stable,38.25,45.74,68.98,31.28
Paldea Evolved,216,Tinkatink,Illustration Rare,0.07692307692307693,7502.04,0.002136752136752137,False,False,True,0.34299999999999997,11.02,6,187,25,87,151,31.0,32.7128,2.99,59.99,7.7989,24.986,27.995,31.0,36.58,40.236,29.99,30.0,30.0,3.5714,2.9,1.6778,0.1337,0.4652,0.8075,32.9071,75.275,54.4,Stable,49.59,49.97,76.16,46.52
Paldea Evolved,217,Tinkatuff,Illustration Rare,0.07692307692307693,7502.04,0.002136752136752137,False,False,True,0.484,15.28,6,127,15,51,106,36.98,37.7854,4.34,75.0,10.4209,28.622,32.25,36.98,41.44,47.51,29.99,33.0,35.0,2.1429,1.7,1.1778,0.1181,0.4016,0.8346,41.6056,79.5267,42.9,Stable,32.25,35.69,72.42,40.16
Paldea Evolved,218,Paldean Tauros,Illustration Rare,0.07692307692307693,7502.04,0.002136752136752137,False,False,True,0.46,9.56,9,173,29,80,141,17.99,17.4104,2.75,37.55,7.5921,5.098,12.0,17.99,21.92,25.98,12.0,16.995,17.0,4.1429,2.6667,1.5667,0.1676,0.4624,0.815,35.3417,78.9084,40.79,Stable,46.96,20.59,56.39,46.24
Paldea Evolved,219,Sudowoodo,Illustration Rare,0.07692307692307693,7502.04,0.002136752136752137,False,False,True,0.529,13.21,9,94,12,39,72,35.73,39.5849,15.17,70.0,11.4298,29.566,32.255,35.73,45.0,57.265,34.885,33.35,34.995,1.7143,1.3,0.8,0.1277,0.4149,0.766,38.6323,77.8466,42.85,Stable,18.07,49.69,71.13,41.49
Paldea Evolved,220,Nacli,Illustration Rare,0.07692307692307693,7502.04,0.002136752136752137,False,False,True,0.41600000000000004,4.2,1,147,9,42,81,7.99,8.0648,1.94,14.99,2.2155,5.282,6.79,7.99,9.26,10.516,8.0,8.085,8.0,1.2857,1.4,0.9,0.0612,0.2857,0.551,77.5909,181.6248,41.72,Stable,21.68,50.0,72.53,28.57
Paldea Evolved,221,Paldean Wooper,Illustration Rare,0.07692307692307693,7502.04,0.002136752136752137,False,False,True,0.72,7.07,4,144,12,49,89,15.535,16.7968,3.99,30.0,5.0061,11.15,14.0,15.535,18.985,25.0,15.085,15.05,15.0,1.7143,1.6333,0.9889,0.0833,0.3403,0.6181,57.1191,135.639,44.15,Stable,27.11,50.57,70.2,34.03
Paldea Evolved,222,Tyranitar,Illustration Rare,0.07692307692307693,7502.04,0.002136752136752137,False,False,True,0.6759999999999999,42.55,27,204,20,82,146,83.265,83.6205,12.0,160.0,27.6093,52.355,75.0,83.265,96.1525,113.115,76.075,79.995,80.0,2.8571,2.7333,1.6222,0.098,0.402,0.7157,47.5632,116.6557,49.37,Stable,48.01,45.09,66.98,40.2
Paldea Evolved,223,Grafaiai,Illustration Rare,0.07692307692307693,7502.04,0.002136752136752137,False,False,True,0.396,4.73,5,147,21,68,98,9.99,10.3379,3.55,20.0,3.4414,6.0,8.495,9.99,11.495,15.0,10.0,9.975,9.995,3.0,2.2667,1.0889,0.1429,0.4626,0.6667,34.365,142.5874,48.62,Stable,36.7,50.05,66.71,46.26
Paldea Evolved,224,Orthworm,Illustration Rare,0.07692307692307693,7502.04,0.002136752136752137,False,False,True,0.36700000000000005,4.66,2,122,7,39,75,8.0,8.2982,3.99,15.0,2.3003,5.518,6.99,8.0,9.99,10.889,7.49,8.0,8.0,1.0,1.3,0.8333,0.0574,0.3197,0.6148,66.6273,164.1218,39.54,Cooling,18.67,43.62,72.28,31.97
Paldea Evolved,225,Rookidee,Illustration Rare,0.07692307692307693,7502.04,0.002136752136752137,False,False,True,0.462,6.34,4,122,14,48,86,13.995,14.6147,5.99,30.0,5.0921,9.006,10.99,13.995,17.585,20.0,13.04,12.99,13.86,2.0,1.6,0.9556,0.1148,0.3934,0.7049,46.1714,141.7758,41.81,Stable,25.63,44.08,65.16,39.34
Paldea Evolved,226,Maushold,Illustration Rare,0.07692307692307693,7502.04,0.002136752136752137,False,False,True,0.537,38.22,15,118,29,59,89,100.0,91.6693,3.99,200.0,40.6723,14.8,85.0,100.0,113.735,125.174,100.0,99.99,100.0,4.1429,1.9667,0.9889,0.2458,0.5,0.7542,31.2481,83.7008,45.46,Stable,31.13,50.0,55.63,50.0
Paldea Evolved,227,Flamigo,Illustration Rare,0.07692307692307693,7502.04,0.002136752136752137,False,False,True,0.36700000000000005,5.82,18,69,11,37,56,14.95,14.9803,7.0,30.0,3.8734,10.0,13.0,14.95,16.0,19.992,13.0,14.5,14.93,1.5714,1.2333,0.6222,0.1594,0.5362,0.8116,22.4612,104.4402,40.63,Stable,13.19,37.07,74.14,53.62
Paldea Evolved,228,Farigiraf,Illustration Rare,0.07692307692307693,7502.04,0.002136752136752137,False,False,True,0.49700000000000005,6.49,11,116,12,45,83,16.0,17.3725,8.0,31.0,5.5119,10.83,14.25,16.0,19.99,25.995,14.75,16.0,15.99,1.7143,1.5,0.9222,0.1034,0.3879,0.7155,41.1574,118.0323,41.26,Stable,23.92,42.25,68.27,38.79
Paldea Evolved,229,Dudunsparce,Illustration Rare,0.07692307692307693,7502.04,0.002136752136752137,False,False,True,0.485,5.85,2,90,11,41,62,13.99,14.6317,5.99,30.0,4.8652,10.0,11.9625,13.99,15.99,20.2,12.73,13.0,13.99,1.5714,1.3667,0.6889,0.1222,0.4556,0.6889,40.0055,148.2262,39.71,Cooling,16.5,40.99,66.75,45.56
Paldea Evolved,230,Forretress ex,Ultra Rare,0.08333333333333333,5001.360000000001,0.003205128205128205,False,False,True,0.405,0.93,2,443,24,78,154,2.84,2.7923,0.99,5.84,0.9757,1.75,1.99,2.84,3.25,4.0,2.45,2.32,2.25,3.4286,2.6,1.7111,0.0542,0.1761,0.3476,154.9203,264.9318,48.57,Stable,47.9,58.89,65.06,17.61
Paldea Evolved,231,Meowscarada ex,Ultra Rare,0.08333333333333333,5001.360000000001,0.003205128205128205,False,False,True,0.679,2.17,1,183,6,42,80,5.0,5.4777,1.5,10.9,1.7467,3.854,4.055,5.0,6.405,7.998,3.25,4.99,5.0,0.8571,1.4,0.8889,0.0328,0.2295,0.4372,112.4604,251.4002,29.15,Cooling,21.45,15.0,68.11,22.95
Paldea Evolved,232,Wo-Chien ex,Ultra Rare,0.08333333333333333,5001.360000000001,0.003205128205128205,False,False,True,0.446,1.26,1,373,17,73,143,2.99,3.0406,0.99,5.93,0.9996,1.99,2.25,2.99,3.63,4.652,2.99,2.99,2.99,2.4286,2.4333,1.5889,0.0456,0.1957,0.3834,142.7417,278.1489,45.98,Stable,45.48,50.0,67.12,19.57
Paldea Evolved,233,Skeledirge ex,Ultra Rare,0.08333333333333333,5001.360000000001,0.003205128205128205,False,False,True,0.644,1.97,4,260,17,64,111,3.99,4.1171,1.99,8.0,1.3175,2.599,2.99,3.99,4.99,5.99,4.53,3.99,3.99,2.4286,2.1333,1.2333,0.0654,0.2462,0.4269,140.2562,275.8921,49.0,Stable,38.04,63.53,68.0,24.62
Paldea Evolved,234,Chi-Yu ex,Ultra Rare,0.08333333333333333,5001.360000000001,0.003205128205128205,False,False,True,0.524,2.33,1,251,13,55,109,4.89,4.952,1.66,9.53,1.4421,3.35,3.99,4.89,5.76,6.6,4.91,4.89,4.99,1.8571,1.8333,1.2111,0.0518,0.2191,0.4343,116.5733,259.9689,43.44,Stable,34.55,48.4,70.88,21.91
Paldea Evolved,235,Quaquaval ex,Ultra Rare,0.08333333333333333,5001.360000000001,0.003205128205128205,False,False,True,0.456,1.78,2,310,21,55,115,3.59,3.713,1.0,7.5,1.2828,2.239,2.8175,3.59,4.49,5.44,2.99,2.99,3.0,3.0,1.8333,1.2778,0.0677,0.1774,0.371,196.626,318.0052,42.2,Stable,35.55,49.67,65.45,17.74
Paldea Evolved,236,Chien-Pao ex,Ultra Rare,0.08333333333333333,5001.360000000001,0.003205128205128205,False,False,True,0.585,2.56,1,266,15,50,115,4.99,5.0818,1.99,10.0,1.8197,3.0,3.6225,4.99,5.99,7.99,4.25,3.995,4.05,2.1429,1.6667,1.2778,0.0564,0.188,0.4323,139.164,272.882,43.09,Stable,33.36,54.94,64.19,18.8
Paldea Evolved,237,Bellibolt ex,Ultra Rare,0.08333333333333333,5001.360000000001,0.003205128205128205,False,False,True,0.40700000000000003,2.98,0,213,11,47,104,4.99,5.0782,0.99,9.99,1.4799,3.5,4.0,4.99,5.94,6.99,4.49,4.71,4.99,1.5714,1.5667,1.1556,0.0516,0.2207,0.4883,91.7782,233.387,39.58,Cooling,30.01,39.98,70.86,22.07
Paldea Evolved,238,Slowking ex,Ultra Rare,0.08333333333333333,5001.360000000001,0.003205128205128205,False,False,True,0.586,3.32,10,104,19,36,48,9.415,9.0593,2.06,17.4,3.3237,4.99,6.0,9.415,10.9925,13.025,9.99,10.0,9.995,2.7143,1.2,0.5333,0.1827,0.3462,0.4615,103.4038,266.5636,37.95,Cooling,11.25,49.95,63.31,34.62
Paldea Evolved,239,Dedenne ex,Ultra Rare,0.08333333333333333,5001.360000000001,0.003205128205128205,False,False,True,0.562,5.85,7,115,17,52,96,18.72,18.2785,1.44,32.99,4.1587,14.99,16.0,18.72,19.99,22.87,18.0,16.995,17.99,2.4286,1.7333,1.0667,0.1478,0.4522,0.8348,34.6037,96.3615,48.63,Stable,30.4,50.06,77.25,45.22
Paldea Evolved,240,Tinkaton ex,Ultra Rare,0.08333333333333333,5001.360000000001,0.003205128205128205,False,False,True,0.644,7.15,1,162,18,47,100,10.88,10.943,1.49,20.0,3.1939,7.99,9.0,10.88,12.105,14.328,11.01,11.0,11.0,2.5714,1.5667,1.1111,0.1111,0.2901,0.6173,61.4365,160.6539,43.71,Stable,29.05,50.09,70.81,29.01
Paldea Evolved,241,Lycanroc ex,Ultra Rare,0.08333333333333333,5001.360000000001,0.003205128205128205,False,False,True,0.688,1.49,4,255,10,47,95,3.47,3.5228,1.0,6.99,1.1097,2.258,2.75,3.47,4.05,4.99,3.495,3.25,3.48,1.4286,1.5667,1.0556,0.0392,0.1843,0.3725,146.9597,272.4029,40.89,Stable,27.93,50.43,68.5,18.43
Paldea Evolved,242,Annihilape ex,Ultra Rare,0.08333333333333333,5001.360000000001,0.003205128205128205,False,False,True,0.5720000000000001,2.62,6,91,13,29,46,5.99,6.3592,2.13,13.0,2.198,3.99,4.99,5.99,7.485,9.99,5.44,5.99,5.99,1.8571,0.9667,0.5111,0.1429,0.3187,0.5055,86.7137,207.3425,34.05,Cooling,7.83,40.82,65.44,31.87
Paldea Evolved,243,Ting-Lu ex,Ultra Rare,0.08333333333333333,5001.360000000001,0.003205128205128205,False,False,True,0.36200000000000004,1.09,1,445,18,84,152,2.99,2.8874,0.99,5.84,1.0155,1.75,2.0,2.99,3.49,4.182,2.995,2.89,2.945,2.5714,2.8,1.6889,0.0404,0.1888,0.3416,165.9314,274.8584,47.03,Stable,49.25,51.7,64.83,18.88
Paldea Evolved,244,Paldean Clodsire ex,Ultra Rare,0.08333333333333333,5001.360000000001,0.003205128205128205,False,False,True,0.677,1.79,0,238,12,49,94,3.41,3.602,1.0,7.25,1.2866,2.112,2.5,3.41,4.3275,5.268,3.375,3.69,3.62,1.7143,1.6333,1.0444,0.0504,0.2059,0.395,130.6291,274.2226,38.47,Cooling,28.41,43.23,64.28,20.59
Paldea Evolved,245,Copperajah ex,Ultra Rare,0.08333333333333333,5001.360000000001,0.003205128205128205,False,False,True,0.392,1.3,0,421,21,68,169,2.92,2.9551,1.11,5.95,1.008,1.91,2.0,2.92,3.5,4.21,2.39,2.825,2.91,3.0,2.2667,1.8778,0.0499,0.1615,0.4014,143.5911,270.0364,40.12,Stable,46.92,32.13,65.89,16.15
Paldea Evolved,246,Noivern ex,Ultra Rare,0.08333333333333333,5001.360000000001,0.003205128205128205,False,False,True,0.662,1.79,2,273,9,51,123,3.59,3.779,0.99,7.75,1.2709,2.44,2.9,3.59,4.49,5.74,3.75,3.75,3.49,1.2857,1.7,1.3667,0.033,0.1868,0.4505,120.704,247.6318,44.72,Stable,34.92,57.45,66.37,18.68
Paldea Evolved,247,Squawkabilly ex,Ultra Rare,0.08333333333333333,5001.360000000001,0.003205128205128205,False,False,True,0.271,1.85,2,355,12,71,140,2.99,3.0659,0.99,5.98,1.078,1.99,2.06,2.99,3.99,4.99,2.99,2.82,2.84,1.7143,2.3667,1.5556,0.0338,0.2,0.3944,136.6633,228.6818,46.96,Stable,44.71,55.28,64.84,20.0
Paldea Evolved,248,Boss's Orders,Ultra Rare,0.08333333333333333,5001.360000000001,0.003205128205128205,False,False,False,0.0,9.09,2,270,21,72,144,11.99,12.1536,2.0,23.99,3.2383,8.0,10.0,11.99,13.73,15.95,10.99,10.99,11.545,3.0,2.4,1.6,0.0778,0.2667,0.5333,76.5265,184.1489,47.17,Stable,45.37,45.19,73.36,26.67
Paldea Evolved,249,Clavell,Ultra Rare,0.08333333333333333,5001.360000000001,0.003205128205128205,False,False,False,0.0,1.04,1,561,24,84,193,2.49,2.5717,0.72,5.0,0.9715,1.49,1.99,2.49,3.0,3.99,2.47,2.45,2.46,3.4286,2.8,2.1444,0.0428,0.1497,0.344,190.3906,304.6128,46.4,Stable,52.78,50.41,62.22,14.97
Paldea Evolved,250,Dendra,Ultra Rare,0.08333333333333333,5001.360000000001,0.003205128205128205,False,False,False,0.0,1.77,3,326,16,79,154,3.99,4.0952,1.5,8.15,1.3699,2.685,2.99,3.99,4.99,5.995,3.035,3.18,3.49,2.2857,2.6333,1.7111,0.0491,0.2423,0.4724,111.1386,245.7633,43.69,Stable,48.15,36.96,66.55,24.23
Paldea Evolved,251,Falkner,Ultra Rare,0.08333333333333333,5001.360000000001,0.003205128205128205,False,False,False,0.0,1.19,2,444,17,81,156,2.99,2.9437,0.99,5.95,1.0117,1.814,2.0,2.99,3.5225,4.238,2.5,2.75,2.72,2.4286,2.7,1.7333,0.0383,0.1824,0.3514,179.9218,285.7707,44.03,Stable,48.95,41.91,65.63,18.24
Paldea Evolved,252,Giacomo,Ultra Rare,0.08333333333333333,5001.360000000001,0.003205128205128205,False,False,False,0.0,1.01,2,484,16,76,158,2.935,2.8661,0.72,5.84,1.0231,1.59,1.99,2.935,3.47,4.271,2.99,2.99,2.89,2.2857,2.5333,1.7556,0.0331,0.157,0.3264,185.1484,288.2336,46.42,Stable,47.95,53.46,64.3,15.7
Paldea Evolved,253,Grusha,Ultra Rare,0.08333333333333333,5001.360000000001,0.003205128205128205,False,False,False,0.0,2.88,3,267,13,50,109,4.99,5.147,2.0,10.0,1.6235,3.49,3.99,4.99,5.99,7.22,4.47,4.135,4.77,1.8571,1.6667,1.2111,0.0487,0.1873,0.4082,156.5519,307.5051,40.26,Stable,32.36,43.71,68.46,18.73
Paldea Evolved,254,Iono,Ultra Rare,0.08333333333333333,5001.360000000001,0.003205128205128205,False,False,False,0.0,16.65,12,331,23,69,130,17.89,20.1553,10.0,40.0,7.9397,12.51,14.94,17.89,24.38,33.0,14.0,14.93,14.995,3.2857,2.3,1.4444,0.0695,0.2085,0.3927,170.4884,282.9663,42.12,Stable,42.72,43.36,60.61,20.85
Paldea Evolved,255,Saguaro,Ultra Rare,0.08333333333333333,5001.360000000001,0.003205128205128205,False,False,False,0.0,1.06,4,633,27,102,221,2.53,2.7066,0.99,5.55,0.9997,1.5,1.99,2.53,3.0,4.0,2.5,2.495,2.49,3.8571,3.4,2.4556,0.0427,0.1611,0.3491,176.4529,294.9305,48.34,Stable,57.94,50.4,63.06,16.11
Paldea Evolved,256,Meowscarada ex,Special Illustration Rare,0.03125,7694.400000000001,0.0020833333333333333,False,False,True,0.679,17.65,23,176,17,71,137,39.97,41.5418,8.0,79.0,11.0432,30.265,35.0,39.97,45.99,57.21,36.04,35.99,38.4,2.4286,2.3667,1.5222,0.0966,0.4034,0.7784,44.9416,100.0783,49.23,Stable,44.41,43.85,73.42,40.34
Paldea Evolved,257,Wo-Chien ex,Special Illustration Rare,0.03125,7694.400000000001,0.0020833333333333333,False,False,True,0.446,10.8,8,136,15,50,87,20.0,22.3551,1.0,44.26,6.8991,15.0,18.96,20.0,25.0,31.5,19.99,19.995,20.0,2.1429,1.6667,0.9667,0.1103,0.3676,0.6397,55.5512,175.7323,44.27,Stable,27.02,49.95,69.14,36.76
Paldea Evolved,258,Skeledirge ex,Special Illustration Rare,0.03125,7694.400000000001,0.0020833333333333333,False,False,True,0.644,20.85,19,170,19,72,131,40.0,42.9954,15.87,80.99,10.8469,34.468,35.17,40.0,45.92,56.594,38.0,39.99,40.0,2.7143,2.4,1.4556,0.1118,0.4235,0.7706,42.0726,105.3267,50.08,Stable,43.86,45.0,74.77,42.35
Paldea Evolved,259,Chi-Yu ex,Special Illustration Rare,0.03125,7694.400000000001,0.0020833333333333333,False,False,True,0.524,25.46,22,108,25,63,87,60.0,64.7017,12.0,129.95,20.1445,50.0,55.75,60.0,71.4925,89.993,59.99,59.99,60.0,3.5714,2.1,0.9667,0.2315,0.5833,0.8056,23.0255,83.8034,49.98,Stable,31.83,49.98,68.87,58.33
Paldea Evolved,260,Quaquaval ex,Special Illustration Rare,0.03125,7694.400000000001,0.0020833333333333333,False,False,True,0.456,8.7,14,196,16,52,110,18.0,19.5166,3.5,38.95,6.3557,13.0,15.0,18.0,21.6575,29.99,16.695,17.66,17.54,2.2857,1.7333,1.2222,0.0816,0.2653,0.5612,77.3722,187.1454,42.35,Stable,33.34,45.18,67.43,26.53
Paldea Evolved,261,Chien-Pao ex,Special Illustration Rare,0.03125,7694.400000000001,0.0020833333333333333,False,False,True,0.585,17.82,10,184,18,71,117,33.98,35.2533,2.99,65.0,9.4621,27.983,29.99,33.98,39.9925,49.0,35.0,31.0,32.0,2.5714,2.3667,1.3,0.0978,0.3859,0.6359,54.3098,195.0943,52.58,Stable,41.4,59.38,73.16,38.59
Paldea Evolved,262,Tinkaton ex,Special Illustration Rare,0.03125,7694.400000000001,0.0020833333333333333,False,False,True,0.644,26.62,21,153,27,72,128,59.0,59.7152,1.1,118.0,14.8722,45.0,53.98,59.0,65.0,74.998,58.56,58.305,58.82,3.8571,2.4,1.4222,0.1765,0.4706,0.8366,31.6872,75.3324,52.3,Stable,43.34,49.56,75.09,47.06
Paldea Evolved,263,Ting-Lu ex,Special Illustration Rare,0.03125,7694.400000000001,0.0020833333333333333,False,False,True,0.36200000000000004,7.86,5,204,15,53,114,13.995,14.6341,6.0,30.0,4.3549,10.0,11.5,13.995,15.99,20.0,12.54,13.0,13.77,2.1429,1.7667,1.2667,0.0735,0.2598,0.5588,71.995,157.7369,41.9,Stable,34.46,41.07,70.24,25.98
Paldea Evolved,264,Squawkabilly ex,Special Illustration Rare,0.03125,7694.400000000001,0.0020833333333333333,False,False,True,0.271,8.98,5,142,10,36,58,15.0,16.2723,0.99,30.0,5.9329,10.0,12.0,15.0,19.8,25.0,15.0,15.085,15.0,1.4286,1.2,0.6444,0.0704,0.2535,0.4085,143.2826,293.7821,36.73,Cooling,13.17,50.0,63.54,25.35
Paldea Evolved,265,Boss's Orders,Special Illustration Rare,0.03125,7694.400000000001,0.0020833333333333333,False,False,False,0.0,16.5,6,220,10,55,114,19.99,21.094,12.0,38.53,5.3361,15.0,18.0,19.99,22.615,29.049,19.0,19.95,19.99,1.4286,1.8333,1.2667,0.0455,0.25,0.5182,82.6626,195.786,44.07,Stable,35.39,45.05,74.7,25.0
Paldea Evolved,266,Dendra,Special Illustration Rare,0.03125,7694.400000000001,0.0020833333333333333,False,False,False,0.0,8.07,2,250,21,61,101,12.0,13.4449,7.5,26.39,4.3708,9.851,10.0,12.0,15.0,20.0,10.99,11.0,11.99,3.0,2.0333,1.1222,0.084,0.244,0.404,136.1466,245.8122,41.3,Stable,34.73,41.66,67.49,24.4
Paldea Evolved,267,Giacomo,Special Illustration Rare,0.03125,7694.400000000001,0.0020833333333333333,False,False,False,0.0,3.78,3,202,12,42,87,6.99,7.2394,2.99,15.0,2.4216,4.762,5.1025,6.99,8.2325,10.0,6.55,6.47,6.65,1.7143,1.4,0.9667,0.0594,0.2079,0.4307,112.5609,270.1706,38.95,Cooling,23.12,48.5,66.55,20.79
Paldea Evolved,268,Grusha,Special Illustration Rare,0.03125,7694.400000000001,0.0020833333333333333,False,False,False,0.0,12.66,12,99,12,41,67,25.0,27.7337,12.0,50.0,8.6985,19.0,20.785,25.0,32.29,42.406,21.905,24.52,24.99,1.7143,1.3667,0.7444,0.1212,0.4141,0.6768,40.758,229.1068,38.65,Cooling,17.82,37.66,68.64,41.41
Paldea Evolved,269,Iono,Special Illustration Rare,0.03125,7694.400000000001,0.0020833333333333333,True,False,False,0.0,49.73,26,225,27,78,126,79.9,90.4678,7.24,190.0,36.5816,60.0,68.0,79.9,100.0,150.0,69.99,70.0,71.39,3.8571,2.6,1.4,0.12,0.3467,0.56,69.545,253.4643,46.6,Stable,44.48,48.04,59.56,34.67
Paldea Evolved,270,Saguaro,Special Illustration Rare,0.03125,7694.400000000001,0.0020833333333333333,False,False,False,0.0,5.56,5,91,13,45,72,17.62,18.6476,0.99,32.01,5.4619,14.61,15.0,17.62,20.0,25.0,17.33,17.0,17.56,1.8571,1.5,0.8,0.1429,0.4945,0.7912,30.9427,113.6001,45.05,Stable,21.36,48.69,70.71,49.45
Paldea Evolved,271,Meowscarada ex,Hyper Rare,0.017857142857142856,8079.120000000001,0.001984126984126984,False,False,True,0.679,5.36,9,148,13,35,70,10.9,11.5439,3.99,22.0,3.6884,7.418,9.5075,10.9,13.34,17.647,9.5,10.0,10.8,1.8571,1.1667,0.7778,0.0878,0.2365,0.473,99.3801,241.6174,34.51,Cooling,15.95,37.96,68.05,23.65
Paldea Evolved,272,Skeledirge ex,Hyper Rare,0.017857142857142856,8079.120000000001,0.001984126984126984,False,False,True,0.644,4.91,4,161,9,41,73,7.69,8.1593,3.63,16.3,2.5866,5.69,6.19,7.69,8.99,11.5,6.16,7.03,7.71,1.2857,1.3667,0.8111,0.0559,0.2547,0.4534,115.1875,259.4388,33.55,Cooling,19.42,29.9,68.3,25.47
Paldea Evolved,273,Quaquaval ex,Hyper Rare,0.017857142857142856,8079.120000000001,0.001984126984126984,False,False,True,0.456,3.59,4,270,16,60,142,7.09,7.5849,2.5,15.0,2.3198,5.0,5.99,7.09,8.99,10.0,6.06,6.99,7.04,2.2857,2.0,1.5778,0.0593,0.2222,0.5259,81.8208,211.399,41.44,Stable,40.96,36.08,69.42,22.22
Paldea Evolved,274,Chien-Pao ex,Hyper Rare,0.017857142857142856,8079.120000000001,0.001984126984126984,False,False,True,0.585,5.02,5,189,16,53,83,8.14,8.6998,3.83,17.4,2.7044,5.978,6.99,8.14,9.99,12.412,8.765,8.19,8.2,2.2857,1.7667,0.9222,0.0847,0.2804,0.4392,132.7379,250.414,44.63,Stable,27.25,56.89,68.91,28.04
Paldea Evolved,275,Ting-Lu ex,Hyper Rare,0.017857142857142856,8079.120000000001,0.001984126984126984,False,False,True,0.36200000000000004,2.74,6,295,8,54,126,5.0,5.4036,1.99,10.89,1.7533,3.5,4.0,5.0,6.0,7.986,5.5,5.1,5.0,1.1429,1.8,1.4,0.0271,0.1831,0.4271,119.2503,259.837,46.17,Stable,36.67,60.0,67.55,18.31
Paldea Evolved,276,Super Rod,Hyper Rare,0.017857142857142856,8079.120000000001,0.001984126984126984,False,False,False,0.0,7.38,12,232,7,33,74,8.405,9.0676,1.85,18.11,3.2402,5.214,6.9875,8.405,10.9225,13.768,5.25,5.99,6.995,1.0,1.1,0.8222,0.0302,0.1422,0.319,176.3656,260.5193,28.08,Cooling,16.23,25.05,64.27,14.22
Paldea Evolved,277,Superior Energy Retrieval,Hyper Rare,0.017857142857142856,8079.120000000001,0.001984126984126984,False,False,False,0.0,7.08,1,312,26,74,151,5.0,5.8056,1.49,11.96,2.2196,3.331,4.0,5.0,7.06,9.144,3.75,3.99,4.07,3.7143,2.4667,1.6778,0.0833,0.2372,0.484,95.5934,184.9389,43.75,Stable,46.69,42.14,61.77,23.72
Paldea Evolved,278,Basic Grass Energy,Hyper Rare,0.017857142857142856,8079.120000000001,0.001984126984126984,False,False,False,0.0,8.39,2,133,13,54,88,12.0,12.4631,6.5,25.0,3.2729,8.992,10.0,12.0,14.01,16.312,9.99,11.255,12.0,1.8571,1.8,0.9778,0.0977,0.406,0.6617,48.5155,140.5588,41.52,Stable,28.91,33.25,73.74,40.6
Paldea Evolved,279,Basic Water Energy,Hyper Rare,0.017857142857142856,8079.120000000001,0.001984126984126984,False,False,False,0.0,6.02,2,126,14,55,87,13.1,13.5903,1.99,27.26,4.4182,9.5,10.8475,13.1,15.0,19.99,11.58,12.53,13.23,2.0,1.8333,0.9667,0.1111,0.4365,0.6905,40.2008,186.9233,42.25,Stable,29.21,37.53,67.49,43.65
Obsidian Flames,015,Decidueye ex,Double Rare,0.14285714285714285,1747.8300000000002,0.006802721088435374,False,False,True,0.738,0.88,0,870,48,180,414,2.015,2.2493,0.72,4.25,0.7558,1.25,1.79,2.015,2.89,3.0,1.99,2.01,2.0,6.8571,6.0,4.6,0.0552,0.2069,0.4759,97.1067,192.1453,55.74,Stable,78.23,49.5,66.4,20.69
Obsidian Flames,022,Toedscruel ex,Double Rare,0.14285714285714285,1747.8300000000002,0.006802721088435374,False,False,True,0.42,0.79,0,812,43,179,412,2.0,2.1417,0.72,4.0,0.7106,1.24,1.65,2.0,2.5,2.99,1.99,1.99,1.99,6.1429,5.9667,4.5778,0.053,0.2204,0.5074,87.3926,190.8144,56.16,Stable,77.96,50.0,66.82,22.04
Obsidian Flames,033,Victini ex,Double Rare,0.14285714285714285,1747.8300000000002,0.006802721088435374,False,False,True,0.705,0.81,0,742,35,152,314,2.295,2.379,0.72,4.98,0.8141,1.25,1.91,2.295,2.99,3.457,1.99,2.19,2.33,5.0,5.0667,3.4889,0.0472,0.2049,0.4232,115.7217,219.1059,48.74,Stable,69.56,35.41,65.78,20.49
Obsidian Flames,042,Eiscue ex,Double Rare,0.14285714285714285,1747.8300000000002,0.006802721088435374,False,False,True,0.46799999999999997,0.85,1,873,46,209,403,2.25,2.3493,0.99,4.97,0.7631,1.402,1.98,2.25,2.98,3.284,1.99,2.0,2.19,6.5714,6.9667,4.4778,0.0527,0.2394,0.4616,109.4408,230.6508,54.63,Stable,80.26,40.87,67.52,23.94
Obsidian Flames,066,Tyranitar ex,Double Rare,0.14285714285714285,1747.8300000000002,0.006802721088435374,False,False,True,0.6759999999999999,0.86,9,892,46,185,399,2.53,2.7153,0.99,5.45,1.0122,1.5,1.99,2.53,3.09,4.0,2.61,2.5,2.49,6.5714,6.1667,4.4333,0.0516,0.2074,0.4473,106.5794,207.3751,56.48,Stable,77.82,54.82,62.72,20.74
Obsidian Flames,073,Pawmot ex,Double Rare,0.14285714285714285,1747.8300000000002,0.006802721088435374,False,False,True,0.45,0.7,0,908,49,203,437,2.0,2.1907,0.91,4.0,0.7107,1.197,1.7475,2.0,2.67,2.99,2.29,2.15,2.17,7.0,6.7667,4.8556,0.054,0.2236,0.4813,94.3111,187.9909,59.1,Stable,81.52,55.53,67.56,22.36
Obsidian Flames,079,Miraidon ex,Double Rare,0.14285714285714285,1747.8300000000002,0.006802721088435374,False,False,True,0.63,0.85,0,752,27,151,324,2.0,2.2409,0.73,4.49,0.7765,1.25,1.75,2.0,2.9,3.0,2.0,2.14,2.14,3.8571,5.0333,3.6,0.0359,0.2008,0.4309,121.647,237.7463,51.03,Stable,69.69,43.46,65.35,20.08
Obsidian Flames,082,Clefable ex,Double Rare,0.14285714285714285,1747.8300000000002,0.006802721088435374,False,False,True,0.5479999999999999,0.93,1,688,50,170,341,2.49,2.5663,0.72,5.0,0.9195,1.464,1.99,2.49,2.99,3.99,2.195,2.26,2.49,7.1429,5.6667,3.7889,0.0727,0.2471,0.4956,90.9843,211.723,51.1,Stable,72.91,38.15,64.17,24.71
Obsidian Flames,096,Vespiquen ex,Double Rare,0.14285714285714285,1747.8300000000002,0.006802721088435374,False,False,True,0.527,0.86,5,859,41,179,367,2.0,2.243,0.73,4.5,0.7838,1.224,1.69,2.0,2.915,3.0,1.99,2.0,2.0,5.8571,5.9667,4.0778,0.0477,0.2084,0.4272,110.9546,235.606,54.72,Stable,75.63,49.5,65.06,20.84
Obsidian Flames,102,Houndstone ex,Double Rare,0.14285714285714285,1747.8300000000002,0.006802721088435374,False,False,True,0.43200000000000005,0.8,2,847,45,177,381,2.0,2.2248,0.99,4.19,0.7707,1.19,1.69,2.0,2.95,3.0,2.0,2.0,2.08,6.4286,5.9,4.2333,0.0531,0.209,0.4498,109.4408,232.8398,53.94,Stable,76.15,46.15,65.36,20.9
Obsidian Flames,120,Klawf ex,Double Rare,0.14285714285714285,1747.8300000000002,0.006802721088435374,False,False,True,0.355,0.78,0,816,42,159,351,2.0,2.1943,0.99,4.34,0.732,1.25,1.69,2.0,2.6525,3.0,1.99,1.99,1.99,6.0,5.3,3.9,0.0515,0.1949,0.4301,118.0298,241.0468,53.84,Stable,72.04,50.0,66.64,19.49
Obsidian Flames,123,Glimmora ex,Double Rare,0.14285714285714285,1747.8300000000002,0.006802721088435374,False,False,True,0.375,0.63,0,853,34,170,374,2.0,2.2166,0.72,4.34,0.7674,1.132,1.75,2.0,2.75,3.0,1.99,1.995,2.0,4.8571,5.6667,4.1556,0.0399,0.1993,0.4385,111.7538,227.4175,54.4,Stable,74.97,49.5,65.38,19.93
Obsidian Flames,124,Koraidon ex,Double Rare,0.14285714285714285,1747.8300000000002,0.006802721088435374,False,False,True,0.609,0.75,0,842,40,186,388,2.0,2.1844,0.72,4.36,0.7564,1.041,1.62,2.0,2.7,3.0,1.995,1.99,2.0,5.7143,6.2,4.3111,0.0475,0.2209,0.4608,104.1887,221.8668,55.65,Stable,77.45,49.75,65.37,22.09
Obsidian Flames,125,Charizard ex,Double Rare,0.14285714285714285,1747.8300000000002,0.006802721088435374,False,False,True,0.675,3.9,40,564,39,159,322,7.25,8.0518,3.0,19.95,2.944,5.42,6.0,7.25,9.0,11.99,6.99,7.0,7.0,5.5714,5.3,3.5778,0.0691,0.2819,0.5709,71.4836,194.8587,54.44,Stable,70.54,49.86,63.44,28.19
Obsidian Flames,134,Houndoom ex,Double Rare,0.14285714285714285,1747.8300000000002,0.006802721088435374,False,False,True,0.603,0.8,3,667,33,152,333,2.25,2.4082,0.99,4.79,0.8047,1.446,1.98,2.25,2.99,3.494,2.0,2.1,2.19,4.7143,5.0667,3.7,0.0495,0.2279,0.4993,90.3554,209.2149,51.37,Stable,70.33,41.32,66.59,22.79
Obsidian Flames,135,Absol ex,Double Rare,0.14285714285714285,1747.8300000000002,0.006802721088435374,False,False,True,0.706,0.97,3,806,40,181,360,2.49,2.5694,0.72,5.0,0.9107,1.5,1.99,2.49,3.0,3.99,1.995,2.49,2.49,5.7143,6.0333,4.0,0.0496,0.2246,0.4467,114.3047,242.9716,49.07,Stable,75.45,30.12,64.56,22.46
Obsidian Flames,153,Melmetal ex,Double Rare,0.14285714285714285,1747.8300000000002,0.006802721088435374,False,False,True,0.496,0.95,0,759,31,168,350,2.0,2.2548,0.73,4.18,0.7309,1.41,1.79,2.0,2.75,3.0,1.99,2.0,2.0,4.4286,5.6,3.8889,0.0408,0.2213,0.4611,105.7989,220.0722,54.71,Stable,73.05,49.5,67.58,22.13
Obsidian Flames,156,Revavroom ex,Double Rare,0.14285714285714285,1747.8300000000002,0.006802721088435374,False,False,True,0.35700000000000004,0.81,0,873,40,188,380,2.0,2.1833,0.72,4.18,0.7565,1.092,1.69,2.0,2.63,3.0,1.895,1.99,1.99,5.7143,6.2667,4.2222,0.0458,0.2153,0.4353,117.5882,226.5282,54.13,Stable,77.29,45.23,65.35,21.53
Obsidian Flames,159,Dragonite ex,Double Rare,0.14285714285714285,1747.8300000000002,0.006802721088435374,False,False,True,0.733,1.51,8,555,33,119,272,3.64,3.8104,0.91,7.95,1.2906,2.26,2.75,3.64,4.99,5.666,4.0,3.99,3.985,4.7143,3.9667,3.0222,0.0595,0.2144,0.4901,94.4346,215.2188,51.73,Stable,63.67,50.38,66.13,21.44
Obsidian Flames,164,Pidgeot ex,Double Rare,0.14285714285714285,1747.8300000000002,0.006802721088435374,False,False,True,0.545,2.64,6,684,40,171,328,3.01,3.5441,0.99,7.24,1.4172,1.99,2.49,3.01,4.49,5.5,2.415,2.49,2.75,5.7143,5.7,3.6444,0.0585,0.25,0.4795,102.5252,192.281,50.06,Stable,72.39,37.82,60.01,25.0
Obsidian Flames,179,Greedent ex,Double Rare,0.14285714285714285,1747.8300000000002,0.006802721088435374,False,False,True,0.32,0.7,1,910,37,162,379,2.0,2.22,0.72,4.32,0.7416,1.25,1.6925,2.0,2.73,3.0,1.99,1.99,2.0,5.2857,5.4,4.2111,0.0407,0.178,0.4165,121.1778,245.8683,54.01,Stable,74.26,49.5,66.59,17.8
Obsidian Flames,198,Gloom,Illustration Rare,0.07692307692307693,1854.8399999999997,0.006410256410256411,False,False,True,0.40299999999999997,10.91,66,447,54,195,365,29.99,31.0883,0.99,59.99,9.192,23.0,25.0,29.99,34.99,44.4,25.675,26.82,29.0,7.7143,6.5,4.0556,0.1208,0.4362,0.8166,36.5454,77.5292,57.49,Stable,77.07,38.53,70.43,43.62
Obsidian Flames,199,Ninetales,Illustration Rare,0.07692307692307693,1854.8399999999997,0.006410256410256411,False,False,True,0.726,19.67,17,541,81,235,439,47.71,48.6671,1.0,99.95,12.7428,39.0,40.0,47.71,52.99,65.26,45.0,44.99,45.2,11.5714,7.8333,4.8778,0.1497,0.4344,0.8115,37.2546,74.2279,63.48,Rising,83.87,49.56,73.82,43.44
Obsidian Flames,200,Palafin,Illustration Rare,0.07692307692307693,1854.8399999999997,0.006410256410256411,False,False,True,0.485,2.72,13,458,44,156,264,6.99,7.2538,1.33,15.5,2.7002,4.5,5.4125,6.99,8.295,10.927,6.99,6.5,6.915,6.2857,5.2,2.9333,0.0961,0.3406,0.5764,58.2897,178.8649,55.03,Stable,67.8,51.08,62.78,34.06
Obsidian Flames,201,Bellibolt,Illustration Rare,0.07692307692307693,1854.8399999999997,0.006410256410256411,False,False,True,0.40700000000000003,2.69,10,404,50,144,264,7.245,7.4275,1.44,15.0,2.482,4.5,5.84,7.245,8.7125,10.0,6.99,7.44,7.545,7.1429,4.8,2.9333,0.1238,0.3564,0.6535,60.169,132.9006,53.17,Stable,66.45,42.64,66.58,35.64
Obsidian Flames,202,Cleffa,Illustration Rare,0.07692307692307693,1854.8399999999997,0.006410256410256411,False,False,True,0.479,17.79,68,478,93,250,420,44.71,46.0564,7.24,90.0,12.885,35.7,39.685,44.71,50.0,63.173,40.0,40.535,43.56,13.2857,8.3333,4.6667,0.1946,0.523,0.8787,26.6565,48.9257,62.63,Rising,84.07,41.83,72.02,52.3
Obsidian Flames,203,Larvitar,Illustration Rare,0.07692307692307693,1854.8399999999997,0.006410256410256411,False,False,True,0.557,3.01,15,454,60,170,292,8.785,8.965,2.99,18.0,2.5981,6.0,7.0,8.785,10.0,12.0,7.99,8.0,8.59,8.5714,5.6667,3.2444,0.1322,0.3744,0.6432,53.187,125.0986,55.87,Stable,70.9,43.02,71.02,37.44
Obsidian Flames,204,Houndour,Illustration Rare,0.07692307692307693,1854.8399999999997,0.006410256410256411,False,False,True,0.5529999999999999,5.75,24,451,51,155,269,13.5,14.4346,3.99,29.97,4.8823,9.99,10.9,13.5,16.35,21.0,12.0,12.2,12.99,7.2857,5.1667,2.9889,0.1131,0.3437,0.5965,59.5505,161.8288,53.18,Stable,67.87,42.38,66.18,34.37
Obsidian Flames,205,Scizor,Illustration Rare,0.07692307692307693,1854.8399999999997,0.006410256410256411,False,False,True,0.7170000000000001,10.09,47,488,48,184,365,19.87,19.8466,0.99,38.38,5.3545,14.99,16.34,19.87,21.75,27.99,17.99,17.99,19.49,6.8571,6.1333,4.0556,0.0984,0.377,0.748,45.1255,101.921,57.61,Stable,75.9,42.3,73.02,37.7
Obsidian Flames,206,Varoom,Illustration Rare,0.07692307692307693,1854.8399999999997,0.006410256410256411,False,False,True,0.292,1.67,3,866,61,208,406,3.99,3.9643,0.99,7.98,1.2082,2.5,3.0,3.99,4.99,5.66,3.99,3.99,3.99,8.7143,6.9333,4.5111,0.0704,0.2402,0.4688,101.6257,229.0789,57.81,Stable,80.33,50.0,69.52,24.02
Obsidian Flames,207,Pidgey,Illustration Rare,0.07692307692307693,1854.8399999999997,0.006410256410256411,False,False,True,0.42200000000000004,7.35,37,357,44,147,281,20.0,22.149,12.0,43.99,5.8408,15.99,18.03,20.0,25.0,29.99,19.99,19.99,20.0,6.2857,4.9,3.1222,0.1232,0.4118,0.7871,44.403,97.0122,58.23,Stable,67.62,49.95,73.63,41.18
Obsidian Flames,208,Pidgeotto,Illustration Rare,0.07692307692307693,1854.8399999999997,0.006410256410256411,False,False,True,0.506,5.58,20,366,51,136,243,14.99,15.3167,5.99,30.0,5.2238,10.0,11.9925,14.99,17.0,23.25,13.27,14.69,14.98,7.2857,4.5333,2.7,0.1393,0.3716,0.6639,51.8354,135.2468,51.63,Stable,64.81,38.58,65.89,37.16
Obsidian Flames,209,Lechonk,Illustration Rare,0.07692307692307693,1854.8399999999997,0.006410256410256411,False,False,True,0.433,4.98,29,307,39,135,251,15.75,16.4456,3.63,30.0,3.9381,12.0,14.0,15.75,18.48,20.0,14.99,15.0,15.04,5.5714,4.5,2.7889,0.127,0.4397,0.8176,39.3606,86.8891,58.36,Stable,64.86,49.67,76.05,43.97
Obsidian Flames,210,Eiscue ex,Ultra Rare,0.06666666666666667,2140.2000000000003,0.005555555555555556,False,False,True,0.46799999999999997,1.57,7,800,46,179,383,2.5,2.7221,0.99,5.89,0.9324,1.74,2.0,2.5,3.0,3.99,2.66,2.49,2.5,6.5714,5.9667,4.2556,0.0575,0.2238,0.4788,97.3285,196.291,57.52,Stable,76.59,56.4,65.75,22.38
Obsidian Flames,211,Tyranitar ex,Ultra Rare,0.06666666666666667,2140.2000000000003,0.005555555555555556,False,False,True,0.6759999999999999,3.38,20,570,46,136,280,6.99,7.3941,3.0,15.65,2.4571,4.99,5.5,6.99,8.2475,10.58,6.545,6.495,6.99,6.5714,4.5333,3.1111,0.0807,0.2386,0.4912,95.5926,238.8188,51.16,Stable,66.48,43.63,66.77,23.86
Obsidian Flames,212,Vespiquen ex,Ultra Rare,0.06666666666666667,2140.2000000000003,0.005555555555555556,False,False,True,0.527,1.05,5,843,44,174,363,2.99,2.9204,0.99,5.69,0.9924,1.932,2.0,2.99,3.5,4.168,2.73,2.65,2.85,6.2857,5.8,4.0333,0.0522,0.2064,0.4306,127.6556,260.4463,53.47,Stable,74.67,45.79,66.02,20.64
Obsidian Flames,213,Glimmora ex,Ultra Rare,0.06666666666666667,2140.2000000000003,0.005555555555555556,False,False,True,0.375,0.87,1,914,42,174,367,2.29,2.3968,0.99,4.98,0.8487,1.25,1.75,2.29,2.99,3.49,2.26,2.47,2.49,6.0,5.8,4.0778,0.046,0.1904,0.4015,136.3571,254.9883,51.44,Stable,74.97,40.76,64.59,19.04
Obsidian Flames,214,Absol ex,Ultra Rare,0.06666666666666667,2140.2000000000003,0.005555555555555556,False,False,True,0.706,2.05,9,671,32,137,289,3.99,4.1423,1.0,8.0,1.3105,2.75,3.0,3.99,4.99,5.99,3.99,3.79,3.99,4.5714,4.5667,3.2111,0.0477,0.2042,0.4307,112.4436,242.1825,52.83,Stable,66.91,50.0,68.36,20.42
Obsidian Flames,215,Charizard ex,Ultra Rare,0.06666666666666667,2140.2000000000003,0.005555555555555556,False,False,True,0.675,10.85,69,577,73,227,367,26.1,30.9631,14.0,65.0,12.0136,19.99,22.0,26.1,38.17,50.0,24.15,24.99,25.0,10.4286,7.5667,4.0778,0.1265,0.3934,0.636,49.0393,154.6133,57.89,Stable,79.35,46.6,61.2,39.34
Obsidian Flames,216,Revavroom ex,Ultra Rare,0.06666666666666667,2140.2000000000003,0.005555555555555556,False,False,True,0.35700000000000004,0.89,4,897,46,159,369,2.29,2.4111,0.79,4.95,0.8256,1.446,1.88,2.29,2.99,3.5,2.48,2.0,2.09,6.5714,5.3,4.1,0.0513,0.1773,0.4114,126.5817,230.1055,59.29,Stable,73.3,68.66,65.76,17.73
Obsidian Flames,217,Pidgeot ex,Ultra Rare,0.06666666666666667,2140.2000000000003,0.005555555555555556,False,False,True,0.545,2.24,12,824,37,153,327,4.0,4.5571,1.0,9.0,1.5268,3.0,3.365,4.0,5.0,6.99,3.5,3.49,3.95,5.2857,5.1,3.6333,0.0449,0.1857,0.3968,133.7809,239.0645,49.65,Stable,70.17,38.61,66.5,18.57
Obsidian Flames,218,Geeta,Ultra Rare,0.06666666666666667,2140.2000000000003,0.005555555555555556,False,False,False,0.0,1.14,3,834,50,175,320,2.84,2.8825,0.73,5.91,1.0636,1.81,1.99,2.84,3.5,4.5,2.53,2.75,2.795,7.1429,5.8333,3.5556,0.06,0.2098,0.3837,144.3176,257.6503,50.7,Stable,72.43,40.52,63.1,20.98
Obsidian Flames,219,Ortega,Ultra Rare,0.06666666666666667,2140.2000000000003,0.005555555555555556,False,False,False,0.0,0.97,4,867,55,178,349,2.62,2.8017,0.91,5.95,1.0765,1.506,1.99,2.62,3.405,4.49,2.49,2.49,2.49,7.8571,5.9333,3.8778,0.0634,0.2053,0.4025,141.6483,251.6825,53.69,Stable,74.21,50.0,61.58,20.53
Obsidian Flames,220,Poppy,Ultra Rare,0.06666666666666667,2140.2000000000003,0.005555555555555556,False,False,False,0.0,1.19,5,840,29,149,308,2.895,2.8834,0.99,5.98,1.0448,1.799,1.99,2.895,3.49,4.341,2.49,2.5,2.5,4.1429,4.9667,3.4222,0.0345,0.1774,0.3667,148.8726,260.5946,51.85,Stable,68.9,49.6,63.76,17.74
Obsidian Flames,221,Ryme,Ultra Rare,0.06666666666666667,2140.2000000000003,0.005555555555555556,False,False,False,0.0,0.95,4,889,40,160,343,2.49,2.6247,0.91,5.45,0.9705,1.5,1.99,2.49,3.0,3.992,2.0,2.0,2.39,5.7143,5.3333,3.8111,0.045,0.18,0.3858,137.5506,251.4296,47.85,Stable,71.82,33.68,63.02,18.0
Obsidian Flames,222,Eiscue ex,Special Illustration Rare,0.03125,2282.88,0.005208333333333333,False,False,True,0.46799999999999997,4.3,18,389,51,139,262,9.65,10.3168,2.99,20.0,3.9007,6.0,7.25,9.65,12.5,16.0,8.0,8.49,9.28,7.2857,4.6333,2.9111,0.1311,0.3573,0.6735,47.8174,159.5009,50.2,Stable,65.84,36.21,62.19,35.73
Obsidian Flames,223,Charizard ex,Special Illustration Rare,0.03125,2282.88,0.005208333333333333,True,False,True,0.675,94.11,197,649,70,235,478,145.0,151.7108,1.0,316.66,57.4283,100.0,120.0,145.0,175.06,224.198,124.995,125.0,136.665,10.0,7.8333,5.3111,0.1079,0.3621,0.7365,47.667,114.4928,57.74,Stable,85.44,41.46,62.15,36.21
Obsidian Flames,224,Revavroom ex,Special Illustration Rare,0.03125,2282.88,0.005208333333333333,False,False,True,0.35700000000000004,3.83,16,557,36,142,286,6.99,7.3483,1.3,15.0,2.6878,4.23,5.29,6.99,8.49,10.636,6.99,6.99,7.215,5.1429,4.7333,3.1778,0.0646,0.2549,0.5135,87.4794,210.6808,52.04,Stable,67.3,46.88,63.42,25.49
Obsidian Flames,225,Pidgeot ex,Special Illustration Rare,0.03125,2282.88,0.005208333333333333,False,False,True,0.545,12.78,46,435,37,163,325,25.0,27.27,1.99,51.78,8.4216,19.0,21.54,25.0,30.0,39.99,23.0,24.0,25.0,5.2857,5.4333,3.6111,0.0851,0.3747,0.7471,44.1163,109.1478,55.28,Stable,71.22,42.0,69.12,37.47
Obsidian Flames,226,Geeta,Special Illustration Rare,0.03125,2282.88,0.005208333333333333,False,False,False,0.0,2.57,9,611,31,110,241,4.99,5.2332,1.99,10.22,1.8608,3.27,3.99,4.99,5.99,8.0,4.34,4.99,4.99,4.4286,3.6667,2.6778,0.0507,0.18,0.3944,126.1949,253.1105,45.83,Stable,60.84,36.97,64.44,18.0
Obsidian Flames,227,Poppy,Special Illustration Rare,0.03125,2282.88,0.005208333333333333,False,False,False,0.0,2.26,4,612,38,136,270,4.955,4.9976,1.0,10.0,1.7841,3.0,3.54,4.955,5.99,7.499,4.25,4.9,4.915,5.4286,4.5333,3.0,0.0621,0.2222,0.4412,106.5448,241.8523,48.02,Stable,65.93,36.47,64.3,22.22
Obsidian Flames,228,Charizard ex,Hyper Rare,0.018867924528301886,1890.51,0.006289308176100628,True,False,True,0.675,22.63,133,725,78,257,487,50.0,56.4615,19.99,115.0,18.8236,39.908,42.65,50.0,65.99,85.0,45.0,45.0,48.37,11.1429,8.5667,5.4111,0.1076,0.3545,0.6717,49.4287,133.199,59.58,Stable,87.49,43.03,66.66,35.45
Obsidian Flames,229,Artazon,Hyper Rare,0.018867924528301886,1890.51,0.006289308176100628,False,False,False,0.0,2.5,7,856,45,150,361,3.49,3.7541,1.0,7.98,1.3309,2.25,2.9,3.49,4.7525,5.49,2.89,2.99,2.99,6.4286,5.0,4.0111,0.0526,0.1752,0.4217,118.0651,235.5073,51.91,Stable,71.68,46.66,64.55,17.52
Obsidian Flames,230,Basic Fire Energy,Hyper Rare,0.018867924528301886,1890.51,0.006289308176100628,False,False,False,0.0,4.1,4,629,34,120,286,5.5,6.0084,1.99,11.95,1.7605,4.266,4.99,5.5,6.99,8.91,5.0,5.13,5.25,4.8571,4.0,3.1778,0.0541,0.1908,0.4547,105.9656,217.1027,50.87,Stable,64.49,45.24,70.7,19.08
Paradox Rift,003,Froslass ex,Double Rare,0.16666666666666666,1009.2,0.008333333333333333,False,False,True,0.655,0.67,0,931,30,163,375,2.0,2.1741,0.72,4.09,0.7692,1.1,1.5,2.0,2.715,3.0,1.99,2.0,2.0,4.2857,5.4333,4.1667,0.0322,0.1751,0.4028,119.7295,235.1603,53.51,Stable,74.1,49.5,64.62,17.51
Paradox Rift,027,Armarouge ex,Double Rare,0.16666666666666666,1009.2,0.008333333333333333,False,False,True,0.575,0.67,0,920,37,151,355,2.0,2.1324,0.73,4.0,0.7396,1.0,1.5,2.0,2.7025,3.0,1.99,2.0,2.0,5.2857,5.0333,3.9444,0.0402,0.1641,0.3859,136.9106,238.7072,52.64,Stable,71.5,49.5,65.32,16.41
Paradox Rift,038,Garchomp ex,Double Rare,0.16666666666666666,1009.2,0.008333333333333333,False,False,True,0.726,0.78,1,877,41,171,376,2.37,2.4042,0.99,4.98,0.7803,1.456,1.99,2.37,2.99,3.426,2.48,2.37,2.25,5.8571,5.7,4.1778,0.0468,0.195,0.4287,113.7023,211.2442,58.03,Stable,75.19,60.22,67.54,19.5
Paradox Rift,046,Tsareena ex,Double Rare,0.16666666666666666,1009.2,0.008333333333333333,False,False,True,0.556,0.68,0,905,45,178,384,1.99,2.0053,0.72,3.95,0.6698,1.0,1.49,1.99,2.49,2.99,1.99,1.99,1.99,6.4286,5.9333,4.2667,0.0497,0.1967,0.4243,115.4324,211.8224,55.2,Stable,76.49,50.0,66.6,19.67
Paradox Rift,050,Golisopod ex,Double Rare,0.16666666666666666,1009.2,0.008333333333333333,False,False,True,0.565,0.62,0,929,32,140,354,1.99,2.0897,0.72,3.99,0.762,1.0,1.49,1.99,2.5,3.0,1.94,2.0,1.99,4.5714,4.6667,3.9333,0.0344,0.1507,0.3811,145.6186,272.9552,51.07,Stable,70.36,47.49,63.54,15.07
Paradox Rift,058,Mewtwo ex,Double Rare,0.16666666666666666,1009.2,0.008333333333333333,False,False,True,0.747,1.56,10,804,45,177,363,3.49,3.6359,1.04,7.16,1.1417,2.45,2.8275,3.49,4.265,5.0,3.5,3.49,3.5,6.4286,5.9,4.0333,0.056,0.2201,0.4515,110.6646,199.4628,55.63,Stable,75.03,50.0,68.6,22.01
Paradox Rift,068,Tapu Koko ex,Double Rare,0.16666666666666666,1009.2,0.008333333333333333,False,False,True,0.5770000000000001,0.65,0,911,35,157,377,1.99,1.9924,0.72,3.92,0.6704,1.0,1.48,1.99,2.49,2.99,1.99,1.99,1.99,5.0,5.2333,4.1889,0.0384,0.1723,0.4138,122.3591,237.6367,53.76,Stable,73.48,50.0,66.35,17.23
Paradox Rift,070,Iron Hands ex,Double Rare,0.16666666666666666,1009.2,0.008333333333333333,False,False,True,0.39799999999999996,1.54,2,817,30,150,348,2.24,2.4567,0.72,5.0,0.9524,1.362,1.95,2.24,2.99,3.99,1.995,2.0,2.0,4.2857,5.0,3.8667,0.0367,0.1836,0.4259,115.6359,176.9353,52.06,Stable,70.72,49.75,61.23,18.36
Paradox Rift,076,Cofagrigus ex,Double Rare,0.16666666666666666,1009.2,0.008333333333333333,False,False,True,0.59,0.66,0,941,55,190,395,1.99,2.1159,0.73,4.0,0.7196,1.1,1.5,1.99,2.5,2.99,1.99,1.99,1.99,7.8571,6.3333,4.3889,0.0584,0.2019,0.4198,124.7128,237.6492,55.68,Stable,78.14,50.0,65.99,20.19
Paradox Rift,089,Iron Valiant ex,Double Rare,0.16666666666666666,1009.2,0.008333333333333333,False,False,True,0.63,0.76,0,878,23,150,347,2.0,2.1991,0.72,4.35,0.7865,1.0,1.6,2.0,2.765,3.0,1.99,1.99,1.99,3.2857,5.0,3.8556,0.0262,0.1708,0.3952,130.3408,230.0605,52.46,Stable,70.65,50.0,64.24,17.08
Paradox Rift,098,Hoopa ex,Double Rare,0.16666666666666666,1009.2,0.008333333333333333,False,False,True,0.49,0.64,1,925,38,156,364,2.0,2.2233,0.72,4.19,0.7765,1.094,1.69,2.0,2.82,3.0,1.99,1.99,2.0,5.4286,5.2,4.0444,0.0411,0.1686,0.3935,131.3521,230.5602,53.01,Stable,72.57,49.5,65.07,16.86
Paradox Rift,100,Toxtricity ex,Double Rare,0.16666666666666666,1009.2,0.008333333333333333,False,False,True,0.585,0.59,0,921,49,182,388,2.0,2.2119,0.72,4.2,0.7791,1.15,1.65,2.0,2.73,3.0,2.0,1.99,2.0,7.0,6.0667,4.3111,0.0532,0.1976,0.4213,121.3774,236.9257,55.06,Stable,77.18,50.0,64.78,19.76
Paradox Rift,108,Sandy Shocks ex,Double Rare,0.16666666666666666,1009.2,0.008333333333333333,False,False,True,0.436,0.57,0,882,37,165,350,1.99,2.0247,0.72,3.95,0.6784,1.0,1.49,1.99,2.49,2.99,1.99,1.99,1.99,5.2857,5.5,3.8889,0.042,0.1871,0.3968,129.9046,223.2842,53.87,Stable,72.75,50.0,66.49,18.71
Paradox Rift,124,Roaring Moon ex,Double Rare,0.16666666666666666,1009.2,0.008333333333333333,False,False,True,0.547,0.86,1,854,36,169,360,2.49,2.6221,0.91,5.4,0.9774,1.5,1.99,2.49,3.0,3.99,1.99,2.18,2.25,5.1429,5.6333,4.0,0.0422,0.1979,0.4215,120.9591,217.8708,50.22,Stable,73.94,38.44,62.72,19.79
Paradox Rift,135,Aegislash ex,Double Rare,0.16666666666666666,1009.2,0.008333333333333333,False,False,True,0.649,0.6,0,887,24,137,316,1.99,2.0344,0.72,3.95,0.669,1.0,1.49,1.99,2.49,2.99,1.99,1.99,1.99,3.4286,4.5667,3.5111,0.0271,0.1545,0.3563,149.4298,268.1683,51.91,Stable,68.01,50.0,67.12,15.45
Paradox Rift,137,Skeledirge ex,Double Rare,0.16666666666666666,1009.2,0.008333333333333333,False,False,True,0.644,0.73,0,906,33,151,347,2.0,2.1523,0.73,4.09,0.7506,1.0,1.675,2.0,2.59,2.99,2.18,2.0,2.0,4.7143,5.0333,3.8556,0.0364,0.1667,0.383,133.7292,238.1202,55.3,Stable,70.81,59.0,65.13,16.67
Paradox Rift,139,Gholdengo ex,Double Rare,0.16666666666666666,1009.2,0.008333333333333333,False,False,True,0.39899999999999997,13.43,2,645,29,154,323,2.99,3.5404,0.99,7.98,1.6517,1.87,2.25,2.99,4.7,6.072,2.39,2.49,2.5,4.1429,5.1333,3.5889,0.045,0.2388,0.5008,89.0434,118.2109,50.14,Stable,70.06,45.6,53.35,23.88
Paradox Rift,140,Altaria ex,Double Rare,0.16666666666666666,1009.2,0.008333333333333333,False,False,True,0.693,0.62,0,898,45,178,370,1.99,2.1569,0.73,4.02,0.7649,1.127,1.5,1.99,2.725,3.0,2.0,2.0,2.0,6.4286,5.9333,4.1111,0.0501,0.1982,0.412,134.754,246.5701,54.57,Stable,75.67,50.0,64.54,19.82
Paradox Rift,155,Maushold ex,Double Rare,0.16666666666666666,1009.2,0.008333333333333333,False,False,True,0.537,0.7,27,852,54,218,404,2.49,2.5159,0.99,5.38,0.8725,1.49,1.99,2.49,2.99,3.587,2.67,2.49,2.49,7.7143,7.2667,4.4889,0.0634,0.2559,0.4742,99.8504,209.1921,59.57,Stable,80.72,57.23,65.32,25.59
Paradox Rift,156,Bombirdier ex,Double Rare,0.16666666666666666,1009.2,0.008333333333333333,False,False,True,0.35100000000000003,0.59,0,913,33,149,354,1.99,1.9961,0.73,3.98,0.6618,1.0,1.49,1.99,2.49,2.99,1.99,1.99,1.99,4.7143,4.9667,3.9333,0.0361,0.1632,0.3877,133.5139,249.148,52.97,Stable,71.11,50.0,66.85,16.32
Paradox Rift,183,Crustle,Illustration Rare,0.07692307692307693,3717.22,0.0022624434389140274,False,False,True,0.505,3.21,3,271,19,81,153,6.0,6.4734,0.99,13.05,2.0509,4.49,5.0,6.0,7.24,9.0,5.8,6.0,6.0,2.7143,2.7,1.7,0.0701,0.2989,0.5646,67.3825,183.6947,48.21,Stable,48.56,46.67,68.32,29.89
Paradox Rift,184,Dottler,Illustration Rare,0.07692307692307693,3717.22,0.0022624434389140274,False,False,True,0.302,2.87,5,301,21,88,153,6.0,6.4772,1.99,13.0,1.9803,4.25,5.0,6.0,7.5,9.25,5.99,6.75,6.7,3.0,2.9333,1.7,0.0698,0.2924,0.5083,88.8031,168.03,46.54,Stable,49.95,39.4,69.43,29.24
Paradox Rift,185,Toedscruel,Illustration Rare,0.07692307692307693,3717.22,0.0022624434389140274,False,False,True,0.42,5.22,4,262,16,79,156,8.99,8.9574,4.5,18.0,2.1999,6.873,7.49,8.99,9.99,11.581,8.245,8.0,8.545,2.2857,2.6333,1.7333,0.0611,0.3015,0.5954,61.2785,160.6709,49.61,Stable,48.47,46.49,75.44,30.15
Paradox Rift,186,Magby,Illustration Rare,0.07692307692307693,3717.22,0.0022624434389140274,False,False,True,0.35200000000000004,12.17,7,136,17,44,86,25.0,26.9554,12.0,50.0,8.1901,19.29,21.93,25.0,30.0,39.035,23.99,24.1,24.99,2.4286,1.4667,0.9556,0.125,0.3235,0.6324,58.1765,154.0278,41.38,Stable,23.96,46.0,69.62,32.35
Paradox Rift,187,Iron Moth,Illustration Rare,0.07692307692307693,3717.22,0.0022624434389140274,False,False,True,0.5379999999999999,4.21,5,221,16,72,135,9.99,10.3291,1.1,20.45,3.8805,5.99,8.0,9.99,11.99,15.48,9.485,9.99,9.99,2.2857,2.4,1.5,0.0724,0.3258,0.6109,60.5217,165.7232,45.8,Stable,44.39,44.94,62.43,32.58
Paradox Rift,188,Snorunt,Illustration Rare,0.07692307692307693,3717.22,0.0022624434389140274,False,False,True,0.513,9.03,7,261,26,96,163,11.0,11.7316,4.99,20.0,2.906,8.49,9.99,11.0,13.0,15.0,10.99,11.565,11.69,3.7143,3.2,1.8111,0.0996,0.3678,0.6245,53.1292,145.259,51.27,Stable,52.21,44.01,75.23,36.78
Paradox Rift,189,Mantyke,Illustration Rare,0.07692307692307693,3717.22,0.0022624434389140274,False,False,True,0.47600000000000003,15.77,11,158,27,70,133,39.45,40.0461,1.99,79.99,10.8385,30.0,34.9,39.45,44.985,51.15,35.0,35.0,38.17,3.8571,2.3333,1.4778,0.1709,0.443,0.8418,36.1961,72.0274,48.99,Stable,43.45,41.7,72.93,44.3
Paradox Rift,190,Vanillish,Illustration Rare,0.07692307692307693,3717.22,0.0022624434389140274,False,False,True,0.41700000000000004,11.34,16,367,34,100,205,11.99,12.2272,3.0,25.49,4.5074,7.06,9.0,11.99,14.8,18.178,9.25,11.0,12.0,4.8571,3.3333,2.2778,0.0926,0.2725,0.5586,69.495,149.3589,43.05,Stable,56.16,27.08,63.14,27.25
Paradox Rift,191,Wimpod,Illustration Rare,0.07692307692307693,3717.22,0.0022624434389140274,False,False,True,0.415,5.54,3,93,14,46,71,15.0,16.09,5.0,30.0,4.8966,10.1,13.76,15.0,18.03,24.99,14.995,15.085,15.0,2.0,1.5333,0.7889,0.1505,0.4946,0.7634,32.917,123.0209,45.24,Stable,21.5,49.97,69.57,49.46
Paradox Rift,192,Veluza,Illustration Rare,0.07692307692307693,3717.22,0.0022624434389140274,False,False,True,0.34700000000000003,5.93,7,162,20,62,108,12.27,12.5182,5.25,25.0,3.9876,7.012,10.0,12.27,14.99,17.495,12.97,12.47,12.97,2.8571,2.0667,1.2,0.1235,0.3827,0.6667,53.3597,123.2508,47.26,Stable,36.58,50.0,68.15,38.27
Paradox Rift,193,Plusle,Illustration Rare,0.07692307692307693,3717.22,0.0022624434389140274,False,False,True,0.499,22.31,17,139,22,68,121,51.29,54.7013,1.0,102.75,16.5086,41.99,45.0,51.29,60.0,77.992,45.0,46.635,51.0,3.1429,2.2667,1.3444,0.1583,0.4892,0.8705,30.6238,57.3769,47.5,Stable,40.94,38.24,69.82,48.92
Paradox Rift,194,Minun,Illustration Rare,0.07692307692307693,3717.22,0.0022624434389140274,False,False,True,0.498,21.08,18,126,18,55,102,51.135,54.7675,25.9,105.0,15.2725,40.0,44.9925,51.135,59.99,74.995,42.31,47.0,50.0,2.5714,1.8333,1.1333,0.1429,0.4365,0.8095,36.7181,75.2467,43.47,Stable,33.09,34.62,72.11,43.65
Paradox Rift,195,Blitzle,Illustration Rare,0.07692307692307693,3717.22,0.0022624434389140274,False,False,True,0.47700000000000004,5.61,6,193,32,78,129,11.36,11.4285,4.8,20.38,3.2975,6.992,9.99,11.36,13.0,15.512,11.615,11.99,11.99,4.5714,2.6,1.4333,0.1658,0.4041,0.6684,47.4702,136.0655,49.83,Stable,44.87,46.87,71.15,40.41
Paradox Rift,196,Joltik,Illustration Rare,0.07692307692307693,3717.22,0.0022624434389140274,False,False,True,0.609,9.56,1,97,20,44,90,29.99,30.0771,2.73,58.0,8.6754,20.816,25.0,29.99,33.24,39.994,27.695,29.225,29.99,2.8571,1.4667,1.0,0.2062,0.4536,0.9278,34.2731,67.6988,43.55,Stable,25.13,42.35,71.16,45.36
Paradox Rift,197,Espathra,Illustration Rare,0.07692307692307693,3717.22,0.0022624434389140274,False,False,True,0.35700000000000004,5.49,1,153,17,55,86,9.99,9.8858,0.99,20.0,3.2575,5.99,7.93,9.99,11.93,14.0,9.99,10.0,9.995,2.4286,1.8333,0.9556,0.1111,0.3595,0.5621,71.7418,172.8426,44.22,Stable,28.8,49.95,67.05,35.95
Paradox Rift,198,Gimmighoul,Illustration Rare,0.07692307692307693,3717.22,0.0022624434389140274,False,False,True,0.428,10.84,14,205,14,67,128,16.36,16.8867,0.99,30.0,4.5386,12.282,14.93,16.36,18.99,20.774,14.475,16.99,16.99,2.0,2.2333,1.4222,0.0683,0.3268,0.6244,60.4263,154.1308,44.18,Stable,41.53,35.2,73.12,32.68
Paradox Rift,199,Groudon,Illustration Rare,0.07692307692307693,3717.22,0.0022624434389140274,True,False,True,0.6729999999999999,74.97,64,154,29,73,115,140.0,144.5664,7.24,299.99,56.6944,108.309,125.0,140.0,162.83,216.765,130.0,136.31,140.0,4.1429,2.4333,1.2778,0.1883,0.474,0.7468,39.3259,86.2302,46.97,Stable,41.6,42.86,60.78,47.4
Paradox Rift,200,Mienshao,Illustration Rare,0.07692307692307693,3717.22,0.0022624434389140274,False,False,True,0.563,6.38,2,186,18,62,106,10.0,10.7301,2.0,21.64,3.4304,7.0,8.99,10.0,12.0,15.0,9.995,10.615,10.215,2.5714,2.0667,1.1778,0.0968,0.3333,0.5699,63.2711,193.5445,45.46,Stable,36.1,47.85,68.03,33.33
Paradox Rift,201,Minior,Illustration Rare,0.07692307692307693,3717.22,0.0022624434389140274,False,False,True,0.433,12.73,8,154,22,68,122,29.99,31.8363,12.0,59.0,8.5637,24.658,25.9925,29.99,35.0,43.197,28.89,28.485,29.0,3.1429,2.2667,1.3556,0.1429,0.4416,0.7922,36.6969,94.2278,50.67,Stable,41.1,49.62,73.1,44.16
Paradox Rift,202,Garganacl,Illustration Rare,0.07692307692307693,3717.22,0.0022624434389140274,False,False,True,0.48,3.69,9,149,20,47,92,7.76,7.7656,1.1,16.0,2.7017,4.008,6.0,7.76,9.46,10.884,7.48,7.83,7.99,2.8571,1.5667,1.0222,0.1342,0.3154,0.6174,58.6533,189.0783,40.55,Stable,27.04,43.62,65.21,31.54
Paradox Rift,203,Slither Wing,Illustration Rare,0.07692307692307693,3717.22,0.0022624434389140274,False,False,True,0.5489999999999999,4.46,5,298,18,75,153,7.0,7.3973,1.79,15.0,2.2928,4.99,5.99,7.0,8.5675,9.993,7.0,7.12,7.18,2.5714,2.5,1.7,0.0604,0.2517,0.5134,87.358,174.0936,47.24,Stable,47.19,47.49,69.0,25.17
Paradox Rift,204,Garbodor,Illustration Rare,0.07692307692307693,3717.22,0.0022624434389140274,False,False,True,0.389,8.04,17,74,13,34,59,24.97,25.932,15.17,50.0,7.883,17.99,20.0,24.97,28.99,34.717,20.0,22.745,23.83,1.8571,1.1333,0.6556,0.1757,0.4595,0.7973,34.1113,118.5722,37.1,Cooling,12.69,33.93,69.6,45.95
Paradox Rift,205,Yveltal,Illustration Rare,0.07692307692307693,3717.22,0.0022624434389140274,False,False,True,0.64,15.84,29,220,34,103,175,35.0,37.0025,1.2,72.51,10.6022,28.0,30.0,35.0,40.49,49.99,35.28,35.0,35.0,4.8571,3.4333,1.9444,0.1545,0.4682,0.7955,32.0437,96.0441,55.17,Stable,54.34,50.8,71.35,46.82
Paradox Rift,206,Morpeko,Illustration Rare,0.07692307692307693,3717.22,0.0022624434389140274,False,False,True,0.49200000000000005,19.18,29,92,21,47,69,59.99,61.8326,4.99,130.0,23.8337,47.82,50.77,59.99,70.2825,96.8,55.0,54.91,57.99,3.0,1.5667,0.7667,0.2283,0.5109,0.75,29.5752,104.6314,42.38,Stable,21.41,44.84,61.45,51.09
Paradox Rift,207,Brute Bonnet,Illustration Rare,0.07692307692307693,3717.22,0.0022624434389140274,False,False,True,0.413,8.03,19,96,13,40,55,25.685,27.6395,1.36,55.0,9.7436,19.98,21.5675,25.685,31.99,39.99,21.99,23.135,23.56,1.8571,1.3333,0.6111,0.1354,0.4167,0.5729,42.0474,199.492,38.62,Cooling,14.45,43.34,64.75,41.67
Paradox Rift,208,Steelix,Illustration Rare,0.07692307692307693,3717.22,0.0022624434389140274,False,False,True,0.573,24.83,23,145,20,69,117,44.65,46.1925,1.1,97.38,13.9566,34.99,39.99,44.65,50.43,61.534,46.875,41.94,43.0,2.8571,2.3,1.3,0.1379,0.4759,0.8069,33.8432,96.4566,53.39,Stable,40.71,59.01,69.79,47.59
Paradox Rift,209,Ferrothorn,Illustration Rare,0.07692307692307693,3717.22,0.0022624434389140274,False,False,True,0.43799999999999994,4.81,3,218,13,64,123,6.92,7.0049,3.0,13.0,2.0218,4.827,5.4925,6.92,8.1675,9.993,6.65,6.97,6.99,1.8571,2.1333,1.3667,0.0596,0.2936,0.5642,66.4721,166.676,45.57,Stable,39.75,45.14,71.14,29.36
Paradox Rift,210,Aegislash,Illustration Rare,0.07692307692307693,3717.22,0.0022624434389140274,False,False,True,0.649,5.35,6,243,26,92,165,11.99,12.1343,1.0,20.0,3.2215,8.492,10.0,11.99,14.285,16.0,12.5,12.29,12.06,3.7143,3.0667,1.8333,0.107,0.3786,0.679,46.5059,138.6545,53.92,Stable,51.87,53.65,73.45,37.86
Paradox Rift,211,Aipom,Illustration Rare,0.07692307692307693,3717.22,0.0022624434389140274,False,False,True,0.446,9.18,7,139,31,68,126,34.06,35.6708,2.2,64.99,9.0426,28.6,30.0,34.06,38.63,45.374,30.0,31.905,34.03,4.4286,2.2667,1.4,0.223,0.4892,0.9065,35.192,59.8812,48.72,Stable,41.88,38.16,74.65,48.92
Paradox Rift,212,Loudred,Illustration Rare,0.07692307692307693,3717.22,0.0022624434389140274,False,False,True,0.363,10.39,13,166,16,66,119,18.0,19.3056,1.5,38.38,5.8698,12.995,15.0,18.0,21.52,26.495,17.96,17.99,18.0,2.2857,2.2,1.3222,0.0964,0.3976,0.7169,40.6481,113.3986,48.77,Stable,39.89,49.78,69.6,39.76
Paradox Rift,213,Swablu,Illustration Rare,0.07692307692307693,3717.22,0.0022624434389140274,False,False,True,0.573,9.07,18,202,24,81,164,30.0,31.362,7.39,60.14,8.0219,23.625,26.81,30.0,34.99,40.0,26.065,28.99,29.995,3.4286,2.7,1.8222,0.1188,0.401,0.8119,39.5643,80.5076,48.91,Stable,49.77,36.9,74.42,40.1
Paradox Rift,214,Porygon-Z,Illustration Rare,0.07692307692307693,3717.22,0.0022624434389140274,False,False,True,0.6579999999999999,7.4,9,207,24,91,157,15.99,16.6797,7.24,33.2,4.3852,11.99,14.495,15.99,18.49,21.016,16.54,16.49,16.0,3.4286,3.0333,1.7444,0.1159,0.4396,0.7585,35.8088,101.3032,54.83,Stable,50.94,53.37,73.71,43.96
Paradox Rift,215,Cyclizar,Illustration Rare,0.07692307692307693,3717.22,0.0022624434389140274,False,False,True,0.455,3.99,11,182,19,60,124,8.91,8.8863,4.0,18.43,2.705,5.4,7.0,8.91,10.0,12.107,8.75,8.75,8.99,2.7143,2.0,1.3778,0.1044,0.3297,0.6813,53.6406,151.449,46.25,Stable,38.48,47.33,69.56,32.97
Paradox Rift,216,Iron Jugulis,Illustration Rare,0.07692307692307693,3717.22,0.0022624434389140274,False,False,True,0.45799999999999996,6.65,11,243,22,78,146,11.99,12.2547,2.39,24.5,3.831,7.468,9.99,11.99,14.5,17.998,11.625,11.995,12.0,3.1429,2.6,1.6222,0.0905,0.321,0.6008,63.7532,158.4528,48.34,Stable,47.03,46.88,68.74,32.1
Paradox Rift,217,Froslass ex,Ultra Rare,0.06666666666666667,3532.2000000000007,0.0023809523809523807,False,False,True,0.655,1.75,2,316,24,68,126,3.62,3.7598,1.45,7.67,1.2044,2.47,2.9575,3.62,4.4925,5.335,3.035,3.75,3.63,3.4286,2.2667,1.4,0.0759,0.2152,0.3987,133.538,263.8393,40.54,Stable,41.88,33.61,67.97,21.52
Paradox Rift,218,Armarouge ex,Ultra Rare,0.06666666666666667,3532.2000000000007,0.0023809523809523807,False,False,True,0.575,1.65,1,265,18,69,121,3.5,3.7102,0.99,7.11,1.1754,2.494,2.95,3.5,4.5,5.252,3.53,3.48,3.49,2.5714,2.3,1.3444,0.0679,0.2604,0.4566,109.5477,221.4582,46.58,Stable,41.21,51.15,68.32,26.04
Paradox Rift,219,Garchomp ex,Ultra Rare,0.06666666666666667,3532.2000000000007,0.0023809523809523807,False,False,True,0.726,6.05,9,214,14,48,107,8.695,9.2217,2.0,18.0,2.859,6.5,7.0,8.695,10.0,13.49,8.25,8.84,8.7,2.0,1.6,1.1889,0.0654,0.2243,0.5,89.5966,211.3615,41.06,Stable,31.08,44.83,69.0,22.43
Paradox Rift,220,Tsareena ex,Ultra Rare,0.06666666666666667,3532.2000000000007,0.0023809523809523807,False,False,True,0.556,1.96,3,308,20,72,144,3.7,3.9285,0.99,7.9,1.2277,2.638,2.99,3.7,4.905,5.8,3.995,3.565,3.74,2.8571,2.4,1.6,0.0649,0.2338,0.4675,100.4943,222.0143,49.08,Stable,45.37,56.82,68.75,23.38
Paradox Rift,221,Golisopod ex,Ultra Rare,0.06666666666666667,3532.2000000000007,0.0023809523809523807,False,False,True,0.565,1.57,3,324,17,75,149,3.0,3.3127,1.5,6.13,1.0423,2.02,2.5,3.0,3.99,4.981,2.75,2.99,3.0,2.4286,2.5,1.6556,0.0525,0.2315,0.4599,100.2622,217.7936,44.84,Stable,46.69,41.67,68.54,23.15
Paradox Rift,222,Tapu Koko ex,Ultra Rare,0.06666666666666667,3532.2000000000007,0.0023809523809523807,False,False,True,0.5770000000000001,1.9,0,410,17,78,164,3.0,3.4233,0.99,6.82,1.1175,2.019,2.5,3.0,3.99,5.0,3.0,3.0,3.0,2.4286,2.6,1.8222,0.0415,0.1902,0.4,133.1724,240.3949,46.99,Stable,49.04,50.0,67.36,19.02
Paradox Rift,223,Iron Hands ex,Ultra Rare,0.06666666666666667,3532.2000000000007,0.0023809523809523807,False,False,True,0.39799999999999996,4.73,1,362,15,74,149,3.99,4.301,1.5,8.18,1.5733,2.5,2.99,3.99,5.0675,6.978,3.49,3.265,3.49,2.1429,2.4667,1.6556,0.0414,0.2044,0.4116,125.2587,186.2071,45.7,Stable,46.44,50.0,63.42,20.44
Paradox Rift,224,Cofagrigus ex,Ultra Rare,0.06666666666666667,3532.2000000000007,0.0023809523809523807,False,False,True,0.59,1.7,2,250,9,49,105,3.195,3.4446,1.39,6.82,1.1615,2.0,2.52,3.195,4.0,5.0,3.99,3.0,3.05,1.2857,1.6333,1.1667,0.036,0.196,0.42,120.189,224.1263,50.71,Stable,30.97,80.82,66.28,19.6
Paradox Rift,225,Iron Valiant ex,Ultra Rare,0.06666666666666667,3532.2000000000007,0.0023809523809523807,False,False,True,0.63,2.44,1,289,20,65,127,4.0,4.3985,1.99,9.0,1.3855,2.99,3.26,4.0,5.0,6.152,3.87,4.0,4.0,2.8571,2.1667,1.4111,0.0692,0.2249,0.4394,122.1995,214.3653,44.48,Stable,40.85,46.75,68.5,22.49
Paradox Rift,226,Hoopa ex,Ultra Rare,0.06666666666666667,3532.2000000000007,0.0023809523809523807,False,False,True,0.49,2.64,5,234,10,41,90,4.99,5.0421,2.0,10.0,1.5365,3.5,3.99,4.99,5.99,7.0,4.635,4.99,4.99,1.4286,1.3667,1.0,0.0427,0.1752,0.3846,156.948,252.5102,37.32,Cooling,23.48,42.89,69.53,17.52
Paradox Rift,227,Toxtricity ex,Ultra Rare,0.06666666666666667,3532.2000000000007,0.0023809523809523807,False,False,True,0.585,2.53,3,272,16,66,128,4.5,4.6993,0.99,9.98,1.4136,3.0,3.65,4.5,5.1925,6.676,4.125,4.75,4.725,2.2857,2.2,1.4222,0.0588,0.2426,0.4706,100.5373,241.9868,42.41,Stable,41.28,37.3,69.92,24.26
Paradox Rift,228,Sandy Shocks ex,Ultra Rare,0.06666666666666667,3532.2000000000007,0.0023809523809523807,False,False,True,0.436,1.63,6,403,16,78,161,3.49,3.6141,0.99,7.16,1.1839,2.184,2.69,3.49,4.245,5.0,3.025,3.03,3.5,2.2857,2.6,1.7889,0.0397,0.1935,0.3995,130.6369,225.4466,42.84,Stable,48.65,36.43,67.24,19.35
Paradox Rift,229,Roaring Moon ex,Ultra Rare,0.06666666666666667,3532.2000000000007,0.0023809523809523807,False,False,True,0.547,3.62,6,293,13,66,113,5.99,6.3721,2.96,12.99,2.2016,4.0,4.99,5.99,7.29,9.998,5.0,5.0,5.0,1.8571,2.2,1.2556,0.0444,0.2253,0.3857,159.6757,258.2645,44.28,Stable,38.93,50.0,65.45,22.53
Paradox Rift,230,Aegislash ex,Ultra Rare,0.06666666666666667,3532.2000000000007,0.0023809523809523807,False,False,True,0.649,1.5,0,321,17,64,143,3.0,3.2481,1.0,6.07,1.0577,2.0,2.43,3.0,3.99,4.99,2.61,3.0,3.0,2.4286,2.1333,1.5889,0.053,0.1994,0.4455,112.6491,216.7142,41.35,Stable,42.58,37.0,67.44,19.94
Paradox Rift,231,Gholdengo ex,Ultra Rare,0.06666666666666667,3532.2000000000007,0.0023809523809523807,False,False,True,0.39899999999999997,14.65,4,260,20,51,125,6.99,7.6854,1.0,15.29,3.2128,4.5,5.0,6.99,9.525,13.0,5.34,5.49,5.5,2.8571,1.7,1.3889,0.0769,0.1962,0.4808,98.7967,137.451,40.31,Stable,35.39,47.09,58.2,19.62
Paradox Rift,232,Altaria ex,Ultra Rare,0.06666666666666667,3532.2000000000007,0.0023809523809523807,False,False,True,0.693,2.68,5,271,14,52,125,4.63,4.6468,2.0,9.98,1.4475,2.99,3.5,4.63,5.49,6.49,4.99,4.99,4.79,2.0,1.7333,1.3889,0.0517,0.1919,0.4613,103.7221,219.9023,44.58,Stable,35.74,54.18,68.85,19.19
Paradox Rift,233,Maushold ex,Ultra Rare,0.06666666666666667,3532.2000000000007,0.0023809523809523807,False,False,True,0.537,7.03,8,75,19,45,66,19.99,19.9856,4.99,40.0,6.8911,13.572,14.995,19.99,22.99,29.188,18.99,17.0,19.99,2.7143,1.5,0.7333,0.2533,0.6,0.88,21.5662,55.4418,44.55,Stable,19.83,45.0,65.52,60.0
Paradox Rift,234,Bombirdier ex,Ultra Rare,0.06666666666666667,3532.2000000000007,0.0023809523809523807,False,False,True,0.35100000000000003,1.57,1,346,22,72,155,2.99,3.2503,0.99,6.0,1.1034,2.0,2.475,2.99,3.99,4.99,2.99,2.99,2.99,3.1429,2.4,1.7222,0.0636,0.2081,0.448,114.3566,216.7631,46.37,Stable,46.67,50.0,66.05,20.81
Paradox Rift,235,Larry,Ultra Rare,0.06666666666666667,3532.2000000000007,0.0023809523809523807,False,False,False,0.0,1.54,2,347,17,71,162,3.19,3.4054,1.25,6.76,1.135,2.0,2.5,3.19,4.0,4.994,2.6,2.92,3.0,2.4286,2.3667,1.8,0.049,0.2046,0.4669,106.3949,224.3169,42.56,Stable,47.12,36.67,66.67,20.46
Paradox Rift,236,Mela,Ultra Rare,0.06666666666666667,3532.2000000000007,0.0023809523809523807,False,False,False,0.0,2.49,3,347,24,92,167,4.49,4.7257,1.99,9.95,1.5261,3.0,3.63,4.49,5.475,7.0,3.99,3.99,3.99,3.4286,3.0667,1.8556,0.0692,0.2651,0.4813,97.4718,205.8703,49.48,Stable,52.12,50.0,67.71,26.51
Paradox Rift,237,Norman,Ultra Rare,0.06666666666666667,3532.2000000000007,0.0023809523809523807,False,False,False,0.0,1.1,2,353,22,67,132,2.96,2.839,0.99,5.95,0.9361,1.792,2.0,2.96,3.37,4.0,2.99,2.98,2.99,3.1429,2.2333,1.4667,0.0623,0.1898,0.3739,145.4288,252.64,44.86,Stable,42.2,50.0,67.03,18.98
Paradox Rift,238,Parasol Lady,Ultra Rare,0.06666666666666667,3532.2000000000007,0.0023809523809523807,False,False,False,0.0,3.43,5,237,16,55,113,6.65,6.8586,1.35,12.59,2.0725,4.75,5.0,6.65,8.0,10.0,6.06,6.18,6.49,2.2857,1.8333,1.2556,0.0675,0.2321,0.4768,109.3806,228.1607,42.17,Stable,35.19,43.37,69.78,23.21
Paradox Rift,239,Professor Sada's Vitality,Ultra Rare,0.06666666666666667,3532.2000000000007,0.0023809523809523807,False,False,False,0.0,4.26,3,387,12,61,135,4.32,4.9761,1.49,10.0,2.2152,2.614,3.0,4.32,6.495,8.0,3.0,3.31,3.5,1.7143,2.0333,1.5,0.031,0.1576,0.3488,135.8532,216.1895,37.11,Cooling,40.48,35.71,55.48,15.76
Paradox Rift,240,Professor Turo's Scenario,Ultra Rare,0.06666666666666667,3532.2000000000007,0.0023809523809523807,False,False,False,0.0,4.02,0,419,22,70,170,4.0,4.2723,1.17,8.11,1.543,2.47,3.0,4.0,5.0,6.82,3.155,3.05,3.0,3.1429,2.3333,1.8889,0.0525,0.1671,0.4057,118.8646,203.911,46.92,Stable,47.51,55.17,63.88,16.71
Paradox Rift,241,Rika,Ultra Rare,0.06666666666666667,3532.2000000000007,0.0023809523809523807,False,False,False,0.0,2.34,4,321,17,63,124,3.99,4.1713,1.49,8.0,1.2434,2.85,3.0,3.99,4.99,5.99,3.99,3.99,3.99,2.4286,2.1,1.3778,0.053,0.1963,0.3863,141.7148,230.4138,44.82,Stable,39.5,50.0,70.19,19.63
Paradox Rift,242,Roark,Ultra Rare,0.06666666666666667,3532.2000000000007,0.0023809523809523807,False,False,False,0.0,1.44,1,475,21,95,186,2.99,2.947,0.99,5.95,1.0877,1.78,1.99,2.99,3.625,4.5,2.82,2.92,2.99,3.0,3.1667,2.0667,0.0442,0.2,0.3916,141.3864,255.7615,46.05,Stable,53.79,44.31,63.09,20.0
Paradox Rift,243,Shauntal,Ultra Rare,0.06666666666666667,3532.2000000000007,0.0023809523809523807,False,False,False,0.0,1.89,1,402,19,87,168,3.49,3.5699,0.99,7.24,1.2222,2.121,2.5,3.49,4.3375,5.0,3.19,2.99,3.0,2.7143,2.9,1.8667,0.0473,0.2164,0.4179,137.2521,257.3133,49.83,Stable,51.48,56.33,65.76,21.64
Paradox Rift,244,Tulip,Ultra Rare,0.06666666666666667,3532.2000000000007,0.0023809523809523807,False,False,False,0.0,3.17,3,316,19,81,150,5.0,5.6135,0.99,11.0,1.8735,3.86,4.0,5.0,6.49,8.635,5.59,5.0,5.0,2.7143,2.7,1.6667,0.0601,0.2563,0.4747,96.1328,222.129,51.43,Stable,48.13,61.8,66.63,25.63
Paradox Rift,245,Garchomp ex,Special Illustration Rare,0.02127659574468085,5929.050000000001,0.0014184397163120566,False,False,True,0.726,27.89,36,130,21,66,95,45.0,47.7919,12.0,99.0,13.9923,35.99,40.0,45.0,54.7125,65.0,40.0,40.935,43.0,3.0,2.2,1.0556,0.1615,0.5077,0.7308,28.0686,116.5377,47.76,Stable,35.19,43.02,70.72,50.77
Paradox Rift,246,Golisopod ex,Special Illustration Rare,0.02127659574468085,5929.050000000001,0.0014184397163120566,False,False,True,0.565,15.63,13,44,7,21,35,34.49,36.4905,15.17,58.39,10.8587,23.81,29.985,34.49,45.0,50.595,29.97,31.99,32.99,1.0,0.7,0.3889,0.1591,0.4773,0.7955,33.1274,119.1038,36.83,Cooling,3.29,40.85,70.24,47.73
Paradox Rift,247,Tapu Koko ex,Special Illustration Rare,0.02127659574468085,5929.050000000001,0.0014184397163120566,False,False,True,0.5770000000000001,14.66,15,121,11,55,79,24.99,26.3836,1.0,52.99,9.4819,18.0,19.99,24.99,33.0,40.0,21.75,19.99,23.16,1.5714,1.8333,0.8778,0.0909,0.4545,0.6529,45.4084,116.9755,43.26,Stable,27.27,43.91,64.06,45.45
Paradox Rift,248,Iron Hands ex,Special Illustration Rare,0.02127659574468085,5929.050000000001,0.0014184397163120566,False,False,True,0.39799999999999996,14.57,6,198,12,42,75,19.87,21.3826,2.0,40.0,7.9765,13.654,15.0,19.87,26.3175,34.192,14.0,15.97,17.03,1.7143,1.4,0.8333,0.0606,0.2121,0.3788,152.0988,248.6412,32.48,Cooling,20.13,32.21,62.7,21.21
Paradox Rift,249,Iron Valiant ex,Special Illustration Rare,0.02127659574468085,5929.050000000001,0.0014184397163120566,False,False,True,0.63,20.72,27,190,12,44,82,35.0,38.9025,2.99,79.95,14.776,24.603,28.3175,35.0,45.645,60.4,27.445,26.615,29.99,1.7143,1.4667,0.9111,0.0632,0.2316,0.4316,124.0703,237.4776,36.45,Cooling,23.19,41.51,62.02,23.16
Paradox Rift,250,Sandy Shocks ex,Special Illustration Rare,0.02127659574468085,5929.050000000001,0.0014184397163120566,False,False,True,0.436,5.7,6,151,8,28,73,11.99,12.4154,3.75,25.0,4.1158,7.99,9.99,11.99,14.5,19.0,10.465,10.0,10.99,1.1429,0.9333,0.8111,0.053,0.1854,0.4834,96.4822,237.1943,34.82,Cooling,13.92,45.22,66.85,18.54
Paradox Rift,251,Roaring Moon ex,Special Illustration Rare,0.02127659574468085,5929.050000000001,0.0014184397163120566,True,False,True,0.547,39.31,25,245,24,73,124,55.0,62.0349,9.99,129.99,23.0982,40.0,47.69,55.0,70.0,99.99,45.35,47.69,49.99,3.4286,2.4333,1.3778,0.098,0.298,0.5061,89.5814,209.9604,43.61,Stable,42.93,40.72,62.77,29.8
Paradox Rift,252,Gholdengo ex,Special Illustration Rare,0.02127659574468085,5929.050000000001,0.0014184397163120566,False,False,True,0.39899999999999997,26.98,18,121,17,50,79,42.0,45.5419,1.5,84.99,12.9628,35.0,38.0,42.0,50.0,61.6,36.0,38.995,40.0,2.4286,1.6667,0.8778,0.1405,0.4132,0.6529,48.7505,133.0818,42.1,Stable,25.08,40.0,71.54,41.32
Paradox Rift,253,Altaria ex,Special Illustration Rare,0.02127659574468085,5929.050000000001,0.0014184397163120566,True,False,True,0.693,40.14,23,108,13,46,79,69.99,71.4674,9.99,150.0,26.1284,44.0,64.045,69.99,80.4325,102.01,65.99,66.77,69.99,1.8571,1.5333,0.8778,0.1204,0.4259,0.7315,32.031,102.7726,41.5,Stable,23.35,44.28,63.44,42.59
Paradox Rift,254,Mela,Special Illustration Rare,0.02127659574468085,5929.050000000001,0.0014184397163120566,False,False,False,0.0,7.32,6,122,8,29,48,12.0,13.4726,2.8,28.46,5.2128,8.0,9.99,12.0,16.18,20.405,10.0,11.0,11.99,1.1429,0.9667,0.5333,0.0656,0.2377,0.3934,167.159,255.7188,29.56,Cooling,8.4,33.4,61.31,23.77
Paradox Rift,255,Parasol Lady,Special Illustration Rare,0.02127659574468085,5929.050000000001,0.0014184397163120566,False,False,False,0.0,12.53,4,157,10,38,75,20.0,22.8861,13.0,40.0,6.8385,15.294,17.99,20.0,26.99,33.604,18.99,17.99,19.95,1.4286,1.2667,0.8333,0.0637,0.242,0.4777,101.744,211.8179,37.9,Cooling,18.26,45.19,70.12,24.2
Paradox Rift,256,Professor Sada's Vitality,Special Illustration Rare,0.02127659574468085,5929.050000000001,0.0014184397163120566,False,False,False,0.0,9.98,1,160,4,29,54,13.955,15.3377,4.0,30.67,6.3336,8.99,10.0,13.955,18.9775,25.0,9.995,10.0,10.99,0.5714,0.9667,0.6,0.025,0.1812,0.3375,209.7141,291.9715,30.53,Cooling,9.61,40.95,58.71,18.12
Paradox Rift,257,Professor Turo's Scenario,Special Illustration Rare,0.02127659574468085,5929.050000000001,0.0014184397163120566,False,False,False,0.0,7.99,0,207,6,40,91,8.5,9.374,5.0,18.4,3.0139,6.246,7.0,8.5,11.0,14.458,6.99,7.49,7.99,0.8571,1.3333,1.0111,0.029,0.1932,0.4396,115.0497,185.5795,35.71,Cooling,23.44,37.48,67.85,19.32
Paradox Rift,258,Rika,Special Illustration Rare,0.02127659574468085,5929.050000000001,0.0014184397163120566,False,False,False,0.0,6.49,7,167,13,55,86,10.95,11.5807,1.99,23.0,3.3997,7.99,9.965,10.95,12.99,15.7,10.99,10.99,10.925,1.8571,1.8333,0.9556,0.0778,0.3293,0.515,83.7408,219.398,44.53,Stable,28.8,50.59,70.64,32.93
Paradox Rift,259,Tulip,Special Illustration Rare,0.02127659574468085,5929.050000000001,0.0014184397163120566,False,False,False,0.0,6.25,4,168,12,48,80,12.0,13.8021,7.0,28.0,5.4211,8.0,9.9725,12.0,17.5725,21.463,10.0,10.99,10.99,1.7143,1.6,0.8889,0.0714,0.2857,0.4762,96.7335,243.565,37.47,Cooling,24.37,40.99,60.72,28.57
Paradox Rift,260,Garchomp ex,Hyper Rare,0.012195121951219513,4827.34,0.0017421602787456446,False,False,True,0.726,10.32,19,159,25,60,100,19.99,20.6391,1.13,40.0,8.2761,12.942,15.0,19.99,25.0,32.992,18.99,19.99,19.99,3.5714,2.0,1.1111,0.1572,0.3774,0.6289,46.7668,129.6099,43.28,Stable,34.16,45.0,59.9,37.74
Paradox Rift,261,Iron Valiant ex,Hyper Rare,0.012195121951219513,4827.34,0.0017421602787456446,False,False,True,0.63,3.7,11,252,15,53,125,6.995,7.8315,3.99,15.0,2.7791,4.99,5.99,6.995,9.51,11.999,7.0,6.99,6.9,2.1429,1.7667,1.3889,0.0595,0.2103,0.496,93.7672,213.6385,43.39,Stable,36.15,51.45,64.51,21.03
Paradox Rift,262,Roaring Moon ex,Hyper Rare,0.012195121951219513,4827.34,0.0017421602787456446,False,False,True,0.547,5.97,12,261,16,64,128,9.99,10.1667,3.0,20.0,3.2874,6.99,7.99,9.99,11.02,14.99,8.24,9.0,9.0,2.2857,2.1333,1.4222,0.0613,0.2452,0.4904,93.8431,215.3851,43.11,Stable,40.69,41.56,67.67,24.52
Paradox Rift,263,Beach Court,Hyper Rare,0.012195121951219513,4827.34,0.0017421602787456446,False,False,False,0.0,2.8,1,201,12,43,93,4.99,5.2371,1.0,10.0,1.9549,3.19,3.75,4.99,6.0,8.0,4.045,4.2,4.24,1.7143,1.4333,1.0333,0.0597,0.2139,0.4627,114.5109,227.8329,38.03,Cooling,25.31,45.4,62.67,21.39
Paradox Rift,264,Counter Catcher,Hyper Rare,0.012195121951219513,4827.34,0.0017421602787456446,False,False,False,0.0,8.03,0,336,14,66,152,6.17,6.7577,1.0,14.0,3.1046,3.0,4.0,6.17,9.505,11.03,3.375,3.86,4.095,2.0,2.2,1.6889,0.0417,0.1964,0.4524,105.2085,172.973,37.75,Cooling,44.27,32.42,54.06,19.64
Paradox Rift,265,Luxurious Cape,Hyper Rare,0.012195121951219513,4827.34,0.0017421602787456446,False,False,False,0.0,3.41,1,264,17,54,120,4.99,5.0513,2.0,9.96,1.5949,3.342,3.87,4.99,5.99,7.247,3.99,4.485,4.62,2.4286,1.8,1.3333,0.0644,0.2045,0.4545,105.8127,198.7861,39.37,Cooling,35.62,36.36,68.43,20.45
Paradox Rift,266,Reversal Energy,Hyper Rare,0.012195121951219513,4827.34,0.0017421602787456446,False,False,False,0.0,4.52,1,272,9,52,116,4.5,4.8382,1.25,9.75,1.5598,3.25,3.855,4.5,5.5,6.999,3.99,4.095,4.495,1.2857,1.7333,1.2889,0.0331,0.1912,0.4265,114.8987,191.769,39.32,Cooling,34.37,38.77,67.76,19.12
Paldean Fates,224,Wugtrio,Illustration Rare,0.07142857142857142,984.06,0.023809523809523808,False,False,True,0.40299999999999997,1.27,18,930,83,295,584,3.755,3.7567,0.99,7.95,1.0962,2.49,2.99,3.755,4.49,5.0,3.5,3.99,3.99,11.8571,9.8333,6.4889,0.0892,0.3172,0.628,60.6951,124.784,59.97,Stable,93.82,37.72,70.82,31.72
Paldean Fates,225,Palafin,Illustration Rare,0.07142857142857142,984.06,0.023809523809523808,False,False,True,0.485,1.34,37,918,89,296,561,3.0,3.2121,1.49,6.0,0.9627,2.0,2.44,3.0,3.99,4.5,3.0,3.0,3.0,12.7143,9.8667,6.2333,0.0969,0.3224,0.6111,58.598,107.967,63.41,Rising,93.2,50.0,70.03,32.24
Paldean Fates,226,Pawmi,Illustration Rare,0.07142857142857142,984.06,0.023809523809523808,False,False,True,0.467,1.36,14,930,77,314,595,4.0,4.3743,1.25,8.98,1.2953,2.99,3.31,4.0,5.0,5.99,4.29,4.49,4.5,11.0,10.4667,6.6111,0.0828,0.3376,0.6398,59.5197,125.3777,62.83,Rising,94.68,45.33,70.39,33.76
Paldean Fates,227,Clive,Ultra Rare,0.06666666666666667,1757.25,0.013333333333333332,False,False,False,0.0,0.49,0,936,62,233,492,1.99,1.9774,0.91,3.95,0.6268,1.0,1.5,1.99,2.49,2.99,1.99,1.99,1.99,8.8571,7.7667,5.4667,0.0662,0.2489,0.5256,82.5753,171.1624,59.38,Stable,85.81,50.0,68.3,24.89
Paldean Fates,228,Judge,Ultra Rare,0.06666666666666667,1757.25,0.013333333333333332,False,False,False,0.0,0.6,3,951,53,233,462,2.25,2.3518,0.72,4.59,0.7878,1.36,1.79,2.25,2.99,3.47,2.25,2.0,2.25,7.5714,7.7667,5.1333,0.0557,0.245,0.4858,94.6738,187.797,58.59,Stable,84.62,50.0,66.5,24.5
Paldean Fates,229,Nemona,Ultra Rare,0.06666666666666667,1757.25,0.013333333333333332,False,False,False,0.0,0.74,7,906,53,236,462,2.29,2.3712,0.99,4.79,0.7478,1.49,1.97,2.29,2.99,3.0,2.25,2.0,2.145,7.5714,7.8667,5.1333,0.0585,0.2605,0.5099,84.9166,170.5137,60.83,Rising,84.87,54.9,68.46,26.05
Paldean Fates,230,Paldean Student,Ultra Rare,0.06666666666666667,1757.25,0.013333333333333332,False,False,False,0.0,0.58,0,934,58,238,492,2.0,2.1576,0.99,4.0,0.7017,1.19,1.6425,2.0,2.5975,2.99,1.99,2.0,2.0,8.2857,7.9333,5.4667,0.0621,0.2548,0.5268,80.0648,168.4991,59.28,Stable,86.13,49.5,67.48,25.48
Paldean Fates,231,Paldean Student,Ultra Rare,0.06666666666666667,1757.25,0.013333333333333332,False,False,False,0.0,0.56,0,907,51,201,440,1.99,2.0245,0.98,3.98,0.645,1.0,1.5,1.99,2.49,2.99,1.99,1.99,1.99,7.2857,6.7,4.8889,0.0562,0.2216,0.4851,95.5478,181.5877,57.51,Stable,81.49,50.0,68.14,22.16
Paldean Fates,212,Forretress ex,Shiny Ultra Rare,0.07692307692307693,3655.0799999999995,0.006410256410256411,False,False,True,0.405,0.88,3,651,27,118,243,2.49,2.5452,0.99,5.0,0.9172,1.49,1.99,2.49,2.99,3.99,2.0,2.22,2.19,3.8571,3.9333,2.7,0.0415,0.1813,0.3733,137.1303,243.4709,47.49,Stable,62.25,41.32,63.96,18.13
Paldean Fates,213,Toedscruel ex,Shiny Ultra Rare,0.07692307692307693,3655.0799999999995,0.006410256410256411,False,False,True,0.42,1.39,2,605,42,134,270,2.97,2.9167,1.0,5.83,0.9591,1.99,2.0,2.97,3.49,4.09,2.99,2.99,2.99,6.0,4.4667,3.0,0.0694,0.2215,0.4463,110.3019,228.0632,52.53,Stable,65.59,50.0,67.12,22.15
Paldean Fates,214,Espathra ex,Shiny Ultra Rare,0.07692307692307693,3655.0799999999995,0.006410256410256411,False,False,True,0.35700000000000004,0.97,2,864,26,140,337,2.5,2.6577,0.99,5.49,0.9013,1.653,1.99,2.5,3.0,3.99,2.495,2.49,2.49,3.7143,4.6667,3.7444,0.0301,0.162,0.39,140.5587,252.2968,52.33,Stable,69.37,50.2,66.09,16.2
Paldean Fates,215,Alakazam ex,Shiny Ultra Rare,0.07692307692307693,3655.0799999999995,0.006410256410256411,False,False,True,0.634,3.17,18,265,29,85,174,8.99,9.0898,3.75,18.99,2.7818,5.994,7.2,8.99,10.0,12.0,8.0,8.25,8.99,4.1429,2.8333,1.9333,0.1094,0.3208,0.6566,59.3522,128.399,47.46,Stable,51.55,38.99,69.4,32.08
Paldean Fates,216,Mew ex,Shiny Ultra Rare,0.07692307692307693,3655.0799999999995,0.006410256410256411,False,False,True,0.7609999999999999,25.61,40,259,34,106,200,45.99,53.4247,25.0,104.99,18.3511,35.104,40.0,45.99,61.67,79.99,40.75,43.255,45.0,4.8571,3.5333,2.2222,0.1313,0.4093,0.7722,39.5072,76.1825,50.52,Stable,56.8,40.56,65.65,40.93
Paldean Fates,217,Gardevoir ex,Shiny Ultra Rare,0.07692307692307693,3655.0799999999995,0.006410256410256411,False,False,True,0.7390000000000001,5.91,11,341,37,118,231,10.49,11.294,4.99,21.99,3.0066,8.0,9.49,10.49,12.5,15.0,10.0,10.0,10.25,5.2857,3.9333,2.5667,0.1085,0.346,0.6774,50.8613,119.0937,54.27,Stable,61.34,47.56,73.38,34.6
Paldean Fates,218,Glimmora ex,Shiny Ultra Rare,0.07692307692307693,3655.0799999999995,0.006410256410256411,False,False,True,0.375,0.81,2,766,33,130,293,2.49,2.6388,0.73,5.45,0.9393,1.5,1.99,2.49,3.0,3.99,2.99,2.605,2.49,4.7143,4.3333,3.2556,0.0431,0.1697,0.3825,146.145,247.511,57.15,Stable,66.18,70.08,64.4,16.97
Paldean Fates,219,Paldean Clodsire ex,Shiny Ultra Rare,0.07692307692307693,3655.0799999999995,0.006410256410256411,False,False,True,0.677,1.66,4,450,29,109,215,3.335,3.4929,0.99,7.0,1.1319,2.018,2.65,3.335,4.0675,4.99,2.99,3.35,3.49,4.1429,3.6333,2.3889,0.0644,0.2422,0.4778,97.6706,226.2704,46.69,Stable,58.74,35.67,67.59,24.22
Paldean Fates,220,Noivern ex,Shiny Ultra Rare,0.07692307692307693,3655.0799999999995,0.006410256410256411,False,False,True,0.662,1.79,3,567,33,118,263,3.0,3.3829,1.0,6.5,1.1054,2.006,2.5,3.0,3.99,4.99,2.99,3.0,3.11,4.7143,3.9333,2.9222,0.0582,0.2081,0.4638,105.3393,221.6414,50.39,Stable,63.05,46.14,67.32,20.81
Paldean Fates,221,Pidgeot ex,Shiny Ultra Rare,0.07692307692307693,3655.0799999999995,0.006410256410256411,False,False,True,0.545,3.1,7,598,42,134,254,4.99,5.2759,2.0,10.0,1.804,3.5,3.99,4.99,6.0,7.99,4.085,4.0,4.0,6.0,4.4667,2.8222,0.0702,0.2241,0.4247,120.0642,226.2343,52.74,Stable,64.88,52.12,65.81,22.41
Paldean Fates,222,Wigglytuff ex,Shiny Ultra Rare,0.07692307692307693,3655.0799999999995,0.006410256410256411,False,False,True,0.5329999999999999,1.32,4,436,24,105,191,3.99,4.1118,1.5,8.0,1.3474,2.7,2.99,3.99,4.99,5.995,3.99,3.99,3.99,3.4286,3.5,2.1222,0.055,0.2408,0.4381,114.5502,247.366,50.06,Stable,56.0,50.0,67.23,24.08
Paldean Fates,223,Squawkabilly ex,Shiny Ultra Rare,0.07692307692307693,3655.0799999999995,0.006410256410256411,False,False,True,0.271,1.24,3,699,34,127,291,2.72,2.7638,0.72,5.95,1.018,1.5,1.99,2.72,3.275,4.09,2.0,2.29,2.5,4.8571,4.2333,3.2333,0.0486,0.1817,0.4163,120.3556,225.6684,44.95,Stable,65.61,30.0,63.17,18.17
Paldean Fates,232,Mew ex,Special Illustration Rare,0.017241379310344827,10871.52,0.0021551724137931034,True,False,True,0.7609999999999999,628.09,109,413,72,211,349,1000.0,829.4289,1.0,2200.0,561.4987,4.99,34.99,1000.0,1199.0,1494.96,1031.155,1022.31,1000.0,10.2857,7.0333,3.8778,0.1743,0.5109,0.845,28.7945,61.9549,55.77,Stable,77.18,53.12,32.3,51.09
Paldean Fates,233,Gardevoir ex,Special Illustration Rare,0.017241379310344827,10871.52,0.0021551724137931034,True,False,True,0.7390000000000001,92.88,67,211,30,104,162,200.0,214.5816,9.99,435.0,99.7249,40.52,175.0,200.0,249.99,390.0,180.645,190.0,200.0,4.2857,3.4667,1.8,0.1422,0.4929,0.7678,30.4364,80.2876,48.68,Stable,53.4,40.32,53.53,49.29
Paldean Fates,234,Charizard ex,Special Illustration Rare,0.017241379310344827,10871.52,0.0021551724137931034,True,False,True,0.675,218.34,121,326,39,113,241,339.97,339.3676,7.24,674.0,121.3017,254.995,300.0,339.97,394.225,494.495,300.0,316.8,329.99,5.5714,3.7667,2.6778,0.1196,0.3466,0.7393,47.3948,98.0317,50.44,Stable,61.27,40.91,64.26,34.66
Paldean Fates,235,Arven,Special Illustration Rare,0.017241379310344827,10871.52,0.0021551724137931034,False,False,False,0.0,16.41,3,241,12,70,124,14.0,14.9334,9.25,29.95,4.345,10.45,11.78,14.0,17.0,20.45,11.965,11.985,11.99,1.7143,2.3333,1.3778,0.0498,0.2905,0.5145,80.9123,149.2419,47.53,Stable,42.01,49.79,70.9,29.05
Paldean Fates,236,Clive,Special Illustration Rare,0.017241379310344827,10871.52,0.0021551724137931034,False,False,False,0.0,12.41,24,87,17,37,70,36.0,42.0525,1.5,80.0,17.562,27.0,30.0,36.0,49.995,69.81,30.0,31.99,35.0,2.4286,1.2333,0.7778,0.1954,0.4253,0.8046,36.6729,108.1738,35.91,Cooling,16.82,35.71,58.24,42.53
Paldean Fates,237,Iono,Special Illustration Rare,0.017241379310344827,10871.52,0.0021551724137931034,False,False,False,0.0,28.31,16,257,17,67,130,36.48,39.723,12.0,80.0,13.066,28.0,30.0,36.48,43.51,59.864,28.99,30.0,34.345,2.4286,2.2333,1.4444,0.0661,0.2607,0.5058,85.7467,220.8213,41.51,Stable,41.85,34.41,67.11,26.07
Paldean Fates,238,Nemona,Special Illustration Rare,0.017241379310344827,10871.52,0.0021551724137931034,False,False,False,0.0,5.28,1,179,15,50,89,9.99,10.9102,2.99,21.95,3.8765,6.866,8.0,9.99,13.27,16.672,9.53,9.51,9.99,2.1429,1.6667,0.9889,0.0838,0.2793,0.4972,93.8079,236.1749,40.4,Stable,27.66,45.4,64.47,27.93
Paldean Fates,239,Penny,Special Illustration Rare,0.017241379310344827,10871.52,0.0021551724137931034,False,False,False,0.0,15.04,11,159,20,61,111,23.56,24.8786,4.5,50.0,8.0118,17.982,19.58,23.56,28.995,35.0,18.99,20.0,21.0,2.8571,2.0333,1.2333,0.1258,0.3836,0.6981,42.9553,103.2208,44.4,Stable,36.79,40.43,67.8,38.36
Paldean Fates,240,Wo-Chien ex,Hyper Rare,0.016129032258064516,8715.960000000001,0.0026881720430107525,False,False,True,0.446,5.58,3,124,6,32,73,8.94,9.6773,4.0,19.0,3.141,6.993,7.99,8.94,10.505,14.99,8.99,8.99,8.43,0.8571,1.0667,0.8111,0.0484,0.2581,0.5887,73.8424,195.9334,40.37,Stable,15.7,56.64,67.54,25.81
Paldean Fates,241,Chi-Yu ex,Hyper Rare,0.016129032258064516,8715.960000000001,0.0026881720430107525,False,False,True,0.524,5.57,8,104,17,46,71,14.0,14.7432,8.0,28.0,3.7931,10.0,12.4375,14.0,15.99,20.0,14.99,14.0,13.99,2.4286,1.5333,0.7889,0.1635,0.4423,0.6827,41.078,177.1488,47.29,Stable,21.5,57.15,74.27,44.23
Paldean Fates,242,Chien-Pao ex,Hyper Rare,0.016129032258064516,8715.960000000001,0.0026881720430107525,False,False,True,0.585,6.53,5,170,19,53,94,12.0,12.6039,6.33,25.0,3.7192,9.0,10.0,12.0,14.4675,18.086,11.99,11.99,12.0,2.7143,1.7667,1.0444,0.1118,0.3118,0.5529,66.5555,207.4915,44.37,Stable,30.21,49.92,70.49,31.18
Paldean Fates,243,Miraidon ex,Hyper Rare,0.016129032258064516,8715.960000000001,0.0026881720430107525,False,False,True,0.63,10.54,14,129,10,45,81,16.99,17.1948,5.0,30.25,4.5304,11.842,14.5,16.99,19.99,21.75,14.995,17.5,18.0,1.4286,1.5,0.9,0.0775,0.3488,0.6279,51.3947,153.0687,38.75,Cooling,23.51,33.31,73.65,34.88
Paldean Fates,244,Ting-Lu ex,Hyper Rare,0.016129032258064516,8715.960000000001,0.0026881720430107525,False,False,True,0.36200000000000004,5.01,5,152,11,37,70,7.555,8.14,3.33,15.99,2.5378,5.619,6.0,7.555,9.48,11.441,7.99,7.99,7.61,1.5714,1.2333,0.7778,0.0724,0.2434,0.4605,107.928,225.1001,40.18,Stable,16.82,54.99,68.82,24.34
Paldean Fates,245,Koraidon ex,Hyper Rare,0.016129032258064516,8715.960000000001,0.0026881720430107525,False,False,True,0.609,8.49,6,114,12,39,68,14.6,15.8283,6.5,30.0,5.0864,10.65,12.99,14.6,16.99,24.997,13.995,14.59,14.99,1.7143,1.3,0.7556,0.1053,0.3421,0.5965,68.3167,170.6326,38.55,Cooling,17.09,43.36,67.87,34.21
Temporal Forces,163,Shiftry,Illustration Rare,0.07692307692307693,3286.14,0.0034965034965034965,False,False,True,0.47200000000000003,6.15,8,200,24,87,137,14.5,15.1158,2.5,30.0,5.0984,9.99,11.9975,14.5,16.99,21.406,13.635,14.44,14.5,3.4286,2.9,1.5222,0.12,0.435,0.685,41.3425,121.7625,49.58,Stable,48.06,44.03,66.27,43.5
Temporal Forces,164,Grotle,Illustration Rare,0.07692307692307693,3286.14,0.0034965034965034965,False,False,True,0.47200000000000003,8.49,20,94,16,47,71,20.99,22.6434,9.99,43.51,6.563,16.051,18.1375,20.99,25.2775,29.99,19.49,20.0,20.0,2.2857,1.5667,0.7889,0.1702,0.5,0.7553,30.2447,100.2863,45.01,Stable,21.91,47.45,71.02,50.0
Temporal Forces,165,Deerling,Illustration Rare,0.07692307692307693,3286.14,0.0034965034965034965,False,False,True,0.489,19.78,21,180,27,83,145,45.995,48.1073,12.0,95.0,13.3637,36.98,40.765,45.995,52.9525,60.482,44.99,45.0,45.93,3.8571,2.7667,1.6111,0.15,0.4611,0.8056,34.9445,73.4666,52.48,Stable,48.11,47.95,72.22,46.11
Temporal Forces,166,Sawsbuck,Illustration Rare,0.07692307692307693,3286.14,0.0034965034965034965,False,False,True,0.493,24.6,16,152,29,71,122,60.255,62.6697,1.36,123.0,20.4071,43.658,54.9975,60.255,69.9925,80.0,58.99,60.0,60.78,4.1429,2.3667,1.3556,0.1908,0.4671,0.8026,34.8075,69.7232,49.56,Stable,42.06,47.05,67.44,46.71
Temporal Forces,167,Litten,Illustration Rare,0.07692307692307693,3286.14,0.0034965034965034965,False,False,True,0.701,17.5,19,144,23,74,122,42.975,45.0573,1.75,88.88,13.8469,33.11,39.7925,42.975,48.6925,63.158,41.89,41.42,42.065,3.2857,2.4667,1.3556,0.1597,0.5139,0.8472,28.5849,64.1193,51.85,Stable,42.81,49.58,69.27,51.39
Temporal Forces,168,Snom,Illustration Rare,0.07692307692307693,3286.14,0.0034965034965034965,False,False,True,0.61,6.63,10,164,21,80,138,18.5,18.5235,6.54,35.0,4.3643,13.0,16.0,18.5,20.0,24.564,18.0,18.245,18.735,3.0,2.6667,1.5333,0.128,0.4878,0.8415,30.7242,82.1942,52.86,Stable,46.65,46.08,76.44,48.78
Temporal Forces,169,Charjabug,Illustration Rare,0.07692307692307693,3286.14,0.0034965034965034965,False,False,True,0.456,4.28,5,160,24,68,99,9.965,9.8778,3.44,20.0,3.526,5.0,7.99,9.965,11.99,14.024,10.0,10.0,10.0,3.4286,2.2667,1.1,0.15,0.425,0.6188,49.0906,152.8821,47.41,Stable,36.83,50.0,64.3,42.5
Temporal Forces,170,Bronzor,Illustration Rare,0.07692307692307693,3286.14,0.0034965034965034965,False,False,True,0.359,5.37,10,218,16,59,116,10.0,10.5737,4.5,20.08,3.86,5.675,8.0,10.0,12.43,15.65,10.935,10.85,10.0,2.2857,1.9667,1.2889,0.0734,0.2706,0.5321,76.1013,181.3486,47.01,Stable,36.99,59.35,63.49,27.06
Temporal Forces,171,Reuniclus,Illustration Rare,0.07692307692307693,3286.14,0.0034965034965034965,False,False,True,0.599,8.48,14,116,16,58,96,18.99,20.488,0.99,40.0,7.3161,13.5,15.6,18.99,24.2475,31.99,17.12,17.995,18.75,2.2857,1.9333,1.0667,0.1379,0.5,0.8276,29.1765,82.7874,45.08,Stable,32.77,41.31,64.29,50.0
Temporal Forces,172,Cutiefly,Illustration Rare,0.07692307692307693,3286.14,0.0034965034965034965,False,False,True,0.506,4.32,4,192,13,70,136,9.99,10.1974,3.79,20.0,3.4021,5.0,8.0,9.99,12.0,14.756,10.49,10.125,10.415,1.8571,2.3333,1.5111,0.0677,0.3646,0.7083,46.7092,107.6464,48.98,Stable,43.82,50.72,66.64,36.46
Temporal Forces,173,Relicanth,Illustration Rare,0.07692307692307693,3286.14,0.0034965034965034965,False,False,True,0.409,6.68,14,144,15,54,88,12.14,12.3709,1.0,25.37,4.479,6.822,9.5325,12.14,14.9925,18.0,12.0,13.295,12.89,2.1429,1.8,0.9778,0.1042,0.375,0.6111,56.2184,167.566,41.86,Stable,28.91,43.1,63.79,37.5
Temporal Forces,174,Excadrill,Illustration Rare,0.07692307692307693,3286.14,0.0034965034965034965,False,False,True,0.597,5.28,9,112,9,40,78,13.04,13.1213,1.0,27.99,3.9609,8.0,10.745,13.04,15.99,17.315,14.99,13.995,14.0,1.2857,1.3333,0.8667,0.0804,0.3571,0.6964,47.959,158.4894,44.26,Stable,20.1,57.07,69.81,35.71
Temporal Forces,175,Mudsdale,Illustration Rare,0.07692307692307693,3286.14,0.0034965034965034965,False,False,True,0.49,4.04,7,120,15,55,89,11.995,12.0483,3.0,23.0,3.552,7.99,9.99,11.995,14.0,16.041,12.99,12.49,12.09,2.1429,1.8333,0.9889,0.125,0.4583,0.7417,34.8209,104.8564,49.46,Stable,29.85,57.44,70.52,45.83
Temporal Forces,176,Arbok,Illustration Rare,0.07692307692307693,3286.14,0.0034965034965034965,False,False,True,0.53,12.66,23,128,18,65,111,35.0,36.2486,14.01,69.99,8.7552,28.273,30.805,35.0,39.99,44.993,32.955,33.99,35.0,2.5714,2.1667,1.2333,0.1406,0.5078,0.8672,29.1676,83.4537,50.07,Stable,38.34,44.16,75.85,50.78
Temporal Forces,177,Gastly,Illustration Rare,0.07692307692307693,3286.14,0.0034965034965034965,True,False,True,0.599,47.57,64,246,40,129,199,120.0,120.1653,5.0,249.99,40.8567,93.41,105.0,120.0,137.5775,161.78,114.495,111.0,119.76,5.7143,4.3,2.2111,0.1626,0.5244,0.8089,27.0581,62.7936,55.44,Stable,60.25,45.6,66.0,52.44
Temporal Forces,178,Metagross,Illustration Rare,0.07692307692307693,3286.14,0.0034965034965034965,False,False,True,0.696,17.57,26,143,19,60,103,44.99,46.2352,12.0,84.27,12.4797,35.0,38.55,44.99,50.0,62.798,38.32,39.995,40.0,2.7143,2.0,1.1444,0.1329,0.4196,0.7203,40.5831,121.3874,47.2,Stable,34.89,45.8,73.01,41.96
Temporal Forces,179,Meltan,Illustration Rare,0.07692307692307693,3286.14,0.0034965034965034965,False,False,True,0.49700000000000005,4.23,8,185,24,64,112,7.83,8.0357,2.8,15.0,2.5002,5.168,6.39,7.83,9.52,10.996,8.055,7.995,7.99,3.4286,2.1333,1.2444,0.1297,0.3459,0.6054,58.5459,177.9772,47.38,Stable,38.13,50.81,68.89,34.59
Temporal Forces,180,Lickitung,Illustration Rare,0.07692307692307693,3286.14,0.0034965034965034965,False,False,True,0.455,9.38,33,133,13,58,112,34.99,35.4977,4.99,70.0,10.5513,26.72,30.0,34.99,39.99,47.168,30.5,34.905,34.945,1.8571,1.9333,1.2444,0.0977,0.4361,0.8421,35.9135,83.9843,44.76,Stable,36.01,37.28,70.28,43.61
Temporal Forces,181,Chatot,Illustration Rare,0.07692307692307693,3286.14,0.0034965034965034965,False,False,True,0.47200000000000003,5.14,12,196,23,79,132,13.99,14.4562,7.99,28.99,4.1417,10.0,12.0,13.99,15.475,20.0,12.99,13.99,14.0,3.2857,2.6333,1.4667,0.1173,0.4031,0.6735,46.0709,113.3086,48.86,Stable,45.64,42.79,71.35,40.31
Temporal Forces,182,Minccino,Illustration Rare,0.07692307692307693,3286.14,0.0034965034965034965,False,False,True,0.556,8.39,10,148,27,71,122,29.25,30.4878,0.99,59.0,10.2382,22.0,25.0,29.25,34.9925,42.929,27.0,28.83,29.06,3.8571,2.3667,1.3556,0.1824,0.4797,0.8243,31.4406,82.5732,48.37,Stable,42.06,42.91,66.42,47.97
Temporal Forces,183,Cinccino,Illustration Rare,0.07692307692307693,3286.14,0.0034965034965034965,False,False,True,0.604,12.07,42,122,21,68,114,45.995,48.381,18.9,90.0,12.2454,35.0,40.0,45.995,53.7425,61.514,43.0,43.3,45.22,3.0,2.2667,1.2667,0.1721,0.5574,0.9344,25.2298,49.4655,51.61,Stable,39.98,45.09,74.69,55.74
Temporal Forces,184,Drampa,Illustration Rare,0.07692307692307693,3286.14,0.0034965034965034965,False,False,True,0.522,9.01,24,148,18,79,130,34.08,34.9395,12.0,62.0,8.7978,27.428,29.5175,34.08,39.78,45.0,29.955,30.0,31.94,2.5714,2.6333,1.4444,0.1216,0.5338,0.8784,25.5817,62.5044,52.37,Stable,45.3,43.79,74.82,53.38
Temporal Forces,185,Torterra ex,Ultra Rare,0.06666666666666667,3102.3,0.003703703703703704,False,False,True,0.708,3.23,11,178,21,63,98,5.99,6.2089,3.0,12.0,1.5816,4.497,5.0,5.99,7.0,8.502,5.99,5.99,5.99,3.0,2.1,1.0889,0.118,0.3539,0.5506,71.0115,185.3631,47.4,Stable,34.73,50.0,74.53,35.39
Temporal Forces,186,Iron Leaves ex,Ultra Rare,0.06666666666666667,3102.3,0.003703703703703704,False,False,True,0.461,2.07,2,587,26,104,219,3.3,3.5279,0.99,7.0,1.2211,2.0,2.5,3.3,4.24,5.0,2.99,3.0,3.0,3.7143,3.4667,2.4333,0.0443,0.1772,0.3731,151.9769,247.6533,48.95,Stable,58.08,49.67,65.39,17.72
Temporal Forces,187,Incineroar ex,Ultra Rare,0.06666666666666667,3102.3,0.003703703703703704,False,False,True,0.617,2.42,7,292,13,68,126,4.395,4.5085,1.99,8.16,1.3914,2.99,3.4875,4.395,5.0,6.79,3.95,4.0,4.095,1.8571,2.2667,1.4,0.0445,0.2329,0.4315,108.4911,224.4108,44.99,Stable,41.88,46.46,69.14,23.29
Temporal Forces,188,Gouging Fire ex,Ultra Rare,0.06666666666666667,3102.3,0.003703703703703704,False,False,True,0.485,2.16,7,346,17,77,149,4.0,4.3642,0.99,8.88,1.3813,2.9,3.39,4.0,5.0,6.065,4.28,3.99,3.99,2.4286,2.5667,1.6556,0.0491,0.2225,0.4306,131.5287,238.071,49.42,Stable,47.08,57.27,68.35,22.25
Temporal Forces,189,Walking Wake ex,Ultra Rare,0.06666666666666667,3102.3,0.003703703703703704,False,False,True,0.601,1.54,2,520,28,103,200,3.255,3.5299,0.99,7.11,1.2596,2.02,2.5,3.255,4.0825,5.004,3.325,3.0,3.0,4.0,3.4333,2.2222,0.0538,0.1981,0.3846,137.6935,244.426,51.96,Stable,56.3,60.83,64.32,19.81
Temporal Forces,190,Wugtrio ex,Ultra Rare,0.06666666666666667,3102.3,0.003703703703703704,False,False,True,0.40299999999999997,1.37,1,324,17,70,137,2.99,3.1335,1.25,6.0,1.1132,1.99,2.15,2.99,3.87,4.99,2.9,2.99,2.99,2.4286,2.3333,1.5222,0.0525,0.216,0.4228,121.0715,220.1303,44.51,Stable,44.0,46.99,64.47,21.6
Temporal Forces,191,Iron Crown ex,Ultra Rare,0.06666666666666667,3102.3,0.003703703703703704,False,False,True,0.43,1.63,4,550,28,107,231,3.0,3.3523,0.91,6.82,1.1658,2.0,2.49,3.0,3.99,5.0,3.05,3.0,2.99,4.0,3.5667,2.5667,0.0509,0.1945,0.42,132.566,217.3313,50.39,Stable,59.52,52.01,65.22,19.45
Temporal Forces,192,Iron Boulder ex,Ultra Rare,0.06666666666666667,3102.3,0.003703703703703704,False,False,True,0.34600000000000003,1.26,1,519,25,90,188,2.99,3.0383,0.99,5.95,1.1175,1.836,2.0,2.99,3.94,4.88,2.84,2.99,2.915,3.5714,3.0,2.0889,0.0482,0.1734,0.3622,160.7203,257.5129,46.34,Stable,53.33,47.43,63.22,17.34
Temporal Forces,193,Gengar ex,Ultra Rare,0.06666666666666667,3102.3,0.003703703703703704,False,False,True,0.746,27.58,65,237,39,107,197,74.99,77.9054,12.0,150.69,23.2273,57.996,62.0,74.99,85.0,108.34,67.0,67.0,70.0,5.5714,3.5667,2.1889,0.1646,0.4515,0.8312,37.5707,72.0753,53.77,Stable,56.62,45.71,70.19,45.15
Temporal Forces,194,Farigiraf ex,Ultra Rare,0.06666666666666667,3102.3,0.003703703703703704,False,False,True,0.49700000000000005,2.26,2,323,15,73,138,3.63,3.7969,1.49,7.5,1.2338,2.49,2.915,3.63,4.49,5.24,3.49,3.49,3.595,2.1429,2.4333,1.5333,0.0464,0.226,0.4272,110.523,211.3629,45.66,Stable,45.05,47.08,67.51,22.6
Temporal Forces,195,Scizor ex,Ultra Rare,0.06666666666666667,3102.3,0.003703703703703704,False,False,True,0.7170000000000001,2.77,11,227,15,54,106,4.99,5.247,2.88,10.03,1.557,3.5,4.0,4.99,5.99,7.494,4.5,4.99,4.99,2.1429,1.8,1.1778,0.0661,0.2379,0.467,115.7352,221.423,40.87,Stable,33.32,40.18,70.33,23.79
Temporal Forces,196,Raging Bolt ex,Ultra Rare,0.06666666666666667,3102.3,0.003703703703703704,False,False,True,0.493,5.3,4,378,20,87,169,6.0,6.5581,2.0,13.0,2.0835,4.141,5.0,6.0,7.99,9.99,5.155,5.0,5.49,2.8571,2.9,1.8778,0.0529,0.2302,0.4471,108.5869,224.2322,46.88,Stable,51.53,43.9,68.23,23.02
Temporal Forces,197,Bianca's Devotion,Ultra Rare,0.06666666666666667,3102.3,0.003703703703703704,False,False,False,0.0,2.76,5,341,13,57,131,4.49,4.7161,2.1,9.88,1.5173,3.0,3.59,4.49,5.44,6.99,3.99,4.0,4.29,1.8571,1.9,1.4556,0.0381,0.1672,0.3842,138.6317,247.8568,41.44,Stable,38.77,43.01,67.83,16.72
Temporal Forces,198,Ciphermaniac's Codebreaking,Ultra Rare,0.06666666666666667,3102.3,0.003703703703703704,False,False,False,0.0,5.13,2,292,22,77,146,8.77,8.9072,1.0,17.95,3.0025,5.0,6.99,8.77,10.0,13.185,7.99,9.06,9.0,3.1429,2.5667,1.6222,0.0753,0.2637,0.5,89.9806,219.174,44.2,Stable,46.78,38.78,66.29,26.37
Temporal Forces,199,Eri,Ultra Rare,0.06666666666666667,3102.3,0.003703703703703704,False,False,False,0.0,2.2,4,336,20,73,130,4.49,4.7344,1.98,9.95,1.6132,3.0,3.5,4.49,5.49,6.99,3.99,4.0,3.995,2.8571,2.4333,1.4444,0.0595,0.2173,0.3869,137.2659,247.8862,45.67,Stable,43.91,49.87,65.93,21.73
Temporal Forces,200,Explorer's Guidance,Ultra Rare,0.06666666666666667,3102.3,0.003703703703703704,False,False,False,0.0,1.56,2,469,17,83,212,3.0,3.4072,0.99,6.8,1.1512,2.0,2.49,3.0,3.99,4.992,3.0,3.0,3.0,2.4286,2.7667,2.3556,0.0362,0.177,0.452,104.6137,216.7718,48.01,Stable,54.11,50.0,66.21,17.7
Temporal Forces,201,Morty's Conviction,Ultra Rare,0.06666666666666667,3102.3,0.003703703703703704,False,False,False,0.0,1.83,3,333,14,80,155,4.99,4.9533,1.69,9.53,1.4424,3.49,3.99,4.99,5.99,6.99,4.25,4.61,4.99,2.0,2.6667,1.7222,0.042,0.2402,0.4655,102.5426,219.9106,44.09,Stable,48.52,35.17,70.88,24.02
Temporal Forces,202,Salvatore,Ultra Rare,0.06666666666666667,3102.3,0.003703703703703704,False,False,False,0.0,1.33,3,316,21,86,167,4.975,4.8028,0.99,9.98,1.6385,2.82,3.955,4.975,5.6825,6.99,4.99,4.99,5.0,3.0,2.8667,1.8556,0.0665,0.2722,0.5285,76.5388,209.969,48.91,Stable,51.16,49.8,65.88,27.22
Temporal Forces,203,Iron Leaves ex,Special Illustration Rare,0.011627906976744186,9881.4,0.0011627906976744186,False,False,True,0.461,26.62,19,136,18,51,79,42.0,45.2892,12.0,89.99,14.7059,29.995,36.99,42.0,52.3825,64.995,37.45,39.12,40.0,2.5714,1.7,0.8778,0.1324,0.375,0.5809,59.3987,179.9352,41.77,Stable,25.58,43.63,67.53,37.5
Temporal Forces,204,Gouging Fire ex,Special Illustration Rare,0.011627906976744186,9881.4,0.0011627906976744186,True,False,True,0.485,36.16,68,111,20,61,87,59.99,63.1799,12.0,125.0,21.1345,49.45,55.0,59.99,69.995,100.0,55.495,58.99,59.95,2.8571,2.0333,0.9667,0.1802,0.5495,0.7838,24.7885,108.1385,46.4,Stable,31.1,42.57,66.55,54.95
Temporal Forces,205,Walking Wake ex,Special Illustration Rare,0.011627906976744186,9881.4,0.0011627906976744186,True,False,True,0.601,37.71,15,106,15,48,76,61.415,66.6267,12.0,129.35,22.7502,50.0,54.99,61.415,79.0,101.975,55.0,59.99,60.0,2.1429,1.6,0.8444,0.1415,0.4528,0.717,33.9223,125.4002,41.72,Stable,23.32,41.67,65.85,45.28
Temporal Forces,206,Iron Crown ex,Special Illustration Rare,0.011627906976744186,9881.4,0.0011627906976744186,True,False,True,0.43,46.54,26,144,15,58,89,61.34,67.4132,2.2,135.0,23.6891,50.846,56.4175,61.34,75.0,100.0,60.0,60.0,60.0,2.1429,1.9333,0.9889,0.1042,0.4028,0.6181,49.9843,165.073,45.29,Stable,30.88,50.0,64.86,40.28
Temporal Forces,207,Iron Boulder ex,Special Illustration Rare,0.011627906976744186,9881.4,0.0011627906976744186,False,False,True,0.34600000000000003,17.59,13,145,20,49,85,29.99,31.7705,12.0,61.34,9.7724,22.0,25.0,29.99,35.0,44.924,26.535,28.99,29.52,2.8571,1.6333,0.9444,0.1379,0.3379,0.5862,62.4028,159.6109,40.3,Stable,25.76,39.89,69.24,33.79
Temporal Forces,208,Raging Bolt ex,Special Illustration Rare,0.011627906976744186,9881.4,0.0011627906976744186,True,False,True,0.493,69.36,46,153,17,57,91,84.99,94.983,12.0,199.98,35.3677,67.752,74.96,84.99,122.68,141.982,74.63,75.0,75.35,2.4286,1.9,1.0111,0.1111,0.3725,0.5948,50.6422,164.0885,44.03,Stable,31.04,49.04,62.76,37.25
Temporal Forces,209,Bianca's Devotion,Special Illustration Rare,0.011627906976744186,9881.4,0.0011627906976744186,False,False,False,0.0,19.53,5,91,11,40,59,35.82,42.2387,3.12,82.99,15.4569,28.0,30.0,35.82,54.69,68.09,30.0,30.5,32.0,1.5714,1.3333,0.6556,0.1209,0.4396,0.6484,34.5352,163.5282,39.24,Cooling,15.47,43.75,63.41,43.96
Temporal Forces,210,Eri,Special Illustration Rare,0.011627906976744186,9881.4,0.0011627906976744186,False,False,False,0.0,16.08,4,92,10,38,54,24.99,26.0649,1.49,49.99,8.7658,17.991,19.99,24.99,31.1225,36.225,19.495,20.0,20.0,1.4286,1.2667,0.6,0.1087,0.413,0.587,37.3499,192.6851,39.75,Cooling,13.26,47.48,66.37,41.3
Temporal Forces,211,Morty's Conviction,Special Illustration Rare,0.011627906976744186,9881.4,0.0011627906976744186,True,False,False,0.0,41.57,24,92,14,46,83,88.205,92.6925,15.17,175.0,28.6541,70.0,75.0,88.205,99.9925,139.746,74.775,79.99,84.99,2.0,1.5333,0.9222,0.1522,0.5,0.9022,30.1999,52.9309,42.49,Stable,24.26,37.98,69.09,50.0
Temporal Forces,212,Salvatore,Special Illustration Rare,0.011627906976744186,9881.4,0.0011627906976744186,False,False,False,0.0,8.22,10,57,12,33,50,24.99,26.6332,7.0,50.0,9.1875,18.0,19.99,24.99,31.17,39.0,22.495,22.0,23.395,1.7143,1.1,0.5556,0.2105,0.5789,0.8772,23.0169,70.669,41.69,Stable,10.57,46.15,65.5,57.89
Temporal Forces,213,Iron Leaves ex,Hyper Rare,0.007194244604316547,9582.659999999998,0.0011990407673860913,False,False,True,0.461,8.45,6,181,3,29,77,9.99,10.6734,4.0,20.0,3.166,7.6,8.5,9.99,12.0,15.0,9.02,9.5,9.85,0.4286,0.9667,0.8556,0.0166,0.1602,0.4254,126.5817,224.4668,34.3,Cooling,15.2,41.57,70.34,16.02
Temporal Forces,214,Gouging Fire ex,Hyper Rare,0.007194244604316547,9582.659999999998,0.0011990407673860913,False,False,True,0.485,13.56,6,102,5,37,60,16.99,17.6011,9.5,32.55,4.6589,13.99,15.0,16.99,19.99,21.34,16.96,17.0,16.99,0.7143,1.2333,0.6667,0.049,0.3627,0.5882,56.3974,199.7354,41.17,Stable,14.19,49.82,73.53,36.27
Temporal Forces,215,Walking Wake ex,Hyper Rare,0.007194244604316547,9582.659999999998,0.0011990407673860913,False,False,True,0.601,8.95,6,132,5,33,59,13.15,14.5239,8.0,29.0,4.1905,9.99,11.7575,13.15,16.99,20.0,13.0,12.5,12.99,0.7143,1.1,0.6556,0.0379,0.25,0.447,121.539,245.1353,38.02,Cooling,12.55,50.08,71.15,25.0
Temporal Forces,216,Iron Crown ex,Hyper Rare,0.007194244604316547,9582.659999999998,0.0011990407673860913,False,False,True,0.43,8.31,4,162,7,35,74,11.0,12.203,5.99,23.16,3.7033,8.491,9.175,11.0,15.0,17.449,9.42,10.07,10.11,1.0,1.1667,0.8222,0.0432,0.216,0.4568,123.4291,226.955,36.24,Cooling,16.8,43.18,69.65,21.6
Temporal Forces,217,Iron Boulder ex,Hyper Rare,0.007194244604316547,9582.659999999998,0.0011990407673860913,False,False,True,0.34600000000000003,7.6,3,139,6,27,58,10.0,10.9473,5.99,20.0,3.5075,7.49,8.27,10.0,12.99,16.36,9.045,9.99,9.99,0.8571,0.9,0.6444,0.0432,0.1942,0.4173,115.9707,225.2521,32.49,Cooling,9.49,40.54,67.96,19.42
Temporal Forces,218,Raging Bolt ex,Hyper Rare,0.007194244604316547,9582.659999999998,0.0011990407673860913,False,False,True,0.493,14.57,4,154,11,44,77,15.0,16.2306,6.65,30.0,4.4982,11.5,13.0,15.0,19.9875,22.35,12.75,13.97,14.25,1.5714,1.4667,0.8556,0.0714,0.2857,0.5,91.0896,208.3168,38.61,Cooling,21.98,39.47,72.29,28.57
Twilight Masquerade,023,Sinistcha ex,Double Rare,0.16666666666666666,738.3599999999999,0.011904761904761904,False,False,True,0.405,0.65,0,933,50,238,499,1.99,1.9687,0.72,3.97,0.6313,1.0,1.49,1.99,2.49,2.99,1.99,1.99,1.99,7.1429,7.9333,5.5444,0.0536,0.2551,0.5348,80.5364,160.2149,59.62,Stable,86.42,50.0,67.93,25.51
Twilight Masquerade,025,Teal Mask Ogerpon ex,Double Rare,0.16666666666666666,738.3599999999999,0.011904761904761904,False,False,True,0.562,1.94,2,901,70,274,542,4.5,4.746,0.99,9.89,1.6244,2.99,3.5,4.5,5.69,7.0,3.99,3.99,4.215,10.0,9.1333,6.0222,0.0777,0.3041,0.6016,61.4093,161.9244,60.08,Rising,91.49,44.66,65.77,30.41
Twilight Masquerade,029,Magcargo ex,Double Rare,0.16666666666666666,738.3599999999999,0.011904761904761904,False,False,True,0.52,0.53,0,942,48,252,514,1.99,1.9778,0.72,3.97,0.6114,1.0,1.5,1.99,2.49,2.95,1.995,2.0,1.99,6.8571,8.4,5.7111,0.051,0.2675,0.5456,77.6384,159.1716,60.76,Rising,88.38,50.25,69.09,26.75
Twilight Masquerade,040,Hearthflame Mask Ogerpon ex,Double Rare,0.16666666666666666,738.3599999999999,0.011904761904761904,False,False,True,0.562,0.72,0,925,61,256,497,1.99,1.9645,0.91,3.95,0.5866,1.0,1.5,1.99,2.49,2.7,1.99,1.99,1.99,8.7143,8.5333,5.5222,0.0659,0.2768,0.5373,75.8518,157.1501,60.91,Rising,87.81,50.0,70.14,27.68
Twilight Masquerade,061,Palafin ex,Double Rare,0.16666666666666666,738.3599999999999,0.011904761904761904,False,False,True,0.485,0.68,0,933,43,214,473,1.99,1.9983,0.72,3.95,0.6255,1.0,1.5,1.99,2.49,2.99,1.99,1.99,1.99,6.1429,7.1333,5.2556,0.0461,0.2294,0.507,87.504,170.0413,58.43,Stable,83.68,50.0,68.7,22.94
Twilight Masquerade,064,Wellspring Mask Ogerpon ex,Double Rare,0.16666666666666666,738.3599999999999,0.011904761904761904,False,False,True,0.562,0.93,0,942,60,259,541,2.0,2.1616,0.91,4.0,0.6716,1.25,1.79,2.0,2.5,2.99,1.99,1.99,2.0,8.5714,8.6333,6.0111,0.0637,0.2749,0.5743,70.4725,124.4325,61.12,Rising,89.96,49.5,68.93,27.49
Twilight Masquerade,068,Luxray ex,Double Rare,0.16666666666666666,738.3599999999999,0.011904761904761904,False,False,True,0.746,0.59,0,929,53,248,511,1.99,2.0322,0.72,3.95,0.6044,1.116,1.59,1.99,2.49,2.95,1.99,1.99,1.99,7.5714,8.2667,5.6778,0.0571,0.267,0.5501,77.3731,152.5503,60.75,Rising,87.86,50.0,70.26,26.7
Twilight Masquerade,077,Iron Thorns ex,Double Rare,0.16666666666666666,738.3599999999999,0.011904761904761904,False,False,True,0.44299999999999995,0.6,2,947,46,241,526,1.99,2.1335,0.72,4.0,0.7054,1.1,1.7,1.99,2.5,2.99,1.995,1.99,1.99,6.5714,8.0333,5.8444,0.0486,0.2545,0.5554,75.6611,128.9807,59.88,Stable,87.75,50.25,66.94,25.45
Twilight Masquerade,094,Scream Tail ex,Double Rare,0.16666666666666666,738.3599999999999,0.011904761904761904,False,False,True,0.505,0.65,0,955,56,232,503,1.99,2.0131,0.72,3.98,0.6384,1.0,1.5,1.99,2.49,2.99,1.99,1.99,1.99,8.0,7.7333,5.5889,0.0586,0.2429,0.5267,82.4219,167.0157,59.37,Stable,86.19,50.0,68.29,24.29
Twilight Masquerade,106,Greninja ex,Double Rare,0.16666666666666666,738.3599999999999,0.011904761904761904,False,False,True,0.72,0.99,8,715,67,256,532,4.5,4.838,1.0,9.86,1.922,2.658,3.49,4.5,5.99,7.99,3.99,3.99,4.99,9.5714,8.5333,5.9111,0.0937,0.358,0.7441,46.464,149.8632,55.01,Stable,89.37,29.96,60.27,35.8
Twilight Masquerade,112,Cornerstone Mask Ogerpon ex,Double Rare,0.16666666666666666,738.3599999999999,0.011904761904761904,False,False,True,0.562,0.8,2,943,53,243,517,2.19,2.2792,0.72,4.49,0.7079,1.258,1.89,2.19,2.95,2.998,1.99,2.0,2.0,7.5714,8.1,5.7444,0.0562,0.2577,0.5483,75.6611,149.5194,60.07,Rising,87.61,49.5,68.94,25.77
Twilight Masquerade,130,Dragapult ex,Double Rare,0.16666666666666666,738.3599999999999,0.011904761904761904,False,False,True,0.6859999999999999,1.58,2,935,59,233,508,2.97,2.9554,0.99,5.95,1.0341,1.784,2.0,2.97,3.59,4.49,3.26,2.99,2.855,8.4286,7.7667,5.6444,0.0631,0.2492,0.5433,76.896,135.8636,63.2,Rising,86.54,64.19,65.01,24.92
Twilight Masquerade,134,Blissey ex,Double Rare,0.16666666666666666,738.3599999999999,0.011904761904761904,False,False,True,0.551,0.74,0,929,55,241,527,1.99,2.0945,0.72,4.0,0.6736,1.1,1.7,1.99,2.49,2.99,1.99,1.99,1.99,7.8571,8.0333,5.8556,0.0592,0.2594,0.5673,72.4868,133.5008,60.09,Rising,87.79,50.0,67.84,25.94
Twilight Masquerade,141,Bloodmoon Ursaluna ex,Double Rare,0.16666666666666666,738.3599999999999,0.011904761904761904,False,False,True,0.522,2.22,0,912,53,250,506,2.49,2.5297,0.99,4.95,0.7812,1.652,1.99,2.49,2.99,3.686,1.99,1.99,2.155,7.5714,8.3333,5.6222,0.0581,0.2741,0.5548,75.6544,144.1741,58.36,Stable,87.84,42.34,69.12,27.41
Twilight Masquerade,152,Hyper Aroma,ACE SPEC Rare,0.05,1054.8,0.008333333333333333,False,False,False,0.0,0.49,0,921,49,216,474,1.99,1.8639,0.73,3.95,0.5924,1.0,1.45,1.99,2.04,2.69,1.99,1.99,1.99,7.0,7.2,5.2667,0.0532,0.2345,0.5147,87.504,170.4551,58.47,Stable,83.8,50.0,68.22,23.45
Twilight Masquerade,162,Scoop Up Cyclone,ACE SPEC Rare,0.05,1054.8,0.008333333333333333,False,False,False,0.0,0.34,0,937,38,199,452,1.99,1.9644,0.72,3.95,0.6573,1.0,1.49,1.99,2.49,2.99,1.99,1.99,1.99,5.4286,6.6333,5.0222,0.0406,0.2124,0.4824,94.852,185.5104,57.13,Stable,81.93,50.0,66.54,21.24
Twilight Masquerade,163,Secret Box,ACE SPEC Rare,0.05,1054.8,0.008333333333333333,False,False,False,0.0,17.67,2,905,73,239,489,8.99,9.5039,4.54,18.0,2.8609,6.25,7.39,8.99,10.99,14.0,6.99,7.17,7.99,10.4286,7.9667,5.4333,0.0807,0.2641,0.5403,76.4239,100.2468,56.31,Stable,86.01,37.48,69.9,26.41
Twilight Masquerade,164,Survival Brace,ACE SPEC Rare,0.05,1054.8,0.008333333333333333,False,False,False,0.0,0.42,0,918,31,168,420,1.99,1.9164,0.72,3.98,0.637,1.0,1.49,1.99,2.25,2.99,1.99,1.99,1.99,4.4286,5.6,4.6667,0.0338,0.183,0.4575,103.4582,202.2463,55.08,Stable,76.91,50.0,66.76,18.3
Twilight Masquerade,165,Unfair Stamp,ACE SPEC Rare,0.05,1054.8,0.008333333333333333,False,False,False,0.0,1.97,4,765,84,283,609,14.0,14.6969,7.5,28.79,3.4499,10.99,12.0,14.0,16.5,19.798,12.0,12.99,13.71,12.0,9.4333,6.7667,0.1098,0.3699,0.7961,46.4972,65.1025,62.22,Rising,94.18,37.53,76.53,36.99
Twilight Masquerade,167,Legacy Energy,ACE SPEC Rare,0.05,1054.8,0.008333333333333333,False,False,False,0.0,0.85,0,528,52,188,340,4.99,4.9746,0.99,10.0,1.6288,3.0,3.99,4.99,5.99,6.99,4.99,5.205,5.0,7.4286,6.2667,3.7778,0.0985,0.3561,0.6439,54.1652,175.1528,57.96,Stable,74.81,49.8,67.26,35.61
Twilight Masquerade,168,Pinsir,Illustration Rare,0.07692307692307693,2399.6699999999996,0.003663003663003663,False,False,True,0.429,8.27,19,224,33,105,173,19.99,20.3583,5.95,39.0,5.6736,14.99,16.9975,19.99,22.0,29.99,17.99,18.13,19.49,4.7143,3.5,1.9222,0.1473,0.4688,0.7723,34.7545,92.9849,52.88,Stable,54.63,42.3,72.13,46.88
Twilight Masquerade,169,Sunflora,Illustration Rare,0.07692307692307693,2399.6699999999996,0.003663003663003663,False,False,True,0.41100000000000003,4.72,9,271,21,89,166,10.0,10.3108,4.5,20.0,3.1245,6.0,8.495,10.0,11.955,14.08,9.99,10.5,10.445,3.0,2.9667,1.8444,0.0775,0.3284,0.6125,55.6974,140.1367,49.67,Stable,51.55,45.64,69.7,32.84
Twilight Masquerade,170,Dipplin,Illustration Rare,0.07692307692307693,2399.6699999999996,0.003663003663003663,False,False,True,0.525,5.13,7,306,28,125,235,14.85,14.9325,6.0,29.0,4.1976,10.0,12.0275,14.85,16.325,20.0,13.84,14.5,14.66,4.0,4.1667,2.6111,0.0915,0.4085,0.768,45.5608,91.738,54.64,Stable,62.55,44.41,71.89,40.85
Twilight Masquerade,171,Poltchageist,Illustration Rare,0.07692307692307693,2399.6699999999996,0.003663003663003663,False,False,True,0.4,2.89,6,324,29,98,202,6.125,6.6071,0.73,12.99,2.027,4.38,5.0,6.125,7.99,9.231,6.15,6.215,6.495,4.1429,3.2667,2.2444,0.0895,0.3025,0.6235,61.6996,154.2631,49.96,Stable,55.45,44.69,69.32,30.25
Twilight Masquerade,172,Torkoal,Illustration Rare,0.07692307692307693,2399.6699999999996,0.003663003663003663,False,False,True,0.507,3.62,11,291,28,108,209,7.5,7.5617,1.0,15.0,2.3046,5.0,5.99,7.5,8.99,10.0,7.99,7.99,7.99,4.0,3.6,2.3222,0.0962,0.3711,0.7182,44.403,120.9096,53.72,Stable,57.99,50.0,69.52,37.11
Twilight Masquerade,173,Infernape,Illustration Rare,0.07692307692307693,2399.6699999999996,0.003663003663003663,False,False,True,0.594,11.31,27,337,33,131,235,16.0,17.8482,3.0,35.0,5.497,12.644,14.99,16.0,19.99,27.104,15.8,15.99,16.0,4.7143,4.3667,2.6111,0.0979,0.3887,0.6973,49.8312,108.6701,55.24,Stable,63.33,48.75,69.2,38.87
Twilight Masquerade,174,Froslass,Illustration Rare,0.07692307692307693,2399.6699999999996,0.003663003663003663,False,False,True,0.655,6.58,15,333,26,92,205,10.0,10.9302,1.1,21.75,3.2691,7.99,8.99,10.0,12.0,15.0,9.99,10.0,10.0,3.7143,3.0667,2.2778,0.0781,0.2763,0.6156,65.4156,121.6727,51.03,Stable,55.07,49.9,70.09,27.63
Twilight Masquerade,175,Phione,Illustration Rare,0.07692307692307693,2399.6699999999996,0.003663003663003663,False,False,True,0.43700000000000006,5.74,21,180,22,76,137,14.64,14.922,1.5,29.69,4.5054,9.99,12.93,14.64,16.99,20.0,15.0,14.99,14.99,3.1429,2.5333,1.5222,0.1222,0.4222,0.7611,42.7405,93.0527,51.09,Stable,45.55,50.07,69.81,42.22
Twilight Masquerade,176,Cramorant,Illustration Rare,0.07692307692307693,2399.6699999999996,0.003663003663003663,False,False,True,0.44299999999999995,2.56,11,399,31,131,231,5.58,5.8685,1.79,10.99,1.8355,3.99,4.5,5.58,6.99,8.49,6.52,5.99,5.99,4.4286,4.3667,2.5667,0.0777,0.3283,0.5789,66.0522,156.8763,56.91,Stable,63.14,58.85,68.72,32.83
Twilight Masquerade,177,Heliolisk,Illustration Rare,0.07692307692307693,2399.6699999999996,0.003663003663003663,False,False,True,0.486,3.34,11,430,28,136,264,5.75,5.8952,1.9,11.98,1.7557,3.99,4.7925,5.75,6.99,8.0,5.365,5.99,5.99,4.0,4.5333,2.9333,0.0651,0.3163,0.614,65.0635,156.8267,51.95,Stable,65.7,39.57,70.22,31.63
Twilight Masquerade,178,Wattrel,Illustration Rare,0.07692307692307693,2399.6699999999996,0.003663003663003663,False,False,True,0.36700000000000005,2.73,9,368,45,133,235,5.995,6.3907,1.59,12.74,2.074,4.0,5.0,5.995,7.7025,8.99,6.0,6.49,6.49,6.4286,4.4333,2.6111,0.1223,0.3614,0.6386,51.7407,128.7646,52.54,Stable,63.56,42.45,67.55,36.14
Twilight Masquerade,179,Chimecho,Illustration Rare,0.07692307692307693,2399.6699999999996,0.003663003663003663,False,False,True,0.47100000000000003,2.85,4,489,30,124,292,5.99,6.0002,2.0,10.56,1.745,3.99,4.99,5.99,7.0,8.28,6.125,6.375,6.0,4.2857,4.1333,3.2444,0.0613,0.2536,0.5971,64.9499,148.7023,54.49,Stable,65.38,52.08,70.92,25.36
Twilight Masquerade,180,Enamorus,Illustration Rare,0.07692307692307693,2399.6699999999996,0.003663003663003663,False,False,True,0.263,3.96,9,230,14,65,135,7.98,8.0907,3.99,15.99,2.148,5.99,6.735,7.98,9.295,10.22,7.99,7.99,7.99,2.0,2.1667,1.5,0.0609,0.2826,0.587,68.6909,133.2912,47.95,Stable,42.04,50.0,73.45,28.26
Twilight Masquerade,181,Hisuian Growlithe,Illustration Rare,0.07692307692307693,2399.6699999999996,0.003663003663003663,False,False,True,0.635,14.83,42,223,46,118,198,34.08,35.5555,12.0,70.0,8.8458,27.26,29.99,34.08,38.51,45.0,32.245,32.0,33.98,6.5714,3.9333,2.2,0.2063,0.5291,0.8879,28.7894,56.6971,56.65,Stable,58.58,44.89,75.12,52.91
Twilight Masquerade,182,Probopass,Illustration Rare,0.07692307692307693,2399.6699999999996,0.003663003663003663,False,False,True,0.32299999999999995,2.93,7,372,40,136,240,5.99,6.0578,0.99,12.0,1.7456,4.0,4.99,5.99,6.99,8.0,5.625,5.975,5.99,5.7143,4.5333,2.6667,0.1075,0.3656,0.6452,56.6214,137.8519,54.07,Stable,64.51,43.91,71.18,36.56
Twilight Masquerade,183,Timburr,Illustration Rare,0.07692307692307693,2399.6699999999996,0.003663003663003663,False,False,True,0.33,4.05,6,294,27,101,182,7.99,7.9337,3.0,15.2,2.1909,5.0,6.46,7.99,8.99,9.99,8.0,7.99,8.0,3.8571,3.3667,2.0222,0.0918,0.3435,0.619,61.1766,143.5597,52.68,Stable,54.45,50.0,72.38,34.35
Twilight Masquerade,184,Lairon,Illustration Rare,0.07692307692307693,2399.6699999999996,0.003663003663003663,False,False,True,0.512,3.85,8,336,32,120,212,7.0,7.3718,3.0,15.0,2.1231,5.0,5.99,7.0,8.225,10.0,6.99,6.99,7.0,4.5714,4.0,2.3556,0.0952,0.3571,0.631,56.6639,135.7792,54.4,Stable,60.2,49.86,71.2,35.71
Twilight Masquerade,185,Applin,Illustration Rare,0.07692307692307693,2399.6699999999996,0.003663003663003663,False,False,True,0.526,5.1,15,233,33,94,183,13.6,13.4853,3.59,25.0,3.5047,9.0,11.5,13.6,15.0,18.112,13.95,13.99,13.63,4.7143,3.1333,2.0333,0.1416,0.4034,0.7854,39.5554,91.6869,54.64,Stable,53.54,52.35,74.01,40.34
Twilight Masquerade,186,Tatsugiri,Illustration Rare,0.07692307692307693,2399.6699999999996,0.003663003663003663,False,False,True,0.513,18.5,20,263,23,94,179,25.0,28.0057,3.95,56.32,7.89,20.0,23.0,25.0,30.0,39.99,25.0,25.0,25.0,3.2857,3.1333,1.9889,0.0875,0.3574,0.6806,50.4359,106.6116,52.47,Stable,53.19,50.0,71.83,35.74
Twilight Masquerade,187,Chansey,Illustration Rare,0.07692307692307693,2399.6699999999996,0.003663003663003663,True,False,True,0.511,23.62,57,248,38,116,214,60.0,63.5057,2.0,123.77,19.9802,50.0,55.0,60.0,72.1275,87.579,55.99,59.31,60.0,5.4286,3.8667,2.3778,0.1532,0.4677,0.8629,32.3762,57.5139,53.95,Stable,59.63,43.32,68.54,46.77
Twilight Masquerade,188,Eevee,Illustration Rare,0.07692307692307693,2399.6699999999996,0.003663003663003663,True,False,True,0.768,52.31,74,288,50,133,213,100.0,107.4405,7.24,220.0,36.4453,85.0,94.9975,100.0,115.21,150.0,100.0,100.0,100.0,7.1429,4.4333,2.3667,0.1736,0.4618,0.7396,36.4373,101.6465,56.05,Stable,61.98,50.0,66.08,46.18
Twilight Masquerade,189,Sinistcha ex,Ultra Rare,0.06666666666666667,2768.85,0.0031746031746031746,False,False,True,0.405,1.21,3,647,23,137,297,2.98,2.9021,1.0,5.95,0.9648,1.886,2.0,2.98,3.5,4.08,2.99,2.95,2.81,3.2857,4.5667,3.3,0.0355,0.2117,0.459,102.2271,207.7056,54.72,Stable,67.37,56.41,66.76,21.17
Twilight Masquerade,190,Teal Mask Ogerpon ex,Ultra Rare,0.06666666666666667,2768.85,0.0031746031746031746,False,False,True,0.562,4.28,8,430,41,138,243,7.0,7.5411,2.9,15.0,2.2272,4.99,5.99,7.0,8.99,10.673,6.0,6.0,6.68,5.8571,4.6,2.7,0.0953,0.3209,0.5651,70.5869,190.8591,51.96,Stable,65.02,39.82,70.47,32.09
Twilight Masquerade,191,Magcargo ex,Ultra Rare,0.06666666666666667,2768.85,0.0031746031746031746,False,False,True,0.52,1.37,3,495,23,105,235,2.99,3.1176,0.99,6.0,1.06,1.99,2.235,2.99,3.9,4.728,2.99,2.99,2.99,3.2857,3.5,2.6111,0.0465,0.2121,0.4747,99.5178,208.6763,50.26,Stable,59.4,50.0,66.0,21.21
Twilight Masquerade,192,Hearthflame Mask Ogerpon ex,Ultra Rare,0.06666666666666667,2768.85,0.0031746031746031746,False,False,True,0.562,1.95,5,513,35,125,242,3.5,3.7048,1.78,7.51,1.0856,2.5,2.94,3.5,4.27,5.0,2.99,3.0,3.0,5.0,4.1667,2.6889,0.0682,0.2437,0.4717,101.7603,198.1202,52.86,Stable,63.17,49.67,70.7,24.37
Twilight Masquerade,193,Palafin ex,Ultra Rare,0.06666666666666667,2768.85,0.0031746031746031746,False,False,True,0.485,1.72,3,594,25,118,252,2.99,3.1504,0.99,6.0,1.0267,1.99,2.25,2.99,3.9175,4.57,3.0,2.99,2.99,3.5714,3.9333,2.8,0.0421,0.1987,0.4242,116.6115,207.2677,51.35,Stable,62.64,50.33,67.41,19.87
Twilight Masquerade,194,Wellspring Mask Ogerpon ex,Ultra Rare,0.06666666666666667,2768.85,0.0031746031746031746,False,False,True,0.562,2.83,4,415,24,107,228,4.99,5.2704,2.18,10.0,1.5734,3.75,4.0,4.99,5.99,7.14,5.325,5.0,4.99,3.4286,3.5667,2.5333,0.0578,0.2578,0.5494,75.6599,162.6829,54.0,Stable,59.33,56.71,70.15,25.78
Twilight Masquerade,195,Luxray ex,Ultra Rare,0.06666666666666667,2768.85,0.0031746031746031746,False,False,True,0.746,1.91,3,347,19,83,178,4.0,4.3683,1.0,8.86,1.3076,2.99,3.24,4.0,5.0,5.99,4.74,4.49,4.49,2.7143,2.7667,1.9778,0.0548,0.2392,0.513,86.3828,194.8875,50.88,Stable,51.37,55.57,70.07,23.92
Twilight Masquerade,196,Iron Thorns ex,Ultra Rare,0.06666666666666667,2768.85,0.0031746031746031746,False,False,True,0.44299999999999995,2.72,6,414,36,110,208,3.995,4.3148,1.99,8.5,1.4577,2.79,3.0,3.995,5.0,6.443,3.0,3.55,3.955,5.1429,3.6667,2.3111,0.087,0.2657,0.5024,89.6011,172.4502,43.8,Stable,58.28,25.85,66.22,26.57
Twilight Masquerade,197,Scream Tail ex,Ultra Rare,0.06666666666666667,2768.85,0.0031746031746031746,False,False,True,0.505,1.52,1,388,44,118,193,3.5,3.7518,1.0,7.55,1.1935,2.49,2.99,3.5,4.5,5.49,3.5,3.495,3.5,6.2857,3.9333,2.1444,0.1134,0.3041,0.4974,93.7176,195.4949,52.2,Stable,58.28,50.0,68.19,30.41
Twilight Masquerade,198,Greninja ex,Ultra Rare,0.06666666666666667,2768.85,0.0031746031746031746,False,False,True,0.72,7.76,18,225,22,105,200,19.99,21.5524,9.99,40.0,5.7839,16.0,17.92,19.99,24.99,30.0,17.0,18.99,19.99,3.1429,3.5,2.2222,0.0978,0.4667,0.8889,31.6243,70.7683,51.51,Stable,56.75,35.04,73.16,46.67
Twilight Masquerade,199,Cornerstone Mask Ogerpon ex,Ultra Rare,0.06666666666666667,2768.85,0.0031746031746031746,False,False,True,0.562,3.1,4,437,36,115,223,5.0,5.4261,2.53,10.0,1.5174,3.888,4.25,5.0,6.13,7.922,4.99,4.98,4.99,5.1429,3.8333,2.4778,0.0824,0.2632,0.5103,85.2662,162.2225,52.76,Stable,60.29,50.0,72.04,26.32
Twilight Masquerade,200,Dragapult ex,Ultra Rare,0.06666666666666667,2768.85,0.0031746031746031746,False,False,True,0.6859999999999999,11.74,11,434,32,145,287,15.39,15.462,0.99,31.0,5.8667,9.993,13.0,15.39,17.99,21.594,14.64,14.99,15.48,4.5714,4.8333,3.1889,0.0737,0.3341,0.6613,55.9817,127.3708,52.75,Stable,67.62,44.57,62.06,33.41
Twilight Masquerade,201,Blissey ex,Ultra Rare,0.06666666666666667,2768.85,0.0031746031746031746,False,False,True,0.551,3.13,5,302,30,89,158,5.1,5.6546,1.0,10.99,1.6207,3.99,4.49,5.1,6.5,7.99,5.0,5.0,5.0,4.2857,2.9667,1.7556,0.0993,0.2947,0.5232,77.9337,194.747,50.4,Stable,50.8,50.0,71.34,29.47
Twilight Masquerade,202,Bloodmoon Ursaluna ex,Ultra Rare,0.06666666666666667,2768.85,0.0031746031746031746,False,False,True,0.522,3.41,6,567,42,131,296,3.99,4.2988,1.65,8.0,1.3494,2.99,3.25,3.99,5.0,6.13,3.495,3.49,3.99,6.0,4.3667,3.2889,0.0741,0.231,0.522,86.8559,155.0798,49.56,Stable,66.45,37.59,68.61,23.1
Twilight Masquerade,203,Caretaker,Ultra Rare,0.06666666666666667,2768.85,0.0031746031746031746,False,False,False,0.0,0.91,1,707,30,121,292,2.19,2.3785,0.72,4.79,0.8051,1.45,1.92,2.19,2.99,3.49,1.99,2.0,2.0,4.2857,4.0333,3.2444,0.0424,0.1711,0.413,111.3116,208.1058,51.0,Stable,64.99,49.5,66.15,17.11
Twilight Masquerade,204,Carmine,Ultra Rare,0.06666666666666667,2768.85,0.0031746031746031746,False,False,False,0.0,5.4,2,437,40,125,275,6.98,7.162,2.0,12.99,1.9073,5.0,5.89,6.98,8.0,9.99,5.875,5.99,6.25,5.7143,4.1667,3.0556,0.0915,0.286,0.6293,67.1417,141.8447,52.98,Stable,64.63,44.0,73.37,28.6
Twilight Masquerade,205,Hassel,Ultra Rare,0.06666666666666667,2768.85,0.0031746031746031746,False,False,False,0.0,1.01,1,586,42,129,257,2.89,2.8756,0.99,5.95,0.9688,1.91,2.0,2.89,3.45,4.04,2.49,2.65,2.87,6.0,4.3,2.8556,0.0717,0.2201,0.4386,115.5891,226.4668,48.0,Stable,64.35,36.76,66.31,22.01
Twilight Masquerade,206,Kieran,Ultra Rare,0.06666666666666667,2768.85,0.0031746031746031746,False,False,False,0.0,2.52,0,382,20,86,185,4.95,4.7921,0.99,9.95,1.4823,3.0,3.5,4.95,5.915,6.99,4.87,4.995,4.95,2.8571,2.8667,2.0556,0.0524,0.2251,0.4843,94.1333,202.0659,48.56,Stable,52.42,48.38,69.07,22.51
Twilight Masquerade,207,Lana's Aid,Ultra Rare,0.06666666666666667,2768.85,0.0031746031746031746,False,False,False,0.0,3.42,6,238,28,89,142,6.99,7.2576,2.25,14.43,2.2711,4.5,5.7025,6.99,8.5,10.06,7.99,7.48,7.365,4.0,2.9667,1.5778,0.1176,0.3739,0.5966,62.876,164.5528,53.44,Stable,48.9,58.49,68.71,37.39
Twilight Masquerade,208,Lucian,Ultra Rare,0.06666666666666667,2768.85,0.0031746031746031746,False,False,False,0.0,1.0,1,598,29,110,255,2.69,2.7946,0.99,5.8,1.0083,1.75,1.99,2.69,3.41,4.09,2.5,2.47,2.49,4.1429,3.6667,2.8333,0.0485,0.1839,0.4264,115.5398,222.4804,50.05,Stable,61.55,50.4,63.92,18.39
Twilight Masquerade,209,Perrin,Ultra Rare,0.06666666666666667,2768.85,0.0031746031746031746,False,False,False,0.0,4.74,8,288,27,97,173,6.99,7.1971,3.59,14.0,2.1145,5.0,5.5,6.99,8.0,10.0,6.99,6.9,6.99,3.8571,3.2333,1.9222,0.0938,0.3368,0.6007,58.8296,180.7116,51.78,Stable,53.08,50.0,70.62,33.68
Twilight Masquerade,210,Sinistcha ex,Special Illustration Rare,0.011627906976744186,8315.339999999998,0.0010570824524312897,False,False,True,0.405,21.02,17,55,15,31,44,39.88,40.3109,7.88,75.05,12.837,30.0,34.09,39.88,45.25,58.89,35.0,39.99,38.355,2.1429,1.0333,0.4889,0.2727,0.5636,0.8,23.0574,89.5656,39.81,Cooling,8.44,41.25,68.16,56.36
Twilight Masquerade,211,Teal Mask Ogerpon ex,Special Illustration Rare,0.011627906976744186,8315.339999999998,0.0010570824524312897,False,False,True,0.562,21.32,7,212,22,62,129,26.375,28.2716,3.79,50.02,8.4157,19.99,22.9975,26.375,32.1675,39.795,21.92,22.0,25.0,3.1429,2.0667,1.4333,0.1038,0.2925,0.6085,64.1803,182.295,43.15,Stable,39.84,37.68,70.23,29.25
Twilight Masquerade,212,Hearthflame Mask Ogerpon ex,Special Illustration Rare,0.011627906976744186,8315.339999999998,0.0010570824524312897,False,False,True,0.562,9.62,8,170,20,53,92,15.0,15.9228,9.54,30.0,4.2593,11.0,13.045,15.0,17.99,22.05,14.125,14.25,14.75,2.8571,1.7667,1.0222,0.1176,0.3118,0.5412,70.1571,183.8297,43.5,Stable,29.62,45.76,73.25,31.18
Twilight Masquerade,213,Wellspring Mask Ogerpon ex,Special Illustration Rare,0.011627906976744186,8315.339999999998,0.0010570824524312897,False,False,True,0.562,15.15,4,210,15,68,136,19.16,20.6604,10.0,39.95,5.4284,15.5,16.9825,19.16,23.355,29.99,17.0,17.0,18.19,2.1429,2.2667,1.5111,0.0714,0.3238,0.6476,58.9599,143.9394,47.24,Stable,43.27,43.46,73.73,32.38
Twilight Masquerade,214,Greninja ex,Special Illustration Rare,0.011627906976744186,8315.339999999998,0.0010570824524312897,True,False,True,0.72,287.09,66,314,45,123,226,400.0,441.3525,7.24,900.0,179.3241,339.297,365.0,400.0,500.7425,678.085,375.0,385.0,398.995,6.4286,4.1,2.5111,0.1433,0.3917,0.7197,45.7016,97.4849,51.42,Stable,61.71,43.99,59.37,39.17
Twilight Masquerade,215,Cornerstone Mask Ogerpon ex,Special Illustration Rare,0.011627906976744186,8315.339999999998,0.0010570824524312897,False,False,True,0.562,12.75,6,167,12,43,84,17.69,19.0205,4.49,35.0,5.4841,13.6,15.0,17.69,20.0,28.994,15.0,17.0,17.01,1.7143,1.4333,0.9333,0.0719,0.2575,0.503,89.3387,181.363,37.66,Cooling,22.75,38.18,71.17,25.75
Twilight Masquerade,216,Bloodmoon Ursaluna ex,Special Illustration Rare,0.011627906976744186,8315.339999999998,0.0010570824524312897,True,False,True,0.522,38.35,20,129,20,54,82,52.55,53.6225,8.49,99.99,13.6151,44.982,47.0,52.55,60.0,67.228,50.255,51.75,50.545,2.8571,1.8,0.9111,0.155,0.4186,0.6357,51.7543,157.4905,46.34,Stable,27.41,49.43,74.61,41.86
Twilight Masquerade,217,Carmine,Special Illustration Rare,0.011627906976744186,8315.339999999998,0.0010570824524312897,True,False,False,0.0,69.29,37,203,15,65,114,75.0,80.6836,0.99,163.57,29.8499,55.99,64.0,75.0,97.895,124.0,59.0,62.99,65.0,2.1429,2.1667,1.2667,0.0739,0.3202,0.5616,62.6234,185.573,42.89,Stable,38.84,40.77,63.0,32.02
Twilight Masquerade,218,Kieran,Special Illustration Rare,0.011627906976744186,8315.339999999998,0.0010570824524312897,False,False,False,0.0,23.47,15,132,7,35,82,32.0,34.44,5.0,60.0,8.3175,25.864,29.99,32.0,39.99,46.566,31.84,30.0,30.0,1.0,1.1667,0.9111,0.053,0.2652,0.6212,60.4342,183.3209,42.95,Stable,18.78,56.13,75.85,26.52
Twilight Masquerade,219,Lana's Aid,Special Illustration Rare,0.011627906976744186,8315.339999999998,0.0010570824524312897,True,False,False,0.0,26.12,7,115,13,46,80,42.99,45.0465,23.3,85.0,11.3689,34.994,38.25,42.99,49.035,55.974,43.99,45.0,42.865,1.8571,1.5333,0.8889,0.113,0.4,0.6957,40.9009,143.2333,45.83,Stable,23.62,52.62,74.76,40.0
Twilight Masquerade,220,Perrin,Special Illustration Rare,0.011627906976744186,8315.339999999998,0.0010570824524312897,True,False,False,0.0,93.48,44,117,23,59,102,183.65,199.6263,12.0,400.0,76.313,159.584,170.0,183.65,222.0,299.994,179.99,175.18,181.215,3.2857,1.9667,1.1333,0.1966,0.5043,0.8718,29.7502,51.3435,47.55,Stable,34.37,49.32,61.77,50.43
Twilight Masquerade,221,Teal Mask Ogerpon ex,Hyper Rare,0.00684931506849315,7700.039999999999,0.001141552511415525,False,False,True,0.562,7.41,4,176,12,40,86,13.76,14.267,1.74,28.46,4.4018,9.795,11.0,13.76,16.485,20.0,10.85,12.0,12.0,1.7143,1.3333,0.9556,0.0682,0.2273,0.4886,93.721,224.566,37.07,Cooling,21.91,40.42,69.15,22.73
Twilight Masquerade,222,Bloodmoon Ursaluna ex,Hyper Rare,0.00684931506849315,7700.039999999999,0.001141552511415525,False,False,True,0.522,9.78,2,197,10,42,100,11.99,12.9988,4.27,25.0,4.1973,8.786,9.99,11.99,14.99,19.99,9.98,10.74,10.99,1.4286,1.4,1.1111,0.0508,0.2132,0.5076,87.5173,198.9262,37.99,Cooling,26.47,40.81,67.71,21.32
Twilight Masquerade,223,Buddy-Buddy Poffin,Hyper Rare,0.00684931506849315,7700.039999999999,0.001141552511415525,False,False,False,0.0,18.12,4,206,12,48,95,15.5,16.6882,2.73,31.0,5.1172,11.0,13.5475,15.5,19.99,24.715,13.74,14.0,14.4,1.7143,1.6,1.0556,0.0583,0.233,0.4612,109.232,191.5313,40.63,Stable,28.27,45.42,69.34,23.3
Twilight Masquerade,224,Enhanced Hammer,Hyper Rare,0.00684931506849315,7700.039999999999,0.001141552511415525,False,False,False,0.0,3.3,1,175,9,51,95,7.0,7.4078,2.0,14.0,2.1801,5.0,5.99,7.0,8.595,10.0,7.53,7.0,7.0,1.2857,1.7,1.0556,0.0514,0.2914,0.5429,80.5456,185.2251,46.14,Stable,29.76,57.57,70.57,29.14
Twilight Masquerade,225,Rescue Board,Hyper Rare,0.00684931506849315,7700.039999999999,0.001141552511415525,False,False,False,0.0,5.19,0,193,13,59,102,4.91,5.4132,2.3,10.0,2.257,3.266,3.8,4.91,6.31,9.524,3.99,3.99,3.99,1.8571,1.9667,1.1333,0.0674,0.3057,0.5285,76.8732,154.0173,43.09,Stable,34.37,50.0,58.31,30.57
Twilight Masquerade,226,Luminous Energy,Hyper Rare,0.00684931506849315,7700.039999999999,0.001141552511415525,False,False,False,0.0,11.67,3,174,11,47,103,8.0,8.6352,4.0,16.0,2.7813,5.99,6.5,8.0,10.0,12.997,7.0,6.99,6.99,1.5714,1.5667,1.1444,0.0632,0.2701,0.592,73.683,115.1771,42.94,Stable,29.78,50.14,67.79,27.01
Shrouded Fable,065,Tapu Bulu,Illustration Rare,0.08333333333333333,2651.4000000000005,0.005555555555555555,False,False,True,0.39299999999999996,5.07,6,167,15,62,111,12.99,12.4956,1.1,27.26,5.0812,5.996,8.595,12.99,15.54,18.862,12.99,13.18,13.99,2.1429,2.0667,1.2333,0.0898,0.3713,0.6647,50.9327,158.7374,43.27,Stable,37.06,42.85,59.34,37.13
Shrouded Fable,066,Houndoom,Illustration Rare,0.08333333333333333,2651.4000000000005,0.005555555555555555,False,False,True,0.603,31.15,35,145,19,68,103,65.0,67.3506,9.85,130.15,22.4873,45.0,55.0,65.0,78.99,99.99,64.99,60.82,64.6,2.7143,2.2667,1.1444,0.131,0.469,0.7103,33.7265,142.4907,49.25,Stable,37.88,50.6,66.61,46.9
Shrouded Fable,067,Horsea,Illustration Rare,0.08333333333333333,2651.4000000000005,0.005555555555555555,True,False,True,0.51,18.56,19,116,23,53,95,53.4,52.0623,1.79,110.0,21.228,16.0,45.0,53.4,62.24,77.455,45.0,50.0,54.38,3.2857,1.7667,1.0556,0.1983,0.4569,0.819,33.4092,76.2857,39.96,Cooling,30.51,32.75,59.23,45.69
Shrouded Fable,068,Duskull,Illustration Rare,0.08333333333333333,2651.4000000000005,0.005555555555555555,True,False,True,0.581,28.79,17,157,17,66,124,60.0,58.0053,4.99,122.0,20.2175,26.996,51.0,60.0,69.05,76.79,54.95,57.2,60.0,2.4286,2.2,1.3778,0.1083,0.4204,0.7898,39.5564,108.3671,46.1,Stable,40.62,41.58,65.15,42.04
Shrouded Fable,069,Dusclops,Illustration Rare,0.08333333333333333,2651.4000000000005,0.005555555555555555,True,False,True,0.48100000000000004,20.51,22,165,22,61,125,45.6,46.584,1.0,94.99,16.7019,28.752,39.99,45.6,55.0,65.0,39.97,40.0,45.0,3.1429,2.0333,1.3889,0.1333,0.3697,0.7576,45.4885,102.2153,43.56,Stable,38.98,38.82,64.15,36.97
Shrouded Fable,070,Dusknoir,Illustration Rare,0.08333333333333333,2651.4000000000005,0.005555555555555555,False,False,True,0.5870000000000001,19.36,16,195,10,40,97,35.0,34.6796,1.15,69.99,14.4292,14.088,27.94,35.0,42.68,50.9,34.99,35.0,35.0,1.4286,1.3333,1.0778,0.0513,0.2051,0.4974,90.7622,172.6421,38.27,Cooling,24.99,49.97,58.39,20.51
Shrouded Fable,071,Cresselia,Illustration Rare,0.08333333333333333,2651.4000000000005,0.005555555555555555,False,False,True,0.5920000000000001,15.52,20,175,12,51,98,30.0,32.273,3.59,62.0,11.0489,21.376,26.11,30.0,37.16,46.26,29.615,29.99,30.0,1.7143,1.7,1.0889,0.0686,0.2914,0.56,68.6109,180.3205,42.72,Stable,30.42,48.72,65.76,29.14
Shrouded Fable,072,Munkidori,Illustration Rare,0.08333333333333333,2651.4000000000005,0.005555555555555555,False,False,True,0.20800000000000002,24.86,14,181,23,75,146,40.0,42.6968,12.0,84.0,10.7719,33.0,37.0,40.0,46.99,56.0,35.0,39.0,40.0,3.2857,2.5,1.6222,0.1271,0.4144,0.8066,44.8722,77.2718,48.41,Stable,46.39,37.5,74.77,41.44
Shrouded Fable,073,Fezandipiti,Illustration Rare,0.08333333333333333,2651.4000000000005,0.005555555555555555,False,False,True,0.397,5.52,12,193,14,56,117,15.0,15.3668,6.0,31.0,5.282,8.992,11.2,15.0,17.99,22.36,12.99,15.765,15.21,2.0,1.8667,1.3,0.0725,0.2902,0.6062,59.303,168.8034,40.4,Stable,36.15,35.4,65.63,29.02
Shrouded Fable,074,Okidogi,Illustration Rare,0.08333333333333333,2651.4000000000005,0.005555555555555555,False,False,True,0.324,6.43,12,140,12,56,102,19.105,18.9745,1.5,36.0,5.5083,14.0,16.9975,19.105,20.4275,25.0,17.0,18.78,19.16,1.7143,1.8667,1.1333,0.0857,0.4,0.7286,42.0896,118.9694,43.83,Stable,33.39,38.73,70.97,40.0
Shrouded Fable,075,Zorua,Illustration Rare,0.08333333333333333,2651.4000000000005,0.005555555555555555,False,False,True,0.718,11.36,13,136,17,69,103,30.0,32.201,12.8,65.0,9.7995,21.285,25.7425,30.0,35.9875,45.0,30.0,30.0,30.0,2.4286,2.3,1.1444,0.125,0.5074,0.7574,28.8689,89.4057,50.51,Stable,38.16,50.0,69.57,50.74
Shrouded Fable,076,Cufant,Illustration Rare,0.08333333333333333,2651.4000000000005,0.005555555555555555,False,False,True,0.361,8.74,10,107,13,41,73,17.4,18.3864,10.99,35.45,5.1657,12.794,15.0,17.4,19.99,25.0,17.0,16.99,16.99,1.8571,1.3667,0.8111,0.1215,0.3832,0.6822,45.636,130.2692,42.89,Stable,19.42,50.06,71.9,38.32
Shrouded Fable,077,Fraxure,Illustration Rare,0.08333333333333333,2651.4000000000005,0.005555555555555555,False,False,True,0.505,9.09,9,96,13,49,65,19.99,20.1511,3.58,40.0,5.3862,13.995,17.3675,19.99,22.5125,26.33,16.98,19.98,19.98,1.8571,1.6333,0.7222,0.1354,0.5104,0.6771,29.3297,131.0934,41.66,Stable,20.99,34.98,73.27,51.04
Shrouded Fable,078,Persian,Illustration Rare,0.08333333333333333,2651.4000000000005,0.005555555555555555,True,False,True,0.5,35.38,36,127,14,61,99,85.48,88.2107,7.24,184.02,30.2129,64.996,75.0,85.48,100.0,121.158,79.99,80.0,83.39,2.0,2.0333,1.1,0.1102,0.4803,0.7795,32.7939,102.983,46.77,Stable,34.14,45.92,65.75,48.03
Shrouded Fable,079,Bewear,Illustration Rare,0.08333333333333333,2651.4000000000005,0.005555555555555555,True,False,True,0.557,9.27,11,182,14,74,150,32.0,34.1235,6.82,66.0,9.8578,24.99,28.0,32.0,39.665,45.0,29.99,29.325,30.995,2.0,2.4667,1.6667,0.0769,0.4066,0.8242,38.5617,63.3421,50.33,Stable,46.51,46.76,71.11,40.66
Shrouded Fable,080,Kingdra ex,Ultra Rare,0.041666666666666664,3535.2000000000003,0.004166666666666667,False,False,True,0.552,2.33,3,270,20,68,133,4.87,4.9099,0.99,9.98,1.5365,3.25,3.99,4.87,5.9475,6.99,4.895,4.99,4.99,2.8571,2.2667,1.4778,0.0741,0.2519,0.4926,92.4513,209.0154,46.08,Stable,42.9,48.1,68.71,25.19
Shrouded Fable,081,Revavroom ex,Ultra Rare,0.041666666666666664,3535.2000000000003,0.004166666666666667,False,False,True,0.35700000000000004,1.51,3,346,12,80,151,3.0,3.3893,0.99,6.35,1.1439,2.0,2.5,3.0,4.0,5.0,2.75,2.995,2.99,1.7143,2.6667,1.6778,0.0347,0.2312,0.4364,105.7663,209.7532,44.88,Stable,48.04,41.97,66.25,23.12
Shrouded Fable,082,Okidogi ex,Ultra Rare,0.041666666666666664,3535.2000000000003,0.004166666666666667,False,False,True,0.324,2.55,2,366,16,81,153,4.085,4.4074,1.0,8.49,1.3195,2.99,3.4125,4.085,5.0,6.0,3.725,3.99,4.0,2.2857,2.7,1.7,0.0437,0.2213,0.418,120.6342,223.8507,45.94,Stable,48.56,43.12,70.06,22.13
Shrouded Fable,083,Munkidori ex,Ultra Rare,0.041666666666666664,3535.2000000000003,0.004166666666666667,False,False,True,0.20800000000000002,1.78,8,336,16,75,141,3.99,4.1301,1.49,8.0,1.3645,2.66,2.99,3.99,4.99,5.99,3.99,3.6,3.75,2.2857,2.5,1.5667,0.0476,0.2232,0.4196,121.7174,231.7179,48.54,Stable,45.87,56.4,66.96,22.32
Shrouded Fable,084,Fezandipiti ex,Ultra Rare,0.041666666666666664,3535.2000000000003,0.004166666666666667,False,False,True,0.397,19.08,3,348,22,81,168,15.0,16.3637,3.22,30.0,4.5358,12.0,13.45,15.0,18.1225,23.178,13.65,14.0,14.0,3.1429,2.7,1.8667,0.0632,0.2328,0.4828,95.0894,169.3623,48.42,Stable,50.21,47.5,72.28,23.28
Shrouded Fable,085,Pecharunt ex,Ultra Rare,0.041666666666666664,3535.2000000000003,0.004166666666666667,False,False,False,0.0,2.67,1,270,18,66,144,7.99,8.1639,2.0,15.99,2.4068,5.405,6.99,7.99,9.1725,11.04,8.24,8.245,7.99,2.5714,2.2,1.6,0.0667,0.2444,0.5333,82.6355,166.093,47.92,Stable,43.31,53.13,70.52,24.44
Shrouded Fable,086,Cassiopeia,Ultra Rare,0.041666666666666664,3535.2000000000003,0.004166666666666667,False,False,False,0.0,2.77,3,274,10,50,105,5.0,5.2959,2.39,10.0,1.4944,3.698,4.2425,5.0,5.99,7.077,5.74,5.0,4.99,1.4286,1.6667,1.1667,0.0365,0.1825,0.3832,154.3393,254.2881,46.97,Stable,31.52,65.03,71.78,18.25
Shrouded Fable,087,Colress's Tenacity,Ultra Rare,0.041666666666666664,3535.2000000000003,0.004166666666666667,False,False,False,0.0,3.18,2,240,10,61,157,7.485,7.4672,3.0,15.0,2.2601,4.99,5.885,7.485,8.9925,10.0,8.0,7.99,7.87,1.4286,2.0333,1.7444,0.0417,0.2542,0.6542,61.4592,165.9025,47.44,Stable,43.04,51.65,69.73,25.42
Shrouded Fable,088,Janine's Secret Art,Ultra Rare,0.041666666666666664,3535.2000000000003,0.004166666666666667,False,False,False,0.0,3.16,1,255,14,69,124,7.0,7.2358,1.44,14.99,2.3944,4.08,5.59,7.0,8.5,9.99,7.985,7.73,7.145,2.0,2.3,1.3778,0.0549,0.2706,0.4863,95.405,204.433,49.84,Stable,41.74,61.76,66.91,27.06
Shrouded Fable,089,Xerosic's Machinations,Ultra Rare,0.041666666666666664,3535.2000000000003,0.004166666666666667,False,False,False,0.0,1.88,0,204,16,71,155,9.99,10.7697,2.49,20.0,2.9858,7.5,8.7375,9.99,12.8,14.937,9.39,9.43,9.99,2.2857,2.3667,1.7222,0.0784,0.348,0.7598,51.7653,85.4234,48.54,Stable,46.42,43.99,72.28,34.8
Shrouded Fable,090,Okidogi ex,Special Illustration Rare,0.014925373134328358,4934.55,0.0029850746268656717,False,False,True,0.324,17.64,8,128,12,35,66,25.37,26.2362,1.2,51.66,8.0606,19.0,20.0,25.37,30.0,35.0,20.5,21.57,24.99,1.7143,1.1667,0.7333,0.0938,0.2734,0.5156,82.6791,187.5737,33.39,Cooling,14.86,32.03,69.28,27.34
Shrouded Fable,091,Munkidori ex,Special Illustration Rare,0.014925373134328358,4934.55,0.0029850746268656717,False,False,True,0.20800000000000002,13.63,2,139,9,39,79,20.29,22.1234,1.35,40.0,7.0857,15.0,18.0,20.29,26.6,30.198,19.4,19.99,20.0,1.2857,1.3,0.8778,0.0647,0.2806,0.5683,75.0538,206.1968,39.22,Cooling,19.72,47.0,67.97,28.06
Shrouded Fable,092,Fezandipiti ex,Special Illustration Rare,0.014925373134328358,4934.55,0.0029850746268656717,True,False,True,0.397,40.78,5,176,20,40,84,49.0,51.4976,25.49,94.99,12.8493,39.99,43.8675,49.0,56.24,69.975,45.49,46.24,46.0,2.8571,1.3333,0.9333,0.1136,0.2273,0.4773,102.1323,221.22,40.65,Stable,21.43,48.89,75.05,22.73
Shrouded Fable,093,Pecharunt ex,Special Illustration Rare,0.014925373134328358,4934.55,0.0029850746268656717,False,False,False,0.0,17.29,3,162,10,42,76,26.04,27.0148,5.45,44.47,6.656,18.991,22.0125,26.04,30.3375,35.0,25.0,26.0,26.0,1.4286,1.4,0.8444,0.0617,0.2593,0.4691,96.7663,206.5588,40.22,Stable,20.4,46.15,75.36,25.93
Shrouded Fable,094,Cassiopeia,Special Illustration Rare,0.014925373134328358,4934.55,0.0029850746268656717,True,False,False,0.0,29.51,12,169,16,44,82,45.0,48.3977,6.8,95.42,14.479,35.0,40.0,45.0,53.12,69.992,43.75,43.75,44.19,2.2857,1.4667,0.9111,0.0947,0.2604,0.4852,104.1912,217.2263,40.88,Stable,23.19,49.0,70.08,26.04
Shrouded Fable,095,Pecharunt ex,Hyper Rare,0.00847457627118644,8690.7,0.001694915254237288,False,False,False,0.0,23.31,44,57,6,16,39,24.48,26.8709,17.99,49.8,7.2553,19.99,21.72,24.48,30.99,37.68,23.5,23.5,24.0,0.8571,0.5333,0.4333,0.1053,0.2807,0.6842,54.4268,121.6318,35.47,Cooling,2.94,47.92,73.0,28.07
Shrouded Fable,096,Earthen Vessel,Hyper Rare,0.00847457627118644,8690.7,0.001694915254237288,False,False,False,0.0,45.53,2,80,4,15,35,43.805,44.8395,18.88,89.99,17.9778,24.593,29.99,43.805,56.415,65.499,31.385,26.75,33.34,0.5714,0.5,0.3889,0.05,0.1875,0.4375,138.6046,226.5787,29.63,Cooling,2.19,44.14,59.91,18.75
Shrouded Fable,097,Powerglass,Hyper Rare,0.00847457627118644,8690.7,0.001694915254237288,False,False,False,0.0,17.7,1,46,7,19,27,26.975,27.2467,1.85,50.0,10.2955,18.0,21.25,26.975,34.9975,38.55,22.0,22.0,25.0,1.0,0.6333,0.3,0.1522,0.413,0.587,45.1486,120.0568,32.78,Cooling,2.26,38.0,62.21,41.3
Shrouded Fable,098,Basic Darkness Energy,Hyper Rare,0.00847457627118644,8690.7,0.001694915254237288,False,False,False,0.0,41.26,1,151,15,48,83,1.99,1.8858,0.99,3.03,0.5552,1.0,1.55,1.99,2.03,2.5,1.99,1.99,1.99,2.1429,1.6,0.9222,0.0993,0.3179,0.5497,64.4505,194.5918,42.97,Stable,25.01,50.0,70.56,31.79
Shrouded Fable,099,Basic Metal Energy,Hyper Rare,0.00847457627118644,8690.7,0.001694915254237288,False,False,False,0.0,27.17,2,139,8,39,71,1.98,1.852,0.99,3.0,0.5111,1.0,1.5,1.98,1.99,2.492,1.935,1.99,1.99,1.1429,1.3,0.7889,0.0576,0.2806,0.5108,86.7318,200.4985,39.62,Cooling,17.87,47.24,72.4,28.06
Stellar Crown,143,Bulbasaur,Illustration Rare,0.07692307692307693,1752.5299999999995,0.00591715976331361,True,False,True,0.728,51.0,94,348,76,177,285,121.495,122.8219,7.0,260.0,44.7486,76.993,105.0,121.495,145.0,175.0,114.06,115.0,120.0,10.8571,5.9,3.1667,0.2184,0.5086,0.819,28.5008,68.2512,57.76,Stable,71.2,45.05,63.57,50.86
Stellar Crown,144,Ledian,Illustration Rare,0.07692307692307693,1752.5299999999995,0.00591715976331361,False,False,True,0.413,3.49,13,341,25,112,213,7.0,7.3879,1.09,15.95,2.421,4.8,5.99,7.0,8.49,10.0,6.99,7.985,7.83,3.5714,3.7333,2.3667,0.0733,0.3284,0.6246,55.7149,148.5311,49.51,Stable,59.06,39.27,67.23,32.84
Stellar Crown,145,Lileep,Illustration Rare,0.07692307692307693,1752.5299999999995,0.00591715976331361,False,False,True,0.37200000000000005,3.96,7,247,30,89,153,10.0,10.7174,1.0,22.0,4.1452,5.99,8.0,10.0,12.685,16.99,10.495,10.49,10.15,4.2857,2.9667,1.7,0.1215,0.3603,0.6194,57.9453,158.2238,50.55,Stable,50.18,53.4,61.32,36.03
Stellar Crown,146,Turtonator,Illustration Rare,0.07692307692307693,1752.5299999999995,0.00591715976331361,False,False,True,0.42200000000000004,2.9,8,498,23,109,215,5.0,5.3851,0.99,10.5,1.7668,3.285,4.0,5.0,6.49,7.645,5.99,5.99,5.49,3.2857,3.6333,2.3889,0.0462,0.2189,0.4317,122.5378,234.5468,53.17,Stable,58.74,59.11,67.19,21.89
Stellar Crown,147,Raboot,Illustration Rare,0.07692307692307693,1752.5299999999995,0.00591715976331361,False,False,True,0.544,3.8,9,383,26,108,210,8.99,9.0828,0.99,19.59,2.9234,5.002,7.25,8.99,10.49,12.578,9.185,9.405,9.845,3.7143,3.6,2.3333,0.0679,0.282,0.5483,78.3271,179.6223,49.62,Stable,58.08,43.3,67.81,28.2
Stellar Crown,148,Squirtle,Illustration Rare,0.07692307692307693,1752.5299999999995,0.00591715976331361,True,False,True,0.7070000000000001,58.34,90,319,44,129,236,140.0,147.5385,7.0,300.0,57.2204,100.0,124.99,140.0,175.0,224.95,131.125,132.16,137.53,6.2857,4.3,2.6222,0.1379,0.4044,0.7398,39.9722,91.1751,52.88,Stable,63.14,45.34,61.22,40.44
Stellar Crown,149,Crabominable,Illustration Rare,0.07692307692307693,1752.5299999999995,0.00591715976331361,False,False,True,0.26899999999999996,2.49,3,739,32,139,306,4.04,4.4645,1.0,9.71,1.5415,2.978,3.0,4.04,5.025,6.758,3.995,3.99,3.99,4.5714,4.6333,3.4,0.0433,0.1881,0.4141,123.385,188.0228,52.26,Stable,67.89,50.13,65.47,18.81
Stellar Crown,150,Joltik,Illustration Rare,0.07692307692307693,1752.5299999999995,0.00591715976331361,False,False,True,0.609,5.88,8,462,32,128,249,8.4,8.527,0.99,16.98,2.7522,5.491,6.99,8.4,10.0,11.99,8.42,8.985,8.99,4.5714,4.2667,2.7667,0.0693,0.2771,0.539,77.3947,181.2554,51.32,Stable,63.78,43.66,67.72,27.71
Stellar Crown,151,Zeraora,Illustration Rare,0.07692307692307693,1752.5299999999995,0.00591715976331361,False,False,True,0.591,7.68,22,340,34,108,204,15.0,16.3676,1.99,32.93,5.7183,10.0,12.2025,15.0,18.96,25.0,15.0,15.42,15.2,4.8571,3.6,2.2667,0.1,0.3176,0.6,54.5527,164.307,51.24,Stable,57.58,48.68,65.06,31.76
Stellar Crown,152,Milcery,Illustration Rare,0.07692307692307693,1752.5299999999995,0.00591715976331361,False,False,True,0.435,7.33,7,208,25,102,168,20.0,22.2088,4.08,40.0,6.4197,15.0,18.95,20.0,25.0,30.0,19.99,20.0,20.0,3.5714,3.4,1.8667,0.1202,0.4904,0.8077,30.8855,78.1621,55.13,Stable,53.74,49.95,71.09,49.04
Stellar Crown,153,Meditite,Illustration Rare,0.07692307692307693,1752.5299999999995,0.00591715976331361,False,False,True,0.36,3.87,11,353,30,105,213,8.99,9.2242,3.99,19.0,2.9535,5.902,7.0,8.99,10.51,12.998,9.31,9.0,9.22,4.2857,3.5,2.3667,0.085,0.2975,0.6034,66.6197,147.0327,52.19,Stable,57.83,50.98,67.98,29.75
Stellar Crown,154,Gulpin,Illustration Rare,0.07692307692307693,1752.5299999999995,0.00591715976331361,False,False,True,0.414,5.91,17,200,28,79,141,15.0,15.7358,5.0,30.05,4.6243,10.0,12.9325,15.0,17.5475,20.0,16.0,15.0,15.0,4.0,2.6333,1.5667,0.14,0.395,0.705,40.6228,110.5866,53.05,Stable,46.76,56.67,70.61,39.5
Stellar Crown,155,Archaludon,Illustration Rare,0.07692307692307693,1752.5299999999995,0.00591715976331361,False,False,True,0.44799999999999995,2.56,11,599,34,136,266,4.99,5.1013,1.0,10.0,1.6442,3.102,3.99,4.99,5.99,7.24,5.085,4.995,4.99,4.8571,4.5333,2.9556,0.0568,0.227,0.4441,117.693,209.4671,53.38,Stable,65.72,51.9,67.77,22.7
Stellar Crown,156,Hydrapple ex,Ultra Rare,0.06666666666666667,1711.05,0.006060606060606061,False,False,True,0.589,1.84,9,583,26,117,247,3.99,4.1204,1.5,7.99,1.2697,2.5,3.0,3.99,4.99,5.99,3.99,4.0,4.19,3.7143,3.9,2.7444,0.0446,0.2007,0.4237,144.4525,238.1163,50.07,Stable,62.19,45.23,69.19,20.07
Stellar Crown,157,Cinderace ex,Ultra Rare,0.06666666666666667,1711.05,0.006060606060606061,False,False,True,0.613,2.52,20,522,21,92,199,5.0,5.4606,1.99,10.89,1.6775,3.75,4.07,5.0,6.0,7.99,5.0,4.99,4.99,3.0,3.0667,2.2111,0.0402,0.1762,0.3812,147.7157,250.9976,48.79,Stable,54.5,50.2,69.28,17.62
Stellar Crown,158,Lapras ex,Ultra Rare,0.06666666666666667,1711.05,0.006060606060606061,False,False,True,0.747,3.96,37,364,34,94,174,8.0,8.4838,2.99,18.0,2.7857,5.0,6.5,8.0,9.99,12.175,7.945,7.99,8.0,4.8571,3.1333,1.9333,0.0934,0.2582,0.478,106.2017,228.4593,49.24,Stable,52.83,49.31,67.16,25.82
Stellar Crown,159,Galvantula ex,Ultra Rare,0.06666666666666667,1711.05,0.006060606060606061,False,False,True,0.564,1.47,13,617,38,132,263,3.64,3.8953,1.26,7.95,1.332,2.49,2.99,3.64,4.89,5.99,3.37,3.5,3.5,5.4286,4.4,2.9222,0.0616,0.2139,0.4263,128.6989,229.7132,50.8,Stable,64.92,46.29,65.8,21.39
Stellar Crown,160,Dachsbun ex,Ultra Rare,0.06666666666666667,1711.05,0.006060606060606061,False,False,True,0.505,1.89,8,169,21,66,96,5.04,5.5259,0.99,10.99,1.9147,3.0,4.3,5.04,6.69,7.5,5.48,5.63,5.63,3.0,2.2,1.0667,0.1243,0.3905,0.568,53.6558,160.0782,45.73,Stable,35.49,47.34,65.35,39.05
Stellar Crown,161,Medicham ex,Ultra Rare,0.06666666666666667,1711.05,0.006060606060606061,False,False,True,0.366,0.96,4,889,43,176,369,2.66,2.7253,0.99,5.44,1.0089,1.5,1.99,2.66,3.3,4.0,2.43,2.49,2.5,6.1429,5.8667,4.1,0.0484,0.198,0.4151,135.7366,225.7451,53.34,Stable,75.4,47.2,62.98,19.8
Stellar Crown,162,Orthworm ex,Ultra Rare,0.06666666666666667,1711.05,0.006060606060606061,False,False,True,0.36700000000000005,0.99,5,919,28,147,349,2.49,2.5369,0.73,5.04,0.9414,1.45,1.89,2.49,2.99,3.99,2.49,2.21,2.48,4.0,4.9,3.8778,0.0305,0.16,0.3798,150.5184,229.8029,52.07,Stable,70.56,50.4,62.89,16.0
Stellar Crown,163,Briar,Ultra Rare,0.06666666666666667,1711.05,0.006060606060606061,False,False,False,0.0,1.63,3,711,34,147,293,3.59,3.8059,1.5,7.88,1.311,2.34,2.885,3.59,4.87,5.69,2.99,3.0,3.0,4.8571,4.9,3.2556,0.0478,0.2068,0.4121,122.3152,233.6094,52.61,Stable,68.21,49.67,65.55,20.68
Stellar Crown,164,Crispin,Ultra Rare,0.06666666666666667,1711.05,0.006060606060606061,False,False,False,0.0,5.98,7,442,38,146,313,10.925,12.0028,5.49,22.56,3.5653,8.18,9.0,10.925,14.5,17.359,9.99,9.99,10.15,5.4286,4.8667,3.4778,0.086,0.3303,0.7081,51.8854,99.568,55.82,Stable,68.76,48.42,70.3,33.03
Stellar Crown,165,Kofu,Ultra Rare,0.06666666666666667,1711.05,0.006060606060606061,False,False,False,0.0,0.96,0,859,42,148,320,2.49,2.5538,0.99,5.0,0.9159,1.49,1.99,2.49,3.0,3.99,2.49,2.175,2.32,6.0,4.9333,3.5556,0.0489,0.1723,0.3725,150.3579,233.3029,54.24,Stable,69.21,57.33,64.14,17.23
Stellar Crown,166,Lacey,Ultra Rare,0.06666666666666667,1711.05,0.006060606060606061,False,False,False,0.0,2.32,3,512,17,94,202,4.135,4.6111,0.99,9.54,1.5793,2.99,3.48,4.135,5.29,6.99,3.99,3.99,3.99,2.4286,3.1333,2.2444,0.0332,0.1836,0.3945,138.4435,239.1985,48.32,Stable,55.0,50.0,65.75,18.36
Stellar Crown,167,Hydrapple ex,Special Illustration Rare,0.011111111111111112,5599.799999999999,0.001851851851851852,False,False,True,0.589,18.3,9,180,18,51,96,40.0,42.2011,7.24,80.0,11.4045,30.969,35.0,40.0,47.165,55.0,43.5,40.99,39.995,2.5714,1.7,1.0667,0.1,0.2833,0.5333,78.6376,200.5498,46.91,Stable,30.05,58.76,72.98,28.33
Stellar Crown,168,Galvantula ex,Special Illustration Rare,0.011111111111111112,5599.799999999999,0.001851851851851852,False,False,True,0.564,16.91,13,255,10,59,109,24.2,25.7953,3.5,53.32,9.0051,16.29,19.99,24.2,29.995,39.116,22.47,20.12,22.0,1.4286,1.9667,1.2111,0.0392,0.2314,0.4275,117.7844,239.8264,44.04,Stable,35.83,52.14,65.09,23.14
Stellar Crown,169,Dachsbun ex,Special Illustration Rare,0.011111111111111112,5599.799999999999,0.001851851851851852,True,False,True,0.505,28.07,10,137,15,57,101,79.69,82.1175,12.0,155.0,25.5412,65.0,70.0,79.69,92.99,107.09,78.9,75.0,75.99,2.1429,1.9,1.1222,0.1095,0.4161,0.7372,39.3793,74.591,48.31,Stable,33.55,53.83,68.9,41.61
Stellar Crown,170,Terapagos ex,Special Illustration Rare,0.011111111111111112,5599.799999999999,0.001851851851851852,True,False,True,0.45399999999999996,36.87,45,336,24,77,163,68.165,74.4165,0.99,160.0,30.5711,43.84,50.0,68.165,94.9925,119.99,45.0,47.0,55.0,3.4286,2.5667,1.8111,0.0714,0.2292,0.4851,97.1485,214.5905,40.52,Stable,48.7,31.82,58.92,22.92
Stellar Crown,171,Briar,Special Illustration Rare,0.011111111111111112,5599.799999999999,0.001851851851851852,False,False,False,0.0,14.79,4,301,11,54,102,16.99,18.7209,9.0,35.58,6.4261,12.0,14.0,16.99,22.5,29.0,12.0,13.995,14.99,1.5714,1.8,1.1333,0.0365,0.1794,0.3389,226.6845,279.986,35.48,Cooling,32.47,30.05,65.67,17.94
Stellar Crown,172,Lacey,Special Illustration Rare,0.011111111111111112,5599.799999999999,0.001851851851851852,False,False,False,0.0,18.01,14,257,14,45,102,27.0,29.2924,1.0,60.0,10.776,18.0,20.0,27.0,35.99,45.0,19.995,22.0,22.5,2.0,1.5,1.1333,0.0545,0.1751,0.3969,168.8254,260.3799,36.45,Cooling,28.82,38.87,63.21,17.51
Stellar Crown,173,Terapagos ex,Hyper Rare,0.0072992700729927005,4262.07,0.0024330900243309003,False,False,True,0.45399999999999996,8.92,7,279,11,52,92,15.46,17.51,7.0,35.0,6.283,10.0,12.99,15.46,20.0,27.252,14.75,14.59,14.0,1.5714,1.7333,1.0222,0.0394,0.1864,0.3297,246.4428,296.1667,41.92,Stable,29.21,55.36,64.12,18.64
Stellar Crown,174,Area Zero Underdepths,Hyper Rare,0.0072992700729927005,4262.07,0.0024330900243309003,False,False,False,0.0,10.96,1,301,17,56,118,13.5,14.2282,1.0,27.26,4.2129,9.99,11.58,13.5,16.28,19.99,10.0,11.475,12.0,2.4286,1.8667,1.3111,0.0565,0.186,0.392,129.6576,276.1997,38.69,Cooling,36.31,33.33,70.39,18.6
Stellar Crown,175,Bravery Charm,Hyper Rare,0.0072992700729927005,4262.07,0.0024330900243309003,False,False,False,0.0,8.64,1,318,18,69,132,7.99,8.4476,3.0,15.5,3.061,5.0,5.835,7.99,10.3675,13.0,5.125,5.99,6.0,2.5714,2.3,1.4667,0.0566,0.217,0.4151,116.7603,193.9758,40.64,Stable,43.06,35.42,63.76,21.7
Surging Sparks,004,Durant ex,Double Rare,0.16666666666666666,872.64,0.009259259259259259,False,False,True,0.389,0.57,0,936,64,247,539,1.99,1.8902,0.72,3.95,0.583,1.0,1.49,1.99,2.24,2.5,1.99,1.99,1.99,9.1429,8.2333,5.9889,0.0684,0.2639,0.5759,69.0345,138.571,60.77,Rising,88.86,50.0,69.16,26.39
Surging Sparks,036,Ceruledge ex,Double Rare,0.16666666666666666,872.64,0.009259259259259259,False,False,True,0.7020000000000001,1.49,7,922,82,281,591,2.59,2.728,0.99,5.62,0.8724,1.79,2.0,2.59,3.0,3.99,2.49,2.49,2.49,11.7143,9.3667,6.5667,0.0889,0.3048,0.641,62.6243,84.9497,62.66,Rising,93.2,50.0,68.02,30.48
Surging Sparks,037,Scovillain ex,Double Rare,0.16666666666666666,872.64,0.009259259259259259,False,False,True,0.361,0.6,0,952,53,250,531,1.99,1.9145,0.72,3.49,0.5609,1.0,1.5,1.99,2.2575,2.5,1.98,1.99,1.99,7.5714,8.3333,5.9,0.0557,0.2626,0.5578,75.6345,128.8877,60.89,Rising,88.82,49.5,70.7,26.26
Surging Sparks,042,Milotic ex,Double Rare,0.16666666666666666,872.64,0.009259259259259259,False,False,True,0.6990000000000001,0.66,0,931,59,280,583,1.99,2.0501,0.94,3.84,0.5635,1.25,1.75,1.99,2.49,2.84,1.99,1.99,1.99,8.4286,9.3333,6.4778,0.0634,0.3008,0.6262,60.4126,97.7964,63.43,Rising,93.04,50.0,72.51,30.08
Surging Sparks,048,Black Kyurem ex,Double Rare,0.16666666666666666,872.64,0.009259259259259259,False,False,True,0.599,0.67,0,921,65,292,582,1.99,1.9678,0.91,3.95,0.5545,1.0,1.6,1.99,2.49,2.5,1.99,1.99,1.99,9.2857,9.7333,6.4667,0.0706,0.317,0.6319,60.4126,103.043,63.81,Rising,93.7,50.0,71.82,31.7
Surging Sparks,057,Pikachu ex,Double Rare,0.16666666666666666,872.64,0.009259259259259259,False,False,True,0.701,5.01,61,835,63,265,543,5.99,6.0174,2.99,11.0,1.4905,4.69,4.99,5.99,6.92,7.99,5.69,5.49,5.67,9.0,8.8333,6.0333,0.0754,0.3174,0.6503,55.987,99.5739,63.77,Rising,90.89,50.35,75.23,31.74
Surging Sparks,068,Kilowattrel ex,Double Rare,0.16666666666666666,872.64,0.009259259259259259,False,False,True,0.391,0.72,0,956,61,266,550,1.99,1.862,0.72,3.95,0.5484,1.0,1.49,1.99,2.15,2.49,1.99,1.99,1.99,8.7143,8.8667,6.1111,0.0638,0.2782,0.5753,71.4687,131.83,62.04,Rising,91.21,50.0,70.55,27.82
Surging Sparks,076,Latias ex,Double Rare,0.16666666666666666,872.64,0.009259259259259259,False,False,True,0.6940000000000001,6.29,6,938,90,303,656,5.99,5.9194,1.5,10.75,1.6274,3.99,4.99,5.99,6.99,7.99,5.99,5.99,5.99,12.8571,10.1,7.2889,0.0959,0.323,0.6994,50.8992,83.2654,64.65,Rising,95.62,50.0,72.51,32.3
Surging Sparks,086,Sylveon ex,Double Rare,0.16666666666666666,872.64,0.009259259259259259,False,False,True,0.78,2.04,15,896,71,245,549,3.0,3.3561,0.99,6.17,1.0055,2.25,2.49,3.0,3.99,4.99,3.26,3.49,3.19,10.1429,8.1667,6.1,0.0792,0.2734,0.6127,61.139,119.8342,61.87,Rising,89.11,52.19,70.04,27.34
Surging Sparks,091,Palossand ex,Double Rare,0.16666666666666666,872.64,0.009259259259259259,False,False,True,0.532,0.7,0,928,58,243,536,1.99,1.9117,0.99,3.96,0.5737,1.0,1.5,1.99,2.2925,2.5,1.99,1.99,1.99,8.2857,8.1,5.9556,0.0625,0.2619,0.5776,71.8991,130.9844,60.76,Rising,88.43,50.0,69.99,26.19
Surging Sparks,106,Flygon ex,Double Rare,0.16666666666666666,872.64,0.009259259259259259,False,False,True,0.726,0.76,0,890,69,236,507,1.99,2.0209,0.72,3.95,0.5796,1.25,1.65,1.99,2.49,2.99,1.99,1.99,1.99,9.8571,7.8667,5.6333,0.0775,0.2652,0.5697,72.9458,127.9377,60.6,Rising,86.76,50.0,71.32,26.52
Surging Sparks,119,Hydreigon ex,Double Rare,0.16666666666666666,872.64,0.009259259259259259,False,False,True,0.6629999999999999,0.99,5,930,80,297,594,2.0,2.1624,0.91,4.0,0.6319,1.25,1.79,2.0,2.49,2.99,1.99,2.0,2.0,11.4286,9.9,6.6,0.086,0.3194,0.6387,59.9452,93.6698,63.61,Rising,94.07,49.5,70.78,31.94
Surging Sparks,130,Archaludon ex,Double Rare,0.16666666666666666,872.64,0.009259259259259259,False,False,True,0.44799999999999995,0.7,0,930,77,303,605,1.99,1.9385,0.73,3.59,0.5398,1.0,1.59,1.99,2.29,2.5,1.99,1.99,1.99,11.0,10.1,6.7222,0.0828,0.3258,0.6505,58.0602,88.6868,64.37,Rising,94.73,50.0,72.15,32.58
Surging Sparks,133,Alolan Exeggutor ex,Double Rare,0.16666666666666666,872.64,0.009259259259259259,False,False,True,0.49,0.67,0,907,67,267,539,1.99,2.0232,0.91,3.95,0.5867,1.0,1.66,1.99,2.49,2.89,1.99,1.99,1.99,9.5714,8.9,5.9889,0.0739,0.2944,0.5943,65.7688,118.0787,62.34,Rising,90.83,50.0,71.0,29.44
Surging Sparks,142,Tatsugiri ex,Double Rare,0.16666666666666666,872.64,0.009259259259259259,False,False,True,0.513,0.67,0,930,67,261,526,1.99,1.9654,0.83,3.95,0.5698,1.0,1.5,1.99,2.49,2.512,1.99,1.99,1.99,9.5714,8.7,5.8444,0.072,0.2806,0.5656,74.5565,135.3768,61.67,Rising,89.53,50.0,71.01,28.06
Surging Sparks,147,Slaking ex,Double Rare,0.16666666666666666,872.64,0.009259259259259259,False,False,True,0.409,0.55,0,935,56,263,558,1.99,1.8633,0.72,3.95,0.5571,1.0,1.49,1.99,2.03,2.496,1.99,1.99,1.99,8.0,8.7667,6.2,0.0599,0.2813,0.5968,67.4212,123.4379,61.95,Rising,91.01,50.0,70.1,28.13
Surging Sparks,159,Cyclizar ex,Double Rare,0.16666666666666666,872.64,0.009259259259259259,False,False,True,0.455,0.65,0,940,70,277,552,1.99,1.9086,0.8,3.95,0.5539,1.0,1.5,1.99,2.1925,2.5,1.99,1.99,1.99,10.0,9.2333,6.1333,0.0745,0.2947,0.5872,67.6681,130.3091,62.7,Rising,92.04,50.0,70.98,29.47
Surging Sparks,160,Flamigo ex,Double Rare,0.16666666666666666,872.64,0.009259259259259259,False,False,True,0.36700000000000005,0.53,0,938,67,272,568,1.99,1.9007,0.99,3.95,0.561,1.0,1.49,1.99,2.2175,2.5,1.99,1.99,1.99,9.5714,9.0667,6.3111,0.0714,0.29,0.6055,67.1938,132.848,62.54,Rising,92.15,50.0,70.48,29.0
Surging Sparks,162,Amulet of Hope,ACE SPEC Rare,0.05,1292.8,0.00625,False,False,False,0.0,0.43,0,946,50,253,542,1.99,1.9186,0.72,3.95,0.5823,1.0,1.49,1.99,2.13,2.71,1.94,1.99,1.99,7.1429,8.4333,6.0222,0.0529,0.2674,0.5729,71.4751,137.285,60.44,Rising,89.73,47.49,69.65,26.74
Surging Sparks,164,Brilliant Blender,ACE SPEC Rare,0.05,1292.8,0.00625,False,False,False,0.0,1.3,0,920,41,209,450,1.99,2.2307,0.72,4.0,0.7653,1.25,1.75,1.99,2.75,3.007,1.99,1.99,1.99,5.8571,6.9667,5.0,0.0446,0.2272,0.4891,92.5471,147.769,57.47,Stable,82.61,50.0,65.69,22.72
Surging Sparks,176,Energy Search Pro,ACE SPEC Rare,0.05,1292.8,0.00625,False,False,False,0.0,1.99,0,923,65,221,501,1.99,2.1901,0.74,4.0,0.7231,1.24,1.79,1.99,2.5,3.0,1.99,1.99,1.99,9.2857,7.3667,5.5667,0.0704,0.2394,0.5428,79.1051,136.4593,58.78,Stable,85.33,50.0,66.98,23.94
Surging Sparks,182,Megaton Blower,ACE SPEC Rare,0.05,1292.8,0.00625,False,False,False,0.0,0.38,0,938,61,235,505,1.99,1.906,0.99,3.95,0.5553,1.0,1.5,1.99,2.0,2.65,1.99,1.99,1.99,8.7143,7.8333,5.6111,0.065,0.2505,0.5384,79.522,152.9064,60.16,Rising,86.58,50.0,70.87,25.05
Surging Sparks,183,Miracle Headset,ACE SPEC Rare,0.05,1292.8,0.00625,False,False,False,0.0,0.46,1,955,59,228,517,2.0,2.1489,0.99,4.0,0.716,1.09,1.6,2.0,2.53,2.99,2.13,1.995,2.0,8.4286,7.6,5.7444,0.0618,0.2387,0.5414,77.6323,146.57,61.0,Rising,86.47,56.5,66.68,23.87
Surging Sparks,185,Precious Trolley,ACE SPEC Rare,0.05,1292.8,0.00625,False,False,False,0.0,1.66,2,911,55,202,450,4.0,4.3845,1.68,8.49,1.2943,2.95,3.495,4.0,4.99,6.0,4.65,3.99,3.99,7.8571,6.7333,5.0,0.0604,0.2217,0.494,92.3467,124.5116,63.1,Rising,82.04,66.54,70.48,22.17
Surging Sparks,186,Scramble Switch,ACE SPEC Rare,0.05,1292.8,0.00625,False,False,False,0.0,0.5,0,937,47,245,542,1.99,1.9032,0.73,3.95,0.5533,1.0,1.5,1.99,2.06,2.5,1.99,1.99,1.99,6.7143,8.1667,6.0222,0.0502,0.2615,0.5784,69.185,122.909,61.1,Rising,88.93,50.0,70.93,26.15
Surging Sparks,191,Enriching Energy,ACE SPEC Rare,0.05,1292.8,0.00625,False,False,False,0.0,0.49,0,747,66,253,518,4.0,4.1197,0.99,8.0,1.1786,2.84,3.045,4.0,4.99,5.75,3.995,3.99,4.0,9.4286,8.4333,5.7556,0.0884,0.3387,0.6934,50.4018,101.1942,62.6,Rising,88.61,49.88,71.39,33.87
Surging Sparks,192,Exeggcute,Illustration Rare,0.07692307692307693,2415.9199999999996,0.003344481605351171,False,False,True,0.38,5.11,22,497,46,161,314,9.97,10.1096,1.25,20.0,3.348,6.5,8.0,9.97,11.49,14.234,9.685,9.99,9.99,6.5714,5.3667,3.4889,0.0926,0.3239,0.6318,63.3202,139.5922,55.12,Stable,70.61,46.95,66.88,32.39
Surging Sparks,193,Vivillon,Illustration Rare,0.07692307692307693,2415.9199999999996,0.003344481605351171,False,False,True,0.505,2.8,11,590,38,188,366,6.0,6.2608,1.0,12.0,1.9211,3.99,4.99,6.0,7.3425,8.817,6.14,6.355,6.13,5.4286,6.2667,4.0667,0.0644,0.3186,0.6203,61.4964,145.4594,58.21,Stable,76.43,50.16,69.32,31.86
Surging Sparks,194,Shiinotic,Illustration Rare,0.07692307692307693,2415.9199999999996,0.003344481605351171,False,False,True,0.384,2.55,13,589,40,158,327,4.99,5.1534,0.99,10.0,1.5792,3.49,3.99,4.99,5.99,7.176,4.99,4.99,4.99,5.7143,5.2667,3.6333,0.0679,0.2683,0.5552,75.9664,150.4418,55.44,Stable,70.68,50.0,69.36,26.83
Surging Sparks,195,Castform Sunny Form,Illustration Rare,0.07692307692307693,2415.9199999999996,0.003344481605351171,False,False,True,0.36200000000000004,5.47,19,495,43,165,339,9.99,10.256,4.0,20.0,3.148,7.0,8.235,9.99,11.5,14.114,9.15,9.85,9.99,6.1429,5.5,3.7667,0.0869,0.3333,0.6848,53.3717,125.4602,54.65,Stable,72.16,41.59,69.31,33.33
Surging Sparks,196,Larvesta,Illustration Rare,0.07692307692307693,2415.9199999999996,0.003344481605351171,False,False,True,0.54,2.12,7,871,44,196,431,3.75,3.8181,0.99,7.48,1.1844,2.49,2.99,3.75,4.725,5.3,3.87,3.98,3.75,6.2857,6.5333,4.7889,0.0505,0.225,0.4948,93.2807,162.4679,58.45,Stable,80.65,53.2,68.98,22.5
Surging Sparks,197,Ceruledge,Illustration Rare,0.07692307692307693,2415.9199999999996,0.003344481605351171,False,False,True,0.7020000000000001,16.99,62,541,57,193,359,29.0,30.8459,2.04,60.0,9.1487,20.99,25.0,29.0,35.0,44.44,28.0,28.63,28.72,8.1429,6.4333,3.9889,0.1054,0.3567,0.6636,51.3136,134.1197,58.39,Stable,76.47,47.49,70.34,35.67
Surging Sparks,198,Feebas,Illustration Rare,0.07692307692307693,2415.9199999999996,0.003344481605351171,False,False,True,0.36200000000000004,6.74,18,395,44,144,262,11.49,11.9033,0.99,24.0,3.5223,7.99,9.99,11.49,13.725,16.546,11.595,10.99,11.5,6.2857,4.8,2.9111,0.1114,0.3646,0.6633,48.312,130.3703,56.5,Stable,66.27,50.83,70.41,36.46
Surging Sparks,199,Spheal,Illustration Rare,0.07692307692307693,2415.9199999999996,0.003344481605351171,False,False,True,0.6779999999999999,6.67,16,541,41,160,336,11.0,11.5683,2.99,22.99,3.5201,7.0,9.92,11.0,13.5,15.5,11.99,11.985,11.745,5.8571,5.3333,3.7333,0.0758,0.2957,0.6211,64.4297,138.3184,56.88,Stable,71.43,52.09,69.57,29.57
Surging Sparks,200,Bruxish,Illustration Rare,0.07692307692307693,2415.9199999999996,0.003344481605351171,False,False,True,0.19699999999999998,1.74,8,837,32,180,428,3.62,3.7551,0.99,7.95,1.2231,2.42,2.8,3.62,4.5,5.146,4.135,3.755,3.715,4.5714,6.0,4.7556,0.0382,0.2151,0.5114,87.4301,158.976,59.87,Stable,78.98,61.31,67.43,21.51
Surging Sparks,201,Cetitan,Illustration Rare,0.07692307692307693,2415.9199999999996,0.003344481605351171,False,False,True,0.429,2.64,4,815,39,180,396,3.99,4.1813,1.25,8.0,1.372,2.69,3.0,3.99,4.99,6.0,3.88,3.99,3.95,5.5714,6.0,4.4,0.0479,0.2209,0.4859,95.3078,164.4525,55.51,Stable,77.29,48.23,67.19,22.09
Surging Sparks,202,Stunfisk,Illustration Rare,0.07692307692307693,2415.9199999999996,0.003344481605351171,False,False,True,0.33,1.66,12,910,49,221,466,3.0,3.3051,0.99,6.26,1.1166,2.0,2.25,3.0,3.99,4.99,2.99,3.0,2.99,7.0,7.3667,5.1778,0.0538,0.2429,0.5121,88.2731,156.8461,58.25,Stable,83.84,50.0,66.22,24.29
Surging Sparks,203,Latios,Illustration Rare,0.07692307692307693,2415.9199999999996,0.003344481605351171,False,False,True,0.655,25.59,91,627,70,226,413,41.75,44.2433,1.48,90.0,13.2766,33.546,36.745,41.75,50.0,60.0,39.97,39.99,41.0,10.0,7.5333,4.5889,0.1116,0.3604,0.6587,52.6644,133.5535,59.93,Stable,81.61,47.49,69.99,36.04
Surging Sparks,204,Mesprit,Illustration Rare,0.07692307692307693,2415.9199999999996,0.003344481605351171,False,False,True,0.48200000000000004,8.1,38,373,60,161,271,15.0,16.2779,1.89,32.0,5.1186,10.208,13.0,15.0,18.99,23.962,15.425,15.29,15.0,8.5714,5.3667,3.0111,0.1609,0.4316,0.7265,44.6427,102.9162,58.8,Stable,68.69,52.83,68.55,43.16
Surging Sparks,205,Phanpy,Illustration Rare,0.07692307692307693,2415.9199999999996,0.003344481605351171,False,False,True,0.5710000000000001,6.05,14,497,46,165,318,10.0,10.9355,3.49,21.81,3.0954,7.282,9.0,10.0,12.0,14.99,10.99,10.82,10.48,6.5714,5.5,3.5333,0.0926,0.332,0.6398,51.6009,129.3761,58.79,Stable,71.15,54.87,71.69,33.2
Surging Sparks,206,Vibrava,Illustration Rare,0.07692307692307693,2415.9199999999996,0.003344481605351171,False,False,True,0.501,2.42,6,882,41,212,462,4.25,4.4835,1.49,8.99,1.3805,2.99,3.295,4.25,5.0,6.158,4.0,4.5,4.5,5.8571,7.0667,5.1333,0.0465,0.2404,0.5238,82.1237,159.0362,55.25,Stable,83.11,38.89,69.21,24.04
Surging Sparks,207,Clobbopus,Illustration Rare,0.07692307692307693,2415.9199999999996,0.003344481605351171,False,False,True,0.426,5.12,12,568,47,161,371,8.11,8.7595,3.5,16.99,2.4831,6.0,7.0,8.11,9.99,11.993,7.5,8.09,8.15,6.7143,5.3667,4.1222,0.0827,0.2835,0.6532,63.5644,92.8917,54.72,Stable,73.71,42.02,71.65,28.35
Surging Sparks,208,Alolan Dugtrio,Illustration Rare,0.07692307692307693,2415.9199999999996,0.003344481605351171,False,False,True,0.495,5.63,37,428,45,146,268,11.625,12.2051,1.99,25.0,3.9161,8.0,9.99,11.625,13.6225,17.145,11.15,11.1,11.705,6.4286,4.8667,2.9778,0.1051,0.3411,0.6262,62.1048,133.4869,54.02,Stable,66.8,45.26,67.91,34.11
Surging Sparks,209,Skarmory,Illustration Rare,0.07692307692307693,2415.9199999999996,0.003344481605351171,False,False,True,0.564,8.72,42,570,49,174,334,12.51,13.9188,3.49,28.25,4.7514,9.358,10.0,12.51,15.99,20.122,10.99,11.745,12.0,7.0,5.8,3.7111,0.086,0.3053,0.586,65.1479,147.4194,53.65,Stable,72.98,41.58,65.86,30.53
Surging Sparks,210,Flapple,Illustration Rare,0.07692307692307693,2415.9199999999996,0.003344481605351171,False,False,True,0.5429999999999999,3.48,2,748,46,176,365,5.0,5.5088,1.57,10.99,1.6858,3.718,4.0,5.0,6.4925,7.99,5.575,5.615,5.49,6.5714,5.8667,4.0556,0.0615,0.2353,0.488,93.2477,161.53,56.57,Stable,75.08,51.55,69.4,23.53
Surging Sparks,211,Appletun,Illustration Rare,0.07692307692307693,2415.9199999999996,0.003344481605351171,False,False,True,0.5920000000000001,5.06,10,449,30,130,281,8.09,8.4556,2.25,16.0,2.4526,5.0,6.99,8.09,9.99,11.0,8.765,8.595,8.75,4.2857,4.3333,3.1222,0.0668,0.2895,0.6258,63.797,139.7082,54.72,Stable,65.59,50.17,70.99,28.95
Surging Sparks,212,Slakoth,Illustration Rare,0.07692307692307693,2415.9199999999996,0.003344481605351171,False,False,True,0.384,7.53,42,274,29,105,205,15.0,16.0117,7.24,32.0,4.2872,11.5,13.6,15.0,17.975,20.0,14.0,14.99,15.0,4.1429,3.5,2.2778,0.1058,0.3832,0.7482,49.0889,101.7515,52.47,Stable,57.19,43.33,73.22,38.32
Surging Sparks,213,Kecleon,Illustration Rare,0.07692307692307693,2415.9199999999996,0.003344481605351171,False,False,True,0.475,5.49,25,298,23,102,187,9.99,10.0149,3.99,20.08,3.423,5.669,7.9925,9.99,11.95,13.99,10.27,10.66,10.0,3.2857,3.4,2.0778,0.0772,0.3423,0.6275,51.8093,142.4162,52.32,Stable,55.0,52.7,65.82,34.23
Surging Sparks,214,Braviary,Illustration Rare,0.07692307692307693,2415.9199999999996,0.003344481605351171,False,False,True,0.527,4.52,17,587,34,167,314,7.0,7.527,3.99,15.23,2.4272,4.996,5.99,7.0,8.09,10.9,6.99,6.99,6.99,4.8571,5.5667,3.4889,0.0579,0.2845,0.5349,79.9047,139.9222,55.64,Stable,71.31,50.0,67.75,28.45
Surging Sparks,215,Durant ex,Ultra Rare,0.06666666666666667,2545.2,0.0031746031746031746,False,False,True,0.389,1.07,5,919,42,179,435,2.49,2.5653,0.99,5.0,0.9039,1.5,1.99,2.49,2.99,3.99,2.33,2.49,2.29,6.0,5.9667,4.8333,0.0457,0.1948,0.4733,100.5412,174.5358,56.14,Stable,79.21,51.75,64.76,19.48
Surging Sparks,216,Scovillain ex,Ultra Rare,0.06666666666666667,2545.2,0.0031746031746031746,False,False,True,0.361,0.87,0,933,48,197,433,2.49,2.5815,0.99,5.0,0.9438,1.5,1.99,2.49,2.99,3.99,2.425,2.48,2.45,6.8571,6.5667,4.8111,0.0514,0.2111,0.4641,104.3237,169.5362,55.88,Stable,80.92,48.98,63.44,21.11
Surging Sparks,217,Milotic ex,Ultra Rare,0.06666666666666667,2545.2,0.0031746031746031746,False,False,True,0.6990000000000001,2.44,8,687,48,159,373,3.99,4.0452,0.73,8.0,1.3751,2.57,2.99,3.99,4.99,5.99,3.49,3.5,3.56,6.8571,5.3,4.1444,0.0699,0.2314,0.5429,77.7006,134.8293,54.28,Stable,73.46,48.03,66.01,23.14
Surging Sparks,218,Black Kyurem ex,Ultra Rare,0.06666666666666667,2545.2,0.0031746031746031746,False,False,True,0.599,2.59,17,657,34,147,351,3.99,4.2352,1.75,8.16,1.37,2.896,3.0,3.99,5.0,6.0,3.545,3.49,3.79,4.8571,4.9,3.9,0.0518,0.2237,0.5342,79.9047,146.4662,52.28,Stable,70.72,43.54,67.65,22.37
Surging Sparks,219,Pikachu ex,Ultra Rare,0.06666666666666667,2545.2,0.0031746031746031746,False,False,True,0.701,17.44,94,512,52,206,355,38.0,41.743,6.0,90.0,13.8886,29.99,31.7675,38.0,48.485,60.0,34.99,34.99,35.0,7.4286,6.8667,3.9444,0.1016,0.4023,0.6934,43.9289,129.9999,59.6,Stable,77.38,49.97,66.73,40.23
Surging Sparks,220,Latias ex,Ultra Rare,0.06666666666666667,2545.2,0.0031746031746031746,False,False,True,0.6940000000000001,9.04,14,855,57,209,459,8.21,8.8116,1.44,17.72,2.4158,6.0,7.0,8.21,10.0,11.99,8.49,8.61,8.15,8.1429,6.9667,5.1,0.0667,0.2444,0.5368,79.4754,148.0601,60.51,Rising,82.84,54.17,72.58,24.44
Surging Sparks,221,Palossand ex,Ultra Rare,0.06666666666666667,2545.2,0.0031746031746031746,False,False,True,0.532,1.67,16,829,43,175,399,2.99,3.1217,0.99,6.0,1.0436,1.99,2.25,2.99,3.79,4.75,2.99,2.99,2.99,6.1429,5.8333,4.4333,0.0519,0.2111,0.4813,96.8167,169.766,55.56,Stable,76.75,50.0,66.57,21.11
Surging Sparks,222,Flygon ex,Ultra Rare,0.06666666666666667,2545.2,0.0031746031746031746,False,False,True,0.726,3.13,14,641,51,157,354,4.0,4.3043,1.5,8.18,1.2817,2.99,3.24,4.0,5.0,5.99,4.0,3.89,3.99,7.2857,5.2333,3.9333,0.0796,0.2449,0.5523,78.7733,153.0246,55.65,Stable,72.11,50.25,70.22,24.49
Surging Sparks,223,Hydreigon ex,Ultra Rare,0.06666666666666667,2545.2,0.0031746031746031746,False,False,True,0.6629999999999999,3.56,18,793,50,179,396,6.0,6.5185,1.99,13.62,1.9754,4.5,5.0,6.0,7.5,9.322,6.0,5.99,5.99,7.1429,5.9667,4.4,0.0631,0.2257,0.4994,90.2831,168.277,56.64,Stable,77.13,50.17,69.7,22.57
Surging Sparks,224,Archaludon ex,Ultra Rare,0.06666666666666667,2545.2,0.0031746031746031746,False,False,True,0.44799999999999995,1.31,4,866,60,205,440,2.49,2.6263,0.99,5.45,0.9823,1.5,1.99,2.49,3.0,3.99,2.27,2.0,2.215,8.5714,6.8333,4.8889,0.0693,0.2367,0.5081,86.6284,134.4795,57.54,Stable,81.81,52.48,62.6,23.67
Surging Sparks,225,Alolan Exeggutor ex,Ultra Rare,0.06666666666666667,2545.2,0.0031746031746031746,False,False,True,0.49,1.94,11,713,52,167,350,3.99,4.0586,1.93,8.0,1.3485,2.756,2.99,3.99,4.99,5.99,3.245,3.32,3.435,7.4286,5.5667,3.8889,0.0729,0.2342,0.4909,94.0365,172.1695,53.28,Stable,73.0,44.47,66.77,23.42
Surging Sparks,226,Tatsugiri ex,Ultra Rare,0.06666666666666667,2545.2,0.0031746031746031746,False,False,True,0.513,1.66,6,708,42,164,358,3.49,3.6623,1.0,7.34,1.2441,2.4,2.6675,3.49,4.2725,5.277,3.255,3.0,3.0,6.0,5.4667,3.9778,0.0593,0.2316,0.5056,87.9266,170.5276,57.33,Stable,73.14,58.5,66.03,23.16
Surging Sparks,227,Slaking ex,Ultra Rare,0.06666666666666667,2545.2,0.0031746031746031746,False,False,True,0.409,1.23,4,922,45,206,458,2.59,2.7303,0.98,5.62,0.9491,1.75,1.99,2.59,3.0,3.99,2.97,2.49,2.49,6.4286,6.8667,5.0889,0.0488,0.2234,0.4967,91.4267,168.006,63.05,Rising,82.52,69.28,65.24,22.34
Surging Sparks,228,Cyclizar ex,Ultra Rare,0.06666666666666667,2545.2,0.0031746031746031746,False,False,True,0.455,1.35,6,789,54,194,392,2.99,3.1361,0.99,6.0,1.0702,1.99,2.25,2.99,3.95,4.95,2.925,2.88,2.95,7.7143,6.4667,4.3556,0.0684,0.2459,0.4968,91.9029,166.6781,56.36,Stable,78.41,49.15,65.87,24.59
Surging Sparks,229,Clemont's Quick Wit,Ultra Rare,0.06666666666666667,2545.2,0.0031746031746031746,False,False,False,0.0,1.39,1,880,55,191,405,2.855,2.8375,0.99,5.79,1.0031,1.889,1.99,2.855,3.47,4.277,2.95,2.25,2.49,7.8571,6.3667,4.5,0.0625,0.217,0.4602,100.4222,164.7393,61.46,Rising,78.82,68.47,64.65,21.7
Surging Sparks,230,Cyrano,Ultra Rare,0.06666666666666667,2545.2,0.0031746031746031746,False,False,False,0.0,2.33,1,517,51,157,367,4.92,4.9794,1.5,9.9,1.623,3.0,3.99,4.92,5.99,7.494,3.99,3.99,4.25,7.2857,5.2333,4.0778,0.0986,0.3037,0.7099,55.4917,87.1931,54.6,Stable,72.93,43.88,67.41,30.37
Surging Sparks,231,Drasna,Ultra Rare,0.06666666666666667,2545.2,0.0031746031746031746,False,False,False,0.0,1.17,3,895,52,171,415,2.49,2.6675,0.99,5.45,1.0152,1.5,1.99,2.49,3.0,4.0,1.99,1.99,2.09,7.4286,5.7,4.6111,0.0581,0.1911,0.4637,106.8214,174.2752,52.94,Stable,77.23,45.22,61.94,19.11
Surging Sparks,232,Drayton,Ultra Rare,0.06666666666666667,2545.2,0.0031746031746031746,False,False,False,0.0,1.2,0,907,36,189,446,2.5,2.7153,0.99,5.75,1.0281,1.5,1.99,2.5,3.0,4.074,2.29,2.15,2.24,5.1429,6.3,4.9556,0.0397,0.2084,0.4917,93.4693,165.0167,56.45,Stable,80.6,52.23,62.14,20.84
Surging Sparks,233,Jasmine's Gaze,Ultra Rare,0.06666666666666667,2545.2,0.0031746031746031746,False,False,False,0.0,2.15,6,725,37,163,333,3.49,3.6899,0.99,7.54,1.2902,2.266,2.75,3.49,4.3,5.8,3.0,3.0,2.99,5.2857,5.4333,3.7,0.051,0.2248,0.4593,108.6107,180.0262,54.08,Stable,71.59,50.33,65.03,22.48
Surging Sparks,234,Lisia's Appeal,Ultra Rare,0.06666666666666667,2545.2,0.0031746031746031746,False,False,False,0.0,5.29,13,687,37,171,342,5.75,6.1972,1.5,12.99,2.0546,4.0,4.74,5.75,7.0,9.27,5.05,5.25,5.0,5.2857,5.7,3.8,0.0539,0.2489,0.4978,90.351,175.7716,55.58,Stable,73.12,51.0,66.85,24.89
Surging Sparks,235,Surfer,Ultra Rare,0.06666666666666667,2545.2,0.0031746031746031746,False,False,False,0.0,0.83,5,846,55,190,411,2.595,2.7071,0.99,5.55,1.0021,1.5,1.99,2.595,3.0,4.0,2.29,2.49,2.5,7.8571,6.3333,4.5667,0.065,0.2246,0.4858,94.7107,176.0286,53.25,Stable,78.94,41.6,62.98,22.46
Surging Sparks,236,Durant ex,Special Illustration Rare,0.011494252873563218,7732.560000000001,0.001044932079414838,False,False,True,0.389,22.94,18,142,17,55,110,39.99,40.7086,2.0,75.0,9.8338,32.99,35.0,39.99,44.0,50.0,40.0,39.99,39.995,2.4286,1.8333,1.2222,0.1197,0.3873,0.7746,38.9522,96.7193,48.32,Stable,34.69,50.01,75.84,38.73
Surging Sparks,237,Milotic ex,Special Illustration Rare,0.011494252873563218,7732.560000000001,0.001044932079414838,True,False,True,0.6990000000000001,90.07,53,253,40,110,190,144.0,149.683,1.49,310.0,53.7483,115.182,129.0,144.0,165.0,214.822,129.09,135.0,140.0,5.7143,3.6667,2.1111,0.1581,0.4348,0.751,37.6535,108.6917,51.23,Stable,56.85,42.21,64.09,43.48
Surging Sparks,238,Pikachu ex,Special Illustration Rare,0.011494252873563218,7732.560000000001,0.001044932079414838,True,False,True,0.701,258.58,92,456,60,153,286,379.99,394.315,2.04,800.0,138.7199,290.0,320.0,379.99,450.0,552.5,317.475,324.99,349.99,8.5714,5.1,3.1778,0.1316,0.3355,0.6272,54.6041,155.4157,52.43,Stable,68.46,40.71,64.82,33.55
Surging Sparks,239,Latias ex,Special Illustration Rare,0.011494252873563218,7732.560000000001,0.001044932079414838,True,False,True,0.6940000000000001,164.97,82,270,37,110,164,200.0,214.3389,1.5,464.0,74.9682,171.791,185.25,200.0,249.99,293.263,189.99,194.89,199.99,5.2857,3.6667,1.8222,0.137,0.4074,0.6074,49.7398,151.2996,51.12,Stable,54.88,45.0,65.02,40.74
Surging Sparks,240,Hydreigon ex,Special Illustration Rare,0.011494252873563218,7732.560000000001,0.001044932079414838,True,False,True,0.6629999999999999,43.18,30,418,31,102,198,45.0,51.9133,1.99,100.0,16.65,35.0,40.0,45.0,60.0,79.99,39.07,40.0,41.865,4.4286,3.4,2.2,0.0742,0.244,0.4737,94.7662,184.0432,48.21,Stable,55.82,43.32,67.93,24.4
Surging Sparks,241,Archaludon ex,Special Illustration Rare,0.011494252873563218,7732.560000000001,0.001044932079414838,False,False,True,0.44799999999999995,14.21,5,378,23,87,173,15.495,17.2476,6.29,32.87,5.4336,11.699,13.34,15.495,19.99,25.0,14.0,14.05,14.99,3.2857,2.9,1.9222,0.0608,0.2302,0.4577,98.6739,167.8065,46.84,Stable,51.73,43.4,68.5,23.02
Surging Sparks,242,Alolan Exeggutor ex,Special Illustration Rare,0.011494252873563218,7732.560000000001,0.001044932079414838,True,False,True,0.49,32.51,26,400,29,114,219,38.995,40.9224,0.99,80.0,13.476,28.99,32.2025,38.995,45.3375,60.0,36.25,33.855,35.0,4.1429,3.8,2.4333,0.0725,0.285,0.5475,74.1935,161.8373,53.14,Stable,59.86,53.57,67.07,28.5
Surging Sparks,243,Clemont's Quick Wit,Special Illustration Rare,0.011494252873563218,7732.560000000001,0.001044932079414838,False,False,False,0.0,9.82,5,366,30,91,192,11.0,12.2625,1.2,23.84,3.8155,8.99,9.9325,11.0,14.255,18.07,10.0,10.0,10.525,4.2857,3.0333,2.1333,0.082,0.2486,0.5246,81.823,158.6509,48.38,Stable,53.74,45.01,68.88,24.86
Surging Sparks,244,Drayton,Special Illustration Rare,0.011494252873563218,7732.560000000001,0.001044932079414838,False,False,False,0.0,10.58,4,334,26,77,163,10.0,11.6317,2.99,20.45,3.8396,7.99,8.83,10.0,13.4975,18.097,8.97,9.65,9.99,3.7143,2.5667,1.8111,0.0778,0.2305,0.488,94.4994,166.6935,44.55,Stable,48.7,39.79,66.99,23.05
Surging Sparks,245,Jasmine's Gaze,Special Illustration Rare,0.011494252873563218,7732.560000000001,0.001044932079414838,False,False,False,0.0,25.99,20,316,23,80,157,27.97,30.4528,1.78,60.0,10.2946,20.0,23.0,27.97,36.9625,45.0,23.0,24.22,25.0,3.2857,2.6667,1.7444,0.0728,0.2532,0.4968,91.4317,194.6064,45.54,Stable,48.79,42.0,66.19,25.32
Surging Sparks,246,Lisia's Appeal,Special Illustration Rare,0.011494252873563218,7732.560000000001,0.001044932079414838,True,False,False,0.0,35.59,20,413,26,99,199,35.0,39.9288,6.0,79.9,14.3778,24.992,29.99,35.0,49.49,64.922,29.495,30.0,30.99,3.7143,3.3,2.2111,0.063,0.2397,0.4818,102.8507,201.4192,47.77,Stable,55.41,45.18,63.99,23.97
Surging Sparks,247,Pikachu ex,Hyper Rare,0.005291005291005291,9162.72,0.0008818342151675485,True,False,True,0.701,51.24,62,216,47,105,167,100.0,111.4575,2.73,224.88,38.7072,88.0,94.7425,100.0,119.9825,177.245,95.0,98.0,100.0,6.7143,3.5,1.8556,0.2176,0.4861,0.7731,31.0314,96.743,52.55,Stable,54.24,45.0,65.27,48.61
Surging Sparks,248,Alolan Exeggutor ex,Hyper Rare,0.005291005291005291,9162.72,0.0008818342151675485,False,False,True,0.49,11.5,22,230,24,72,122,14.99,16.3972,4.25,30.0,5.3783,10.49,12.99,14.99,18.9975,24.99,12.995,13.955,13.99,3.4286,2.4,1.3556,0.1043,0.313,0.5304,80.2502,159.0604,45.26,Stable,42.31,42.89,67.2,31.3
Surging Sparks,249,Counter Gain,Hyper Rare,0.005291005291005291,9162.72,0.0008818342151675485,False,False,False,0.0,4.07,1,439,32,108,240,4.85,4.9237,0.99,9.88,1.626,3.474,3.99,4.85,5.965,7.198,4.0,3.995,4.3,4.5714,3.6,2.6667,0.0729,0.246,0.5467,82.1865,126.4392,49.32,Stable,60.34,43.02,66.98,24.6
Surging Sparks,250,Gravity Mountain,Hyper Rare,0.005291005291005291,9162.72,0.0008818342151675485,False,False,False,0.0,10.23,3,228,20,70,131,13.0,13.8611,0.99,24.99,3.7575,10.0,11.0,13.0,15.0125,19.99,13.0,13.0,12.99,2.8571,2.3333,1.4556,0.0877,0.307,0.5746,64.4984,165.2166,48.7,Stable,43.2,50.08,72.89,30.7
Surging Sparks,251,Night Stretcher,Hyper Rare,0.005291005291005291,9162.72,0.0008818342151675485,False,False,False,0.0,23.01,8,356,38,94,189,12.0,13.5341,3.99,25.9,4.2174,9.82,10.0,12.0,15.0,19.99,10.0,10.89,10.99,5.4286,3.1333,2.1,0.1067,0.264,0.5309,81.2915,136.6597,47.55,Stable,54.02,40.99,68.84,26.4
Surging Sparks,252,Jet Energy,Hyper Rare,0.005291005291005291,9162.72,0.0008818342151675485,False,False,False,0.0,6.74,3,353,31,99,178,7.0,8.3388,2.5,15.95,2.9586,5.406,6.0,7.0,10.0,12.998,5.99,5.99,6.165,4.4286,3.3,1.9778,0.0878,0.2805,0.5042,89.275,154.4371,48.79,Stable,53.77,47.16,64.52,28.05
Prismatic Evolutions,116,Max Rod,ACE SPEC Rare,0.047619047619047616,1861.02,0.007936507936507936,False,False,False,0.0,0.64,0,947,62,240,560,2.0,2.1871,0.99,4.0,0.6776,1.25,1.79,2.0,2.5,2.99,1.99,1.99,1.99,8.8571,8.0,6.2222,0.0655,0.2534,0.5913,70.8293,109.0805,60.59,Rising,89.05,50.0,69.02,25.34
Prismatic Evolutions,117,Maximum Belt,ACE SPEC Rare,0.047619047619047616,1861.02,0.007936507936507936,False,False,False,0.0,0.65,0,924,60,248,529,1.99,2.0242,0.74,3.98,0.6369,1.09,1.58,1.99,2.49,2.99,1.99,1.99,1.99,8.5714,8.2667,5.8778,0.0649,0.2684,0.5725,72.362,115.0778,60.62,Rising,88.5,50.0,68.54,26.84
Prismatic Evolutions,119,Prime Catcher,ACE SPEC Rare,0.047619047619047616,1861.02,0.007936507936507936,False,False,False,0.0,1.03,0,937,62,225,528,1.99,1.9964,0.99,3.95,0.6136,1.0,1.59,1.99,2.49,2.974,1.99,1.99,1.99,8.8571,7.5,5.8667,0.0662,0.2401,0.5635,73.1096,110.5226,59.6,Stable,86.47,50.0,69.26,24.01
Prismatic Evolutions,128,Scoop Up Cyclone,ACE SPEC Rare,0.047619047619047616,1861.02,0.007936507936507936,False,False,False,0.0,0.31,0,952,63,271,555,1.99,1.8378,0.99,3.95,0.5502,1.0,1.49,1.99,1.99,2.49,1.99,1.99,1.99,9.0,9.0333,6.1667,0.0662,0.2847,0.583,72.3896,121.1902,62.21,Rising,91.67,50.0,70.06,28.47
Prismatic Evolutions,129,Sparkling Crystal,ACE SPEC Rare,0.047619047619047616,1861.02,0.007936507936507936,False,False,False,0.0,0.52,0,957,70,262,561,1.99,1.8556,0.99,3.6,0.5628,1.0,1.49,1.99,2.0,2.5,1.99,1.99,1.99,10.0,8.7333,6.2333,0.0731,0.2738,0.5862,70.6619,115.4459,61.73,Rising,91.08,50.0,69.67,27.38
Prismatic Evolutions,131,Treasure Tracker,ACE SPEC Rare,0.047619047619047616,1861.02,0.007936507936507936,False,False,False,0.0,0.31,0,964,75,274,584,1.99,1.8174,0.73,3.95,0.5278,1.0,1.49,1.99,1.99,2.49,1.99,1.99,1.99,10.7143,9.1333,6.4889,0.0778,0.2842,0.6058,65.7499,108.8176,62.68,Rising,92.7,50.0,70.96,28.42
Prismatic Evolutions,132,Amarys,Ultra Rare,0.07692307692307693,2304.1199999999994,0.006410256410256411,False,False,False,0.0,0.63,0,947,54,252,536,2.0,2.1562,0.72,4.0,0.701,1.25,1.65,2.0,2.5,2.99,1.995,1.99,1.99,7.7143,8.4,5.9556,0.057,0.2661,0.566,72.8728,112.3962,60.68,Rising,89.3,50.25,67.49,26.61
Prismatic Evolutions,133,Atticus,Ultra Rare,0.07692307692307693,2304.1199999999994,0.006410256410256411,False,False,False,0.0,0.72,0,933,74,262,542,1.99,2.1183,0.91,4.0,0.6883,1.1,1.6,1.99,2.5,2.99,2.0,1.99,1.99,10.5714,8.7333,6.0222,0.0793,0.2808,0.5809,67.8001,107.2354,61.42,Rising,90.51,50.5,67.51,28.08
Prismatic Evolutions,134,Atticus,Ultra Rare,0.07692307692307693,2304.1199999999994,0.006410256410256411,False,False,False,0.0,0.61,0,932,68,245,540,1.99,2.052,0.99,3.98,0.6268,1.0,1.65,1.99,2.49,2.99,1.99,1.99,1.99,9.7143,8.1667,6.0,0.073,0.2629,0.5794,71.1764,107.8067,60.77,Rising,88.73,50.0,69.45,26.29
Prismatic Evolutions,135,Brassius,Ultra Rare,0.07692307692307693,2304.1199999999994,0.006410256410256411,False,False,False,0.0,0.62,0,933,62,227,504,1.99,2.0712,0.91,3.95,0.6502,1.134,1.59,1.99,2.49,2.99,1.99,1.99,1.99,8.8571,7.5667,5.6,0.0665,0.2433,0.5402,78.4057,115.7833,59.29,Stable,85.69,50.0,68.61,24.33
Prismatic Evolutions,136,Eri,Ultra Rare,0.07692307692307693,2304.1199999999994,0.006410256410256411,False,False,False,0.0,1.27,10,883,58,246,506,2.5,2.7148,0.99,5.62,0.9611,1.702,1.99,2.5,3.0,3.99,2.32,2.49,2.49,8.2857,8.2,5.6222,0.0657,0.2786,0.573,70.7187,112.8563,57.67,Stable,87.43,43.17,64.6,27.86
Prismatic Evolutions,137,Friends in Paldea,Ultra Rare,0.07692307692307693,2304.1199999999994,0.006410256410256411,False,False,False,0.0,1.14,13,885,73,251,514,2.49,2.4524,0.99,4.69,0.7663,1.49,1.99,2.49,2.99,3.49,2.49,2.45,2.48,10.4286,8.3667,5.7111,0.0825,0.2836,0.5808,68.2367,111.423,61.02,Rising,88.25,50.4,68.75,28.36
Prismatic Evolutions,138,Giacomo,Ultra Rare,0.07692307692307693,2304.1199999999994,0.006410256410256411,False,False,False,0.0,0.54,0,942,52,254,528,1.99,2.014,0.72,3.98,0.63,1.0,1.5,1.99,2.49,2.99,1.99,1.99,1.99,7.4286,8.4667,5.8667,0.0552,0.2696,0.5605,72.0431,114.4149,60.84,Rising,89.02,50.0,68.72,26.96
Prismatic Evolutions,139,Larry's Skill,Ultra Rare,0.07692307692307693,2304.1199999999994,0.006410256410256411,False,False,False,0.0,0.74,6,941,71,287,538,1.99,2.1503,0.99,4.0,0.7056,1.08,1.7,1.99,2.5,2.99,1.99,1.99,1.99,10.1429,9.5667,5.9778,0.0755,0.305,0.5717,66.5186,109.0933,62.16,Rising,92.08,50.0,67.19,30.5
Prismatic Evolutions,140,Mela,Ultra Rare,0.07692307692307693,2304.1199999999994,0.006410256410256411,False,False,False,0.0,1.02,2,933,69,242,519,2.25,2.3135,0.99,4.71,0.7307,1.352,1.89,2.25,2.95,3.0,2.0,2.0,2.0,9.8571,8.0667,5.7667,0.074,0.2594,0.5563,77.8052,115.3293,60.15,Rising,87.61,50.0,68.42,25.94
Prismatic Evolutions,141,Ortega,Ultra Rare,0.07692307692307693,2304.1199999999994,0.006410256410256411,False,False,False,0.0,0.65,0,934,56,244,511,1.99,2.0685,0.99,3.95,0.6491,1.062,1.5,1.99,2.49,2.99,1.99,1.99,1.99,8.0,8.1333,5.6778,0.06,0.2612,0.5471,75.4826,117.1618,60.18,Rising,87.43,50.0,68.62,26.12
Prismatic Evolutions,142,Raifort,Ultra Rare,0.07692307692307693,2304.1199999999994,0.006410256410256411,False,False,False,0.0,0.67,0,929,78,264,547,1.99,2.1123,0.99,4.0,0.6727,1.25,1.53,1.99,2.49,2.99,1.99,1.99,1.99,11.1429,8.8,6.0778,0.084,0.2842,0.5888,69.5846,108.7295,61.58,Rising,90.89,50.0,68.15,28.42
Prismatic Evolutions,143,Tyme,Ultra Rare,0.07692307692307693,2304.1199999999994,0.006410256410256411,False,False,False,0.0,0.57,0,930,66,266,532,1.99,1.9379,0.99,3.95,0.6012,1.0,1.49,1.99,2.49,2.7,1.99,1.99,1.99,9.4286,8.8667,5.9111,0.071,0.286,0.572,70.0556,107.1747,61.65,Rising,90.46,50.0,68.98,28.6
Prismatic Evolutions,144,Leafeon ex,Special Illustration Rare,0.022222222222222223,21268.8,0.0006944444444444445,True,False,True,0.7509999999999999,215.16,64,174,38,85,126,349.995,331.1143,7.0,700.0,142.9601,29.939,310.535,349.995,399.9975,450.147,332.5,345.0,349.995,5.4286,2.8333,1.4,0.2184,0.4885,0.7241,31.5067,100.7476,48.51,Stable,46.26,45.0,56.82,48.85
Prismatic Evolutions,145,Teal Mask Ogerpon ex,Special Illustration Rare,0.022222222222222223,21268.8,0.0006944444444444445,False,False,True,0.562,22.07,9,179,19,53,100,25.0,26.8626,4.85,50.0,8.1383,19.0,21.995,25.0,30.0,39.302,21.75,23.02,25.0,2.7143,1.7667,1.1111,0.1061,0.2961,0.5587,71.965,140.5721,40.45,Stable,31.63,37.0,69.7,29.61
Prismatic Evolutions,146,Flareon ex,Special Illustration Rare,0.022222222222222223,21268.8,0.0006944444444444445,True,False,True,0.7040000000000001,164.47,33,191,20,73,124,239.99,245.1503,7.0,500.0,104.4388,85.0,205.0,239.99,299.99,392.95,222.5,230.0,235.5,2.8571,2.4333,1.3778,0.1047,0.3822,0.6492,45.6524,130.8723,45.35,Stable,42.93,44.48,57.4,38.22
Prismatic Evolutions,147,Ceruledge ex,Special Illustration Rare,0.022222222222222223,21268.8,0.0006944444444444445,True,False,True,0.7020000000000001,92.14,41,135,15,50,89,119.98,129.2576,11.9,232.05,36.6825,96.534,107.7,119.98,142.5,195.0,102.0,109.97,115.0,2.1429,1.6667,0.9889,0.1111,0.3704,0.6593,53.8101,125.3731,41.64,Stable,27.66,38.7,71.62,37.04
Prismatic Evolutions,148,Hearthflame Mask Ogerpon ex,Special Illustration Rare,0.022222222222222223,21268.8,0.0006944444444444445,False,False,True,0.562,21.26,8,185,8,51,107,21.75,23.683,4.99,45.0,6.9828,17.0,19.5,21.75,27.05,33.748,20.865,20.0,20.3,1.1429,1.7,1.1889,0.0432,0.2757,0.5784,70.4182,129.2097,45.22,Stable,32.57,52.78,70.52,27.57
Prismatic Evolutions,149,Vaporeon ex,Special Illustration Rare,0.022222222222222223,21268.8,0.0006944444444444445,True,False,True,0.768,205.07,56,168,28,83,141,299.995,283.3144,7.0,601.0,118.7733,45.785,271.965,299.995,326.08,396.368,283.5,299.99,300.0,4.0,2.7667,1.5667,0.1667,0.494,0.8393,30.5214,76.051,49.19,Stable,47.81,44.5,58.08,49.4
Prismatic Evolutions,150,Glaceon ex,Special Illustration Rare,0.022222222222222223,21268.8,0.0006944444444444445,True,False,True,0.721,171.11,50,195,35,98,151,295.0,278.3315,0.99,562.0,120.0636,24.94,251.495,295.0,338.6,400.0,272.0,288.22,295.0,5.0,3.2667,1.6778,0.1795,0.5026,0.7744,29.9256,82.142,49.41,Stable,51.1,42.2,56.86,50.26
Prismatic Evolutions,151,Palafin ex,Special Illustration Rare,0.022222222222222223,21268.8,0.0006944444444444445,True,False,True,0.485,55.2,20,150,18,44,86,51.3,56.7822,1.49,107.39,18.1676,42.681,45.04,51.3,65.0,81.125,47.495,50.0,50.0,2.5714,1.4667,0.9556,0.12,0.2933,0.5733,64.7267,138.8695,40.15,Stable,23.96,44.99,68.0,29.33
Prismatic Evolutions,152,Wellspring Mask Ogerpon ex,Special Illustration Rare,0.022222222222222223,21268.8,0.0006944444444444445,False,False,True,0.562,19.71,8,183,13,47,104,19.99,21.7023,13.49,40.0,5.9654,15.0,18.125,19.99,24.99,29.792,18.93,19.99,19.99,1.8571,1.5667,1.1556,0.071,0.2568,0.5683,63.4875,131.2009,42.05,Stable,30.01,44.7,72.51,25.68
Prismatic Evolutions,153,Jolteon ex,Special Illustration Rare,0.022222222222222223,21268.8,0.0006944444444444445,True,False,True,0.738,171.41,38,202,33,87,131,211.96,209.0832,3.0,425.0,95.0993,29.91,190.0,211.96,255.0,319.799,195.0,200.0,210.0,4.7143,2.9,1.4556,0.1634,0.4307,0.6485,42.0221,117.9405,46.55,Stable,47.26,42.86,54.52,43.07
Prismatic Evolutions,154,Iron Hands ex,Special Illustration Rare,0.022222222222222223,21268.8,0.0006944444444444445,False,False,True,0.39799999999999996,44.51,13,211,27,69,119,39.99,41.6224,10.88,77.0,10.181,31.99,34.725,39.99,46.615,56.0,36.98,35.0,36.99,3.8571,2.3,1.3222,0.128,0.327,0.564,67.5702,127.4769,48.94,Stable,41.01,49.97,75.54,32.7
Prismatic Evolutions,155,Espeon ex,Special Illustration Rare,0.022222222222222223,21268.8,0.0006944444444444445,True,False,True,0.753,203.91,34,189,33,99,139,320.0,308.4539,6.0,600.0,130.6321,29.9,300.0,320.0,362.58,433.692,317.0,317.0,320.0,4.7143,3.3,1.5444,0.1746,0.5238,0.7354,28.4795,91.9168,51.72,Stable,49.98,49.06,57.65,52.38
Prismatic Evolutions,156,Sylveon ex,Special Illustration Rare,0.022222222222222223,21268.8,0.0006944444444444445,True,False,True,0.78,295.38,57,130,27,66,100,527.795,493.7712,4.99,954.17,225.3931,31.155,452.25,527.795,600.0,749.739,520.0,527.495,534.995,3.8571,2.2,1.1111,0.2077,0.5077,0.7692,29.712,96.5728,46.08,Stable,36.31,47.2,54.35,50.77
Prismatic Evolutions,157,Iron Valiant ex,Special Illustration Rare,0.022222222222222223,21268.8,0.0006944444444444445,False,False,True,0.63,48.16,22,137,20,63,108,62.0,63.2214,1.79,125.0,21.4001,45.0,50.0,62.0,73.07,89.156,52.495,56.05,60.495,2.8571,2.1,1.2,0.146,0.4599,0.7883,33.7036,84.0893,44.57,Stable,37.04,36.78,66.15,45.99
Prismatic Evolutions,158,Iron Crown ex,Special Illustration Rare,0.022222222222222223,21268.8,0.0006944444444444445,False,False,True,0.43,37.58,12,169,26,68,105,40.65,43.813,1.49,85.0,12.01,32.504,37.0,40.65,48.95,60.0,40.0,39.99,39.99,3.7143,2.2667,1.1667,0.1538,0.4024,0.6213,50.4507,119.3843,49.06,Stable,38.29,50.03,72.59,40.24
Prismatic Evolutions,159,Sandy Shocks ex,Special Illustration Rare,0.022222222222222223,21268.8,0.0006944444444444445,False,False,True,0.436,28.64,9,139,12,49,87,30.99,33.1856,2.5,65.0,9.0135,25.0,28.0,30.99,36.07,45.428,29.99,29.99,30.0,1.7143,1.6333,0.9667,0.0863,0.3525,0.6259,54.8103,130.1072,44.55,Stable,26.47,49.97,72.84,35.25
Prismatic Evolutions,160,Cornerstone Mask Ogerpon ex,Special Illustration Rare,0.022222222222222223,21268.8,0.0006944444444444445,False,False,True,0.562,18.62,6,186,16,50,110,19.405,20.5063,12.91,39.52,5.6567,15.0,16.99,19.405,21.99,29.955,17.355,17.605,18.0,2.2857,1.6667,1.2222,0.086,0.2688,0.5914,65.4466,128.4259,43.53,Stable,32.5,46.42,72.41,26.88
Prismatic Evolutions,161,Umbreon ex,Special Illustration Rare,0.022222222222222223,21268.8,0.0006944444444444445,True,False,True,0.795,841.98,93,270,44,112,175,1549.995,1298.536,0.99,3500.0,969.9302,9.436,26.5025,1549.995,1899.99,2499.991,1500.0,1600.0,1649.99,6.2857,3.7333,1.9444,0.163,0.4148,0.6481,47.6968,103.6496,42.44,Stable,56.02,40.91,25.31,41.48
Prismatic Evolutions,162,Roaring Moon ex,Special Illustration Rare,0.022222222222222223,21268.8,0.0006944444444444445,True,False,True,0.547,139.35,35,120,22,47,69,200.625,220.4235,1.25,500.0,91.1833,128.991,180.9675,200.625,269.9925,327.102,175.195,189.99,195.44,3.1429,1.5667,0.7667,0.1833,0.3917,0.575,53.4539,127.4244,37.87,Cooling,21.41,39.64,58.63,39.17
Prismatic Evolutions,163,Pecharunt ex,Special Illustration Rare,0.022222222222222223,21268.8,0.0006944444444444445,False,False,False,0.0,27.95,18,151,17,52,96,34.0,35.9959,10.99,70.0,9.8513,27.0,30.0,34.0,39.99,50.0,33.0,33.0,32.99,2.4286,1.7333,1.0667,0.1126,0.3444,0.6358,54.4791,130.2734,45.54,Stable,30.4,50.03,72.63,34.44
Prismatic Evolutions,164,Gholdengo ex,Special Illustration Rare,0.022222222222222223,21268.8,0.0006944444444444445,False,False,True,0.39899999999999997,67.74,19,159,18,51,107,57.0,61.0203,2.0,114.5,18.7573,43.8,49.995,57.0,70.0,89.19,54.69,54.99,54.07,2.5714,1.7,1.1889,0.1132,0.3208,0.673,53.6511,114.4562,45.38,Stable,32.57,51.15,69.26,32.08
Prismatic Evolutions,165,Dragapult ex,Special Illustration Rare,0.022222222222222223,21268.8,0.0006944444444444445,True,False,True,0.6859999999999999,89.62,39,167,20,70,131,129.99,133.2031,12.0,265.0,40.4092,105.414,111.115,129.99,149.0,167.582,115.0,116.4,125.0,2.8571,2.3333,1.4556,0.1198,0.4192,0.7844,36.5304,86.0394,47.88,Stable,43.2,42.0,69.66,41.92
Prismatic Evolutions,166,Raging Bolt ex,Special Illustration Rare,0.022222222222222223,21268.8,0.0006944444444444445,True,False,True,0.493,73.19,32,163,16,49,92,76.99,81.1052,12.0,159.48,21.3782,65.0,70.0,76.99,87.35,108.954,71.995,75.0,75.0,2.2857,1.6333,1.0222,0.0982,0.3006,0.5644,69.5361,142.4802,42.88,Stable,27.82,45.99,73.64,30.06
Prismatic Evolutions,167,Eevee ex,Special Illustration Rare,0.022222222222222223,21268.8,0.0006944444444444445,True,False,True,0.768,108.0,54,199,28,79,133,190.0,170.3103,1.63,400.0,97.4618,12.0,145.0,190.0,216.275,257.486,185.0,190.0,195.69,4.0,2.6333,1.4778,0.1407,0.397,0.6683,48.9205,105.9036,43.58,Stable,45.76,44.54,42.77,39.7
Prismatic Evolutions,168,Bloodmoon Ursaluna ex,Special Illustration Rare,0.022222222222222223,21268.8,0.0006944444444444445,False,False,True,0.522,84.03,19,161,16,58,110,75.99,79.52,1.59,149.8,19.1631,64.0,70.0,75.99,87.0,100.0,73.395,70.5,75.0,2.2857,1.9333,1.2222,0.0994,0.3602,0.6832,48.6962,117.4022,47.46,Stable,35.71,47.86,75.9,36.02
Prismatic Evolutions,169,Terapagos ex,Special Illustration Rare,0.022222222222222223,21268.8,0.0006944444444444445,False,False,True,0.45399999999999996,37.67,15,214,31,83,126,39.18,40.4078,0.99,80.0,11.266,29.99,33.0,39.18,44.99,54.997,33.97,34.55,35.995,4.4286,2.7667,1.4,0.1449,0.3879,0.5888,55.7486,127.7312,49.23,Stable,45.78,44.37,72.12,38.79
Prismatic Evolutions,170,Amarys,Special Illustration Rare,0.022222222222222223,21268.8,0.0006944444444444445,False,False,False,0.0,20.25,2,189,15,60,116,18.0,19.1376,1.99,37.43,6.1166,13.854,15.0,18.0,20.66,28.97,14.99,15.995,16.99,2.1429,2.0,1.2889,0.0794,0.3175,0.6138,58.9591,128.3889,42.62,Stable,37.31,38.23,68.04,31.75
Prismatic Evolutions,171,Crispin,Special Illustration Rare,0.022222222222222223,21268.8,0.0006944444444444445,False,False,False,0.0,36.41,8,166,22,68,126,40.0,42.2069,5.0,82.0,12.4824,30.0,33.9375,40.0,48.7875,59.99,33.96,34.435,38.225,3.1429,2.2667,1.4,0.1325,0.4096,0.759,38.4418,91.4286,46.49,Stable,41.88,38.84,70.43,40.96
Prismatic Evolutions,172,Drayton,Special Illustration Rare,0.022222222222222223,21268.8,0.0006944444444444445,False,False,False,0.0,19.48,4,151,7,45,97,18.5,19.6888,5.0,37.99,5.1109,15.0,15.99,18.5,21.075,27.02,17.99,17.99,18.13,1.0,1.5,1.0778,0.0464,0.298,0.6424,55.7644,100.1079,43.82,Stable,27.61,49.23,74.04,29.8
Prismatic Evolutions,173,Janine's Secret Art,Special Illustration Rare,0.022222222222222223,21268.8,0.0006944444444444445,False,False,False,0.0,31.11,4,156,24,55,80,30.895,33.6664,17.6,60.06,9.6174,24.99,26.9975,30.895,36.9525,49.95,28.97,28.99,28.995,3.4286,1.8333,0.8889,0.1538,0.3526,0.5128,85.9851,143.573,44.58,Stable,27.54,49.91,71.43,35.26
Prismatic Evolutions,174,Kieran,Special Illustration Rare,0.022222222222222223,21268.8,0.0006944444444444445,False,False,False,0.0,27.99,3,153,14,39,77,25.0,26.6415,1.1,50.0,8.1728,19.268,20.0,25.0,29.99,39.982,19.995,22.99,22.99,2.0,1.3,0.8556,0.0915,0.2549,0.5033,89.5949,153.5921,35.83,Cooling,19.26,36.97,69.32,25.49
Prismatic Evolutions,175,Lacey,Special Illustration Rare,0.022222222222222223,21268.8,0.0006944444444444445,False,False,False,0.0,30.03,8,157,9,44,86,33.76,34.5642,0.99,69.99,12.127,24.782,28.49,33.76,39.99,51.336,28.75,29.99,30.0,1.2857,1.4667,0.9556,0.0573,0.2803,0.5478,69.7765,136.5205,39.53,Cooling,23.96,45.83,64.91,28.03
Prismatic Evolutions,176,Iron Leaves ex,Hyper Rare,0.005988023952095809,12332.949999999999,0.0011976047904191617,False,False,True,0.461,5.99,7,319,35,104,181,8.49,9.2009,4.99,19.0,2.9757,6.0,6.99,8.49,10.495,13.702,8.49,7.99,7.99,5.0,3.4667,2.0111,0.1097,0.326,0.5674,73.9555,140.6387,53.41,Stable,54.93,56.26,67.66,32.6
Prismatic Evolutions,177,Teal Mask Ogerpon ex,Hyper Rare,0.005988023952095809,12332.949999999999,0.0011976047904191617,False,False,True,0.562,7.81,20,344,29,103,203,12.525,13.4756,3.5,27.26,4.4972,9.0,9.9975,12.525,15.0,19.997,10.0,11.0,11.89,4.1429,3.4333,2.2556,0.0843,0.2994,0.5901,66.0464,148.7466,46.5,Stable,56.53,34.1,66.63,29.94
Prismatic Evolutions,178,Walking Wake ex,Hyper Rare,0.005988023952095809,12332.949999999999,0.0011976047904191617,False,False,True,0.601,6.72,22,303,30,65,138,9.59,10.3853,4.5,20.45,3.2782,7.0,8.0,9.59,11.99,15.0,9.0,9.0,9.0,4.2857,2.1667,1.5333,0.099,0.2145,0.4554,104.6995,158.1949,45.71,Stable,42.45,50.0,68.43,21.45
Prismatic Evolutions,179,Pikachu ex,Hyper Rare,0.005988023952095809,12332.949999999999,0.0011976047904191617,True,False,True,0.701,39.97,59,272,46,105,198,86.5,99.5032,3.5,219.0,38.3092,65.082,75.0,86.5,119.99,150.0,80.0,82.0,85.0,6.5714,3.5,2.2,0.1691,0.386,0.7279,44.5827,112.0998,50.19,Stable,56.46,44.12,61.5,38.6
Prismatic Evolutions,180,Terapagos ex,Hyper Rare,0.005988023952095809,12332.949999999999,0.0011976047904191617,False,False,True,0.45399999999999996,9.44,12,301,23,83,162,12.67,14.0946,0.99,29.0,5.5086,9.99,10.75,12.67,15.99,23.0,11.6,11.83,11.99,3.2857,2.7667,1.8,0.0764,0.2757,0.5382,76.773,149.3353,46.74,Stable,50.07,46.75,60.92,27.57
Journey Together,160,Maractus,Illustration Rare,0.08333333333333333,827.64,0.007575757575757575,False,False,True,0.515,2.51,10,917,85,308,569,3.0,3.3664,1.0,6.39,0.9926,2.25,2.5,3.0,3.99,4.99,3.0,3.0,3.0,12.1429,10.2667,6.3222,0.0927,0.3359,0.6205,60.6951,98.8154,63.93,Rising,93.7,50.0,70.51,33.59
Journey Together,161,Articuno,Illustration Rare,0.08333333333333333,827.64,0.007575757575757575,True,False,True,0.695,19.39,131,827,112,356,602,30.0,33.8236,0.99,69.45,11.3093,22.0,25.0,30.0,40.0,50.0,25.0,26.995,29.985,16.0,11.8667,6.6889,0.1354,0.4305,0.7279,39.5415,101.6517,60.68,Rising,95.82,33.38,66.56,43.05
Journey Together,162,Wailord,Illustration Rare,0.08333333333333333,827.64,0.007575757575757575,False,False,True,0.591,16.8,84,846,100,349,646,19.04,20.3464,2.5,39.95,5.6374,15.0,16.26,19.04,21.8075,29.99,17.0,17.99,18.5,14.2857,11.6333,7.1778,0.1182,0.4125,0.7636,41.0966,82.6167,64.24,Rising,96.53,41.89,72.29,41.25
Journey Together,163,Iono's Kilowattrel,Illustration Rare,0.08333333333333333,827.64,0.007575757575757575,False,False,True,0.391,5.18,38,876,90,310,610,6.075,6.6475,1.59,13.0,1.6786,4.99,5.26,6.075,7.5,8.95,5.99,5.99,6.0,12.8571,10.3333,6.7778,0.1027,0.3539,0.6963,51.7153,90.9893,65.53,Rising,95.18,49.83,74.75,35.39
Journey Together,164,Lillie's Ribombee,Illustration Rare,0.08333333333333333,827.64,0.007575757575757575,False,False,True,0.54,5.85,38,856,74,289,572,7.0,7.4947,1.51,15.0,2.0107,5.425,6.0,7.0,8.21,9.99,6.99,6.99,6.99,10.5714,9.6333,6.3556,0.0864,0.3376,0.6682,55.1791,99.8665,64.4,Rising,93.38,50.0,73.17,33.76
Journey Together,165,Swinub,Illustration Rare,0.08333333333333333,827.64,0.007575757575757575,False,False,True,0.478,2.98,27,921,87,302,571,4.0,4.3747,1.0,8.67,1.1724,3.0,3.49,4.0,5.0,5.99,4.35,4.28,4.14,12.4286,10.0667,6.3444,0.0945,0.3279,0.62,59.4089,103.0064,65.8,Rising,93.59,55.07,73.2,32.79
Journey Together,166,Lycanroc,Illustration Rare,0.08333333333333333,827.64,0.007575757575757575,False,False,True,0.688,2.73,14,905,80,305,578,3.99,4.1127,1.25,8.0,1.104,2.99,3.0,3.99,4.99,5.49,3.99,3.99,3.99,11.4286,10.1667,6.4222,0.0884,0.337,0.6387,53.9692,103.9594,64.54,Rising,93.91,50.0,73.16,33.7
Journey Together,167,N's Reshiram,Illustration Rare,0.08333333333333333,827.64,0.007575757575757575,True,False,True,0.71,14.52,97,836,120,392,634,20.0,22.5231,2.99,41.03,6.388,16.0,18.0,20.0,25.7625,31.915,19.99,19.99,19.99,17.1429,13.0667,7.0444,0.1435,0.4689,0.7584,35.2671,73.0095,67.76,Rising,96.85,50.0,71.64,46.89
Journey Together,168,Furret,Illustration Rare,0.08333333333333333,827.64,0.007575757575757575,False,False,True,0.6809999999999999,4.89,33,774,94,284,499,9.995,10.3194,0.99,20.0,3.0256,7.0,8.5,9.995,11.98,14.315,9.94,9.99,9.99,13.4286,9.4667,5.5444,0.1214,0.3669,0.6447,52.7248,140.0053,63.41,Rising,90.28,49.5,70.68,36.69
Journey Together,169,Noibat,Illustration Rare,0.08333333333333333,827.64,0.007575757575757575,False,False,True,0.598,4.84,31,866,112,313,602,6.99,7.2308,2.0,14.25,1.8982,5.0,5.99,6.99,8.235,9.99,6.99,7.0,6.99,16.0,10.4333,6.6889,0.1293,0.3614,0.6952,46.9483,100.7445,65.44,Rising,94.89,50.0,73.75,36.14
Journey Together,170,Hop's Wooloo,Illustration Rare,0.08333333333333333,827.64,0.007575757575757575,False,False,True,0.61,4.05,25,852,76,272,509,5.99,6.3702,2.85,12.95,1.8022,4.5,5.0,5.99,7.0,8.99,5.595,5.99,5.99,10.8571,9.0667,5.6556,0.0892,0.3192,0.5974,62.8183,134.5471,60.72,Rising,89.91,43.41,71.71,31.92
Journey Together,171,Volcanion ex,Ultra Rare,0.06666666666666667,1034.55,0.006060606060606061,False,False,True,0.42200000000000004,1.09,11,943,70,248,532,2.49,2.5368,0.99,5.0,0.8179,1.5,1.99,2.49,2.99,3.54,2.33,2.49,2.49,10.0,8.2667,5.9111,0.0742,0.263,0.5642,74.4239,118.5774,58.5,Stable,88.7,43.57,67.76,26.3
Journey Together,172,Iono's Bellibolt ex,Ultra Rare,0.06666666666666667,1034.55,0.006060606060606061,False,False,True,0.40700000000000003,2.34,13,856,73,262,520,3.5,3.745,1.49,7.95,1.1982,2.49,2.99,3.5,4.34,5.06,3.0,3.455,3.49,10.4286,8.7333,5.7778,0.0853,0.3061,0.6075,66.4161,103.5081,57.36,Stable,89.5,35.96,68.01,30.61
Journey Together,173,Lillie's Clefairy ex,Ultra Rare,0.06666666666666667,1034.55,0.006060606060606061,False,False,True,0.573,7.57,31,810,79,261,512,9.99,10.893,2.69,21.03,3.4768,7.459,8.7425,9.99,12.24,16.0,9.28,9.99,9.99,11.2857,8.7,5.6889,0.0975,0.3222,0.6321,58.3728,137.6337,59.64,Stable,89.05,42.89,68.08,32.22
Journey Together,174,Mamoswine ex,Ultra Rare,0.06666666666666667,1034.55,0.006060606060606061,False,False,True,0.525,1.27,2,955,84,261,594,2.15,2.2756,0.99,4.5,0.7234,1.25,1.89,2.15,2.95,3.0,2.27,2.0,2.0,12.0,8.7,6.6,0.088,0.2733,0.622,67.7432,99.5952,65.69,Rising,91.78,63.5,68.21,27.33
Journey Together,175,N's Zoroark ex,Ultra Rare,0.06666666666666667,1034.55,0.006060606060606061,False,False,True,0.725,5.09,18,875,94,321,589,5.99,6.0984,2.5,12.0,1.547,4.5,4.99,5.99,6.99,7.99,5.985,5.5,5.52,13.4286,10.7,6.5444,0.1074,0.3669,0.6731,51.5537,92.1562,68.14,Rising,94.5,58.42,74.63,36.69
Journey Together,176,Hop's Zacian ex,Ultra Rare,0.06666666666666667,1034.55,0.006060606060606061,False,False,True,0.606,2.08,18,864,72,262,529,3.24,3.5123,1.0,7.0,1.1097,2.25,2.69,3.24,4.0,4.99,2.99,3.0,3.0,10.2857,8.7333,5.8778,0.0833,0.3032,0.6123,65.7945,109.4587,61.58,Rising,89.78,49.67,68.41,30.32
Journey Together,177,Salamence ex,Ultra Rare,0.06666666666666667,1034.55,0.006060606060606061,False,False,True,0.685,2.33,19,887,71,250,531,3.5,3.7447,0.99,7.84,1.1441,2.5,2.99,3.5,4.395,5.0,3.0,3.0,3.36,10.1429,8.3333,5.9,0.08,0.2818,0.5986,69.4635,111.178,57.96,Stable,88.82,39.29,69.45,28.18
Journey Together,178,Dudunsparce ex,Ultra Rare,0.06666666666666667,1034.55,0.006060606060606061,False,False,True,0.485,1.39,5,947,83,275,573,2.7,2.718,0.99,5.69,0.8891,1.786,1.99,2.7,3.0,3.99,2.49,2.49,2.5,11.8571,9.1667,6.3667,0.0876,0.2904,0.6051,68.8484,110.8519,61.89,Rising,92.49,49.6,67.29,29.04
Journey Together,179,Brock's Scouting,Ultra Rare,0.06666666666666667,1034.55,0.006060606060606061,False,False,False,0.0,4.06,7,899,63,252,542,3.5,3.8328,0.99,7.89,1.1707,2.69,2.99,3.5,4.5,5.44,2.99,3.0,3.155,9.0,8.4,6.0222,0.0701,0.2803,0.6029,69.3786,112.7308,59.82,Stable,89.64,44.77,69.46,28.03
Journey Together,180,Iris's Fighting Spirit,Ultra Rare,0.06666666666666667,1034.55,0.006060606060606061,False,False,False,0.0,1.83,8,912,74,260,526,2.99,3.1454,0.99,6.0,0.9736,2.0,2.49,2.99,3.89,4.64,2.99,2.99,2.99,10.5714,8.6667,5.8444,0.0811,0.2851,0.5768,70.884,111.6777,61.33,Rising,89.41,50.0,69.05,28.51
Journey Together,181,Ruffian,Ultra Rare,0.06666666666666667,1034.55,0.006060606060606061,False,False,False,0.0,0.95,0,947,62,235,542,1.99,2.1588,0.99,4.0,0.7243,1.168,1.59,1.99,2.7,2.99,1.995,1.99,1.99,8.8571,7.8333,6.0222,0.0655,0.2482,0.5723,72.1565,114.1464,59.8,Stable,88.22,50.25,66.45,24.82
Journey Together,182,Volcanion ex,Special Illustration Rare,0.011627906976744186,3235.3199999999997,0.001937984496124031,True,False,True,0.42200000000000004,26.75,16,525,40,141,251,25.0,27.6729,1.01,52.99,8.9925,18.99,20.0,25.0,33.24,40.0,21.4,21.0,22.35,5.7143,4.7,2.7889,0.0762,0.2686,0.4781,100.8214,160.5134,52.3,Stable,65.68,45.75,67.5,26.86
Journey Together,183,Iono's Bellibolt ex,Special Illustration Rare,0.011627906976744186,3235.3199999999997,0.001937984496124031,True,False,True,0.40700000000000003,55.13,35,676,54,200,363,45.46,50.1329,3.99,99.0,14.5382,36.0,40.0,45.46,55.1525,70.0,42.0,41.265,44.88,7.7143,6.6667,4.0333,0.0799,0.2959,0.537,73.1063,142.1111,56.41,Stable,77.38,43.58,71.0,29.59
Journey Together,184,Lillie's Clefairy ex,Special Illustration Rare,0.011627906976744186,3235.3199999999997,0.001937984496124031,True,False,True,0.573,135.59,87,828,104,310,611,120.0,113.0563,7.45,260.0,58.3338,30.0,60.0,120.0,149.99,196.878,114.99,111.495,114.99,14.8571,10.3333,6.7889,0.1256,0.3744,0.7379,44.8404,80.6211,60.74,Rising,95.23,50.0,48.4,37.44
Journey Together,185,N's Zoroark ex,Special Illustration Rare,0.011627906976744186,3235.3199999999997,0.001937984496124031,True,False,True,0.725,56.38,30,669,55,203,387,55.0,60.431,5.79,116.42,16.3426,45.0,49.99,55.0,67.0,85.0,49.99,50.0,51.8,7.8571,6.7667,4.3,0.0822,0.3034,0.5785,70.607,130.7854,58.33,Stable,79.05,46.51,72.96,30.34
Journey Together,186,Hop's Zacian ex,Special Illustration Rare,0.011627906976744186,3235.3199999999997,0.001937984496124031,True,False,True,0.606,39.83,34,524,49,164,310,39.99,42.6596,2.5,82.99,11.4955,30.99,35.0,39.99,47.71,59.417,35.0,35.99,38.0,7.0,5.4667,3.4444,0.0935,0.313,0.5916,62.4582,129.4227,54.72,Stable,70.72,42.11,73.05,31.3
Journey Together,187,Salamence ex,Special Illustration Rare,0.011627906976744186,3235.3199999999997,0.001937984496124031,True,False,True,0.685,76.73,53,465,54,164,292,74.07,80.4619,0.99,155.0,27.5182,60.0,65.0,74.07,90.0,120.0,65.0,65.99,69.6,7.7143,5.4667,3.2444,0.1161,0.3527,0.628,52.3916,133.2833,54.26,Stable,70.08,43.39,65.8,35.27
Journey Together,188,Iono's Bellibolt ex,Hyper Rare,0.0072992700729927005,2576.97,0.0024330900243309003,False,False,True,0.40700000000000003,17.07,32,548,59,191,352,19.99,21.3178,0.99,40.0,6.2695,14.99,17.0,19.99,24.99,30.0,17.94,17.98,19.0,8.4286,6.3667,3.9111,0.1077,0.3485,0.6423,54.4816,132.1761,57.16,Stable,75.83,44.42,70.59,34.85
Journey Together,189,N's Zoroark ex,Hyper Rare,0.0072992700729927005,2576.97,0.0024330900243309003,False,False,True,0.725,17.09,14,573,50,165,325,19.0,20.5665,4.73,39.95,6.0102,15.0,16.0,19.0,24.0,30.0,15.995,17.55,18.0,7.1429,5.5,3.6111,0.0873,0.288,0.5672,69.4681,138.4016,53.02,Stable,71.47,38.86,70.78,28.8
Journey Together,190,Spiky Energy,Hyper Rare,0.0072992700729927005,2576.97,0.0024330900243309003,False,False,False,0.0,5.7,1,453,37,110,256,6.39,6.9373,0.99,13.91,2.3631,4.5,5.0,6.39,8.14,10.0,5.0,5.445,5.87,5.2857,3.6667,2.8444,0.0817,0.2428,0.5651,74.9325,140.3115,47.08,Stable,61.62,35.18,65.94,24.28
Destined Rivals,183,Yanma,Illustration Rare,0.08333333333333333,2343.2400000000007,0.003623188405797101,False,False,True,0.462,5.4,6,898,84,258,546,5.825,5.9488,2.0,11.98,1.6584,4.0,4.99,5.825,6.99,8.0,5.42,5.395,5.615,12.0,8.6,6.0667,0.0935,0.2873,0.608,66.3498,112.7617,61.18,Rising,90.19,46.53,72.12,28.73
Destined Rivals,184,Cynthia's Roserade,Illustration Rare,0.08333333333333333,2343.2400000000007,0.003623188405797101,False,False,True,0.5870000000000001,16.52,47,892,94,277,607,16.99,18.1853,5.49,35.75,5.3135,13.0,14.99,16.99,19.99,25.999,14.99,15.0,16.36,13.4286,9.2333,6.7444,0.1054,0.3105,0.6805,54.5005,97.0015,60.98,Rising,93.75,41.63,70.78,31.05
Destined Rivals,185,Shaymin,Illustration Rare,0.08333333333333333,2343.2400000000007,0.003623188405797101,False,False,True,0.718,12.92,20,795,92,264,481,14.5,14.8136,5.01,29.0,4.011,10.0,12.0,14.5,16.79,20.0,13.0,13.3,14.0,13.1429,8.8,5.3444,0.1157,0.3321,0.605,64.7008,125.7424,60.51,Rising,88.09,42.86,72.92,33.21
Destined Rivals,186,Crustle,Illustration Rare,0.08333333333333333,2343.2400000000007,0.003623188405797101,False,False,True,0.505,4.4,6,923,66,277,536,4.5,4.7155,1.49,9.64,1.398,3.0,3.69,4.5,5.49,6.82,4.0,4.34,4.49,9.4286,9.2333,5.9556,0.0715,0.3001,0.5807,69.6836,121.8532,59.22,Stable,91.42,39.09,70.35,30.01
Destined Rivals,187,Team Rocket's Spidops,Illustration Rare,0.08333333333333333,2343.2400000000007,0.003623188405797101,False,False,True,0.308,7.46,14,882,98,276,545,7.54,7.9625,1.5,15.68,2.1853,5.75,6.25,7.54,9.0375,10.75,6.725,6.99,7.0,14.0,9.2,6.0556,0.1111,0.3129,0.6179,62.4071,112.6039,62.11,Rising,91.74,46.07,72.56,31.29
Destined Rivals,188,Hydrapple,Illustration Rare,0.08333333333333333,2343.2400000000007,0.003623188405797101,False,False,True,0.589,4.98,17,873,69,248,519,5.39,5.7694,1.0,11.0,1.6913,4.0,4.5,5.39,6.89,7.998,4.99,5.0,5.0,9.8571,8.2667,5.7667,0.079,0.2841,0.5945,67.604,118.7267,61.21,Rising,88.18,49.8,70.68,28.41
Destined Rivals,189,Rapidash,Illustration Rare,0.08333333333333333,2343.2400000000007,0.003623188405797101,False,False,True,0.588,8.07,33,686,85,254,468,11.595,12.0824,1.0,21.95,3.1841,8.99,10.0,11.595,13.5825,15.99,10.99,11.0,11.45,12.1429,8.4667,5.2,0.1239,0.3703,0.6822,53.9232,108.8265,61.9,Rising,86.58,45.98,73.65,37.03
Destined Rivals,190,Ethan's Typhlosion,Illustration Rare,0.08333333333333333,2343.2400000000007,0.003623188405797101,False,False,True,0.715,36.84,67,789,96,325,593,35.0,37.5734,12.0,70.0,10.2868,27.89,30.0,35.0,42.0,50.518,30.25,30.0,34.48,13.7143,10.8333,6.5889,0.1217,0.4119,0.7516,40.364,84.7896,62.49,Rising,94.71,37.73,72.62,41.19
Destined Rivals,191,Team Rocket's Houndoom,Illustration Rare,0.08333333333333333,2343.2400000000007,0.003623188405797101,False,False,True,0.603,18.76,53,830,85,264,526,19.99,21.4292,1.67,40.0,6.9225,14.99,16.0175,19.99,25.0,31.829,16.99,17.0,18.5,12.1429,8.8,5.8444,0.1024,0.3181,0.6337,60.472,111.2117,59.42,Stable,89.89,41.84,67.7,31.81
Destined Rivals,192,Blaziken,Illustration Rare,0.08333333333333333,2343.2400000000007,0.003623188405797101,False,False,True,0.7020000000000001,14.2,34,796,81,248,478,14.99,15.5893,1.05,30.0,4.7185,10.83,12.0,14.99,17.99,21.99,11.99,13.0,13.99,11.5714,8.2667,5.3111,0.1018,0.3116,0.6005,65.7563,111.524,56.82,Stable,86.44,35.7,69.73,31.16
Destined Rivals,193,Misty's Psyduck,Illustration Rare,0.08333333333333333,2343.2400000000007,0.003623188405797101,True,False,True,0.578,53.43,100,709,116,345,599,79.99,82.4377,7.24,160.0,22.2201,65.0,69.99,79.99,90.0,109.198,71.03,74.99,78.38,16.5714,11.5,6.6556,0.1636,0.4866,0.8449,31.7784,57.6651,65.15,Rising,95.39,40.62,73.05,48.66
Destined Rivals,194,Misty's Lapras,Illustration Rare,0.08333333333333333,2343.2400000000007,0.003623188405797101,False,False,True,0.747,32.94,75,704,128,347,579,42.0,44.2553,12.0,80.9,10.1489,34.0,38.435,42.0,49.99,58.01,39.99,40.0,41.33,18.2857,11.5667,6.4333,0.1818,0.4929,0.8224,31.0448,64.8453,67.76,Rising,94.87,46.76,77.07,49.29
Destined Rivals,195,Clamperl,Illustration Rare,0.08333333333333333,2343.2400000000007,0.003623188405797101,False,False,True,0.39299999999999996,4.83,14,818,84,245,471,5.845,6.0347,1.0,12.0,1.8045,4.0,4.99,5.845,6.99,8.18,5.9,5.95,5.95,12.0,8.1667,5.2333,0.1027,0.2995,0.5758,71.7593,124.0391,60.53,Rising,85.9,49.16,70.1,29.95
Destined Rivals,196,Electrike,Illustration Rare,0.08333333333333333,2343.2400000000007,0.003623188405797101,False,False,True,0.444,4.39,13,842,71,232,506,4.745,4.8496,1.0,9.95,1.3099,3.5,3.99,4.745,5.49,6.528,4.49,4.49,4.625,10.1429,7.7333,5.6222,0.0843,0.2755,0.601,65.6373,108.8424,60.15,Rising,86.38,47.08,72.99,27.55
Destined Rivals,197,Rotom,Illustration Rare,0.08333333333333333,2343.2400000000007,0.003623188405797101,False,False,True,0.691,4.09,15,898,77,280,577,5.0,5.6076,1.99,10.56,1.6317,3.99,4.49,5.0,6.305,7.99,5.0,4.99,5.0,11.0,9.3333,6.4111,0.0857,0.3118,0.6425,57.7145,97.9752,63.28,Rising,92.88,50.0,70.9,31.18
Destined Rivals,198,Team Rocket's Orbeetle,Illustration Rare,0.08333333333333333,2343.2400000000007,0.003623188405797101,False,False,True,0.39899999999999997,4.66,13,870,67,264,536,5.0,5.5575,2.41,11.0,1.6225,3.99,4.3525,5.0,6.29,7.99,4.99,4.99,4.99,9.5714,8.8,5.9556,0.077,0.3034,0.6161,61.2094,108.9599,62.35,Rising,90.42,50.0,70.81,30.34
Destined Rivals,199,Team Rocket's Weezing,Illustration Rare,0.08333333333333333,2343.2400000000007,0.003623188405797101,False,False,True,0.389,10.5,28,659,42,189,408,10.99,11.7537,4.0,23.75,3.3189,8.0,9.5,10.99,13.0,16.004,10.0,10.0,10.99,6.0,6.3,4.5333,0.0637,0.2868,0.6191,63.5011,106.3608,56.01,Stable,78.75,40.99,71.76,28.68
Destined Rivals,200,Team Rocket's Murkrow,Illustration Rare,0.08333333333333333,2343.2400000000007,0.003623188405797101,False,False,True,0.556,9.43,22,851,86,283,581,10.89,11.5339,1.85,22.0,3.0212,8.99,9.84,10.89,12.99,15.0,9.99,10.0,10.67,12.2857,9.4333,6.4556,0.1011,0.3325,0.6827,52.7266,97.4214,62.47,Rising,93.22,43.63,73.81,33.25
Destined Rivals,201,Zamazenta,Illustration Rare,0.08333333333333333,2343.2400000000007,0.003623188405797101,False,False,True,0.56,4.93,25,841,77,252,500,6.49,6.7998,0.99,13.64,1.9892,4.95,5.05,6.49,7.99,9.99,6.49,6.335,6.295,11.0,8.4,5.5556,0.0916,0.2996,0.5945,66.2389,114.7007,62.39,Rising,87.75,53.1,70.75,29.96
Destined Rivals,202,Team Rocket's Raticate,Illustration Rare,0.08333333333333333,2343.2400000000007,0.003623188405797101,False,False,True,0.337,7.96,26,797,88,251,479,8.0,8.7651,3.0,17.72,2.5693,6.0,6.99,8.0,10.0,12.21,7.125,7.0,7.99,12.5714,8.3667,5.3222,0.1104,0.3149,0.601,64.1772,109.2988,58.21,Stable,86.74,39.17,70.69,31.49
Destined Rivals,203,Team Rocket's Meowth,Illustration Rare,0.08333333333333333,2343.2400000000007,0.003623188405797101,False,False,True,0.605,26.88,77,729,124,327,549,34.11,35.8192,12.0,70.0,9.5603,25.0,29.99,34.11,39.99,49.99,29.99,30.0,32.7,17.7143,10.9,6.1,0.1701,0.4486,0.7531,36.9014,77.3157,64.24,Rising,93.63,41.71,73.31,44.86
Destined Rivals,204,Kangaskhan,Illustration Rare,0.08333333333333333,2343.2400000000007,0.003623188405797101,False,False,True,0.578,10.22,37,678,102,291,510,14.0,14.645,5.99,28.95,3.533,10.946,12.0,14.0,16.0,19.99,13.0,13.26,13.99,14.5714,9.7,5.6667,0.1504,0.4292,0.7522,40.7017,87.787,63.95,Rising,91.03,42.92,75.88,42.92
Destined Rivals,205,Arven's Greedent,Illustration Rare,0.08333333333333333,2343.2400000000007,0.003623188405797101,False,False,True,0.32,5.13,13,883,72,264,520,5.0,5.3265,0.99,10.0,1.5708,3.6,4.0,5.0,6.0,7.5,4.995,4.99,4.99,10.2857,8.8,5.7778,0.0815,0.299,0.5889,67.4603,115.8474,62.04,Rising,89.75,50.1,70.51,29.9
Destined Rivals,206,Yanmega ex,Ultra Rare,0.0625,2988.48,0.002840909090909091,False,False,True,0.504,2.68,5,895,56,214,464,2.99,2.9374,0.99,5.98,1.0296,1.838,2.0,2.99,3.595,4.5,2.285,2.4,2.49,8.0,7.1333,5.1556,0.0626,0.2391,0.5184,83.8791,121.4174,55.3,Stable,83.32,41.77,64.95,23.91
Destined Rivals,207,Arboliva ex,Ultra Rare,0.0625,2988.48,0.002840909090909091,False,False,True,0.41200000000000003,2.49,4,640,61,193,403,3.99,4.0755,1.49,7.96,1.2679,2.769,3.0,3.99,4.99,5.99,2.99,3.25,3.59,8.7143,6.4333,4.4778,0.0953,0.3016,0.6297,60.3682,98.2144,53.48,Stable,78.96,33.29,68.89,30.16
Destined Rivals,208,Team Rocket's Moltres ex,Ultra Rare,0.0625,2988.48,0.002840909090909091,False,False,True,0.5670000000000001,8.15,38,660,78,231,415,8.0,9.5549,1.24,21.82,3.7158,6.3,6.99,8.0,10.99,15.0,7.925,7.75,7.99,11.1429,7.7,4.6111,0.1182,0.35,0.6288,57.5117,102.3008,58.67,Stable,82.31,49.19,61.11,35.0
Destined Rivals,209,Ethan's Ho-Oh ex,Ultra Rare,0.0625,2988.48,0.002840909090909091,False,False,True,0.713,8.75,18,800,71,228,460,7.0,7.8743,1.43,15.01,2.6607,5.447,5.99,7.0,9.4575,12.0,6.4,6.59,6.86,10.1429,7.6,5.1111,0.0887,0.285,0.575,73.3233,115.2966,57.17,Stable,84.12,43.29,66.21,28.5
Destined Rivals,210,Cetitan ex,Ultra Rare,0.0625,2988.48,0.002840909090909091,False,False,True,0.429,2.65,2,699,48,186,387,2.99,2.9902,0.99,5.81,1.0096,1.94,2.18,2.99,3.5,4.5,2.56,2.99,2.99,6.8571,6.2,4.3,0.0687,0.2661,0.5536,73.648,112.912,52.48,Stable,77.41,35.62,66.24,26.61
Destined Rivals,211,Dondozo ex,Ultra Rare,0.0625,2988.48,0.002840909090909091,False,False,True,0.46,1.67,6,903,64,259,505,2.79,2.7953,0.72,5.94,0.9608,1.79,2.0,2.79,3.21,4.0,2.54,2.49,2.5,9.1429,8.6333,5.6111,0.0709,0.2868,0.5592,76.6864,112.3097,60.89,Rising,88.5,51.6,65.63,28.68
Destined Rivals,212,Electivire ex,Ultra Rare,0.0625,2988.48,0.002840909090909091,False,False,True,0.541,2.22,7,889,73,241,501,2.99,3.0426,0.97,5.98,1.0234,1.99,2.19,2.99,3.59,4.5,2.95,2.75,2.79,10.4286,8.0333,5.5667,0.0821,0.2711,0.5636,76.6042,112.4361,61.47,Rising,86.83,55.73,66.36,27.11
Destined Rivals,213,Team Rocket's Mewtwo ex,Ultra Rare,0.0625,2988.48,0.002840909090909091,False,False,True,0.747,20.99,77,701,88,258,485,25.0,28.5163,9.24,60.0,9.5247,19.99,22.0,25.0,31.99,42.95,23.0,23.985,24.99,12.5714,8.6,5.3889,0.1255,0.368,0.6919,49.603,95.2552,59.56,Stable,87.56,42.04,66.6,36.8
Destined Rivals,214,Regirock ex,Ultra Rare,0.0625,2988.48,0.002840909090909091,False,False,True,0.515,2.07,6,853,79,221,442,2.99,3.0033,0.99,5.95,1.0055,1.99,2.15,2.99,3.54,4.49,2.94,2.99,2.84,11.2857,7.3667,4.9111,0.0926,0.2591,0.5182,83.5543,114.8994,59.41,Stable,82.88,53.52,66.52,25.91
Destined Rivals,215,Cynthia's Garchomp ex,Ultra Rare,0.0625,2988.48,0.002840909090909091,False,False,True,0.726,9.11,20,775,83,209,419,6.99,7.5735,3.99,15.84,2.654,5.0,5.5,6.99,8.99,11.938,5.99,6.0,6.49,11.8571,6.9667,4.6556,0.1071,0.2697,0.5406,79.3822,131.3884,55.36,Stable,80.97,42.3,64.96,26.97
Destined Rivals,216,Team Rocket's Nidoking ex,Ultra Rare,0.0625,2988.48,0.002840909090909091,False,False,True,0.613,6.21,16,749,68,215,435,5.99,6.4091,0.99,13.0,2.079,4.49,4.99,5.99,7.5,9.99,4.99,5.12,5.44,9.7143,7.1667,4.8333,0.0908,0.287,0.5808,76.4004,119.0558,56.44,Stable,82.22,41.73,67.56,28.7
Destined Rivals,217,Team Rocket's Crobat ex,Ultra Rare,0.0625,2988.48,0.002840909090909091,False,False,True,0.628,4.07,12,860,63,242,490,4.29,4.6146,1.52,9.55,1.3536,3.0,3.6075,4.29,5.0725,6.792,3.75,3.99,4.0,9.0,8.0667,5.4444,0.0733,0.2814,0.5698,74.1915,114.4252,58.78,Stable,86.31,43.75,70.67,28.14
Destined Rivals,218,Arven's Mabosstiff ex,Ultra Rare,0.0625,2988.48,0.002840909090909091,False,False,True,0.41600000000000004,2.65,6,855,67,228,472,2.99,3.2489,0.99,6.5,1.102,1.99,2.37,2.99,3.99,4.99,2.89,2.99,2.99,9.5714,7.6,5.2444,0.0784,0.2667,0.552,75.4025,113.525,57.93,Stable,84.62,46.66,66.08,26.67
Destined Rivals,219,Team Rocket's Persian ex,Ultra Rare,0.0625,2988.48,0.002840909090909091,False,False,True,0.5,6.4,16,702,61,209,398,6.0,6.6944,0.99,13.64,2.2442,4.522,4.99,6.0,7.99,9.999,5.75,5.52,5.99,8.7143,6.9667,4.4222,0.0869,0.2977,0.567,72.5121,122.2724,57.02,Stable,79.92,45.99,66.48,29.77
Destined Rivals,220,Emcee's Hype,Ultra Rare,0.0625,2988.48,0.002840909090909091,False,False,False,0.0,5.08,4,581,47,156,314,3.99,4.2446,1.0,8.0,1.4432,2.99,3.0,3.99,4.99,6.5,3.39,3.5,3.615,6.7143,5.2,3.4889,0.0809,0.2685,0.5404,79.6879,113.8089,52.7,Stable,69.99,43.78,66.0,26.85
Destined Rivals,221,Ethan's Adventure,Ultra Rare,0.0625,2988.48,0.002840909090909091,False,False,False,0.0,8.85,9,656,60,157,352,4.99,5.5257,0.99,10.22,1.7944,3.99,4.0,4.99,6.0,8.19,4.5,4.59,4.74,8.5714,5.2333,3.9111,0.0915,0.2393,0.5366,80.1298,121.9957,53.37,Stable,71.98,44.94,67.53,23.93
Destined Rivals,222,Judge,Ultra Rare,0.0625,2988.48,0.002840909090909091,False,False,False,0.0,3.26,3,536,33,140,327,3.99,4.0716,0.99,7.98,1.2731,2.56,3.0,3.99,4.99,5.99,3.58,3.49,3.8,4.7143,4.6667,3.6333,0.0616,0.2612,0.6101,67.0341,111.4394,52.89,Stable,68.85,44.21,68.73,26.12
Destined Rivals,223,Team Rocket's Archer,Ultra Rare,0.0625,2988.48,0.002840909090909091,False,False,False,0.0,5.92,3,706,65,201,449,5.26,5.7525,1.92,10.99,1.7799,3.99,4.5,5.26,6.95,8.14,4.25,4.49,4.99,9.2857,6.7,4.9889,0.0921,0.2847,0.636,61.7707,106.3273,54.63,Stable,81.93,35.17,69.06,28.47
Destined Rivals,224,Team Rocket's Ariana,Ultra Rare,0.0625,2988.48,0.002840909090909091,False,False,False,0.0,6.28,9,597,52,180,378,6.0,6.7211,3.16,13.64,2.0126,4.5,5.0,6.0,7.99,9.896,5.0,5.19,5.72,7.4286,6.0,4.2,0.0871,0.3015,0.6332,60.1595,104.4805,54.19,Stable,76.4,37.41,70.06,30.15
Destined Rivals,225,Team Rocket's Giovanni,Ultra Rare,0.0625,2988.48,0.002840909090909091,False,False,False,0.0,8.02,19,663,66,197,411,9.58,9.9052,1.45,19.95,2.8426,6.99,7.99,9.58,11.445,14.248,7.495,7.99,8.5,9.4286,6.5667,4.5667,0.0995,0.2971,0.6199,65.8741,110.5844,55.57,Stable,79.71,38.18,71.3,29.71
Destined Rivals,226,Team Rocket's Petrel,Ultra Rare,0.0625,2988.48,0.002840909090909091,False,False,False,0.0,5.72,12,634,85,235,470,11.99,12.4771,5.0,24.0,2.9746,9.893,10.0,11.99,13.99,16.618,10.0,10.99,11.025,12.1429,7.8333,5.2222,0.1341,0.3707,0.7413,48.1185,65.3965,60.39,Rising,85.12,40.7,76.16,37.07
Destined Rivals,227,Team Rocket's Proton,Ultra Rare,0.0625,2988.48,0.002840909090909091,False,False,False,0.0,5.91,6,673,57,188,415,5.99,6.1345,0.99,12.0,1.8089,4.11,4.99,5.99,7.0,8.532,4.5,4.99,5.0,8.1429,6.2667,4.6111,0.0847,0.2793,0.6166,65.0608,100.9019,55.4,Stable,79.05,40.0,70.51,27.93
Destined Rivals,228,Yanmega ex,Special Illustration Rare,0.010638297872340425,8778.66,0.0009671179883945841,False,False,True,0.504,34.17,9,348,48,122,228,25.0,27.3537,3.0,55.0,8.2317,19.0,20.0,25.0,30.0,39.125,22.0,22.99,24.905,6.8571,4.0667,2.5333,0.1379,0.3506,0.6552,52.603,98.4439,51.01,Stable,61.71,38.34,69.91,35.06
Destined Rivals,229,Team Rocket's Moltres ex,Special Illustration Rare,0.010638297872340425,8778.66,0.0009671179883945841,True,False,True,0.5670000000000001,135.32,103,491,74,200,366,115.0,121.7895,1.49,254.36,41.0948,85.0,99.99,115.0,135.94,175.99,100.0,109.99,110.0,10.5714,6.6667,4.0667,0.1507,0.4073,0.7454,41.428,73.2488,56.95,Stable,77.59,40.91,66.26,40.73
Destined Rivals,230,Ethan's Ho-Oh ex,Special Illustration Rare,0.010638297872340425,8778.66,0.0009671179883945841,True,False,True,0.713,164.92,64,659,62,205,427,1.99,3.0803,0.99,9.99,2.0537,1.198,1.79,1.99,4.99,6.458,2.44,2.49,2.0,8.8571,6.8333,4.7444,0.0941,0.3111,0.648,57.8746,86.9068,58.84,Stable,81.17,72.0,33.33,31.11
Destined Rivals,231,Team Rocket's Mewtwo ex,Special Illustration Rare,0.010638297872340425,8778.66,0.0009671179883945841,True,False,True,0.747,345.11,128,494,94,230,386,560.0,581.415,1.0,1250.0,255.124,346.5,500.0,560.0,674.25,899.997,529.995,535.97,550.0,13.4286,7.6667,4.2889,0.1903,0.4656,0.7814,32.1323,69.803,58.69,Stable,80.83,46.36,56.12,46.56
Destined Rivals,232,Cynthia's Garchomp ex,Special Illustration Rare,0.010638297872340425,8778.66,0.0009671179883945841,True,False,True,0.726,210.43,64,405,72,212,341,290.0,319.3518,7.26,600.0,120.9989,229.39,250.0,290.0,354.74,525.0,275.0,265.495,280.45,10.2857,7.0667,3.7889,0.1778,0.5235,0.842,28.4042,60.168,60.37,Rising,76.86,48.06,62.11,52.35
Destined Rivals,233,Team Rocket's Nidoking ex,Special Illustration Rare,0.010638297872340425,8778.66,0.0009671179883945841,True,False,True,0.613,104.93,38,291,52,136,228,120.0,129.9137,1.49,280.0,52.1123,99.99,105.805,120.0,149.99,199.99,110.0,115.0,119.995,7.4286,4.5333,2.5333,0.1787,0.4674,0.7835,36.4994,74.1971,52.94,Stable,63.72,41.67,59.89,46.74
Destined Rivals,234,Team Rocket's Crobat ex,Special Illustration Rare,0.010638297872340425,8778.66,0.0009671179883945841,True,False,True,0.628,77.34,42,319,40,124,227,75.92,82.9883,1.2,164.99,26.428,62.576,68.97,75.92,92.89,123.238,69.1,70.0,73.0,5.7143,4.1333,2.5222,0.1254,0.3887,0.7116,39.3513,83.1017,53.38,Stable,61.91,44.66,68.15,38.87
Destined Rivals,235,Arven's Mabosstiff ex,Special Illustration Rare,0.010638297872340425,8778.66,0.0009671179883945841,False,False,True,0.41600000000000004,31.57,14,308,49,112,224,32.99,34.2224,2.55,67.0,8.7748,25.0,29.99,32.99,37.9925,45.0,32.53,32.975,32.99,7.0,3.7333,2.4889,0.1591,0.3636,0.7273,48.0766,76.2599,54.72,Stable,59.97,48.61,74.36,36.36
Destined Rivals,236,Ethan's Adventure,Special Illustration Rare,0.010638297872340425,8778.66,0.0009671179883945841,True,False,False,0.0,49.48,24,283,40,101,196,49.99,52.0947,1.45,102.33,15.2844,39.99,44.345,49.99,55.975,69.93,41.99,45.0,47.19,5.7143,3.3667,2.1778,0.1413,0.3569,0.6926,45.4537,86.8244,49.59,Stable,55.41,38.98,70.66,35.69
Destined Rivals,237,Team Rocket's Ariana,Special Illustration Rare,0.010638297872340425,8778.66,0.0009671179883945841,False,False,False,0.0,39.04,19,318,41,115,214,29.0,29.2016,1.0,59.0,8.0317,20.0,24.7425,29.0,34.05,39.99,22.0,25.0,26.99,5.8571,3.8333,2.3778,0.1289,0.3616,0.673,49.8941,93.1597,49.05,Stable,59.54,31.51,72.5,36.16
Destined Rivals,238,Team Rocket's Giovanni,Special Illustration Rare,0.010638297872340425,8778.66,0.0009671179883945841,False,False,False,0.0,45.59,18,327,51,138,208,35.0,38.2557,4.0,75.0,10.5541,28.0,30.0,35.0,43.235,52.054,30.99,31.925,33.255,7.2857,4.6,2.3111,0.156,0.422,0.6361,45.8723,97.7695,54.55,Stable,62.23,43.19,72.41,42.2
Destined Rivals,239,Ethan's Ho-Oh ex,Hyper Rare,0.006711409395973154,7590.06,0.0011185682326621924,False,False,True,0.713,30.36,28,359,34,125,237,30.0,33.4317,2.0,66.9,9.4148,24.0,27.865,30.0,37.495,45.0,30.0,30.0,30.0,4.8571,4.1667,2.6333,0.0947,0.3482,0.6602,51.6405,94.8735,55.17,Stable,62.8,50.0,71.84,34.82
Destined Rivals,240,Team Rocket's Mewtwo ex,Hyper Rare,0.006711409395973154,7590.06,0.0011185682326621924,True,False,True,0.747,65.91,71,274,39,120,219,74.99,80.6049,15.0,160.0,24.1589,60.0,65.0,74.99,85.0,117.391,65.0,67.495,72.0,5.5714,4.0,2.4333,0.1423,0.438,0.7993,38.482,75.3068,53.1,Stable,60.84,40.28,70.03,43.8
Destined Rivals,241,Cynthia's Garchomp ex,Hyper Rare,0.006711409395973154,7590.06,0.0011185682326621924,False,False,True,0.726,44.53,28,332,48,117,215,35.0,38.3969,1.54,75.0,11.3092,28.0,30.0,35.0,44.99,54.989,34.725,32.99,34.99,6.8571,3.9,2.3889,0.1446,0.3524,0.6476,46.2723,103.3954,53.92,Stable,59.95,49.24,70.55,35.24
Destined Rivals,242,Team Rocket's Crobat ex,Hyper Rare,0.006711409395973154,7590.06,0.0011185682326621924,False,False,True,0.628,24.71,12,386,36,122,230,19.99,21.9067,10.0,40.0,6.2994,15.99,17.5,19.99,25.0,31.955,18.37,18.0,19.0,5.1429,4.0667,2.5556,0.0933,0.3161,0.5959,60.4096,103.5532,53.12,Stable,61.8,46.68,71.24,31.61
Destined Rivals,243,Jamming Tower,Hyper Rare,0.006711409395973154,7590.06,0.0011185682326621924,False,False,False,0.0,24.97,3,456,36,120,257,12.865,13.0227,0.99,26.0,5.2316,7.065,10.075,12.865,15.81,20.0,9.74,10.225,10.99,5.1429,4.0,2.8556,0.0789,0.2632,0.5636,74.3548,102.2981,47.78,Stable,63.21,38.63,59.83,26.32
Destined Rivals,244,Levincia,Hyper Rare,0.006711409395973154,7590.06,0.0011185682326621924,False,False,False,0.0,20.15,4,288,23,88,176,11.84,12.6006,7.64,24.0,3.5016,9.5,10.0,11.84,14.0,18.0,10.0,10.0,10.695,3.2857,2.9333,1.9556,0.0799,0.3056,0.6111,59.5459,96.5873,49.22,Stable,52.05,43.5,72.21,30.56
White Flare,087,Sewaddle,Illustration Rare,0.16666666666666666,6035.400000000001,0.0023809523809523807,False,False,True,0.47700000000000004,11.71,22,150,22,64,109,19.99,19.5189,9.5,40.0,6.4554,11.983,14.215,19.99,23.99,28.99,20.19,20.0,19.99,3.1429,2.1333,1.2111,0.1467,0.4267,0.7267,41.1624,114.5574,48.53,Stable,37.7,51.0,66.93,42.67
White Flare,088,Swadloon,Illustration Rare,0.16666666666666666,6035.400000000001,0.0023809523809523807,False,False,True,0.491,6.9,4,198,22,69,131,12.0,12.3539,2.97,25.44,4.2874,7.149,9.0,12.0,14.99,17.759,12.0,12.24,12.88,3.1429,2.3,1.4556,0.1111,0.3485,0.6616,47.8407,117.826,45.86,Stable,42.93,43.17,65.3,34.85
White Flare,089,Leavanny,Illustration Rare,0.16666666666666666,6035.400000000001,0.0023809523809523807,False,False,True,0.557,17.56,6,140,18,52,88,25.15,26.9709,0.99,57.99,15.6678,9.842,11.9875,25.15,41.5725,48.09,32.25,37.42,38.5,2.5714,1.7333,0.9778,0.1286,0.3714,0.6286,49.8355,141.1846,34.39,Cooling,28.18,33.77,41.91,37.14
White Flare,090,Cottonee,Illustration Rare,0.16666666666666666,6035.400000000001,0.0023809523809523807,False,False,True,0.47,5.13,7,205,22,61,114,8.0,8.7411,3.0,18.0,3.4113,4.966,6.19,8.0,10.5,13.996,9.745,9.5,9.0,3.1429,2.0333,1.2667,0.1073,0.2976,0.5561,69.3715,145.795,46.82,Stable,37.29,58.28,60.97,29.76
White Flare,091,Deerling,Illustration Rare,0.16666666666666666,6035.400000000001,0.0023809523809523807,False,False,True,0.489,11.06,10,164,20,64,103,20.995,21.3338,0.99,45.0,8.0541,11.227,14.5075,20.995,26.865,31.84,22.99,22.995,22.8,2.8571,2.1333,1.1444,0.122,0.3902,0.628,49.6839,137.5878,46.44,Stable,36.44,50.83,62.25,39.02
White Flare,092,Sawsbuck,Illustration Rare,0.16666666666666666,6035.400000000001,0.0023809523809523807,False,False,True,0.493,15.11,6,146,15,57,91,24.99,27.3185,5.24,56.98,15.1772,9.885,12.9825,24.99,40.0,49.99,38.44,38.0,37.0,2.1429,1.9,1.0111,0.1027,0.3904,0.6233,52.3429,137.3464,42.18,Stable,31.04,53.89,44.44,39.04
White Flare,093,Shelmet,Illustration Rare,0.16666666666666666,6035.400000000001,0.0023809523809523807,False,False,True,0.354,4.69,1,250,18,84,149,7.99,8.2938,2.99,17.5,3.1432,4.649,5.6925,7.99,10.0,13.005,8.1,8.71,9.0,2.5714,2.8,1.6556,0.072,0.336,0.596,53.0338,130.1899,45.8,Stable,48.86,40.0,62.1,33.6
White Flare,094,Accelgor,Illustration Rare,0.16666666666666666,6035.400000000001,0.0023809523809523807,False,False,True,0.387,9.61,4,135,15,38,59,6.65,8.0524,0.99,18.63,4.1684,4.256,5.0,6.65,9.585,15.0,6.49,7.12,6.99,2.1429,1.2667,0.6556,0.1111,0.2815,0.437,113.6213,169.0699,32.45,Cooling,14.4,42.85,48.23,28.15
White Flare,095,Virizion,Illustration Rare,0.16666666666666666,6035.400000000001,0.0023809523809523807,False,False,True,0.5660000000000001,13.02,10,146,13,49,89,25.0,25.9092,1.1,59.39,12.1132,12.995,15.22,25.0,34.88,41.665,30.0,28.0,30.0,1.8571,1.6333,0.9889,0.089,0.3356,0.6096,53.5658,130.0701,40.49,Stable,27.11,50.0,53.25,33.56
White Flare,096,Tepig,Illustration Rare,0.16666666666666666,6035.400000000001,0.0023809523809523807,False,False,True,0.58,18.43,11,227,31,91,141,39.99,36.9094,1.35,79.99,14.2108,18.936,24.795,39.99,46.845,52.19,40.0,40.0,40.0,4.4286,3.0333,1.5667,0.1366,0.4009,0.6211,40.6896,139.548,50.05,Stable,49.11,50.0,61.5,40.09
White Flare,097,Pignite,Illustration Rare,0.16666666666666666,6035.400000000001,0.0023809523809523807,False,False,True,0.40700000000000003,7.46,5,220,27,75,123,13.68,13.6686,4.9,29.0,4.9517,8.0,9.99,13.68,16.0,19.99,15.0,14.87,14.25,3.8571,2.5,1.3667,0.1227,0.3409,0.5591,58.983,147.2303,49.1,Stable,43.15,55.26,63.77,34.09
White Flare,098,Emboar,Illustration Rare,0.16666666666666666,6035.400000000001,0.0023809523809523807,False,False,True,0.504,32.17,9,246,31,95,146,25.495,29.1666,0.99,69.56,18.3494,8.985,11.9825,25.495,45.7575,51.125,45.0,42.99,42.99,4.4286,3.1667,1.6222,0.126,0.3862,0.5935,52.077,137.533,46.59,Stable,50.16,54.68,37.09,38.62
White Flare,099,Pansear,Illustration Rare,0.16666666666666666,6035.400000000001,0.0023809523809523807,False,False,True,0.361,6.45,2,187,19,68,119,13.05,13.5361,1.1,29.99,5.7279,6.99,8.94,13.05,16.94,19.994,12.95,15.095,15.19,2.7143,2.2667,1.3222,0.1016,0.3636,0.6364,48.7828,137.8164,41.61,Stable,40.73,35.25,57.68,36.36
White Flare,100,Simisear,Illustration Rare,0.16666666666666666,6035.400000000001,0.0023809523809523807,False,False,True,0.299,7.26,3,722,41,142,375,1.89,1.7988,0.72,3.5,0.5368,1.0,1.4325,1.89,1.99,2.536,1.79,1.89,1.89,5.8571,4.7333,4.1667,0.0568,0.1967,0.5194,81.0396,128.4708,52.92,Stable,71.79,44.71,70.16,19.67
White Flare,101,Litwick,Illustration Rare,0.16666666666666666,6035.400000000001,0.0023809523809523807,False,False,True,0.657,10.59,4,71,15,43,57,34.0,34.1455,1.19,68.0,11.9665,24.56,29.98,34.0,38.995,47.0,35.0,35.0,34.99,2.1429,1.4333,0.6333,0.2113,0.6056,0.8028,19.7688,68.1447,44.96,Stable,16.16,50.03,64.95,60.56
White Flare,102,Lampent,Illustration Rare,0.16666666666666666,6035.400000000001,0.0023809523809523807,False,False,True,0.613,13.03,3,110,28,63,95,19.0,20.1335,12.0,37.0,4.8196,14.999,17.99,19.0,20.0,27.819,18.99,19.61,19.0,4.0,2.1,1.0556,0.2545,0.5727,0.8636,24.6061,61.6045,51.87,Stable,34.07,49.95,76.06,57.27
White Flare,103,Chandelure,Illustration Rare,0.16666666666666666,6035.400000000001,0.0023809523809523807,False,False,True,0.763,39.72,8,63,14,38,56,71.0,70.5249,0.99,123.99,22.779,60.354,68.6,71.0,78.995,88.234,69.995,70.0,72.335,2.0,1.2667,0.6222,0.2222,0.6032,0.8889,18.2276,54.3182,43.71,Stable,13.6,46.77,67.7,60.32
White Flare,104,Heatmor,Illustration Rare,0.16666666666666666,6035.400000000001,0.0023809523809523807,False,False,True,0.364,4.74,2,168,26,64,117,8.99,8.8963,0.99,17.72,2.7083,5.25,7.0,8.99,10.49,12.378,9.05,9.515,8.99,3.7143,2.1333,1.3,0.1548,0.381,0.6964,42.5722,96.3811,48.43,Stable,39.0,50.67,69.56,38.1
White Flare,105,Oshawott,Illustration Rare,0.16666666666666666,6035.400000000001,0.0023809523809523807,False,False,True,0.691,38.64,21,90,20,44,78,95.0,96.8616,12.0,169.99,29.2198,79.941,90.0,95.0,109.99,133.56,90.995,94.43,95.51,2.8571,1.4667,0.8667,0.2222,0.4889,0.8667,31.469,67.3562,43.97,Stable,22.16,45.27,69.83,48.89
White Flare,106,Dewott,Illustration Rare,0.16666666666666666,6035.400000000001,0.0023809523809523807,False,False,True,0.634,12.45,9,94,20,50,76,25.0,27.0597,0.99,50.0,9.7604,19.0,22.0925,25.0,32.99,39.997,23.99,25.0,25.0,2.8571,1.6667,0.8444,0.2128,0.5319,0.8085,25.6687,76.9621,44.5,Stable,24.3,45.96,63.93,53.19
White Flare,107,Samurott,Illustration Rare,0.16666666666666666,6035.400000000001,0.0023809523809523807,False,False,True,0.655,47.77,10,65,15,40,53,55.0,56.5822,12.0,102.33,15.902,43.196,50.0,55.0,60.0,76.0,53.0,53.99,54.99,2.1429,1.3333,0.5889,0.2308,0.6154,0.8154,22.74,77.9786,44.82,Stable,14.06,46.38,71.9,61.54
White Flare,108,Basculin,Illustration Rare,0.16666666666666666,6035.400000000001,0.0023809523809523807,False,False,True,0.268,4.78,5,125,18,50,80,10.17,10.2713,1.0,20.0,3.5634,5.278,8.0,10.17,12.0,14.45,10.035,10.99,10.99,2.5714,1.6667,0.8889,0.144,0.4,0.64,53.5654,108.6487,41.06,Stable,25.35,41.31,65.31,40.0
White Flare,109,Ducklett,Illustration Rare,0.16666666666666666,6035.400000000001,0.0023809523809523807,False,False,True,0.45,10.31,9,100,29,60,93,35.495,37.0995,0.99,70.0,10.7822,27.903,31.875,35.495,41.205,48.116,32.5,35.0,35.0,4.1429,2.0,1.0333,0.29,0.6,0.93,16.4509,41.0156,48.79,Stable,32.47,42.86,70.94,60.0
White Flare,110,Swanna,Illustration Rare,0.16666666666666666,6035.400000000001,0.0023809523809523807,False,False,True,0.428,7.55,4,83,20,50,69,17.0,18.2605,1.49,34.1,5.4221,13.992,15.0,17.0,19.99,24.99,16.745,16.54,16.99,2.8571,1.6667,0.7667,0.241,0.6024,0.8313,22.4619,61.1331,47.5,Stable,22.73,48.56,70.31,60.24
White Flare,111,Vanillite,Illustration Rare,0.16666666666666666,6035.400000000001,0.0023809523809523807,False,False,True,0.48200000000000004,7.6,5,74,22,55,69,18.99,20.147,12.0,37.0,5.5653,14.0,16.5925,18.99,21.95,29.179,17.435,18.28,18.99,3.1429,1.8333,0.7667,0.2973,0.7432,0.9324,16.8256,37.6322,49.36,Stable,24.92,41.81,72.38,74.32
White Flare,112,Vanillish,Illustration Rare,0.16666666666666666,6035.400000000001,0.0023809523809523807,False,False,True,0.41700000000000004,6.75,2,102,17,51,80,16.735,17.396,1.99,34.99,5.926,10.991,14.0,16.735,19.9975,25.0,15.44,17.0,16.995,2.4286,1.7,0.8889,0.1667,0.5,0.7843,29.7649,71.2145,43.2,Stable,25.86,40.85,65.93,50.0
White Flare,113,Vanilluxe,Illustration Rare,0.16666666666666666,6035.400000000001,0.0023809523809523807,False,False,True,0.446,14.16,10,43,9,14,37,49.99,49.7958,12.0,85.02,15.748,31.998,45.0,49.99,55.0,67.576,47.99,48.995,49.99,1.2857,0.4667,0.4111,0.2093,0.3256,0.8605,53.4298,64.0738,34.65,Cooling,2.21,46.0,68.37,32.56
White Flare,114,Blitzle,Illustration Rare,0.16666666666666666,6035.400000000001,0.0023809523809523807,False,False,True,0.47700000000000004,7.2,2,112,15,48,87,12.0,12.8861,1.0,25.0,4.277,8.0,10.0,12.0,15.0,18.969,11.99,13.46,12.0,2.1429,1.6,0.9667,0.1339,0.4286,0.7768,37.6528,97.6078,44.72,Stable,26.04,49.92,66.81,42.86
White Flare,115,Zebstrika,Illustration Rare,0.16666666666666666,6035.400000000001,0.0023809523809523807,False,False,True,0.573,19.91,3,66,12,23,46,30.0,31.3482,12.0,60.0,8.8189,23.0,27.2475,30.0,36.6375,39.995,29.5,31.95,30.355,1.7143,0.7667,0.5111,0.1818,0.3485,0.697,49.5489,104.2828,37.2,Cooling,5.68,47.18,71.87,34.85
White Flare,116,Joltik,Illustration Rare,0.16666666666666666,6035.400000000001,0.0023809523809523807,False,False,True,0.609,19.7,8,95,15,55,91,37.99,38.9939,15.17,70.0,8.9557,30.196,32.995,37.99,41.89,50.0,37.49,35.0,37.49,2.1429,1.8333,1.0111,0.1579,0.5789,0.9579,27.582,35.1897,51.08,Stable,30.33,50.0,77.03,57.89
White Flare,117,Galvantula,Illustration Rare,0.16666666666666666,6035.400000000001,0.0023809523809523807,False,False,True,0.564,15.58,2,59,6,30,46,21.62,23.658,1.99,41.0,6.7172,18.5,19.975,21.62,26.27,32.6,23.95,22.785,21.255,0.8571,1.0,0.5111,0.1017,0.5085,0.7797,29.5931,80.089,45.81,Stable,8.38,62.68,71.61,50.85
White Flare,118,Stunfisk,Illustration Rare,0.16666666666666666,6035.400000000001,0.0023809523809523807,False,False,True,0.33,4.31,1,125,19,56,93,7.97,7.8429,1.39,14.0,2.2033,5.0,6.49,7.97,9.0,10.12,7.99,7.99,7.99,2.7143,1.8667,1.0333,0.152,0.448,0.744,37.5001,85.5575,47.69,Stable,31.17,50.0,71.91,44.8
White Flare,119,Woobat,Illustration Rare,0.16666666666666666,6035.400000000001,0.0023809523809523807,False,False,True,0.397,7.43,2,107,9,47,84,17.5,18.3662,4.25,35.0,5.3725,12.794,15.0,17.5,19.995,25.396,16.93,17.99,17.97,1.2857,1.5667,0.9333,0.0841,0.4393,0.785,37.2316,79.9443,43.64,Stable,24.81,44.21,70.75,43.93
White Flare,120,Swoobat,Illustration Rare,0.16666666666666666,6035.400000000001,0.0023809523809523807,False,False,True,0.405,6.4,4,122,14,56,91,16.0,16.2341,1.0,30.0,5.1322,10.927,14.975,16.0,18.9975,21.999,15.0,15.795,16.45,2.0,1.8667,1.0111,0.1148,0.459,0.7459,34.062,83.3421,44.4,Stable,30.63,41.19,68.39,45.9
White Flare,121,Sigilyph,Illustration Rare,0.16666666666666666,6035.400000000001,0.0023809523809523807,False,False,True,0.47700000000000004,7.01,7,153,23,59,111,13.79,14.2232,5.99,27.29,4.0611,10.0,11.99,13.79,15.99,19.948,13.0,13.8,13.8,3.2857,1.9667,1.2333,0.1503,0.3856,0.7255,44.403,91.2441,46.11,Stable,36.17,44.2,71.45,38.56
White Flare,122,Yamask,Illustration Rare,0.16666666666666666,6035.400000000001,0.0023809523809523807,False,False,True,0.542,5.19,5,151,22,60,108,12.95,13.2915,0.99,25.0,4.6632,7.44,10.075,12.95,15.56,20.0,11.99,12.99,12.99,3.1429,2.0,1.2,0.1457,0.3974,0.7152,38.4773,93.6856,44.43,Stable,36.01,42.3,64.92,39.74
White Flare,123,Cofagrigus,Illustration Rare,0.16666666666666666,6035.400000000001,0.0023809523809523807,False,False,True,0.59,16.27,3,79,16,42,66,29.99,31.4349,19.99,58.9,8.2055,22.896,25.495,29.99,34.5,44.03,30.295,30.0,29.99,2.2857,1.4,0.7333,0.2025,0.5316,0.8354,27.9504,59.7244,46.12,Stable,18.01,51.02,73.9,53.16
White Flare,124,Gothita,Illustration Rare,0.16666666666666666,6035.400000000001,0.0023809523809523807,False,False,True,0.294,13.03,7,82,20,44,71,26.495,28.7517,12.0,50.0,6.7847,22.955,24.01,26.495,32.9175,38.904,25.71,25.905,26.0,2.8571,1.4667,0.7889,0.2439,0.5366,0.8659,27.3633,55.1425,46.85,Stable,20.58,48.88,76.4,53.66
White Flare,125,Gothorita,Illustration Rare,0.16666666666666666,6035.400000000001,0.0023809523809523807,False,False,True,0.37799999999999995,10.82,5,101,15,47,80,20.0,22.2745,12.5,40.0,5.8455,15.0,18.0,20.0,25.43,30.0,23.26,20.99,20.0,2.1429,1.5667,0.8889,0.1485,0.4653,0.7921,31.5603,74.0516,51.16,Stable,24.03,66.3,73.76,46.53
White Flare,126,Frillish,Illustration Rare,0.16666666666666666,6035.400000000001,0.0023809523809523807,False,False,True,0.44,13.52,4,148,15,43,77,16.0,17.1377,8.0,31.0,4.4787,12.0,14.9,16.0,18.99,22.597,15.71,16.0,16.99,2.1429,1.4333,0.8556,0.1014,0.2905,0.5203,83.5619,132.5085,39.7,Cooling,21.25,42.47,73.87,29.05
White Flare,127,Roggenrola,Illustration Rare,0.16666666666666666,6035.400000000001,0.0023809523809523807,False,False,True,0.424,5.31,2,149,21,68,121,13.99,13.9279,3.99,25.4,4.4374,8.392,11.0,13.99,15.99,19.99,13.0,13.235,13.99,3.0,2.2667,1.3444,0.1409,0.4564,0.8121,33.9885,74.7006,47.92,Stable,40.94,42.92,68.14,45.64
White Flare,128,Boldore,Illustration Rare,0.16666666666666666,6035.400000000001,0.0023809523809523807,False,False,True,0.433,5.21,2,169,21,68,118,7.23,7.6162,3.5,15.0,2.3699,5.0,5.99,7.23,8.99,10.896,6.99,6.99,7.185,3.0,2.2667,1.3111,0.1243,0.4024,0.6982,45.8488,88.3328,48.19,Stable,40.6,47.29,68.88,40.24
White Flare,129,Gigalith,Illustration Rare,0.16666666666666666,6035.400000000001,0.0023809523809523807,False,False,True,0.536,17.08,6,94,14,39,64,19.99,21.444,10.0,34.99,4.9203,16.0,18.99,19.99,24.2975,29.99,19.995,19.99,19.99,2.0,1.3,0.7111,0.1489,0.4149,0.6809,40.6778,91.7029,43.52,Stable,16.0,50.03,77.06,41.49
White Flare,130,Sawk,Illustration Rare,0.16666666666666666,6035.400000000001,0.0023809523809523807,False,False,True,0.355,7.66,10,110,22,63,91,16.0,16.5687,1.0,32.0,4.8044,11.315,14.0475,16.0,19.77,20.099,14.99,14.99,16.0,3.1429,2.1,1.0111,0.2,0.5727,0.8273,25.1973,67.5739,48.65,Stable,32.95,43.69,71.0,57.27
White Flare,131,Archen,Illustration Rare,0.16666666666666666,6035.400000000001,0.0023809523809523807,False,False,True,0.524,5.41,2,136,19,55,82,12.0,12.3593,5.0,20.93,3.6012,7.98,9.99,12.0,14.495,17.24,11.99,13.0,12.99,2.7143,1.8333,0.9111,0.1397,0.4044,0.6029,43.6129,122.6302,43.36,Stable,28.02,42.3,70.86,40.44
White Flare,132,Archeops,Illustration Rare,0.16666666666666666,6035.400000000001,0.0023809523809523807,False,False,True,0.562,6.95,8,108,9,43,81,15.015,16.2311,2.81,30.0,5.3018,9.997,13.99,15.015,17.99,22.89,14.99,15.0,15.25,1.2857,1.4333,0.9,0.0833,0.3981,0.75,37.2924,98.5698,42.58,Stable,22.2,48.3,67.34,39.81
White Flare,133,Mienfoo,Illustration Rare,0.16666666666666666,6035.400000000001,0.0023809523809523807,False,False,True,0.467,7.22,5,104,20,52,82,16.085,16.7971,6.81,33.0,4.6914,11.0,14.0,16.085,19.2475,21.584,16.03,16.055,16.55,2.8571,1.7333,0.9111,0.1923,0.5,0.7885,29.658,74.0093,46.47,Stable,26.68,46.86,72.07,50.0
White Flare,134,Mienshao,Illustration Rare,0.16666666666666666,6035.400000000001,0.0023809523809523807,False,False,True,0.563,5.66,4,163,14,60,104,10.95,11.3571,5.19,23.0,3.4349,7.254,9.0,10.95,13.0,15.95,10.495,10.945,10.99,2.0,2.0,1.1556,0.0859,0.3681,0.638,47.8046,112.1267,45.5,Stable,35.12,45.5,69.76,36.81
White Flare,135,Terrakion,Illustration Rare,0.16666666666666666,6035.400000000001,0.0023809523809523807,False,False,True,0.385,16.21,1,54,12,37,49,29.99,32.2613,15.17,59.0,8.2253,24.762,27.9925,29.99,35.99,41.53,28.28,29.99,29.99,1.7143,1.2333,0.5444,0.2222,0.6852,0.9074,21.6007,36.2871,45.44,Stable,11.82,44.3,74.5,68.52
White Flare,136,Purrloin,Illustration Rare,0.16666666666666666,6035.400000000001,0.0023809523809523807,False,False,True,0.45399999999999996,9.4,7,84,20,43,69,22.99,23.9738,4.5,42.0,6.3178,18.297,20.0,22.99,27.9925,31.746,20.5,21.99,22.99,2.8571,1.4333,0.7667,0.2381,0.5119,0.8214,29.6279,65.1228,42.52,Stable,19.35,39.17,73.65,51.19
White Flare,137,Liepard,Illustration Rare,0.16666666666666666,6035.400000000001,0.0023809523809523807,False,False,True,0.475,15.86,10,60,19,37,53,55.0,56.5572,12.0,115.0,19.2373,44.99,48.75,55.0,64.1175,70.999,50.0,55.0,55.15,2.7143,1.2333,0.5889,0.3167,0.6167,0.8833,16.2523,52.7101,41.5,Stable,12.57,40.66,65.99,61.67
White Flare,138,Scraggy,Illustration Rare,0.16666666666666666,6035.400000000001,0.0023809523809523807,False,False,True,0.504,9.64,7,106,28,66,95,23.0,24.0126,8.71,42.0,6.029,18.495,19.99,23.0,27.3575,30.92,20.545,22.325,23.0,4.0,2.2,1.0556,0.2642,0.6226,0.8962,24.9409,42.5402,49.79,Stable,35.19,39.33,74.89,62.26
White Flare,139,Scrafty,Illustration Rare,0.16666666666666666,6035.400000000001,0.0023809523809523807,False,False,True,0.48200000000000004,11.83,5,54,14,36,48,30.495,30.8885,5.0,53.0,8.9211,24.99,25.0,30.495,35.0,39.832,31.49,29.995,30.99,2.0,1.2,0.5333,0.2593,0.6667,0.8889,20.4899,45.8214,46.42,Stable,11.25,51.61,71.12,66.67
White Flare,140,Trubbish,Illustration Rare,0.16666666666666666,6035.400000000001,0.0023809523809523807,False,False,True,0.41100000000000003,5.91,5,83,14,43,68,19.99,19.4048,0.99,39.0,7.4211,14.974,15.995,19.99,20.99,29.462,19.99,19.99,19.99,2.0,1.4333,0.7556,0.1687,0.5181,0.8193,27.645,59.3139,43.44,Stable,19.08,50.0,61.76,51.81
White Flare,141,Garbodor,Illustration Rare,0.16666666666666666,6035.400000000001,0.0023809523809523807,False,False,True,0.389,15.47,2,49,10,22,40,22.0,24.0937,18.95,39.99,5.3265,19.99,20.0,22.0,26.35,32.59,21.9,22.0,22.0,1.4286,0.7333,0.4444,0.2041,0.449,0.8163,37.7307,47.5607,40.74,Stable,4.4,49.55,77.89,44.9
White Flare,142,Zorua,Illustration Rare,0.16666666666666666,6035.400000000001,0.0023809523809523807,False,False,True,0.718,21.1,8,142,30,74,128,49.98,50.2416,12.0,100.0,13.5526,39.99,44.99,49.98,54.9975,62.96,47.99,47.995,49.99,4.2857,2.4667,1.4222,0.2113,0.5211,0.9014,25.1492,55.6403,51.98,Stable,43.84,46.0,73.03,52.11
White Flare,143,Zoroark,Illustration Rare,0.16666666666666666,6035.400000000001,0.0023809523809523807,False,False,True,0.725,41.66,13,88,18,48,74,83.48,86.431,8.25,167.15,25.767,69.99,77.99,83.48,91.05,108.6,76.5,79.99,83.48,2.5714,1.6,0.8222,0.2045,0.5455,0.8409,22.0267,59.4473,44.3,Stable,22.87,41.64,70.19,54.55
White Flare,144,Vullaby,Illustration Rare,0.16666666666666666,6035.400000000001,0.0023809523809523807,False,False,True,0.272,5.85,1,90,17,43,61,10.99,11.1817,5.38,20.0,3.664,6.0,8.7575,10.99,13.6,16.099,11.53,11.0,11.7,2.4286,1.4333,0.6778,0.1889,0.4778,0.6778,32.6873,101.2161,42.74,Stable,17.25,48.55,67.23,47.78
White Flare,145,Mandibuzz,Illustration Rare,0.16666666666666666,6035.400000000001,0.0023809523809523807,False,False,True,0.384,5.37,6,147,17,57,104,11.0,11.4676,3.5,24.0,3.5271,6.5,9.7,11.0,13.49,14.994,12.99,12.35,12.35,2.4286,1.9,1.1556,0.1156,0.3878,0.7075,43.525,97.8828,48.43,Stable,34.23,55.18,69.24,38.78
White Flare,146,Deino,Illustration Rare,0.16666666666666666,6035.400000000001,0.0023809523809523807,False,False,True,0.537,10.77,9,95,14,44,72,19.99,21.1262,1.0,40.0,6.7306,14.994,18.0,19.99,22.49,30.19,19.99,19.99,19.99,2.0,1.4667,0.8,0.1474,0.4632,0.7579,31.5557,83.9754,44.13,Stable,20.79,50.0,68.14,46.32
White Flare,147,Zweilous,Illustration Rare,0.16666666666666666,6035.400000000001,0.0023809523809523807,False,False,True,0.5379999999999999,5.99,8,135,23,57,94,14.45,14.5374,2.07,27.99,4.4943,9.994,11.99,14.45,16.13,19.996,14.0,14.45,14.95,3.2857,1.9,1.0444,0.1704,0.4222,0.6963,38.7365,109.9186,44.91,Stable,31.86,43.65,69.08,42.22
White Flare,148,Ferroseed,Illustration Rare,0.16666666666666666,6035.400000000001,0.0023809523809523807,False,False,True,0.34600000000000003,4.7,3,188,19,63,124,7.99,8.2473,3.0,14.74,2.2553,5.105,6.88,7.99,9.99,10.99,7.99,7.99,8.035,2.7143,2.1,1.3778,0.1011,0.3351,0.6596,45.6215,105.3089,47.92,Stable,39.5,49.44,72.65,33.51
White Flare,149,Ferrothorn,Illustration Rare,0.16666666666666666,6035.400000000001,0.0023809523809523807,False,False,True,0.43799999999999994,10.47,3,41,5,21,34,22.39,24.048,9.5,45.0,7.3157,17.95,19.99,22.39,26.99,34.99,19.0,20.0,20.97,0.7143,0.7,0.3778,0.122,0.5122,0.8293,24.7695,70.9485,37.29,Cooling,3.15,40.61,69.58,51.22
White Flare,150,Durant,Illustration Rare,0.16666666666666666,6035.400000000001,0.0023809523809523807,False,False,True,0.389,5.37,10,136,19,65,93,13.115,13.3924,1.35,27.5,4.7706,7.165,10.0,13.115,15.3825,19.99,11.48,13.81,13.15,2.7143,2.1667,1.0333,0.1397,0.4779,0.6838,30.701,100.8622,43.92,Stable,34.32,37.3,64.38,47.79
White Flare,151,Druddigon,Illustration Rare,0.16666666666666666,6035.400000000001,0.0023809523809523807,False,False,True,0.485,14.39,12,122,25,66,104,29.99,30.3148,0.99,59.9,7.86,24.095,26.99,29.99,33.105,37.92,28.0,29.005,29.995,3.5714,2.2,1.1556,0.2049,0.541,0.8525,23.8293,53.7676,49.82,Stable,37.27,43.35,74.07,54.1
White Flare,152,Patrat,Illustration Rare,0.16666666666666666,6035.400000000001,0.0023809523809523807,False,False,True,0.27699999999999997,8.9,7,64,13,36,48,15.0,15.4048,0.99,30.0,5.4447,10.15,12.895,15.0,17.99,19.997,13.77,14.99,14.995,1.8571,1.2,0.5333,0.2031,0.5625,0.75,25.0294,99.8548,40.11,Stable,11.25,41.83,64.66,56.25
White Flare,153,Watchog,Illustration Rare,0.16666666666666666,6035.400000000001,0.0023809523809523807,False,False,True,0.22899999999999998,5.04,4,147,20,71,106,10.99,11.2335,5.0,22.99,3.7813,6.5,8.99,10.99,13.0,15.994,10.0,11.35,11.495,2.8571,2.3667,1.1778,0.1361,0.483,0.7211,32.7901,86.935,45.87,Stable,39.48,36.99,66.34,48.3
White Flare,154,Lillipup,Illustration Rare,0.16666666666666666,6035.400000000001,0.0023809523809523807,False,False,True,0.46299999999999997,14.06,4,116,21,58,93,39.99,39.4966,1.35,70.0,11.6203,29.995,35.0,39.99,45.0,50.84,39.99,40.0,39.99,3.0,1.9333,1.0333,0.181,0.5,0.8017,29.1052,74.5139,48.69,Stable,31.9,50.0,70.58,50.0
White Flare,155,Herdier,Illustration Rare,0.16666666666666666,6035.400000000001,0.0023809523809523807,False,False,True,0.461,10.37,6,96,11,41,69,19.995,22.1126,1.35,39.99,6.4602,15.995,18.8175,19.995,26.585,30.0,18.99,19.99,19.99,1.5714,1.3667,0.7667,0.1146,0.4271,0.7188,35.8701,107.7871,41.73,Stable,18.44,45.0,70.78,42.71
White Flare,156,Stoutland,Illustration Rare,0.16666666666666666,6035.400000000001,0.0023809523809523807,False,False,True,0.508,14.89,6,61,9,22,42,35.0,36.4569,12.0,59.95,10.2841,28.99,30.0,35.0,41.0,50.0,35.0,34.99,34.995,1.2857,0.7333,0.4667,0.1475,0.3607,0.6885,53.4298,79.204,37.95,Cooling,4.59,50.01,71.79,36.07
White Flare,157,Whimsicott ex,Ultra Rare,0.058823529411764705,1954.32,0.007352941176470588,False,False,True,0.61,1.01,6,884,59,197,416,2.5,2.6567,0.99,5.46,0.9188,1.53,1.99,2.5,3.0,3.99,2.49,2.49,2.49,8.4286,6.5667,4.6222,0.0667,0.2229,0.4706,97.8777,135.5198,56.54,Stable,80.01,50.0,65.42,22.29
White Flare,158,Reshiram ex,Ultra Rare,0.058823529411764705,1954.32,0.007352941176470588,False,False,True,0.71,3.98,15,385,46,127,220,5.0,5.7319,0.73,11.62,1.8424,3.99,4.49,5.0,6.72,8.746,4.99,5.0,4.99,6.5714,4.2333,2.4444,0.1195,0.3299,0.5714,62.282,126.4638,53.74,Stable,61.89,50.0,67.86,32.99
White Flare,159,Keldeo ex,Ultra Rare,0.058823529411764705,1954.32,0.007352941176470588,False,False,True,0.578,1.15,10,700,61,183,352,2.99,3.0738,1.2,6.0,1.0129,1.99,2.24,2.99,3.75,4.5,2.99,2.99,2.99,8.7143,6.1,3.9111,0.0871,0.2614,0.5029,88.7121,131.9996,56.14,Stable,75.01,50.0,67.05,26.14
White Flare,160,Jellicent ex,Ultra Rare,0.058823529411764705,1954.32,0.007352941176470588,False,False,True,0.41,1.92,4,878,44,191,412,2.5,2.7181,0.99,5.9,1.0345,1.5,1.99,2.5,3.0825,4.003,2.46,2.39,2.225,6.2857,6.3667,4.5778,0.0501,0.2175,0.4692,99.128,134.4959,58.64,Stable,79.12,60.56,61.94,21.75
White Flare,161,Hydreigon ex,Ultra Rare,0.058823529411764705,1954.32,0.007352941176470588,False,False,True,0.6629999999999999,1.33,7,784,62,199,385,2.895,2.8729,0.99,5.83,0.9549,1.9,2.0,2.895,3.43,4.014,2.545,2.73,2.69,8.8571,6.6333,4.2778,0.0791,0.2538,0.4911,92.9385,129.2626,55.42,Stable,78.69,44.61,66.76,25.38
White Flare,162,Bouffalant ex,Ultra Rare,0.058823529411764705,1954.32,0.007352941176470588,False,False,True,0.359,0.87,4,879,58,197,404,2.29,2.4088,0.72,4.98,0.804,1.498,1.945,2.29,2.99,3.5,2.22,2.0,2.19,8.2857,6.5667,4.4889,0.066,0.2241,0.4596,103.4994,133.48,57.04,Stable,79.42,51.37,66.62,22.41
White Flare,163,Harlequin,Ultra Rare,0.058823529411764705,1954.32,0.007352941176470588,False,False,False,0.0,1.05,2,755,50,177,361,2.88,2.9057,0.77,5.92,1.0296,1.916,2.0,2.88,3.5,4.296,2.49,2.49,2.5,7.1429,5.9,4.0111,0.0662,0.2344,0.4781,93.9062,132.0034,54.97,Stable,74.97,49.6,64.57,23.44
White Flare,164,Hilda,Ultra Rare,0.058823529411764705,1954.32,0.007352941176470588,False,False,False,0.0,14.34,17,617,51,197,385,14.0,14.5613,1.5,29.5,3.5883,10.784,11.99,14.0,16.0,19.99,13.0,12.98,13.98,7.2857,6.5667,4.2778,0.0827,0.3193,0.624,62.7003,113.9638,57.91,Stable,78.53,42.99,75.36,31.93
White Flare,165,Whimsicott ex,Special Illustration Rare,0.0125,8047.2,0.0017857142857142859,False,False,True,0.61,30.74,14,124,19,49,83,30.0,32.9335,2.5,60.32,10.1593,24.99,26.0,30.0,37.39,45.0,30.99,30.99,30.99,2.7143,1.6333,0.9222,0.1532,0.3952,0.6694,45.5507,100.4401,44.37,Stable,25.45,50.0,69.15,39.52
White Flare,166,Reshiram ex,Special Illustration Rare,0.0125,8047.2,0.0017857142857142859,True,False,True,0.71,196.97,57,144,30,75,108,225.675,234.8802,1.97,500.0,113.3773,80.6,200.0,225.675,283.9225,374.655,222.5,229.99,228.17,4.2857,2.5,1.2,0.2083,0.5208,0.75,25.5887,91.1929,47.31,Stable,40.96,47.52,51.73,52.08
White Flare,167,Keldeo ex,Special Illustration Rare,0.0125,8047.2,0.0017857142857142859,True,False,True,0.578,59.95,35,115,25,60,91,84.0,86.2977,1.49,179.95,32.7071,64.994,74.475,84.0,99.995,122.996,79.99,79.995,81.99,3.5714,2.0,1.0111,0.2174,0.5217,0.7913,27.6381,75.5142,46.7,Stable,31.93,47.56,62.1,52.17
White Flare,168,Jellicent ex,Special Illustration Rare,0.0125,8047.2,0.0017857142857142859,True,False,True,0.41,48.79,11,172,19,55,100,34.79,35.9524,2.18,68.21,11.1782,25.0,29.99,34.79,40.0,54.352,31.89,31.89,32.97,2.7143,1.8333,1.1111,0.1105,0.3198,0.5814,59.4082,129.3455,43.96,Stable,32.57,46.72,68.91,31.98
White Flare,169,Hydreigon ex,Special Illustration Rare,0.0125,8047.2,0.0017857142857142859,True,False,True,0.6629999999999999,79.91,34,136,23,56,101,94.995,97.9341,2.0,208.83,38.7935,75.0,83.31,94.995,110.1125,135.04,83.58,88.595,91.99,3.2857,1.8667,1.1222,0.1691,0.4118,0.7426,38.1645,87.9235,42.51,Stable,33.14,40.86,60.39,41.18
White Flare,170,Bouffalant ex,Special Illustration Rare,0.0125,8047.2,0.0017857142857142859,False,False,True,0.359,19.36,9,163,26,64,101,20.0,22.751,10.0,44.34,6.1118,16.1,19.0,20.0,25.0,30.0,20.0,20.0,20.0,3.7143,2.1333,1.1222,0.1595,0.3926,0.6196,50.9595,114.5443,48.28,Stable,35.99,50.0,73.14,39.26
White Flare,171,Hilda,Special Illustration Rare,0.0125,8047.2,0.0017857142857142859,True,False,False,0.0,81.46,10,218,32,82,146,62.02,65.1832,2.0,125.0,16.2748,50.0,55.0,62.02,71.04,85.0,51.995,56.65,60.0,4.5714,2.7333,1.6222,0.1468,0.3761,0.6697,47.085,104.256,47.93,Stable,48.01,36.66,75.03,37.61
White Flare,172,Victini,Black White Rare,0.002,14370.0,0.001,True,False,True,0.705,460.95,26,64,18,37,51,716.0,925.2056,0.72,1899.0,499.5507,526.497,600.0,716.0,1499.9925,1676.5,699.5,699.0,699.0,2.5714,1.2333,0.5667,0.2812,0.5781,0.7969,20.7096,85.5032,39.45,Cooling,12.23,50.07,46.01,57.81
White Flare,173,Reshiram ex,Black White Rare,0.002,14370.0,0.001,True,False,True,0.71,437.65,70,121,31,59,97,600.0,723.6083,3.0,1549.99,391.4372,400.0,500.0,600.0,879.95,1399.99,600.0,600.0,600.0,4.4286,1.9667,1.0778,0.2562,0.4876,0.8017,31.9334,69.0108,43.88,Stable,33.16,50.0,45.9,48.76
Black Bolt,087,Snivy,Illustration Rare,0.16666666666666666,6205.86,0.0024154589371980675,False,False,True,0.659,19.74,14,205,37,75,127,26.55,27.5658,1.15,59.0,12.3403,12.396,17.88,26.55,36.33,45.0,33.0,32.0,32.0,5.2857,2.5,1.4111,0.1805,0.3659,0.6195,52.4712,136.076,47.49,Stable,43.95,53.12,55.23,36.59
Black Bolt,088,Servine,Illustration Rare,0.16666666666666666,6205.86,0.0024154589371980675,False,False,True,0.5820000000000001,11.99,53,224,21,64,137,18.99,18.2717,0.99,37.98,7.1663,9.682,13.99,18.99,22.0,27.492,19.09,19.99,19.76,3.0,2.1333,1.5222,0.0938,0.2857,0.6116,59.303,133.1142,44.46,Stable,42.01,46.61,60.78,28.57
Black Bolt,089,Pansage,Illustration Rare,0.16666666666666666,6205.86,0.0024154589371980675,False,False,True,0.375,7.46,10,211,27,81,163,24.99,23.6283,1.95,45.99,9.9319,9.99,14.165,24.99,30.0,36.1,22.0,24.99,27.55,3.8571,2.7,1.8111,0.128,0.3839,0.7725,41.9462,96.2602,43.13,Stable,49.68,29.85,57.97,38.39
Black Bolt,090,Simisage,Illustration Rare,0.16666666666666666,6205.86,0.0024154589371980675,False,False,True,0.342,6.42,6,228,15,53,124,10.895,11.7229,3.26,25.0,4.7463,6.5,7.99,10.895,14.56,19.0,13.99,12.99,12.675,2.1429,1.7667,1.3778,0.0658,0.2325,0.5439,70.5512,150.7227,45.45,Stable,35.94,60.37,59.51,23.25
Black Bolt,091,Petilil,Illustration Rare,0.16666666666666666,6205.86,0.0024154589371980675,False,False,True,0.48100000000000004,8.0,8,160,30,64,125,29.07,29.1856,1.89,59.99,11.7333,13.946,20.7875,29.07,35.0,44.99,28.0,29.07,30.75,4.2857,2.1333,1.3889,0.1875,0.4,0.7812,35.3213,93.5863,44.35,Stable,40.23,41.06,59.8,40.0
Black Bolt,092,Lilligant,Illustration Rare,0.16666666666666666,6205.86,0.0024154589371980675,False,False,True,0.621,17.39,7,154,21,68,111,47.49,43.6681,0.99,99.99,23.3622,16.99,21.025,47.49,60.75,72.69,56.6,55.0,54.99,3.0,2.2667,1.2333,0.1364,0.4416,0.7208,39.127,106.9745,45.85,Stable,39.48,52.93,46.5,44.16
Black Bolt,093,Maractus,Illustration Rare,0.16666666666666666,6205.86,0.0024154589371980675,False,False,True,0.515,3.33,5,237,21,84,138,7.24,7.4416,2.03,15.0,2.8994,3.95,4.99,7.24,9.54,11.16,7.0,7.655,7.995,3.0,2.8,1.5333,0.0886,0.3544,0.5823,52.6077,128.7973,44.88,Stable,47.72,37.55,61.04,35.44
Black Bolt,094,Karrablast,Illustration Rare,0.16666666666666666,6205.86,0.0024154589371980675,False,False,True,0.318,10.43,17,198,24,77,144,19.99,20.1437,5.14,40.0,6.9186,10.987,14.9925,19.99,23.9975,29.788,19.77,19.99,20.0,3.4286,2.5667,1.6,0.1212,0.3889,0.7273,39.6154,105.7301,49.52,Stable,46.51,48.85,65.65,38.89
Black Bolt,095,Foongus,Illustration Rare,0.16666666666666666,6205.86,0.0024154589371980675,False,False,True,0.48,7.33,11,157,25,67,113,19.99,20.2662,3.48,39.99,7.0319,10.99,14.79,19.99,24.99,29.99,19.0,20.0,20.0,3.5714,2.2333,1.2556,0.1592,0.4268,0.7197,39.1867,103.0069,46.85,Stable,39.18,45.0,65.3,42.68
Black Bolt,096,Amoonguss,Illustration Rare,0.16666666666666666,6205.86,0.0024154589371980675,False,False,True,0.485,15.05,8,160,25,74,107,33.5,31.5416,6.0,65.0,16.8459,11.779,13.9975,33.5,47.125,52.0,39.99,40.93,42.0,3.5714,2.4667,1.1889,0.1562,0.4625,0.6687,41.4423,109.4005,44.3,Stable,40.55,45.21,46.59,46.25
Black Bolt,097,Darumaka,Illustration Rare,0.16666666666666666,6205.86,0.0024154589371980675,False,False,True,0.43,7.6,6,113,19,62,91,16.99,17.0123,0.99,35.16,5.8186,10.864,12.99,16.99,19.95,23.16,16.0,17.99,17.12,2.7143,2.0667,1.0111,0.1681,0.5487,0.8053,26.6016,71.5113,46.92,Stable,32.5,43.46,65.8,54.87
Black Bolt,098,Darmanitan,Illustration Rare,0.16666666666666666,6205.86,0.0024154589371980675,False,False,True,0.473,7.26,5,143,23,70,103,14.0,14.5205,0.99,29.0,3.9592,10.0,12.0,14.0,16.75,19.99,12.99,13.995,14.0,3.2857,2.3333,1.1444,0.1608,0.4895,0.7203,31.6681,98.7224,48.7,Stable,38.43,42.79,72.73,48.95
Black Bolt,099,Larvesta,Illustration Rare,0.16666666666666666,6205.86,0.0024154589371980675,False,False,True,0.54,9.18,3,121,25,64,98,16.25,17.5568,9.6,34.99,5.0104,12.0,14.99,16.25,19.25,21.25,15.0,16.145,16.455,3.5714,2.1333,1.0889,0.2066,0.5289,0.8099,26.6735,71.2921,47.8,Stable,35.26,41.16,71.46,52.89
Black Bolt,100,Volcarona,Illustration Rare,0.16666666666666666,6205.86,0.0024154589371980675,False,False,True,0.649,29.4,3,68,10,28,46,60.0,45.4962,0.99,115.0,31.2953,1.0,3.75,60.0,67.285,74.993,63.75,65.0,65.0,1.4286,0.9333,0.5111,0.1471,0.4118,0.6765,40.2445,96.6136,31.14,Cooling,7.46,48.08,31.21,41.18
Black Bolt,101,Panpour,Illustration Rare,0.16666666666666666,6205.86,0.0024154589371980675,False,False,True,0.38299999999999995,6.47,3,93,18,46,81,17.25,17.6205,4.99,32.0,4.2885,13.004,15.5,17.25,19.99,21.902,17.24,17.675,17.5,2.5714,1.5333,0.9,0.1935,0.4946,0.871,30.6801,61.3844,46.73,Stable,23.85,48.51,75.66,49.46
Black Bolt,102,Simipour,Illustration Rare,0.16666666666666666,6205.86,0.0024154589371980675,False,False,True,0.312,7.29,2,138,20,68,101,14.99,15.0883,6.0,26.5,4.0206,9.805,12.99,14.99,17.94,19.99,14.795,14.99,14.99,2.8571,2.2667,1.1222,0.1449,0.4928,0.7319,30.6468,90.5305,50.36,Stable,37.43,48.7,73.35,49.28
Black Bolt,103,Tympole,Illustration Rare,0.16666666666666666,6205.86,0.0024154589371980675,False,False,True,0.324,6.33,2,85,12,44,67,17.99,18.7692,1.69,34.99,5.3076,14.984,15.95,17.99,20.07,25.0,17.495,17.81,17.93,1.7143,1.4667,0.7444,0.1412,0.5176,0.7882,25.0476,74.3665,44.81,Stable,19.47,47.57,71.72,51.76
Black Bolt,104,Palpitoad,Illustration Rare,0.16666666666666666,6205.86,0.0024154589371980675,False,False,True,0.315,6.4,6,144,22,77,127,18.0,19.2935,4.99,37.98,5.5573,13.993,15.225,18.0,21.4875,26.732,15.495,17.49,18.0,3.1429,2.5667,1.4111,0.1528,0.5347,0.8819,26.4985,63.3941,49.06,Stable,44.34,36.08,71.2,53.47
Black Bolt,105,Seismitoad,Illustration Rare,0.16666666666666666,6205.86,0.0024154589371980675,True,False,True,0.39899999999999997,166.29,59,75,23,47,64,275.0,272.0485,7.26,599.99,140.756,24.268,224.625,275.0,314.875,487.4,270.0,280.0,277.35,3.2857,1.5667,0.7111,0.3067,0.6267,0.8533,14.6531,64.8979,42.4,Stable,20.04,47.35,48.26,62.67
Black Bolt,106,Tirtouga,Illustration Rare,0.16666666666666666,6205.86,0.0024154589371980675,False,False,True,0.434,13.12,5,109,25,69,100,39.99,40.0832,8.0,64.99,8.5724,30.0,36.0,39.99,44.99,49.984,37.99,39.99,40.0,3.5714,2.3,1.1111,0.2294,0.633,0.9174,16.4307,40.8311,53.1,Stable,37.43,44.98,78.61,63.3
Black Bolt,107,Carracosta,Illustration Rare,0.16666666666666666,6205.86,0.0024154589371980675,False,False,True,0.456,7.42,6,104,14,42,65,15.0,15.9254,3.99,30.0,5.8465,9.428,11.8975,15.0,19.02,24.535,14.245,14.995,15.0,2.0,1.4,0.7222,0.1346,0.4038,0.625,45.787,107.8464,39.52,Cooling,17.64,44.97,63.29,40.38
Black Bolt,108,Alomomola,Illustration Rare,0.16666666666666666,6205.86,0.0024154589371980675,False,False,True,0.302,9.71,4,67,15,38,63,27.59,28.0176,10.0,42.99,6.0275,21.594,24.995,27.59,31.495,34.994,25.0,26.495,27.59,2.1429,1.2667,0.7,0.2239,0.5672,0.9403,24.8314,37.4281,43.78,Stable,15.2,40.61,78.49,56.72
Black Bolt,109,Cubchoo,Illustration Rare,0.16666666666666666,6205.86,0.0024154589371980675,False,False,True,0.447,9.33,8,81,17,44,66,21.95,24.4952,12.0,47.75,7.3695,18.0,20.0,21.95,28.5,31.66,20.0,21.77,21.87,2.4286,1.4667,0.7333,0.2099,0.5432,0.8148,24.8014,76.1501,43.06,Stable,19.26,41.45,69.91,54.32
Black Bolt,110,Beartic,Illustration Rare,0.16666666666666666,6205.86,0.0024154589371980675,False,False,True,0.424,7.01,5,138,21,60,93,11.705,12.482,1.49,22.0,3.7001,8.997,10.0,11.705,14.33,18.29,11.26,11.955,11.49,3.0,2.0,1.0333,0.1522,0.4348,0.6739,37.1182,96.2354,46.91,Stable,32.47,48.0,70.36,43.48
Black Bolt,111,Cryogonal,Illustration Rare,0.16666666666666666,6205.86,0.0024154589371980675,False,False,True,0.406,5.05,5,118,16,53,85,9.99,10.3817,5.0,19.99,2.8463,6.997,8.265,9.99,12.0,14.575,8.895,10.0,9.99,2.2857,1.7667,0.9444,0.1356,0.4492,0.7203,33.5804,86.9028,43.48,Stable,27.57,39.04,72.58,44.92
Black Bolt,112,Emolga,Illustration Rare,0.16666666666666666,6205.86,0.0024154589371980675,False,False,True,0.613,9.56,4,114,22,59,104,21.0,22.0961,1.15,41.72,5.9126,17.0,18.99,21.0,24.99,29.99,19.29,19.99,21.0,3.1429,1.9667,1.1556,0.193,0.5175,0.9123,27.8504,45.6782,48.0,Stable,34.8,41.86,73.24,51.75
Black Bolt,113,Tynamo,Illustration Rare,0.16666666666666666,6205.86,0.0024154589371980675,False,False,True,0.418,12.39,11,125,24,64,89,20.0,22.0184,10.0,41.0,5.8745,15.994,18.89,20.0,24.8,29.996,20.0,20.105,20.0,3.4286,2.1333,0.9889,0.192,0.512,0.712,28.8153,77.5768,49.8,Stable,33.0,50.0,73.32,51.2
Black Bolt,114,Eelektrik,Illustration Rare,0.16666666666666666,6205.86,0.0024154589371980675,False,False,True,0.369,24.28,3,108,13,38,69,24.99,25.2159,0.99,45.0,6.8333,19.99,21.95,24.99,28.515,32.64,24.99,25.0,25.0,1.8571,1.2667,0.7667,0.1204,0.3519,0.6389,48.6732,113.2157,41.69,Stable,16.96,49.96,72.9,35.19
Black Bolt,115,Eelektross,Illustration Rare,0.16666666666666666,6205.86,0.0024154589371980675,False,False,True,0.505,12.28,4,75,14,45,68,31.0,32.1109,0.99,60.0,8.9106,25.0,27.64,31.0,36.0,42.138,31.455,29.99,31.0,2.0,1.5,0.7556,0.1867,0.6,0.9067,20.6109,41.7141,48.0,Stable,20.38,51.47,72.25,60.0
Black Bolt,116,Munna,Illustration Rare,0.16666666666666666,6205.86,0.0024154589371980675,False,False,True,0.39899999999999997,8.2,6,70,19,37,63,20.0,22.4501,12.0,39.99,5.6508,17.0,19.875,20.0,24.99,30.251,20.0,20.0,20.0,2.7143,1.2333,0.7,0.2714,0.5286,0.9,25.2661,51.0591,44.97,Stable,14.79,50.0,74.83,52.86
Black Bolt,117,Musharna,Illustration Rare,0.16666666666666666,6205.86,0.0024154589371980675,False,False,True,0.418,5.96,3,76,16,40,56,13.97,14.3426,7.0,28.48,3.8639,10.0,11.99,13.97,16.4,19.47,12.995,14.12,13.97,2.2857,1.3333,0.6222,0.2105,0.5263,0.7368,26.4798,85.6185,42.45,Stable,14.67,43.02,73.06,52.63
Black Bolt,118,Solosis,Illustration Rare,0.16666666666666666,6205.86,0.0024154589371980675,False,False,True,0.462,12.31,17,141,16,53,92,36.49,39.4879,0.99,79.0,14.2,28.5,33.66,36.49,45.0,60.0,34.495,35.0,35.0,2.2857,1.7667,1.0222,0.1135,0.3759,0.6525,45.479,104.6671,43.78,Stable,29.62,48.56,64.04,37.59
Black Bolt,119,Duosion,Illustration Rare,0.16666666666666666,6205.86,0.0024154589371980675,False,False,True,0.49200000000000005,9.38,5,107,15,46,78,18.99,19.1936,10.0,33.5,4.7694,13.3,15.995,18.99,20.17,25.434,18.17,18.71,18.415,2.1429,1.5333,0.8667,0.1402,0.4299,0.729,33.8471,91.0181,45.15,Stable,23.07,48.67,75.15,42.99
Black Bolt,120,Elgyem,Illustration Rare,0.16666666666666666,6205.86,0.0024154589371980675,False,False,True,0.38799999999999996,7.74,7,130,26,72,102,16.1,16.3899,0.99,33.23,5.199,10.0,14.0,16.1,18.9275,22.015,16.72,16.535,16.535,3.7143,2.4,1.1333,0.2,0.5538,0.7846,22.7251,79.9201,51.73,Stable,38.89,51.12,68.28,55.38
Black Bolt,121,Beheeyem,Illustration Rare,0.16666666666666666,6205.86,0.0024154589371980675,False,False,True,0.39299999999999996,4.53,0,140,16,65,101,8.99,8.9311,2.5,15.99,2.2827,6.405,7.41,8.99,10.0425,11.504,8.75,8.99,9.26,2.2857,2.1667,1.1222,0.1143,0.4643,0.7214,33.0983,98.8149,48.41,Stable,36.28,44.49,74.44,46.43
Black Bolt,122,Golett,Illustration Rare,0.16666666666666666,6205.86,0.0024154589371980675,False,False,True,0.514,6.17,5,126,20,60,105,12.985,12.8042,4.44,24.95,3.9249,7.795,10.0,12.985,14.99,17.995,9.275,12.0,12.99,2.8571,2.0,1.1667,0.1587,0.4762,0.8333,31.9414,72.5497,40.4,Stable,35.3,21.4,69.35,47.62
Black Bolt,123,Golurk,Illustration Rare,0.16666666666666666,6205.86,0.0024154589371980675,False,False,True,0.616,6.29,2,88,20,54,77,17.99,17.9256,9.0,32.27,4.51,13.682,15.0,17.99,19.99,21.64,15.0,16.995,17.79,2.8571,1.8,0.8556,0.2273,0.6136,0.875,20.6605,56.0174,45.39,Stable,26.2,34.32,74.84,61.36
Black Bolt,124,Drilbur,Illustration Rare,0.16666666666666666,6205.86,0.0024154589371980675,False,False,True,0.48100000000000004,5.02,2,166,18,63,117,9.0,9.6382,4.95,18.99,2.5803,6.99,8.0,9.0,10.8475,13.0,8.995,9.0,9.31,2.5714,2.1,1.3,0.1084,0.3795,0.7048,40.0391,104.7874,47.76,Stable,38.48,46.62,73.23,37.95
Black Bolt,125,Timburr,Illustration Rare,0.16666666666666666,6205.86,0.0024154589371980675,False,False,True,0.33,6.55,6,96,20,63,89,21.0,22.9057,2.9,42.0,5.9857,17.0,19.99,21.0,25.215,30.055,19.99,20.0,21.0,2.8571,2.1,0.9889,0.2083,0.6562,0.9271,18.7811,44.7641,51.2,Stable,32.47,45.19,73.87,65.62
Black Bolt,126,Gurdurr,Illustration Rare,0.16666666666666666,6205.86,0.0024154589371980675,False,False,True,0.273,5.27,1,105,12,46,89,14.99,14.9236,0.99,29.99,4.1414,10.0,12.99,14.99,16.71,19.996,13.53,13.99,14.99,1.7143,1.5333,0.9889,0.1143,0.4381,0.8476,38.4975,72.5895,43.07,Stable,25.92,40.26,72.25,43.81
Black Bolt,127,Conkeldurr,Illustration Rare,0.16666666666666666,6205.86,0.0024154589371980675,False,False,True,0.353,14.1,7,49,12,35,47,44.4,45.36,10.14,80.0,12.9367,32.792,39.0,44.4,51.67,60.392,37.875,44.4,44.4,1.7143,1.1667,0.5222,0.2449,0.7143,0.9592,14.6028,29.4126,42.3,Stable,10.43,35.3,71.48,71.43
Black Bolt,128,Throh,Illustration Rare,0.16666666666666666,6205.86,0.0024154589371980675,False,False,True,0.316,4.89,4,151,21,64,103,10.3,10.9093,4.5,20.0,3.0777,7.2,9.295,10.3,12.77,14.99,10.0,10.97,10.95,3.0,2.1333,1.1444,0.1391,0.4238,0.6821,41.2594,115.208,46.16,Stable,36.44,41.32,71.79,42.38
Black Bolt,129,Dwebble,Illustration Rare,0.16666666666666666,6205.86,0.0024154589371980675,False,False,True,0.5429999999999999,26.43,21,113,28,77,100,62.22,63.9352,0.99,127.0,22.1142,50.0,55.0,62.22,69.99,84.838,60.0,60.0,63.76,4.0,2.5667,1.1111,0.2478,0.6814,0.885,20.474,44.025,51.79,Stable,39.5,44.1,65.41,68.14
Black Bolt,130,Crustle,Illustration Rare,0.16666666666666666,6205.86,0.0024154589371980675,False,False,True,0.505,4.96,3,119,11,47,79,9.27,9.6316,2.72,19.0,3.1477,5.978,7.99,9.27,10.995,14.0,9.0,9.12,9.44,1.5714,1.5667,0.8778,0.0924,0.395,0.6639,42.4126,108.7991,42.09,Stable,23.76,45.34,67.32,39.5
Black Bolt,131,Landorus,Illustration Rare,0.16666666666666666,6205.86,0.0024154589371980675,False,False,True,0.408,30.87,12,75,6,35,59,31.0,32.5803,1.49,66.0,10.0098,25.38,28.0,31.0,36.275,45.414,33.5,31.5,30.35,0.8571,1.1667,0.6556,0.08,0.4667,0.7867,32.5641,81.3192,45.24,Stable,13.12,60.38,69.28,46.67
Black Bolt,132,Venipede,Illustration Rare,0.16666666666666666,6205.86,0.0024154589371980675,False,False,True,0.444,5.44,4,117,18,48,83,10.0,10.5954,5.0,20.0,2.8996,7.394,8.5,10.0,12.05,14.0,8.89,9.95,10.75,2.5714,1.6,0.9222,0.1538,0.4103,0.7094,38.632,100.8358,40.05,Stable,25.01,32.7,72.63,41.03
Black Bolt,133,Whirlipede,Illustration Rare,0.16666666666666666,6205.86,0.0024154589371980675,False,False,True,0.46399999999999997,5.09,6,171,17,55,107,9.0,9.3803,4.99,18.95,2.7192,5.99,7.795,9.0,10.495,13.0,9.18,9.46,9.7,2.4286,1.8333,1.1889,0.0994,0.3216,0.6257,56.6261,132.017,44.3,Stable,34.25,44.64,71.01,32.16
Black Bolt,134,Scolipede,Illustration Rare,0.16666666666666666,6205.86,0.0024154589371980675,False,False,True,0.5710000000000001,15.38,4,65,11,36,59,32.66,33.4269,25.0,54.99,5.7329,27.4,29.95,32.66,35.89,41.2,30.0,32.325,32.0,1.5714,1.2,0.6556,0.1692,0.5538,0.9077,22.9147,50.5332,44.85,Stable,13.6,43.75,82.85,55.38
Black Bolt,135,Sandile,Illustration Rare,0.16666666666666666,6205.86,0.0024154589371980675,False,False,True,0.5329999999999999,7.64,7,112,21,63,106,18.825,18.7542,10.86,30.0,3.6882,14.99,15.99,18.825,20.0,23.656,15.61,17.7,18.99,3.0,2.1,1.1778,0.1875,0.5625,0.9464,24.6298,44.8511,47.94,Stable,36.56,32.2,80.33,56.25
Black Bolt,136,Krokorok,Illustration Rare,0.16666666666666666,6205.86,0.0024154589371980675,False,False,True,0.53,5.9,5,124,25,67,94,14.99,15.0863,5.0,30.0,4.522,9.99,12.3675,14.99,17.3125,19.99,14.0,15.0,15.0,3.5714,2.2333,1.0444,0.2016,0.5403,0.7581,26.1131,86.1489,48.35,Stable,35.14,43.33,70.03,54.03
Black Bolt,137,Krookodile,Illustration Rare,0.16666666666666666,6205.86,0.0024154589371980675,False,False,True,0.643,31.02,15,69,15,38,61,65.0,67.8929,12.0,130.16,20.6125,50.0,59.99,65.0,74.99,91.642,65.0,63.965,65.0,2.1429,1.2667,0.6778,0.2174,0.5507,0.8841,25.9904,49.9012,44.4,Stable,14.86,50.0,69.64,55.07
Black Bolt,138,Escavalier,Illustration Rare,0.16666666666666666,6205.86,0.0024154589371980675,False,False,True,0.449,10.63,6,62,12,26,47,19.99,21.3252,0.99,38.42,6.6674,15.0,17.81,19.99,23.8175,31.178,18.99,19.095,19.99,1.7143,0.8667,0.5222,0.1935,0.4194,0.7581,39.0234,81.5386,37.67,Cooling,6.78,45.0,68.73,41.94
Black Bolt,139,Klink,Illustration Rare,0.16666666666666666,6205.86,0.0024154589371980675,False,False,True,0.392,4.97,1,142,15,51,94,9.99,10.2305,3.25,20.0,3.1069,6.99,8.0975,9.99,11.5875,13.0,9.0,10.35,10.0,2.1429,1.7,1.0444,0.1056,0.3592,0.662,47.553,117.3258,41.95,Stable,29.46,40.0,69.63,35.92
Black Bolt,140,Klang,Illustration Rare,0.16666666666666666,6205.86,0.0024154589371980675,False,False,True,0.381,4.34,1,158,18,55,98,7.995,8.1941,3.0,15.0,2.2631,5.779,6.99,7.995,9.075,10.883,7.125,8.0,8.0,2.5714,1.8333,1.0889,0.1139,0.3481,0.6203,49.0084,117.3825,42.79,Stable,32.11,39.06,72.38,34.81
Black Bolt,141,Klinklang,Illustration Rare,0.16666666666666666,6205.86,0.0024154589371980675,False,False,True,0.42700000000000005,12.36,6,36,10,22,34,34.95,34.4558,1.1,51.63,7.7442,30.0,31.75,34.95,36.6375,39.995,34.975,34.475,34.95,1.4286,0.7333,0.3778,0.2778,0.6111,0.9444,19.9013,30.8722,43.82,Stable,3.56,50.07,77.52,61.11
Black Bolt,142,Pawniard,Illustration Rare,0.16666666666666666,6205.86,0.0024154589371980675,False,False,True,0.486,5.14,5,141,18,64,108,10.0,10.4293,1.0,20.0,2.9433,7.5,9.0,10.0,11.99,13.0,9.99,10.55,10.51,2.5714,2.1333,1.2,0.1277,0.4539,0.766,33.0799,83.4836,48.22,Stable,37.56,45.05,71.78,45.39
Black Bolt,143,Bisharp,Illustration Rare,0.16666666666666666,6205.86,0.0024154589371980675,False,False,True,0.585,8.3,5,139,19,57,100,13.44,14.2288,1.25,27.29,4.463,9.99,11.945,13.44,16.92,19.992,12.99,13.95,13.99,2.7143,1.9,1.1111,0.1367,0.4101,0.7194,42.5512,100.8153,44.77,Stable,33.27,42.85,68.63,41.01
Black Bolt,144,Cobalion,Illustration Rare,0.16666666666666666,6205.86,0.0024154589371980675,False,False,True,0.515,19.11,4,58,17,33,48,36.31,35.2109,1.0,59.99,10.9481,19.605,32.96,36.31,40.0,47.185,37.15,36.99,36.995,2.4286,1.1,0.5333,0.2931,0.569,0.8276,25.159,60.2261,43.35,Stable,10.2,50.42,68.91,56.9
Black Bolt,145,Axew,Illustration Rare,0.16666666666666666,6205.86,0.0024154589371980675,False,False,True,0.594,12.38,7,88,23,54,76,23.98,24.4727,12.0,49.0,5.983,18.63,20.7425,23.98,26.9075,33.597,21.99,23.025,23.65,3.2857,1.8,0.8444,0.2614,0.6136,0.8636,19.5964,44.7285,48.04,Stable,25.88,42.98,75.55,61.36
Black Bolt,146,Fraxure,Illustration Rare,0.16666666666666666,6205.86,0.0024154589371980675,False,False,True,0.505,17.14,7,79,17,45,64,34.97,34.8824,0.99,69.99,11.0478,24.4,29.445,34.97,39.99,47.262,37.79,35.0,34.565,2.4286,1.5,0.7111,0.2152,0.5696,0.8101,25.5027,58.7272,48.64,Stable,19.28,59.33,68.33,56.96
Black Bolt,147,Haxorus,Illustration Rare,0.16666666666666666,6205.86,0.0024154589371980675,False,False,True,0.633,39.76,10,61,11,36,48,79.99,78.4395,12.0,159.99,30.9137,25.0,69.99,79.99,95.21,100.0,77.99,78.96,79.99,1.5714,1.2,0.5333,0.1803,0.5902,0.7869,24.519,72.2657,41.55,Stable,11.25,47.5,60.59,59.02
Black Bolt,148,Pidove,Illustration Rare,0.16666666666666666,6205.86,0.0024154589371980675,False,False,True,0.425,13.39,11,110,18,68,105,42.47,42.8615,0.99,80.0,9.5712,34.955,36.1375,42.47,47.245,53.299,39.495,39.99,40.99,2.5714,2.2667,1.1667,0.1636,0.6182,0.9545,20.3768,33.1698,53.29,Stable,38.29,46.35,77.67,61.82
Black Bolt,149,Tranquill,Illustration Rare,0.16666666666666666,6205.86,0.0024154589371980675,False,False,True,0.35200000000000004,5.18,2,141,13,37,81,7.99,8.4343,3.99,15.17,2.5343,5.97,6.65,7.99,9.97,11.99,7.5,7.5,7.99,1.8571,1.2333,0.9,0.0922,0.2624,0.5745,68.6828,140.9042,38.22,Cooling,19.4,43.87,69.95,26.24
Black Bolt,150,Unfezant,Illustration Rare,0.16666666666666666,6205.86,0.0024154589371980675,False,False,True,0.391,11.36,5,675,24,135,356,1.79,1.7765,0.72,3.89,0.53,0.99,1.395,1.79,1.99,2.49,1.795,1.8,1.8,3.4286,4.5,3.9556,0.0356,0.2,0.5274,83.6386,131.1618,53.87,Stable,69.74,49.72,70.17,20.0
Black Bolt,151,Audino,Illustration Rare,0.16666666666666666,6205.86,0.0024154589371980675,False,False,True,0.528,11.28,10,75,20,42,72,45.95,47.1255,2.14,85.0,10.4283,40.0,42.97,45.95,50.285,56.152,47.03,47.115,45.975,2.8571,1.4,0.8,0.2667,0.56,0.96,24.8823,43.351,48.32,Stable,19.53,52.29,77.87,56.0
Black Bolt,152,Minccino,Illustration Rare,0.16666666666666666,6205.86,0.0024154589371980675,False,False,True,0.556,9.6,8,75,11,36,64,27.0,27.6228,4.99,49.0,8.5523,17.6,24.92,27.0,32.235,37.278,27.0,28.495,28.195,1.5714,1.2,0.7111,0.1467,0.48,0.8533,31.7603,63.7671,41.57,Stable,14.79,45.76,69.04,48.0
Black Bolt,153,Cinccino,Illustration Rare,0.16666666666666666,6205.86,0.0024154589371980675,False,False,True,0.604,7.95,1,91,23,54,82,33.39,33.6587,12.0,64.0,8.8179,24.99,29.97,33.39,37.49,44.99,30.98,32.305,33.96,3.2857,1.8,0.9111,0.2527,0.5934,0.9011,23.3653,50.3163,47.22,Stable,27.41,41.22,73.8,59.34
Black Bolt,154,Rufflet,Illustration Rare,0.16666666666666666,6205.86,0.0024154589371980675,False,False,True,0.43200000000000005,5.33,7,131,13,51,91,9.99,10.4063,5.95,19.99,2.739,7.5,8.995,9.99,10.995,13.08,9.99,9.99,9.99,1.8571,1.7,1.0111,0.0992,0.3893,0.6947,38.8427,103.0491,46.11,Stable,28.64,50.0,73.68,38.93
Black Bolt,155,Braviary,Illustration Rare,0.16666666666666666,6205.86,0.0024154589371980675,False,False,True,0.527,6.6,4,144,16,51,98,11.525,11.8558,0.99,22.0,3.4266,8.0,9.99,11.525,13.9925,15.99,10.26,11.95,11.87,2.2857,1.7,1.0889,0.1111,0.3542,0.6806,45.2967,110.5878,41.36,Stable,30.42,36.44,71.1,35.42
Black Bolt,156,Serperior ex,Ultra Rare,0.058823529411764705,2038.64,0.007352941176470588,False,False,True,0.685,1.37,7,866,37,172,400,2.895,2.8874,0.72,5.95,1.0091,1.81,2.0,2.895,3.5,4.21,2.49,2.5,2.505,5.2857,5.7333,4.4444,0.0427,0.1986,0.4619,102.2096,142.9559,54.74,Stable,76.47,49.4,65.05,19.86
Black Bolt,157,Kyurem ex,Ultra Rare,0.058823529411764705,2038.64,0.007352941176470588,False,False,True,0.599,1.27,3,715,53,192,366,2.99,3.0165,0.99,5.98,0.9869,1.99,2.24,2.99,3.66,4.49,2.99,2.99,2.99,7.5714,6.4,4.0667,0.0741,0.2685,0.5119,85.7101,128.9575,56.88,Stable,76.84,50.0,67.28,26.85
Black Bolt,158,Zekrom ex,Ultra Rare,0.058823529411764705,2038.64,0.007352941176470588,False,False,True,0.69,4.28,26,363,35,126,205,7.0,7.7822,3.25,15.98,2.5731,5.0,6.0,7.0,8.99,11.99,7.0,6.99,6.9,5.0,4.2,2.2778,0.0964,0.3471,0.5647,58.9276,130.2719,53.89,Stable,60.43,51.45,66.94,34.71
Black Bolt,159,Meloetta ex,Ultra Rare,0.058823529411764705,2038.64,0.007352941176470588,False,False,True,0.642,1.36,2,679,53,186,353,2.99,3.1335,0.99,6.0,1.0736,1.99,2.245,2.99,3.99,4.99,2.99,2.99,2.99,7.5714,6.2,3.9222,0.0781,0.2739,0.5199,82.9161,134.1264,56.22,Stable,75.31,50.0,65.74,27.39
Black Bolt,160,Excadrill ex,Ultra Rare,0.058823529411764705,2038.64,0.007352941176470588,False,False,True,0.597,0.76,5,911,52,196,434,2.33,2.3982,0.72,4.98,0.8209,1.49,1.83,2.33,2.99,3.5,2.095,2.0,2.07,7.4286,6.5333,4.8222,0.0571,0.2151,0.4764,98.3605,135.7491,57.05,Stable,80.79,51.21,65.77,21.51
Black Bolt,161,Genesect ex,Ultra Rare,0.058823529411764705,2038.64,0.007352941176470588,False,False,True,0.579,4.18,5,575,47,131,239,3.52,3.9348,0.99,8.0,1.5333,2.24,2.975,3.52,4.99,6.0,3.69,3.49,3.0,6.7143,4.3667,2.6556,0.0817,0.2278,0.4157,119.5445,159.0952,57.77,Stable,63.69,73.0,61.03,22.78
Black Bolt,162,Fennel,Ultra Rare,0.058823529411764705,2038.64,0.007352941176470588,False,False,False,0.0,1.56,3,681,49,192,343,2.99,3.1169,0.99,6.0,1.0685,1.99,2.29,2.99,3.94,4.95,2.9,2.99,2.99,7.0,6.4,3.8111,0.072,0.2819,0.5037,88.0164,130.2603,55.51,Stable,75.45,46.99,65.72,28.19
Black Bolt,163,N's Plan,Ultra Rare,0.058823529411764705,2038.64,0.007352941176470588,False,False,False,0.0,3.48,12,413,31,127,215,6.21,6.78,0.99,13.0,2.0496,4.53,5.0,6.21,7.99,9.87,5.99,6.0,6.0,4.4286,4.2333,2.3889,0.0751,0.3075,0.5206,85.2534,139.5631,53.48,Stable,61.41,49.83,69.77,30.75
Black Bolt,164,Serperior ex,Special Illustration Rare,0.0125,8394.4,0.0017857142857142859,False,False,True,0.685,44.44,13,142,27,64,106,57.245,61.2672,12.0,120.0,19.6281,43.052,50.0,57.245,65.325,84.686,48.42,53.61,55.28,3.8571,2.1333,1.1778,0.1901,0.4507,0.7465,33.6217,84.1033,45.01,Stable,37.08,37.59,67.96,45.07
Black Bolt,165,Kyurem ex,Special Illustration Rare,0.0125,8394.4,0.0017857142857142859,False,False,True,0.599,67.95,31,134,20,59,93,89.985,96.3272,1.49,190.0,37.8246,68.751,80.0,89.985,100.5175,158.385,87.17,85.0,88.35,2.8571,1.9667,1.0333,0.1493,0.4403,0.694,42.2264,96.5664,45.2,Stable,32.15,48.66,60.73,44.03
Black Bolt,166,Zekrom ex,Special Illustration Rare,0.0125,8394.4,0.0017857142857142859,True,False,True,0.69,208.76,52,168,28,78,124,322.95,365.1049,1.0,700.0,197.6086,19.997,279.76,322.95,550.0,640.897,331.92,300.0,323.45,4.0,2.6,1.3778,0.1667,0.4643,0.7381,34.5927,86.7058,47.47,Stable,44.07,52.62,45.88,46.43
Black Bolt,167,Meloetta ex,Special Illustration Rare,0.0125,8394.4,0.0017857142857142859,False,False,True,0.642,46.9,21,145,18,50,89,44.99,45.2983,12.0,88.0,13.2269,32.2,39.99,44.99,50.0,64.148,40.0,41.205,42.0,2.5714,1.6667,0.9889,0.1241,0.3448,0.6138,55.7414,104.4915,42.93,Stable,27.66,45.24,70.8,34.48
Black Bolt,168,Excadrill ex,Special Illustration Rare,0.0125,8394.4,0.0017857142857142859,False,False,True,0.597,29.85,15,149,13,40,78,29.07,31.7315,2.5,65.0,9.7843,23.0,25.0,29.07,35.0,45.0,28.49,27.5,28.495,1.8571,1.3333,0.8667,0.0872,0.2685,0.5235,84.685,143.9083,40.23,Stable,20.1,49.98,69.17,26.85
Black Bolt,169,Genesect ex,Special Illustration Rare,0.0125,8394.4,0.0017857142857142859,True,False,True,0.579,65.49,22,159,16,51,97,53.78,55.5353,3.99,107.99,19.0769,40.744,47.47,53.78,61.535,79.992,50.675,50.0,51.2,2.2857,1.7,1.0778,0.1006,0.3208,0.6101,55.8273,121.7775,43.3,Stable,30.19,48.97,65.65,32.08
Black Bolt,170,N's Plan,Special Illustration Rare,0.0125,8394.4,0.0017857142857142859,True,False,False,0.0,62.77,32,169,26,71,114,85.0,93.7235,1.37,170.0,32.1834,65.0,70.0,85.0,114.74,150.0,75.0,79.99,80.0,3.7143,2.3667,1.2667,0.1538,0.4201,0.6746,42.5473,105.6727,46.94,Stable,40.94,43.75,65.66,42.01
Black Bolt,171,Victini,Black White Rare,0.002,14990.0,0.001,True,False,True,0.705,439.5,43,56,14,29,41,700.0,867.483,1.45,1694.0,410.5753,567.615,609.9975,700.0,996.25,1553.5,665.0,635.0,700.0,2.0,0.9667,0.4556,0.25,0.5179,0.7321,26.694,76.1713,36.47,Cooling,6.91,45.0,52.67,51.79
Black Bolt,172,Zekrom ex,Black White Rare,0.002,14990.0,0.001,True,False,True,0.69,397.77,64,120,25,65,92,700.0,755.9427,3.99,1600.0,406.4954,58.8,599.99,700.0,925.1275,1405.0,750.42,678.9,700.0,3.5714,2.1667,1.0222,0.2083,0.5417,0.7667,25.9277,69.965,47.44,Stable,34.0,57.2,46.23,54.17
Mega Evolution,133,Bulbasaur,Illustration Rare,0.1111111111111111,1671.1200000000001,0.00505050505050505,False,False,True,0.728,30.56,135,865,152,408,723,29.99,31.8263,0.99,61.4,9.0646,21.99,25.0,29.99,36.73,44.996,30.0,29.985,29.99,21.7143,13.6,8.0333,0.1757,0.4717,0.8358,33.5531,55.6323,68.09,Rising,97.81,50.03,71.52,47.17
Mega Evolution,134,Ivysaur,Illustration Rare,0.1111111111111111,1671.1200000000001,0.00505050505050505,False,False,True,0.7070000000000001,37.54,77,766,79,229,464,25.0,27.2979,3.0,57.67,8.3923,19.39,20.0,25.0,30.1275,39.99,22.99,22.95,24.99,11.2857,7.6333,5.1556,0.1031,0.299,0.6057,64.7079,105.0753,57.73,Stable,84.35,42.0,69.26,29.9
Mega Evolution,135,Exeggutor,Illustration Rare,0.1111111111111111,1671.1200000000001,0.00505050505050505,False,False,True,0.49,9.97,28,716,60,195,380,7.3,7.878,1.95,16.0,2.4232,5.0,6.0,7.3,8.99,11.0,6.925,6.99,6.995,8.5714,6.5,4.2222,0.0838,0.2723,0.5307,78.4283,118.2611,57.39,Stable,78.0,49.0,69.24,27.23
Mega Evolution,136,Shuckle,Illustration Rare,0.1111111111111111,1671.1200000000001,0.00505050505050505,False,False,True,0.5770000000000001,10.34,37,710,59,179,355,9.125,9.7831,3.0,20.0,3.3553,6.0,7.49,9.125,11.0,14.99,9.0,9.0,8.99,8.4286,5.9667,3.9444,0.0831,0.2521,0.5,89.9511,127.0348,55.69,Stable,74.92,50.11,65.7,25.21
Mega Evolution,137,Ninjask,Illustration Rare,0.1111111111111111,1671.1200000000001,0.00505050505050505,False,False,True,0.507,6.33,22,846,71,247,463,5.0,5.6402,0.99,11.09,1.7741,3.8,4.25,5.0,6.5,8.0,5.0,5.0,5.0,10.1429,8.2333,5.1444,0.0839,0.292,0.5473,74.5157,112.8649,60.26,Rising,85.69,50.0,68.55,29.2
Mega Evolution,138,Vulpix,Illustration Rare,0.1111111111111111,1671.1200000000001,0.00505050505050505,False,False,True,0.682,25.72,64,692,77,246,433,20.99,23.0658,1.41,47.48,6.4215,16.0,19.95,20.99,25.99,31.464,20.0,20.25,20.0,11.0,8.2,4.8111,0.1113,0.3555,0.6257,56.2759,103.0836,61.87,Rising,84.41,50.0,72.16,35.55
Mega Evolution,139,Litleo,Illustration Rare,0.1111111111111111,1671.1200000000001,0.00505050505050505,False,False,True,0.433,4.45,23,859,76,274,511,5.99,6.1856,0.99,12.21,1.7906,4.0,4.99,5.99,7.0,8.81,6.0,5.99,5.99,10.8571,9.1333,5.6778,0.0885,0.319,0.5949,62.5103,109.8013,62.68,Rising,90.12,50.17,71.05,31.9
Mega Evolution,140,Snover,Illustration Rare,0.1111111111111111,1671.1200000000001,0.00505050505050505,False,False,True,0.41100000000000003,4.32,10,903,83,254,531,3.49,3.6043,0.99,7.0,1.1081,2.49,2.75,3.49,4.0,5.0,3.79,3.49,3.49,11.8571,8.4667,5.9,0.0919,0.2813,0.588,68.4752,95.9449,63.82,Rising,89.21,58.6,69.26,28.13
Mega Evolution,141,Clawitzer,Illustration Rare,0.1111111111111111,1671.1200000000001,0.00505050505050505,False,False,True,0.46299999999999997,3.85,9,893,65,247,493,3.0,3.3252,0.99,6.75,1.009,2.014,2.5,3.0,3.99,4.99,3.0,2.99,3.0,9.2857,8.2333,5.4778,0.0728,0.2766,0.5521,75.2878,102.271,60.53,Rising,86.9,50.0,69.66,27.66
Mega Evolution,142,Inteleon,Illustration Rare,0.1111111111111111,1671.1200000000001,0.00505050505050505,False,False,True,0.557,6.45,14,870,62,219,485,3.99,4.0363,2.0,7.5,1.126,2.89,2.9925,3.99,4.99,5.74,3.99,3.9,3.99,8.8571,7.3,5.3889,0.0713,0.2517,0.5575,74.4971,101.3197,59.77,Stable,84.39,50.0,72.1,25.17
Mega Evolution,143,Helioptile,Illustration Rare,0.1111111111111111,1671.1200000000001,0.00505050505050505,False,False,True,0.488,4.66,20,834,78,251,476,4.99,4.9469,2.0,9.95,1.3922,3.39,3.99,4.99,5.865,6.99,4.49,4.49,4.59,11.1429,8.3667,5.2889,0.0935,0.301,0.5707,65.4819,110.5208,60.72,Rising,86.6,47.82,71.86,30.1
Mega Evolution,144,Shedinja,Illustration Rare,0.1111111111111111,1671.1200000000001,0.00505050505050505,False,False,True,0.619,6.83,19,871,63,228,484,4.3,4.4815,2.0,9.0,1.2927,3.0,3.49,4.3,5.0,5.99,4.49,4.355,4.13,9.0,7.6,5.3778,0.0723,0.2618,0.5557,74.8065,104.2191,62.6,Rising,85.08,58.72,71.15,26.18
Mega Evolution,145,Houndstone,Illustration Rare,0.1111111111111111,1671.1200000000001,0.00505050505050505,False,False,True,0.43200000000000005,4.69,14,845,67,210,426,3.99,4.2587,0.99,8.39,1.3019,2.99,3.0,3.99,4.99,5.99,3.99,3.99,3.99,9.5714,7.0,4.7333,0.0793,0.2485,0.5041,89.4747,114.2437,58.28,Stable,81.4,50.0,69.43,24.85
Mega Evolution,146,Marshadow,Illustration Rare,0.1111111111111111,1671.1200000000001,0.00505050505050505,False,False,True,0.6759999999999999,40.0,79,712,93,267,495,20.0,23.4254,1.85,50.0,9.378,15.0,16.75,20.0,27.975,39.95,16.99,17.99,19.99,13.2857,8.9,5.5,0.1306,0.375,0.6952,47.9978,89.2844,56.68,Stable,88.95,34.99,59.97,37.5
Mega Evolution,147,Garganacl,Illustration Rare,0.1111111111111111,1671.1200000000001,0.00505050505050505,False,False,True,0.48,2.33,9,935,67,247,563,2.52,2.7113,0.99,5.35,0.8718,1.75,1.99,2.52,3.1,3.99,2.88,2.5,2.5,9.5714,8.2333,6.2556,0.0717,0.2642,0.6021,68.4758,96.1967,65.34,Rising,89.75,65.2,67.85,26.42
Mega Evolution,148,Spiritomb,Illustration Rare,0.1111111111111111,1671.1200000000001,0.00505050505050505,False,False,True,0.609,5.0,50,844,66,223,459,3.99,4.2257,0.99,8.14,1.2665,2.99,3.0,3.99,4.99,6.0,4.0,3.99,3.99,9.4286,7.4333,5.1,0.0782,0.2642,0.5438,76.407,108.1427,59.45,Stable,83.61,50.25,70.03,26.42
Mega Evolution,149,Shroodle,Illustration Rare,0.1111111111111111,1671.1200000000001,0.00505050505050505,False,False,True,0.284,3.75,10,895,65,236,517,3.2,3.4082,0.99,6.29,1.0117,2.25,2.5,3.2,3.99,4.99,3.49,3.2,3.2,9.2857,7.8667,5.7444,0.0726,0.2637,0.5777,72.3323,100.4443,63.2,Rising,87.15,59.06,70.32,26.37
Mega Evolution,150,Steelix,Illustration Rare,0.1111111111111111,1671.1200000000001,0.00505050505050505,False,False,True,0.573,21.38,44,734,68,221,421,9.99,10.9028,0.99,22.0,3.5738,7.593,8.55,9.99,12.0,16.07,9.81,9.99,9.99,9.7143,7.3667,4.6778,0.0926,0.3011,0.5736,72.236,103.3664,58.48,Stable,81.86,48.2,67.22,30.11
Mega Evolution,151,Spearow,Illustration Rare,0.1111111111111111,1671.1200000000001,0.00505050505050505,False,False,True,0.37,6.6,15,848,82,249,488,5.5,5.8275,1.0,11.58,1.6867,4.0,4.515,5.5,6.835,8.0,5.415,5.49,5.255,11.7143,8.3,5.4222,0.0967,0.2936,0.5755,65.2758,105.6817,62.05,Rising,86.83,53.04,71.06,29.36
Mega Evolution,152,Delibird,Illustration Rare,0.1111111111111111,1671.1200000000001,0.00505050505050505,False,False,True,0.489,5.56,14,906,75,230,496,3.99,3.9673,1.99,7.95,1.064,2.885,3.0,3.99,4.715,5.245,3.99,3.99,3.99,10.7143,7.6667,5.5111,0.0828,0.2539,0.5475,75.329,103.233,60.41,Rising,85.65,50.0,73.18,25.39
Mega Evolution,153,Gumshoos,Illustration Rare,0.1111111111111111,1671.1200000000001,0.00505050505050505,False,False,True,0.278,17.2,26,764,71,229,455,5.0,5.6494,1.99,11.25,1.7946,3.99,4.25,5.0,6.5,8.0,4.0,4.0,4.99,10.1429,7.6333,5.0556,0.0929,0.2997,0.5955,71.1796,92.3535,53.88,Stable,83.98,30.16,68.23,29.97
Mega Evolution,154,Stufful,Illustration Rare,0.1111111111111111,1671.1200000000001,0.00505050505050505,False,False,True,0.526,7.83,23,729,83,237,449,8.06,8.5324,1.47,17.5,2.5169,5.0,6.99,8.06,9.99,11.99,8.99,8.99,8.49,11.8571,7.9,4.9889,0.1139,0.3251,0.6159,56.4395,105.7791,62.71,Rising,84.48,55.89,70.5,32.51
Mega Evolution,155,Mega Venusaur ex,Ultra Rare,0.08333333333333333,2228.16,0.0037878787878787876,False,False,True,0.695,73.5,60,789,80,231,453,15.0,16.0915,3.0,32.0,4.3577,12.0,13.0,15.0,17.99,20.99,13.99,14.0,14.99,11.4286,7.7,5.0333,0.1014,0.2928,0.5741,67.4622,98.9522,58.67,Stable,84.12,43.33,72.92,29.28
Mega Evolution,156,Mega Camerupt ex,Ultra Rare,0.08333333333333333,2228.16,0.0037878787878787876,False,False,True,0.455,4.78,5,861,61,212,471,3.0,3.4122,0.99,6.95,1.1508,2.0,2.5,3.0,4.0,4.99,2.99,2.99,2.99,8.7143,7.0667,5.2333,0.0708,0.2462,0.547,75.9003,106.2892,58.24,Stable,83.52,50.0,66.27,24.62
Mega Evolution,157,Mega Abomasnow ex,Ultra Rare,0.08333333333333333,2228.16,0.0037878787878787876,False,False,True,0.539,5.63,4,866,58,220,498,3.5,3.7603,0.99,7.95,1.2582,2.465,2.99,3.5,4.49,5.5,2.99,2.99,3.0,8.2857,7.3333,5.5333,0.067,0.254,0.5751,68.6034,100.8474,58.77,Stable,84.94,49.67,66.54,25.4
Mega Evolution,158,Mega Manectric ex,Ultra Rare,0.08333333333333333,2228.16,0.0037878787878787876,False,False,True,0.49200000000000005,7.54,15,856,56,202,435,3.99,4.0695,1.78,8.0,1.2828,2.69,3.0,3.99,4.99,5.99,3.87,3.61,3.63,8.0,6.7333,4.8333,0.0654,0.236,0.5082,86.6358,107.0454,59.81,Stable,81.36,56.61,68.48,23.6
Mega Evolution,159,Mega Gardevoir ex,Ultra Rare,0.08333333333333333,2228.16,0.0037878787878787876,False,False,True,0.7390000000000001,16.52,31,790,62,232,460,6.99,7.6401,0.99,15.29,2.5029,5.245,5.99,6.99,8.975,11.0,6.0,6.3,6.5,8.8571,7.7333,5.1111,0.0785,0.2937,0.5823,67.8332,96.6101,57.35,Stable,84.44,42.31,67.24,29.37
Mega Evolution,160,Mega Lucario ex,Ultra Rare,0.08333333333333333,2228.16,0.0037878787878787876,False,False,True,0.763,32.29,65,800,68,245,501,16.815,17.9306,0.99,35.79,5.4352,13.99,14.99,16.815,19.99,25.0,14.99,15.0,15.99,9.7143,8.1667,5.5667,0.085,0.3063,0.6262,62.6524,90.5218,59.33,Stable,87.15,43.75,69.69,30.63
Mega Evolution,161,Mega Absol ex,Ultra Rare,0.08333333333333333,2228.16,0.0037878787878787876,False,False,True,0.706,7.91,26,827,59,199,458,6.93,7.1521,1.49,14.0,2.0081,5.0,5.74,6.93,8.0,9.99,6.5,6.0,6.0,8.4286,6.6333,5.0889,0.0713,0.2406,0.5538,78.538,106.5576,61.31,Rising,82.04,58.33,71.92,24.06
Mega Evolution,162,Mega Mawile ex,Ultra Rare,0.08333333333333333,2228.16,0.0037878787878787876,False,False,True,0.624,6.78,12,815,48,198,413,3.99,4.2566,1.0,8.75,1.379,2.962,3.0,3.99,5.0,6.0,3.99,3.495,3.65,6.8571,6.6,4.5889,0.0589,0.2429,0.5067,88.8145,109.2808,60.15,Rising,79.92,59.32,67.6,24.29
Mega Evolution,163,Mega Latias ex,Ultra Rare,0.08333333333333333,2228.16,0.0037878787878787876,False,False,True,0.6940000000000001,11.79,41,778,75,217,437,6.0,6.6606,1.35,12.99,1.9093,4.99,5.0,6.0,7.49,9.99,6.0,5.99,5.99,10.7143,7.2333,4.8556,0.0964,0.2789,0.5617,73.0636,96.836,59.6,Stable,82.36,50.17,71.33,27.89
Mega Evolution,164,Mega Kangaskhan ex,Ultra Rare,0.08333333333333333,2228.16,0.0037878787878787876,False,False,True,0.578,7.91,14,847,62,205,451,6.5,6.8716,3.5,13.21,1.8353,4.99,5.5,6.5,7.99,9.602,6.005,6.0,6.0,8.8571,6.8333,5.0111,0.0732,0.242,0.5325,82.7237,107.3565,59.22,Stable,82.34,50.08,73.29,24.2
Mega Evolution,165,Acerola's Mischief,Ultra Rare,0.08333333333333333,2228.16,0.0037878787878787876,False,False,False,0.0,5.0,13,786,44,155,380,3.885,4.0705,1.0,8.0,1.3879,2.745,3.0,3.885,4.99,6.0,3.0,3.0,3.47,6.2857,5.1667,4.2222,0.056,0.1972,0.4835,96.5309,120.364,50.11,Stable,73.51,36.46,65.9,19.72
Mega Evolution,166,Air Balloon,Ultra Rare,0.08333333333333333,2228.16,0.0037878787878787876,False,False,False,0.0,7.34,1,878,46,220,437,3.99,4.2146,0.99,8.0,1.2985,2.95,3.0,3.99,4.99,6.0,3.94,3.495,3.75,6.5714,7.3333,4.8556,0.0524,0.2506,0.4977,91.1271,122.379,60.15,Rising,82.59,55.07,69.19,25.06
Mega Evolution,167,Buddy-Buddy Poffin,Ultra Rare,0.08333333333333333,2228.16,0.0037878787878787876,False,False,False,0.0,9.26,0,676,35,169,378,6.99,7.2619,2.99,14.0,1.9297,5.0,5.99,6.99,8.25,9.99,7.29,6.99,6.99,5.0,5.6333,4.2,0.0518,0.25,0.5592,75.9346,116.0934,58.48,Stable,75.01,54.29,73.43,25.0
Mega Evolution,168,Fighting Gong,Ultra Rare,0.08333333333333333,2228.16,0.0037878787878787876,False,False,False,0.0,8.32,0,892,42,198,495,4.0,4.3433,0.99,8.71,1.4004,2.861,3.1975,4.0,5.0,6.07,3.0,3.48,3.59,6.0,6.6,5.5,0.0471,0.222,0.5549,77.9619,113.4545,53.1,Stable,83.48,33.57,67.76,22.2
Mega Evolution,169,Lillie's Determination,Ultra Rare,0.08333333333333333,2228.16,0.0037878787878787876,False,False,False,0.0,39.66,42,865,90,243,513,24.99,25.8171,12.0,50.0,6.3873,19.99,20.0,24.99,29.99,34.99,22.0,22.5,24.22,12.8571,8.1,5.7,0.104,0.2809,0.5931,69.6741,102.4867,59.15,Stable,87.45,40.83,75.26,28.09
Mega Evolution,170,Lt. Surge's Bargain,Ultra Rare,0.08333333333333333,2228.16,0.0037878787878787876,False,False,False,0.0,3.57,4,867,50,184,426,2.9,2.889,0.99,5.81,1.021,1.81,2.0,2.9,3.5,4.244,2.215,2.42,2.49,7.1429,6.1333,4.7333,0.0577,0.2122,0.4913,91.5005,115.1586,52.58,Stable,79.07,38.96,64.66,21.22
Mega Evolution,171,Mega Signal,Ultra Rare,0.08333333333333333,2228.16,0.0037878787878787876,False,False,False,0.0,4.38,0,902,49,185,445,2.785,2.8143,0.99,5.98,0.9906,1.891,2.0,2.785,3.29,4.0,2.0,2.35,2.49,7.0,6.1667,4.9444,0.0543,0.2051,0.4933,91.4486,114.8765,50.2,Stable,80.12,30.32,64.8,20.51
Mega Evolution,172,Mystery Garden,Ultra Rare,0.08333333333333333,2228.16,0.0037878787878787876,False,False,False,0.0,6.07,4,877,36,176,432,2.99,2.9874,0.99,5.96,1.0431,1.99,2.07,2.99,3.75,4.5,2.49,2.5,2.695,5.1429,5.8667,4.8,0.041,0.2007,0.4926,94.193,117.8815,53.35,Stable,78.66,42.39,65.08,20.07
Mega Evolution,173,Night Stretcher,Ultra Rare,0.08333333333333333,2228.16,0.0037878787878787876,False,False,False,0.0,9.47,3,936,70,221,483,6.49,6.7437,0.72,13.0,1.9036,4.55,5.075,6.49,7.99,9.99,5.84,5.99,6.0,10.0,7.3667,5.3667,0.0748,0.2361,0.516,85.1981,118.8506,58.63,Stable,84.5,47.33,71.77,23.61
Mega Evolution,174,Premium Power Pro,Ultra Rare,0.08333333333333333,2228.16,0.0037878787878787876,False,False,False,0.0,8.37,1,741,39,173,401,3.99,4.0832,1.7,7.95,1.2818,2.75,2.99,3.99,4.99,5.99,3.39,3.19,3.39,5.5714,5.7667,4.4556,0.0526,0.2335,0.5412,79.3586,111.6909,56.38,Stable,76.63,50.0,68.61,23.35
Mega Evolution,175,Rare Candy,Ultra Rare,0.08333333333333333,2228.16,0.0037878787878787876,False,False,False,0.0,6.22,0,781,41,166,392,5.0,5.3633,1.42,10.0,1.5125,3.99,4.0,5.0,6.0,7.5,4.74,4.99,4.99,5.8571,5.5333,4.3556,0.0525,0.2125,0.5019,88.9411,119.9675,54.7,Stable,75.31,44.99,71.8,21.25
Mega Evolution,176,Wally's Compassion,Ultra Rare,0.08333333333333333,2228.16,0.0037878787878787876,False,False,False,0.0,3.66,6,726,46,178,401,4.0,4.3549,0.99,8.75,1.3282,2.99,3.25,4.0,5.0,6.0,4.13,3.99,4.0,6.5714,5.9333,4.4556,0.0634,0.2452,0.5523,79.0675,116.0268,57.97,Stable,77.32,53.25,69.5,24.52
Mega Evolution,177,Mega Venusaur ex,Special Illustration Rare,0.009900990099009901,8524.4,0.0009900990099009901,True,False,True,0.695,199.99,94,424,72,173,329,190.0,206.3291,7.26,399.0,72.5508,145.6,160.0,190.0,250.0,300.0,175.75,175.0,187.99,10.2857,5.7667,3.6556,0.1698,0.408,0.7759,37.7556,73.3489,55.94,Stable,72.55,43.49,64.84,40.8
Mega Evolution,178,Mega Gardevoir ex,Special Illustration Rare,0.009900990099009901,8524.4,0.0009900990099009901,True,False,True,0.7390000000000001,290.39,112,484,70,205,335,218.91,253.1301,7.26,475.0,99.6158,180.0,195.27,218.91,310.9525,402.464,209.995,203.14,209.99,10.0,6.8333,3.7222,0.1446,0.4236,0.6921,41.6793,87.0885,58.43,Stable,76.11,50.0,60.65,42.36
Mega Evolution,179,Mega Lucario ex,Special Illustration Rare,0.009900990099009901,8524.4,0.0009900990099009901,True,False,True,0.763,271.7,95,475,78,193,369,268.9,301.9425,1.0,599.0,137.4775,190.0,219.995,268.9,425.0,499.99,249.985,245.0,250.0,11.1429,6.4333,4.1,0.1642,0.4063,0.7768,39.5435,77.9874,57.18,Stable,77.2,49.99,54.47,40.63
Mega Evolution,180,Mega Absol ex,Special Illustration Rare,0.009900990099009901,8524.4,0.0009900990099009901,True,False,True,0.706,100.54,53,443,74,181,291,77.99,89.5468,0.99,175.0,37.923,57.992,65.0,77.99,108.76,150.0,69.98,69.98,73.0,10.5714,6.0333,3.2333,0.167,0.4086,0.6569,44.4682,89.5645,55.09,Stable,72.09,45.86,57.65,40.86
Mega Evolution,181,Mega Latias ex,Special Illustration Rare,0.009900990099009901,8524.4,0.0009900990099009901,True,False,True,0.6940000000000001,218.91,59,364,51,159,255,100.0,115.3917,1.0,239.99,45.0206,82.993,90.0,100.0,129.99,192.892,95.0,95.65,97.95,7.2857,5.3,2.8333,0.1401,0.4368,0.7005,41.8632,83.1593,55.34,Stable,67.71,46.99,60.98,43.68
Mega Evolution,182,Mega Kangaskhan ex,Special Illustration Rare,0.009900990099009901,8524.4,0.0009900990099009901,True,False,True,0.578,102.29,64,379,44,114,212,70.06,77.7759,0.99,150.08,30.1812,57.982,62.0,70.06,87.915,120.792,65.0,65.705,69.99,6.2857,3.8,2.3556,0.1161,0.3008,0.5594,73.5023,105.0441,48.88,Stable,59.22,42.87,61.19,30.08
Mega Evolution,183,Acerola's Mischief,Special Illustration Rare,0.009900990099009901,8524.4,0.0009900990099009901,False,False,False,0.0,64.88,27,397,36,97,220,39.99,41.9804,3.0,82.0,11.6748,30.0,34.99,39.99,45.65,55.0,35.0,35.0,35.715,5.1429,3.2333,2.4444,0.0907,0.2443,0.5542,72.835,114.4078,50.81,Stable,56.96,48.0,72.19,24.43
Mega Evolution,184,Lillie's Determination,Special Illustration Rare,0.009900990099009901,8524.4,0.0009900990099009901,True,False,False,0.0,150.0,45,529,57,184,337,75.0,83.2175,0.99,170.0,32.4316,60.0,68.0,75.0,95.0,134.992,71.0,70.0,72.99,8.1429,6.1333,3.7444,0.1078,0.3478,0.6371,53.6065,90.179,55.62,Stable,74.26,47.27,61.03,34.78
Mega Evolution,185,Lt. Surge's Bargain,Special Illustration Rare,0.009900990099009901,8524.4,0.0009900990099009901,False,False,False,0.0,37.88,23,393,29,98,216,22.0,24.452,1.0,45.0,7.1172,17.99,19.88,22.0,28.79,35.0,19.99,19.99,20.0,4.1429,3.2667,2.4,0.0738,0.2494,0.5496,76.8437,112.1477,51.16,Stable,56.71,49.95,70.89,24.94
Mega Evolution,186,Wally's Compassion,Special Illustration Rare,0.009900990099009901,8524.4,0.0009900990099009901,False,False,False,0.0,27.46,13,325,29,84,179,24.49,25.3346,6.0,50.0,6.8884,19.0,20.0,24.49,28.0,32.99,23.98,23.74,24.11,4.1429,2.8,1.9889,0.0892,0.2585,0.5508,78.4586,116.1926,50.07,Stable,51.67,49.46,72.81,25.85
Mega Evolution,187,Mega Gardevoir ex,Mega Hyper Rare,0.0007942811755361397,21251.92,0.0003971405877680699,True,False,True,0.7390000000000001,498.37,56,264,41,93,164,249.99,276.5394,11.9,570.0,111.6916,199.99,219.9675,249.99,300.0,461.986,225.11,222.85,230.0,5.8571,3.1,1.8222,0.1553,0.3523,0.6212,58.2334,92.3433,48.9,Stable,51.89,47.87,59.61,35.23
Mega Evolution,188,Mega Lucario ex,Mega Hyper Rare,0.0007942811755361397,21251.92,0.0003971405877680699,True,False,True,0.763,538.52,71,244,29,90,144,300.0,335.775,0.99,707.54,140.8663,239.878,268.0,300.0,400.0,541.017,274.99,275.0,285.0,4.1429,3.0,1.6,0.1189,0.3689,0.5902,54.6544,107.5705,47.71,Stable,49.27,46.49,58.05,36.89
Phantasmal Flames,095,Ludicolo,Illustration Rare,0.1111111111111111,1279.98,0.008547008547008546,False,False,True,0.5660000000000001,4.64,22,929,94,297,582,3.79,3.8094,2.0,7.8,0.8965,2.99,3.0,3.79,4.24,4.99,3.855,3.99,3.95,13.4286,9.9,6.4667,0.1012,0.3197,0.6265,58.7489,82.597,64.1,Rising,93.79,47.59,76.47,31.97
Phantasmal Flames,096,Nymble,Illustration Rare,0.1111111111111111,1279.98,0.008547008547008546,False,False,True,0.318,1.45,7,942,83,328,646,2.84,2.7468,0.99,5.5,0.8138,1.8,2.0,2.84,3.0,3.988,2.99,2.865,2.8,11.8571,10.9333,7.1778,0.0881,0.3482,0.6858,51.6844,76.8079,66.92,Rising,96.14,56.79,70.37,34.82
Phantasmal Flames,097,Dewgong,Illustration Rare,0.1111111111111111,1279.98,0.008547008547008546,False,False,True,0.47700000000000004,19.22,41,899,111,337,610,5.99,6.1187,0.99,12.0,1.3085,4.95,5.0,5.99,6.98,7.99,5.99,5.99,5.99,15.8571,11.2333,6.7778,0.1235,0.3749,0.6785,50.3408,72.9466,66.92,Rising,95.66,50.0,78.61,37.49
Phantasmal Flames,098,Piplup,Illustration Rare,0.1111111111111111,1279.98,0.008547008547008546,False,False,True,0.727,25.0,63,814,121,349,651,18.05,19.668,9.99,39.97,5.3566,14.993,15.99,18.05,20.0,28.99,16.29,17.14,18.0,17.2857,11.6333,7.2333,0.1486,0.4287,0.7998,40.5796,58.6832,64.26,Rising,96.6,40.5,72.76,42.87
Phantasmal Flames,099,Yamper,Illustration Rare,0.1111111111111111,1279.98,0.008547008547008546,False,False,True,0.556,4.15,19,901,103,314,625,4.49,4.6088,2.0,9.54,1.1731,3.12,3.75,4.49,5.1,5.99,4.99,4.79,4.86,14.7143,10.4667,6.9444,0.1143,0.3485,0.6937,51.8666,78.7785,66.32,Rising,95.46,52.67,74.55,34.85
Phantasmal Flames,100,Zacian,Illustration Rare,0.1111111111111111,1279.98,0.008547008547008546,False,False,True,0.606,16.74,18,940,97,333,626,4.99,5.2496,0.99,10.0,1.2545,3.99,4.25,4.99,5.99,6.99,5.0,5.0,5.0,13.8571,11.1,6.9556,0.1032,0.3543,0.666,49.6623,79.3637,66.05,Rising,95.8,50.0,76.1,35.43
Phantasmal Flames,101,Flygon,Illustration Rare,0.1111111111111111,1279.98,0.008547008547008546,False,False,True,0.726,11.98,33,895,93,301,601,6.5,6.605,0.99,12.0,1.3678,4.99,5.6,6.5,7.385,8.018,6.5,6.79,6.75,13.2857,10.0333,6.6778,0.1039,0.3363,0.6715,55.5668,78.3778,64.8,Rising,94.43,46.3,79.29,33.63
Phantasmal Flames,102,Paldean Wooper,Illustration Rare,0.1111111111111111,1279.98,0.008547008547008546,False,False,True,0.72,15.82,37,922,108,350,643,5.4,5.6157,0.99,11.0,1.29,4.0,4.95,5.4,6.2075,7.0,5.5,5.355,5.49,15.4286,11.6667,7.1444,0.1171,0.3796,0.6974,44.8486,74.8076,67.0,Rising,96.49,50.18,77.03,37.96
Phantasmal Flames,103,Toxtricity,Illustration Rare,0.1111111111111111,1279.98,0.008547008547008546,False,False,True,0.585,17.37,14,915,115,351,647,2.99,3.1742,1.0,6.0,0.8628,2.114,2.49,2.99,3.96,4.338,2.99,2.99,2.99,16.4286,11.7,7.1889,0.1257,0.3836,0.7071,47.5242,72.0674,66.22,Rising,96.62,50.0,72.82,38.36
Phantasmal Flames,104,Togedemaru,Illustration Rare,0.1111111111111111,1279.98,0.008547008547008546,False,False,True,0.529,9.31,20,940,104,335,636,3.3,3.4471,1.49,6.81,0.9291,2.49,2.74,3.3,3.99,4.952,3.59,3.5,3.49,14.8571,11.1667,7.0667,0.1106,0.3564,0.6766,51.6663,75.7132,66.4,Rising,96.01,52.87,73.05,35.64
Phantasmal Flames,105,Wigglytuff,Illustration Rare,0.1111111111111111,1279.98,0.008547008547008546,False,False,True,0.5329999999999999,19.0,52,826,96,327,627,8.0,8.5684,4.0,16.15,1.7811,6.95,7.49,8.0,9.765,10.19,7.99,7.99,8.0,13.7143,10.9,6.9667,0.1162,0.3959,0.7591,45.5935,68.4751,67.46,Rising,95.78,49.88,79.21,39.59
Phantasmal Flames,106,Meowth,Illustration Rare,0.1111111111111111,1279.98,0.008547008547008546,False,False,True,0.605,51.83,134,784,121,414,738,26.315,29.3235,5.0,59.95,8.588,21.0,23.0,26.315,33.8375,41.07,25.44,25.0,26.0,17.2857,13.8,8.2,0.1543,0.5281,0.9413,26.6731,40.9308,68.44,Rising,97.92,47.85,70.71,52.81
Phantasmal Flames,107,Ambipom,Illustration Rare,0.1111111111111111,1279.98,0.008547008547008546,False,False,True,0.387,5.02,24,939,108,323,602,3.25,3.468,1.28,6.79,0.9167,2.48,2.82,3.25,3.99,4.954,3.0,3.14,3.245,15.4286,10.7667,6.6889,0.115,0.344,0.6411,51.8166,78.3866,62.86,Rising,95.09,42.45,73.57,34.4
Phantasmal Flames,108,Mega Heracross ex,Ultra Rare,0.08333333333333333,2231.7599999999998,0.004901960784313725,False,False,True,0.635,5.27,14,892,68,253,566,3.5,3.6382,0.99,7.49,1.0783,2.39,2.99,3.5,4.0,4.99,3.0,3.4,3.315,9.7143,8.4333,6.2889,0.0762,0.2836,0.6345,66.0279,81.4516,59.02,Stable,90.42,40.5,70.36,28.36
Phantasmal Flames,109,Mega Charizard X ex,Ultra Rare,0.08333333333333333,2231.7599999999998,0.004901960784313725,False,False,True,0.675,103.45,143,722,128,363,623,35.405,40.2535,12.0,82.99,11.5544,30.0,32.95,35.405,45.0,56.791,34.54,34.99,35.0,18.2857,12.1,6.9222,0.1773,0.5028,0.8629,29.6272,45.7576,67.84,Rising,96.39,48.69,71.3,50.28
Phantasmal Flames,110,Oricorio ex,Ultra Rare,0.08333333333333333,2231.7599999999998,0.004901960784313725,False,False,True,0.49700000000000005,9.49,12,898,88,284,604,2.99,2.8582,0.99,5.74,0.9835,1.564,2.0,2.99,3.49,4.0,2.605,2.725,2.75,12.5714,9.4667,6.7111,0.098,0.3163,0.6726,55.9767,74.1883,61.1,Rising,94.11,44.73,65.59,31.63
Phantasmal Flames,111,Rotom ex,Ultra Rare,0.08333333333333333,2231.7599999999998,0.004901960784313725,False,False,True,0.691,2.43,7,927,66,245,562,2.99,2.9657,1.0,5.89,0.9032,1.99,2.25,2.99,3.49,4.0,2.625,2.7,2.78,9.4286,8.1667,6.2444,0.0712,0.2643,0.6063,65.4285,87.0505,59.38,Stable,89.53,44.42,69.55,26.43
Phantasmal Flames,112,Mismagius ex,Ultra Rare,0.08333333333333333,2231.7599999999998,0.004901960784313725,False,False,True,0.685,2.89,13,890,62,240,540,3.145,3.4331,0.99,6.82,1.117,2.0,2.6675,3.145,3.99,4.99,3.0,2.99,2.99,8.8571,8.0,6.0,0.0697,0.2697,0.6067,66.8164,90.9359,60.48,Rising,88.32,50.33,67.46,26.97
Phantasmal Flames,113,Mega Sharpedo ex,Ultra Rare,0.08333333333333333,2231.7599999999998,0.004901960784313725,False,False,True,0.62,9.39,13,886,83,256,557,3.99,3.8871,1.5,7.98,1.1655,2.5,3.0,3.99,4.5,5.425,3.21,3.255,3.46,11.8571,8.5333,6.1889,0.0937,0.2889,0.6287,63.9241,82.4073,59.7,Stable,90.3,42.77,70.02,28.89
Phantasmal Flames,114,Empoleon ex,Ultra Rare,0.08333333333333333,2231.7599999999998,0.004901960784313725,False,False,True,0.723,2.9,10,901,71,271,571,3.0,3.3239,0.99,6.25,1.0109,2.0,2.69,3.0,3.99,4.99,2.99,2.99,2.99,10.1429,9.0333,6.3444,0.0788,0.3008,0.6337,65.2268,82.954,62.58,Rising,92.15,50.0,69.59,30.08
Phantasmal Flames,115,Mega Lopunny ex,Ultra Rare,0.08333333333333333,2231.7599999999998,0.004901960784313725,False,False,True,0.5820000000000001,21.72,18,907,77,275,570,3.99,4.03,1.5,7.98,1.1114,2.85,3.0,3.99,4.95,5.744,3.0,3.29,3.595,11.0,9.1667,6.3333,0.0849,0.3032,0.6284,64.3802,81.0777,58.28,Stable,92.33,33.45,72.42,30.32
Phantasmal Flames,116,Battle Cage,Ultra Rare,0.08333333333333333,2231.7599999999998,0.004901960784313725,False,False,False,0.0,4.85,4,957,88,309,595,2.99,3.2201,0.99,6.0,0.9856,2.0,2.5,2.99,3.95,4.93,2.49,2.83,2.99,12.5714,10.3,6.6111,0.092,0.3229,0.6217,60.8551,84.6887,58.66,Stable,94.48,33.28,69.39,32.29
Phantasmal Flames,117,Blowtorch,Ultra Rare,0.08333333333333333,2231.7599999999998,0.004901960784313725,False,False,False,0.0,2.43,5,960,71,270,597,2.25,2.3202,0.99,4.49,0.6972,1.49,1.99,2.25,2.95,3.0,1.99,2.0,2.0,10.1429,9.0,6.6333,0.074,0.2812,0.6219,64.0196,82.7605,62.31,Rising,92.81,49.5,69.95,28.12
Phantasmal Flames,118,Dawn,Ultra Rare,0.08333333333333333,2231.7599999999998,0.004901960784313725,False,False,False,0.0,20.96,29,909,72,258,606,8.0,8.3462,4.86,16.0,1.8106,6.49,7.0,8.0,9.49,10.458,6.99,7.0,7.59,10.2857,8.6,6.7333,0.0792,0.2838,0.6667,60.3707,75.078,61.56,Rising,91.99,42.09,78.31,28.38
Phantasmal Flames,119,Firebreather,Ultra Rare,0.08333333333333333,2231.7599999999998,0.004901960784313725,False,False,False,0.0,3.01,2,924,72,270,584,2.49,2.5506,0.99,4.97,0.825,1.5,1.99,2.49,3.0,3.814,2.335,2.0,2.215,10.2857,9.0,6.4889,0.0779,0.2922,0.632,60.2518,81.6056,63.75,Rising,92.49,55.42,67.65,29.22
Phantasmal Flames,120,Grimsley's Move,Ultra Rare,0.08333333333333333,2231.7599999999998,0.004901960784313725,False,False,False,0.0,13.49,2,940,80,269,572,2.5,2.6317,0.91,5.2,0.868,1.5,1.99,2.5,3.0,3.99,2.495,2.49,2.49,11.4286,8.9667,6.3556,0.0851,0.2862,0.6085,66.3223,82.225,61.81,Rising,92.08,50.2,67.02,28.62
Phantasmal Flames,121,Punk Helmet,Ultra Rare,0.08333333333333333,2231.7599999999998,0.004901960784313725,False,False,False,0.0,1.24,2,960,76,266,615,2.24,2.3086,0.99,4.49,0.7499,1.25,1.9,2.24,2.99,3.0,2.25,2.0,2.0,10.8571,8.8667,6.8333,0.0792,0.2771,0.6406,64.7979,82.2638,65.74,Rising,93.15,62.5,67.52,27.71
Phantasmal Flames,122,Sacred Charm,Ultra Rare,0.08333333333333333,2231.7599999999998,0.004901960784313725,False,False,False,0.0,1.58,0,952,75,289,630,2.0,2.2349,0.73,4.02,0.6971,1.441,1.85,2.0,2.65,3.0,1.99,1.99,2.0,10.7143,9.6333,7.0,0.0788,0.3036,0.6618,58.3013,77.3792,63.15,Rising,94.89,49.5,68.81,30.36
Phantasmal Flames,123,Switch,Ultra Rare,0.08333333333333333,2231.7599999999998,0.004901960784313725,False,False,False,0.0,2.45,2,956,62,251,603,2.84,2.7551,0.99,5.74,0.8729,1.79,2.0,2.84,3.0,3.99,2.32,2.5,2.63,8.8571,8.3667,6.7,0.0649,0.2626,0.6308,63.7519,84.2286,57.77,Stable,91.31,38.21,68.32,26.26
Phantasmal Flames,124,Ignition Energy,Ultra Rare,0.08333333333333333,2231.7599999999998,0.004901960784313725,False,False,False,0.0,2.26,1,935,70,279,607,3.0,3.356,0.99,6.25,0.9678,2.25,2.69,3.0,3.99,4.99,2.775,2.99,3.0,10.0,9.3,6.7444,0.0749,0.2984,0.6492,61.5579,81.6955,61.1,Rising,93.82,42.5,71.16,29.84
Phantasmal Flames,125,Mega Charizard X ex,Special Illustration Rare,0.0125,4376.0,0.0025,True,False,True,0.675,850.0,307,756,144,346,604,999.0,1145.7013,4.53,2396.75,533.553,761.175,850.0,999.0,1328.6725,2112.5,917.5,900.0,950.0,20.5714,11.5333,6.7111,0.1905,0.4577,0.7989,34.2251,54.4527,62.51,Rising,95.66,46.58,53.43,45.77
Phantasmal Flames,126,Rotom ex,Special Illustration Rare,0.0125,4376.0,0.0025,False,False,True,0.691,36.0,28,817,66,233,499,21.11,23.5357,1.0,47.74,6.375,18.0,19.95,21.11,26.99,32.264,19.99,19.99,20.0,9.4286,7.7667,5.5444,0.0808,0.2852,0.6108,67.3613,90.1266,61.1,Rising,86.1,49.95,72.91,28.52
Phantasmal Flames,127,Mega Sharpedo ex,Special Illustration Rare,0.0125,4376.0,0.0025,False,False,True,0.62,59.99,38,799,60,189,428,28.0,29.6414,2.5,60.0,9.0182,20.0,23.99,28.0,33.0,41.15,24.85,24.95,25.0,8.5714,6.3,4.7556,0.0751,0.2365,0.5357,81.5353,95.3127,57.4,Stable,79.78,49.4,69.58,23.65
Phantasmal Flames,128,Mega Lopunny ex,Special Illustration Rare,0.0125,4376.0,0.0025,False,False,True,0.5820000000000001,49.99,30,812,73,207,470,20.0,22.9792,1.0,45.0,6.4037,17.326,18.99,20.0,25.5,31.621,19.1,19.99,19.99,10.4286,6.9,5.2222,0.0899,0.2549,0.5788,71.6155,94.105,58.13,Stable,83.14,45.55,72.13,25.49
Phantasmal Flames,129,Dawn,Special Illustration Rare,0.0125,4376.0,0.0025,False,False,False,0.0,59.95,56,816,56,192,480,30.99,33.4434,4.99,69.56,9.9168,24.0,27.0,30.99,38.4025,47.995,24.99,27.69,29.99,8.0,6.4,5.3333,0.0686,0.2353,0.5882,70.5488,91.3928,53.46,Stable,82.29,33.33,70.35,23.53
Phantasmal Flames,130,Mega Charizard X ex,Mega Hyper Rare,0.0007942811755361397,13773.46,0.0007942811755361397,True,False,True,0.675,641.73,144,704,100,276,500,400.0,417.9087,0.99,850.0,153.7543,300.0,349.99,400.0,499.99,600.0,352.74,369.995,382.33,14.2857,9.2,5.5556,0.142,0.392,0.7102,44.4376,71.8178,60.09,Rising,89.75,42.26,63.21,39.2
Ascended Heroes,218,Erika's Tangela,Illustration Rare,0.1111111111111111,3953.07,0.003367003367003367,False,False,True,0.528,33.66,23,632,69,265,511,27.0,28.3282,3.0,59.5,7.4066,20.264,23.99,27.0,30.0,37.99,22.51,24.99,25.99,9.8571,8.8333,5.6778,0.1092,0.4193,0.8085,40.3161,54.3241,60.99,Rising,89.5,36.61,73.85,41.93
Ascended Heroes,219,Beautifly,Illustration Rare,0.1111111111111111,3953.07,0.003367003367003367,False,False,True,0.47100000000000003,14.67,5,554,63,194,400,9.65,9.8197,2.0,19.98,2.2053,7.729,8.2425,9.65,10.6825,12.317,8.99,9.235,9.565,9.0,6.4667,4.4444,0.1137,0.3502,0.722,44.5035,62.7886,59.36,Stable,78.82,43.99,77.54,35.02
Ascended Heroes,220,Dustox,Illustration Rare,0.1111111111111111,3953.07,0.003367003367003367,False,False,True,0.38299999999999995,8.62,2,861,75,280,596,5.0,5.4878,2.92,10.17,1.4206,3.99,4.5,5.0,6.0,7.49,4.6,4.99,4.99,10.7143,9.3333,6.6222,0.0871,0.3252,0.6922,53.6369,64.5792,62.0,Rising,93.4,42.18,74.11,32.52
Ascended Heroes,221,Budew,Illustration Rare,0.1111111111111111,3953.07,0.003367003367003367,False,False,True,0.439,38.69,3,923,98,327,679,10.99,11.6585,3.0,22.0,3.0298,8.404,9.61,10.99,13.04,15.982,9.915,9.99,10.0,14.0,10.9,7.5444,0.1062,0.3543,0.7356,50.6995,60.1241,65.54,Rising,96.37,49.15,74.01,35.43
Ascended Heroes,222,Ethan's Magcargo,Illustration Rare,0.1111111111111111,3953.07,0.003367003367003367,False,False,True,0.52,37.65,6,711,83,253,560,9.99,10.2814,1.75,20.0,3.0011,7.22,8.0,9.99,11.76,14.94,8.0,8.27,8.99,11.8571,8.4333,6.2222,0.1167,0.3558,0.7876,45.2514,56.3864,60.05,Rising,90.26,38.99,70.81,35.58
Ascended Heroes,223,Numel,Illustration Rare,0.1111111111111111,3953.07,0.003367003367003367,False,False,True,0.425,13.0,4,662,71,259,478,7.49,7.8121,1.5,15.28,2.0428,5.99,6.2825,7.49,8.6025,10.0,6.99,6.99,7.19,10.1429,8.6333,5.3111,0.1073,0.3912,0.7221,46.6361,63.2563,62.97,Rising,87.36,47.22,73.85,39.12
Ascended Heroes,224,Salazzle,Illustration Rare,0.1111111111111111,3953.07,0.003367003367003367,False,False,True,0.56,16.95,3,794,57,235,539,4.99,4.9818,1.99,9.54,1.3754,3.5,3.99,4.99,5.9875,6.987,3.99,4.3,4.5,8.1429,7.8333,5.9889,0.0718,0.296,0.6788,55.9037,67.9855,58.39,Stable,87.97,38.67,72.39,29.6
Ascended Heroes,225,Scorbunny,Illustration Rare,0.1111111111111111,3953.07,0.003367003367003367,False,False,True,0.638,19.61,8,658,84,256,518,12.99,13.6452,8.0,27.27,3.2061,10.0,11.6,12.99,15.0,17.99,11.49,11.99,12.56,12.0,8.5333,5.7556,0.1277,0.3891,0.7872,39.0075,55.0976,62.16,Rising,88.77,41.48,76.5,38.91
Ascended Heroes,226,Psyduck,Illustration Rare,0.1111111111111111,3953.07,0.003367003367003367,True,False,True,0.578,102.17,39,559,115,322,536,99.99,109.9363,7.26,231.93,39.2193,75.99,85.2,99.99,124.98,174.976,95.0,95.0,99.99,16.4286,10.7333,5.9556,0.2057,0.576,0.9589,22.4238,31.9462,65.77,Rising,92.95,45.01,64.33,57.6
Ascended Heroes,227,Snorunt,Illustration Rare,0.1111111111111111,3953.07,0.003367003367003367,False,False,True,0.513,15.0,6,881,85,272,611,7.99,8.1159,2.0,15.13,2.1688,5.85,6.55,7.99,9.06,10.99,6.99,6.895,7.0,12.1429,9.0667,6.7889,0.0965,0.3087,0.6935,58.7195,65.7815,63.86,Rising,93.56,49.86,73.28,30.87
Ascended Heroes,228,Weavile,Illustration Rare,0.1111111111111111,3953.07,0.003367003367003367,False,False,True,0.65,15.1,5,691,89,266,531,8.99,9.2413,3.75,18.0,2.2896,6.99,7.99,8.99,10.0,12.0,7.99,7.99,8.49,12.7143,8.8667,5.9,0.1288,0.3849,0.7685,43.8022,57.3561,63.09,Rising,90.39,44.11,75.22,38.49
Ascended Heroes,229,Heliolisk,Illustration Rare,0.1111111111111111,3953.07,0.003367003367003367,False,False,True,0.486,14.99,1,886,76,270,595,3.99,4.2239,1.31,8.0,1.1716,2.99,3.32,3.99,4.99,5.99,3.5,3.99,3.99,10.8571,9.0,6.6111,0.0858,0.3047,0.6716,58.7968,67.7434,59.69,Stable,92.77,37.72,72.26,30.47
Ascended Heroes,230,Vikavolt,Illustration Rare,0.1111111111111111,3953.07,0.003367003367003367,False,False,True,0.54,9.99,5,918,83,287,607,4.0,4.3478,1.5,8.19,1.1953,2.99,3.5,4.0,4.99,5.99,3.99,3.99,3.99,11.8571,9.5667,6.7444,0.0904,0.3126,0.6612,57.7808,67.986,64.07,Rising,94.39,50.0,72.51,31.26
Ascended Heroes,231,Iono's Wattrel,Illustration Rare,0.1111111111111111,3953.07,0.003367003367003367,False,False,True,0.36700000000000005,20.33,5,805,96,286,595,12.35,13.1285,4.0,25.5,3.3731,9.99,10.95,12.35,14.53,18.0,10.99,10.99,11.99,13.7143,9.5333,6.6111,0.1193,0.3553,0.7391,47.4736,60.0362,62.62,Rising,93.84,41.66,74.31,35.53
Ascended Heroes,232,Marill,Illustration Rare,0.1111111111111111,3953.07,0.003367003367003367,False,False,True,0.616,32.57,11,605,81,260,499,17.39,18.1149,2.0,36.0,4.0018,14.426,15.5,17.39,19.99,22.0,15.99,16.0,16.99,11.5714,8.6667,5.5444,0.1339,0.4298,0.8248,37.3501,50.0826,63.91,Rising,88.32,44.11,77.91,42.98
Ascended Heroes,233,Misdreavus,Illustration Rare,0.1111111111111111,3953.07,0.003367003367003367,False,False,True,0.64,24.46,2,758,69,265,557,7.87,8.0594,3.26,15.01,2.0171,6.0,6.6325,7.87,9.0,10.215,6.99,6.99,7.19,9.8571,8.8333,6.1889,0.091,0.3496,0.7348,51.6948,61.3051,63.54,Rising,91.28,47.22,74.97,34.96
Ascended Heroes,234,Banette,Illustration Rare,0.1111111111111111,3953.07,0.003367003367003367,False,False,True,0.5760000000000001,25.46,12,484,90,228,378,14.33,15.0011,1.79,29.98,3.515,11.99,12.5,14.33,16.675,19.99,13.145,13.49,13.99,12.8571,7.6,4.2,0.186,0.4711,0.781,34.0359,52.7157,61.98,Rising,80.19,43.96,76.57,47.11
Ascended Heroes,235,Togekiss,Illustration Rare,0.1111111111111111,3953.07,0.003367003367003367,False,False,True,0.634,22.98,4,874,77,292,608,8.15,8.8434,2.1,17.0,2.3739,6.362,7.0,8.15,9.99,11.99,7.0,7.325,7.99,11.0,9.7333,6.7556,0.0881,0.3341,0.6957,49.5164,64.9201,60.97,Rising,94.59,37.61,73.16,33.41
Ascended Heroes,236,Slurpuff,Illustration Rare,0.1111111111111111,3953.07,0.003367003367003367,False,False,True,0.396,13.25,6,645,70,219,421,10.76,11.3063,5.99,21.96,2.6866,8.75,9.74,10.76,12.35,14.99,9.99,9.99,10.0,10.0,7.3,4.6778,0.1085,0.3395,0.6527,53.5633,70.055,61.5,Rising,81.65,49.9,76.24,33.95
Ascended Heroes,237,Hop's Trevenant,Illustration Rare,0.1111111111111111,3953.07,0.003367003367003367,False,False,True,0.645,17.5,1,792,81,268,592,6.58,6.9172,2.0,13.64,1.7961,5.0,5.7975,6.58,7.99,9.289,5.75,5.99,6.48,11.5714,8.9333,6.5778,0.1023,0.3384,0.7475,44.7475,60.7784,60.92,Rising,92.42,38.73,74.03,33.84
Ascended Heroes,238,Team Rocket's Mimikyu,Illustration Rare,0.1111111111111111,3953.07,0.003367003367003367,False,False,True,0.792,39.0,72,562,92,283,483,29.99,31.1332,7.24,59.99,7.7183,23.536,26.0,29.99,34.99,40.0,26.72,27.99,29.69,13.1429,9.4333,5.3667,0.1637,0.5036,0.8594,29.9099,43.2541,63.98,Rising,89.55,40.0,75.21,50.36
Ascended Heroes,239,Team Rocket's Dugtrio,Illustration Rare,0.1111111111111111,3953.07,0.003367003367003367,False,False,True,0.495,26.72,9,465,71,228,428,14.95,15.3396,5.72,30.0,4.186,10.632,12.2,14.95,17.99,20.0,12.35,13.115,14.515,10.1429,7.6,4.7556,0.1527,0.4903,0.9204,30.8644,40.6144,59.7,Stable,82.77,35.08,72.71,49.03
Ascended Heroes,240,Hitmontop,Illustration Rare,0.1111111111111111,3953.07,0.003367003367003367,False,False,True,0.48200000000000004,24.96,6,486,61,195,374,9.805,10.1937,3.0,20.0,2.601,7.915,8.5,9.805,11.5,13.635,8.0,8.95,9.0,8.7143,6.5,4.1556,0.1255,0.4012,0.7695,39.0144,55.6138,57.88,Stable,77.64,38.89,74.48,40.12
Ascended Heroes,241,Medicham,Illustration Rare,0.1111111111111111,3953.07,0.003367003367003367,False,False,True,0.366,18.73,5,872,90,279,636,8.0,8.5184,1.79,16.0,2.3163,6.0,6.99,8.0,9.84,11.725,6.68,7.0,7.5,12.8571,9.3,7.0667,0.1032,0.32,0.7294,49.11,61.9763,60.98,Rising,94.32,39.07,72.81,32.0
Ascended Heroes,242,Carbink,Illustration Rare,0.1111111111111111,3953.07,0.003367003367003367,False,False,True,0.46299999999999997,23.49,1,707,88,261,501,6.99,7.264,1.35,13.99,1.7409,5.49,5.99,6.99,8.0,9.99,6.91,6.99,6.99,12.5714,8.7,5.5667,0.1245,0.3692,0.7086,49.6567,63.3428,63.83,Rising,88.61,48.86,76.03,36.92
Ascended Heroes,243,Mightyena,Illustration Rare,0.1111111111111111,3953.07,0.003367003367003367,False,False,True,0.529,22.8,6,633,85,232,447,10.45,11.2054,3.6,21.51,2.8295,8.49,9.44,10.45,12.54,15.0,9.48,9.63,9.99,12.1429,7.7333,4.9667,0.1343,0.3665,0.7062,51.685,63.161,60.95,Rising,84.0,44.89,74.75,36.65
Ascended Heroes,244,Cynthia's Spiritomb,Illustration Rare,0.1111111111111111,3953.07,0.003367003367003367,False,False,True,0.609,26.47,5,675,84,283,552,14.99,15.2277,3.26,30.0,3.9609,10.99,12.8,14.99,17.0,19.99,12.8,13.0,14.0,12.0,9.4333,6.1333,0.1244,0.4193,0.8178,38.5446,51.5246,63.34,Rising,92.42,41.43,73.99,41.93
Ascended Heroes,245,Galarian Obstagoon,Illustration Rare,0.1111111111111111,3953.07,0.003367003367003367,False,False,True,0.529,18.37,2,853,66,266,599,5.0,5.564,2.0,10.92,1.4947,4.0,4.5,5.0,6.25,7.83,4.77,4.99,5.0,9.4286,8.8667,6.6556,0.0774,0.3118,0.7022,55.8486,65.7085,62.27,Rising,92.61,45.4,73.14,31.18
Ascended Heroes,246,Mawile,Illustration Rare,0.1111111111111111,3953.07,0.003367003367003367,False,False,True,0.624,20.11,2,784,96,270,542,8.02,8.7805,2.54,17.0,2.1995,6.943,7.0,8.02,9.99,11.655,7.98,7.99,7.99,13.7143,9.0,6.0222,0.1224,0.3444,0.6913,50.2393,64.9169,64.23,Rising,91.28,49.87,74.95,34.44
Ascended Heroes,247,Dreepy,Illustration Rare,0.1111111111111111,3953.07,0.003367003367003367,False,False,True,0.555,46.7,7,910,89,276,661,12.0,12.4601,4.9,24.26,3.3787,8.71,9.99,12.0,14.0,17.0,9.99,9.99,11.0,12.7143,9.2,7.3444,0.0978,0.3033,0.7264,50.872,63.3664,61.23,Rising,94.48,40.82,72.88,30.33
Ascended Heroes,248,Drakloak,Illustration Rare,0.1111111111111111,3953.07,0.003367003367003367,False,False,True,0.564,45.16,3,944,71,270,646,9.99,10.5415,2.25,20.0,3.3649,6.99,7.99,9.99,12.325,15.0,7.99,7.99,8.99,10.1429,9.0,7.1778,0.0752,0.286,0.6843,62.3638,68.045,59.18,Stable,93.95,38.88,68.08,28.6
Ascended Heroes,249,Larry's Staraptor,Illustration Rare,0.1111111111111111,3953.07,0.003367003367003367,False,False,True,0.606,14.33,3,877,76,277,599,6.0,6.4243,1.5,12.28,1.756,4.536,5.0,6.0,7.26,8.99,5.85,5.49,5.78,10.8571,9.2333,6.6556,0.0867,0.3158,0.683,52.6855,65.9669,64.23,Rising,93.38,51.21,72.67,31.58
Ascended Heroes,250,Fan Rotom,Illustration Rare,0.1111111111111111,3953.07,0.003367003367003367,False,False,True,0.691,16.59,2,907,71,275,610,5.35,5.8229,1.35,11.0,1.8747,3.99,4.49,5.35,6.99,8.828,4.5,4.74,4.99,10.1429,9.1667,6.7778,0.0783,0.3032,0.6725,57.7247,69.0984,59.78,Stable,93.66,40.18,67.8,30.32
Ascended Heroes,251,Sprigatito ex,Ultra Rare,0.047619047619047616,3913.1400000000003,0.003401360544217687,False,False,True,0.706,6.67,2,641,66,222,441,4.99,4.9471,2.0,9.5,1.3774,3.49,3.99,4.99,5.74,6.99,3.99,4.0,4.49,9.4286,7.4,4.9,0.103,0.3463,0.688,53.6323,65.2577,57.88,Stable,82.88,38.86,72.16,34.63
Ascended Heroes,252,Stunfisk ex,Ultra Rare,0.047619047619047616,3913.1400000000003,0.003401360544217687,False,False,True,0.33,4.87,0,947,89,291,686,2.0,2.1988,0.99,4.0,0.6958,1.196,1.805,2.0,2.5,3.0,1.99,1.99,2.0,12.7143,9.7,7.6222,0.094,0.3073,0.7244,52.4433,61.7163,63.33,Rising,95.55,49.5,68.36,30.73
Ascended Heroes,253,Mega Audino ex,Ultra Rare,0.047619047619047616,3913.1400000000003,0.003401360544217687,False,False,True,0.528,11.12,6,920,82,286,616,3.49,3.6149,1.0,7.16,1.1263,2.25,2.99,3.49,4.0,5.0,3.0,2.99,3.0,11.7143,9.5333,6.8444,0.0891,0.3109,0.6696,59.3387,67.0579,63.35,Rising,94.55,50.0,68.84,31.09
Ascended Heroes,254,Anthea & Concordia,Ultra Rare,0.047619047619047616,3913.1400000000003,0.003401360544217687,False,False,False,0.0,6.55,2,920,78,282,661,2.99,2.9153,0.98,5.95,1.01,1.8,2.1475,2.99,3.5,4.29,2.49,2.49,2.58,11.1429,9.4,7.3444,0.0848,0.3065,0.7185,55.6138,63.9981,61.61,Rising,94.84,46.51,65.36,30.65
Ascended Heroes,255,Black Belt's Training,Ultra Rare,0.047619047619047616,3913.1400000000003,0.003401360544217687,False,False,False,0.0,8.39,0,941,74,304,642,2.5,2.5989,0.72,5.07,0.8989,1.49,1.99,2.5,3.0,3.99,2.0,1.99,2.25,10.5714,10.1333,7.1333,0.0786,0.3231,0.6823,52.7231,65.4284,59.84,Stable,95.41,38.89,65.41,32.31
Ascended Heroes,256,Boss's Orders,Ultra Rare,0.047619047619047616,3913.1400000000003,0.003401360544217687,False,False,False,0.0,38.42,4,933,82,264,626,9.99,10.5578,2.25,20.0,3.1404,7.0,8.0,9.99,12.19,15.0,7.87,7.99,9.0,11.7143,8.8,6.9556,0.0879,0.283,0.671,61.6305,68.0347,58.86,Stable,93.06,37.44,70.26,28.3
Ascended Heroes,257,Canari,Ultra Rare,0.047619047619047616,3913.1400000000003,0.003401360544217687,False,False,False,0.0,22.26,6,760,76,257,527,5.5,6.1331,2.0,11.98,2.0079,3.99,4.7175,5.5,7.49,9.0,4.58,4.86,4.99,10.8571,8.5667,5.8556,0.1,0.3382,0.6934,50.8819,63.2454,59.49,Stable,89.14,41.78,67.26,33.82
Ascended Heroes,258,Cheren,Ultra Rare,0.047619047619047616,3913.1400000000003,0.003401360544217687,False,False,False,0.0,9.2,1,929,76,285,652,2.49,2.4292,0.99,4.97,0.7998,1.49,1.99,2.49,2.99,3.5,2.19,2.0,2.215,10.8571,9.5,7.2444,0.0818,0.3068,0.7018,56.0242,63.6008,62.73,Rising,95.07,48.87,67.08,30.68
Ascended Heroes,259,Counter Gain,Ultra Rare,0.047619047619047616,3913.1400000000003,0.003401360544217687,False,False,False,0.0,2.16,0,956,73,292,646,1.99,2.0572,0.99,3.81,0.6096,1.0,1.69,1.99,2.49,2.99,1.99,1.99,1.99,10.4286,9.7333,7.1778,0.0764,0.3054,0.6757,59.2599,65.5087,63.76,Rising,95.25,50.0,70.37,30.54
Ascended Heroes,260,Glass Trumpet,Ultra Rare,0.047619047619047616,3913.1400000000003,0.003401360544217687,False,False,False,0.0,6.85,0,958,81,283,637,1.99,2.1529,0.99,4.0,0.6638,1.25,1.79,1.99,2.5,2.99,1.99,1.99,1.99,11.5714,9.4333,7.0778,0.0846,0.2954,0.6649,59.5625,66.4277,63.14,Rising,94.66,50.0,69.17,29.54
Ascended Heroes,261,Jamming Tower,Ultra Rare,0.047619047619047616,3913.1400000000003,0.003401360544217687,False,False,False,0.0,12.5,0,925,83,301,620,2.49,2.416,0.99,4.97,0.7957,1.29,1.99,2.49,2.99,3.458,1.99,1.99,2.1,11.8571,10.0333,6.8889,0.0897,0.3254,0.6703,54.7042,64.877,61.84,Rising,94.96,44.76,67.07,32.54
Ascended Heroes,262,N's PP Up,Ultra Rare,0.047619047619047616,3913.1400000000003,0.003401360544217687,False,False,False,0.0,15.5,1,677,64,228,443,4.99,5.0028,1.75,9.95,1.5929,3.0,3.99,4.99,5.99,7.374,3.49,3.99,4.25,9.1429,7.6,4.9222,0.0945,0.3368,0.6544,59.3081,67.0079,55.05,Stable,83.48,32.12,68.16,33.68
Ascended Heroes,263,Team Rocket's Transceiver,Ultra Rare,0.047619047619047616,3913.1400000000003,0.003401360544217687,False,False,False,0.0,11.5,0,928,76,282,601,2.99,3.1793,0.99,6.0,1.1001,1.99,2.49,2.99,3.99,4.99,2.49,2.495,2.85,10.8571,9.4,6.6778,0.0819,0.3039,0.6476,62.1691,67.1957,58.48,Stable,93.7,37.37,65.4,30.39
Ascended Heroes,264,Ultra Ball,Ultra Rare,0.047619047619047616,3913.1400000000003,0.003401360544217687,False,False,False,0.0,20.79,0,969,83,303,671,9.27,9.5797,2.54,18.86,2.4708,6.98,7.99,9.27,10.99,12.368,7.7,7.89,8.49,11.8571,10.1,7.4556,0.0857,0.3127,0.6925,56.7452,63.7411,62.02,Rising,95.71,40.69,74.21,31.27
Ascended Heroes,272,Mega Meganium ex,Special Illustration Rare,0.014084507042253521,20790.22,0.0006402048655569782,True,False,True,0.62,149.95,6,198,42,109,191,99.75,107.6661,10.0,210.0,34.2687,83.7,89.99,99.75,115.0,147.907,95.0,95.0,99.0,6.0,3.6333,2.1222,0.2121,0.5505,0.9646,21.8068,33.3974,55.44,Stable,56.71,45.96,68.17,55.05
Ascended Heroes,273,Mega Emboar ex,Special Illustration Rare,0.014084507042253521,20790.22,0.0006402048655569782,False,False,True,0.504,116.21,10,230,36,111,199,68.105,68.3456,2.99,135.0,20.0001,52.783,59.99,68.105,77.5625,90.091,59.83,60.0,65.99,5.1429,3.7,2.2111,0.1565,0.4826,0.8652,31.2448,43.6584,53.3,Stable,57.67,40.67,70.74,48.26
Ascended Heroes,274,Mega Feraligatr ex,Special Illustration Rare,0.014084507042253521,20790.22,0.0006402048655569782,True,False,True,0.622,236.33,6,213,46,119,196,170.0,182.8134,7.26,350.0,61.0935,140.0,155.0,170.0,199.99,249.998,149.99,160.0,168.975,6.5714,3.9667,2.1778,0.216,0.5587,0.9202,23.8406,35.1198,53.69,Stable,58.58,38.76,66.58,55.87
Ascended Heroes,275,Mega Froslass ex,Special Illustration Rare,0.014084507042253521,20790.22,0.0006402048655569782,True,False,True,0.655,170.0,8,241,39,117,209,88.0,89.5535,8.25,179.99,24.51,75.0,80.0,88.0,99.95,115.0,80.0,85.0,86.59,5.5714,3.9,2.3222,0.1618,0.4855,0.8672,31.7065,42.1297,54.77,Stable,59.4,42.39,72.63,48.55
Ascended Heroes,276,Pikachu ex,Special Illustration Rare,0.014084507042253521,20790.22,0.0006402048655569782,True,False,True,0.701,499.99,62,402,104,223,352,1300.0,1406.5885,1.2,2800.0,581.8072,975.5,1100.0,1300.0,1618.75,2350.0,1186.0,1200.0,1299.995,14.8571,7.4333,3.9111,0.2587,0.5547,0.8756,23.7734,41.0009,58.64,Stable,78.16,41.23,58.64,55.47
Ascended Heroes,277,Pikachu ex,Special Illustration Rare,0.014084507042253521,20790.22,0.0006402048655569782,True,False,True,0.701,404.5,42,290,62,152,255,457.06,499.4145,4.99,1000.0,200.1867,365.891,399.99,457.06,590.085,789.456,425.0,425.075,450.0,8.8571,5.0667,2.8333,0.2138,0.5241,0.8793,26.4761,39.3256,55.89,Stable,66.96,44.44,59.92,52.41
Ascended Heroes,278,Mega Eelektross ex,Special Illustration Rare,0.014084507042253521,20790.22,0.0006402048655569782,False,False,True,0.505,81.23,3,282,43,123,241,45.0,47.9179,5.99,95.0,12.4799,36.991,40.0,45.0,51.9025,59.999,43.66,45.0,45.0,6.1429,4.1,2.6778,0.1525,0.4362,0.8546,34.7029,47.2263,56.45,Stable,62.76,47.02,73.96,43.62
Ascended Heroes,279,Iono's Bellibolt ex,Special Illustration Rare,0.014084507042253521,20790.22,0.0006402048655569782,False,False,True,0.40700000000000003,164.0,12,226,34,103,177,74.475,79.9281,2.43,155.0,24.6344,62.49,67.0,74.475,85.54,110.0,67.245,69.99,70.0,4.8571,3.4333,1.9667,0.1504,0.4558,0.7832,35.9351,55.529,53.1,Stable,54.43,46.06,69.18,45.58
Ascended Heroes,280,Lillie's Clefairy ex,Special Illustration Rare,0.014084507042253521,20790.22,0.0006402048655569782,True,False,True,0.573,273.78,13,239,50,146,220,200.0,223.4178,1.8,429.0,84.7494,164.598,180.0,200.0,243.69,371.0,200.905,199.99,200.0,7.1429,4.8667,2.4444,0.2092,0.6109,0.9205,19.908,33.5895,59.01,Stable,64.15,50.45,62.07,61.09
Ascended Heroes,281,Team Rocket's Mewtwo ex,Special Illustration Rare,0.014084507042253521,20790.22,0.0006402048655569782,True,False,True,0.747,349.99,28,345,70,180,306,450.0,518.5686,7.26,962.94,194.3127,349.99,390.0,450.0,650.0,849.974,407.5,414.5,450.0,10.0,6.0,3.4,0.2029,0.5217,0.887,26.7778,39.0594,56.9,Stable,72.64,40.56,62.53,52.17
Ascended Heroes,282,Mega Diancie ex,Special Illustration Rare,0.014084507042253521,20790.22,0.0006402048655569782,False,False,True,0.586,216.0,8,229,35,104,188,69.99,70.7823,1.99,139.0,18.5267,59.95,62.04,69.99,77.0,90.0,65.0,65.0,68.5,5.0,3.4667,2.0889,0.1528,0.4541,0.821,34.8468,49.7354,53.95,Stable,55.45,44.89,73.83,45.41
Ascended Heroes,283,Mega Hawlucha ex,Special Illustration Rare,0.014084507042253521,20790.22,0.0006402048655569782,False,False,True,0.5920000000000001,117.0,10,249,39,104,198,69.0,67.1111,1.0,125.0,24.1977,39.572,60.51,69.0,79.99,90.0,65.0,65.0,68.375,5.5714,3.4667,2.2,0.1566,0.4177,0.7952,40.8042,55.1687,51.52,Stable,56.18,45.06,63.94,41.77
Ascended Heroes,284,Mega Gengar ex,Special Illustration Rare,0.014084507042253521,20790.22,0.0006402048655569782,True,False,True,0.746,975.25,64,441,98,249,393,1300.0,1404.5454,3.2,2799.0,592.9704,992.72,1125.0,1300.0,1600.0,2372.0,1224.485,1250.0,1299.0,14.0,8.3,4.3667,0.2222,0.5646,0.8912,24.5568,38.1218,60.9,Rising,82.57,44.26,57.78,56.46
Ascended Heroes,285,Mega Scrafty ex,Special Illustration Rare,0.014084507042253521,20790.22,0.0006402048655569782,False,False,True,0.48200000000000004,100.25,7,190,34,101,168,72.81,76.1492,10.0,150.0,22.0337,59.99,65.0,72.81,84.7425,100.35,66.495,68.21,71.695,4.8571,3.3667,1.8667,0.1789,0.5316,0.8842,28.0365,41.3305,53.73,Stable,53.54,42.75,71.07,53.16
Ascended Heroes,286,N's Zoroark ex,Special Illustration Rare,0.014084507042253521,20790.22,0.0006402048655569782,True,False,True,0.725,163.73,18,175,40,116,161,188.88,198.3024,10.0,400.0,75.9,150.0,169.99,188.88,206.0,300.0,176.5,180.0,185.0,5.7143,3.8667,1.7889,0.2286,0.6629,0.92,18.737,32.0292,55.81,Stable,55.27,45.41,61.73,66.29
Ascended Heroes,287,Marnie's Grimmsnarl ex,Special Illustration Rare,0.014084507042253521,20790.22,0.0006402048655569782,False,False,True,0.423,176.67,8,237,47,99,182,81.5,85.133,10.0,170.0,24.2049,65.288,70.0,81.5,95.0,109.99,75.99,75.0,79.305,6.7143,3.3,2.0222,0.1983,0.4177,0.7679,40.3161,56.1561,52.64,Stable,54.08,45.82,71.57,41.77
Ascended Heroes,288,Fezandipiti ex,Special Illustration Rare,0.014084507042253521,20790.22,0.0006402048655569782,False,False,True,0.397,163.25,6,277,37,112,209,70.0,75.2187,3.74,149.0,22.0202,59.874,64.98,70.0,80.0,102.33,64.99,65.0,69.01,5.2857,3.7333,2.3222,0.1336,0.4043,0.7545,38.5351,57.8982,53.1,Stable,58.72,44.17,70.73,40.43
Ascended Heroes,289,Steven's Metagross ex,Special Illustration Rare,0.014084507042253521,20790.22,0.0006402048655569782,True,False,True,0.696,125.48,10,170,42,111,156,103.07,110.6515,10.0,213.0,34.6572,88.591,95.63,103.07,119.565,155.499,97.48,100.0,100.985,6.0,3.7,1.7333,0.2471,0.6529,0.9176,17.8792,32.6299,57.01,Stable,54.18,46.53,68.68,65.29
Ascended Heroes,290,Mega Dragonite ex,Special Illustration Rare,0.014084507042253521,20790.22,0.0006402048655569782,True,False,True,0.733,404.48,38,306,74,175,279,829.995,934.0964,7.26,1800.0,399.6838,650.0,706.25,829.995,1097.52,1600.0,750.0,780.0,830.0,10.5714,5.8333,3.1,0.2418,0.5719,0.9118,21.6803,35.207,56.22,Stable,70.77,40.36,57.21,57.19
Ascended Heroes,291,Canari,Special Illustration Rare,0.014084507042253521,20790.22,0.0006402048655569782,False,False,False,0.0,117.23,6,278,32,110,236,45.0,46.7382,2.5,87.8,10.6918,37.978,40.0,45.0,50.87,59.99,39.995,40.0,43.99,4.5714,3.6667,2.6222,0.1151,0.3957,0.8489,40.7243,49.7813,53.75,Stable,60.45,40.92,77.12,39.57
Ascended Heroes,292,Iris's Fighting Spirit,Special Illustration Rare,0.014084507042253521,20790.22,0.0006402048655569782,False,False,False,0.0,140.0,4,222,39,107,184,40.0,41.4741,2.54,81.75,10.1426,32.0,35.0,40.0,45.7175,51.674,38.0,38.99,39.87,5.5714,3.5667,2.0444,0.1757,0.482,0.8288,32.074,45.1712,55.06,Stable,55.73,45.31,75.54,48.2
Ascended Heroes,293,Surfer,Special Illustration Rare,0.014084507042253521,20790.22,0.0006402048655569782,False,False,False,0.0,117.27,4,133,23,71,113,29.99,31.3564,2.54,61.0,8.8103,23.0,25.44,29.99,36.34,42.112,26.0,27.0,28.99,3.2857,2.3667,1.2556,0.1729,0.5338,0.8496,27.8662,45.0059,49.18,Stable,40.73,39.69,71.9,53.38
Ascended Heroes,294,Mega Charizard Y ex,Mega Hyper Rare,0.0018484288354898336,14401.42,0.0009242144177449168,True,False,True,0.675,626.4,42,304,53,152,268,550.0,576.5661,9.49,1159.74,191.7207,401.5,472.38,550.0,650.0,800.0,460.0,499.99,545.345,7.5714,5.0667,2.9778,0.1743,0.5,0.8816,30.1619,39.2531,53.91,Stable,67.5,34.35,66.75,50.0
Ascended Heroes,295,Mega Dragonite ex,Mega Hyper Rare,0.0018484288354898336,14401.42,0.0009242144177449168,True,False,True,0.733,549.0,13,281,42,145,247,305.0,323.0729,10.0,600.0,92.4261,250.0,275.0,305.0,350.0,430.0,276.275,290.0,300.0,6.0,4.8333,2.7444,0.1495,0.516,0.879,27.4007,43.9765,56.96,Stable,65.79,42.09,71.39,51.6
Perfect Order,089,Spewpa,Illustration Rare,0.1111111111111111,558.36,0.0101010101010101,False,False,True,0.385,6.36,3,970,132,417,796,3.0,3.3158,1.5,6.0,0.8257,2.25,2.94,3.0,3.99,4.404,2.99,2.99,3.0,18.8571,13.9,8.8444,0.1361,0.4299,0.8206,37.7933,48.3523,67.96,Rising,98.15,49.67,75.1,42.99
Perfect Order,090,Rowlet,Illustration Rare,0.1111111111111111,558.36,0.0101010101010101,False,False,True,0.742,19.99,14,946,158,445,808,6.99,6.9901,3.49,12.49,1.2856,5.5,6.0,6.99,7.825,8.98,6.35,6.49,6.9,22.5714,14.8333,8.9778,0.167,0.4704,0.8541,32.8271,44.3025,67.89,Rising,98.49,42.03,81.61,47.04
Perfect Order,091,Talonflame,Illustration Rare,0.1111111111111111,558.36,0.0101010101010101,False,False,True,0.583,16.99,2,969,129,414,807,3.99,3.8828,1.0,7.56,0.9421,2.932,3.25,3.99,4.49,5.0,3.39,3.49,3.8,18.4286,13.8,8.9667,0.1331,0.4272,0.8328,38.9028,47.7792,64.94,Rising,98.29,39.21,75.74,42.72
Perfect Order,092,Aurorus,Illustration Rare,0.1111111111111111,558.36,0.0101010101010101,False,False,True,0.62,22.0,0,967,132,396,802,4.99,4.931,2.0,9.14,1.1821,3.5,4.0,4.99,5.665,6.49,4.0,4.49,4.75,18.8571,13.2,8.9111,0.1365,0.4095,0.8294,37.4904,47.7471,63.08,Rising,98.06,34.21,76.03,40.95
Perfect Order,093,Dedenne,Illustration Rare,0.1111111111111111,558.36,0.0101010101010101,False,False,True,0.562,17.0,3,944,138,393,762,7.68,7.8462,3.0,14.99,1.4994,6.203,6.99,7.68,8.6575,9.99,7.0,7.0,7.49,19.7143,13.1,8.4667,0.1462,0.4163,0.8072,41.5575,49.8232,66.88,Rising,97.81,43.46,80.89,41.63
Perfect Order,094,Clefairy,Illustration Rare,0.1111111111111111,558.36,0.0101010101010101,False,False,True,0.573,26.99,35,853,169,464,791,29.99,30.6216,1.99,60.0,6.4432,23.99,25.99,29.99,34.11,39.99,28.0,29.0,29.99,24.1429,15.4667,8.7889,0.1981,0.544,0.9273,25.581,36.1735,69.19,Rising,98.38,43.36,78.96,54.4
Perfect Order,095,Espurr,Illustration Rare,0.1111111111111111,558.36,0.0101010101010101,False,False,True,0.581,15.46,7,958,129,421,798,5.99,6.2784,3.24,11.99,1.25,4.99,5.5,5.99,6.99,7.99,5.59,5.99,5.99,18.4286,14.0333,8.8667,0.1347,0.4395,0.833,37.4856,46.7132,67.27,Rising,98.22,43.32,80.09,43.95
Perfect Order,096,Probopass,Illustration Rare,0.1111111111111111,558.36,0.0101010101010101,False,False,True,0.32299999999999995,2.58,3,960,122,432,788,2.25,2.3078,0.99,4.5,0.6995,1.387,1.99,2.25,2.9825,3.0,2.0,2.0,2.19,17.4286,14.4,8.7556,0.1271,0.45,0.8208,37.3398,48.4736,64.81,Rising,98.24,41.32,69.69,45.0
Perfect Order,097,Drapion,Illustration Rare,0.1111111111111111,558.36,0.0101010101010101,False,False,True,0.44,6.51,0,957,113,368,759,2.89,2.7548,0.99,5.75,0.8505,1.786,2.0,2.89,3.0,3.99,2.25,2.49,2.69,16.1429,12.2667,8.4333,0.1181,0.3845,0.7931,45.5721,52.4982,60.88,Rising,97.56,33.64,69.13,38.45
Perfect Order,098,Doublade,Illustration Rare,0.1111111111111111,558.36,0.0101010101010101,False,False,True,0.519,12.29,2,955,147,454,818,3.99,4.0485,1.87,7.87,1.0867,2.75,3.23,3.99,4.975,5.5,3.49,3.525,3.99,21.0,15.1333,9.0889,0.1539,0.4754,0.8565,32.5859,44.3535,64.97,Rising,98.63,37.47,73.16,47.54
Perfect Order,099,Raticate,Illustration Rare,0.1111111111111111,558.36,0.0101010101010101,False,False,True,0.337,9.34,4,960,151,452,816,4.0,4.3604,2.0,8.17,0.9843,3.0,3.79,4.0,4.99,5.73,3.99,3.99,4.0,21.5714,15.0667,9.0667,0.1573,0.4708,0.85,33.7156,44.8413,69.39,Rising,98.56,49.75,77.43,47.08
Perfect Order,100,Decidueye ex,Ultra Rare,0.08333333333333333,1218.24,0.004629629629629629,False,False,True,0.738,5.99,3,918,104,340,720,3.99,4.0416,0.99,7.91,1.2418,2.514,3.1125,3.99,4.99,5.95,3.0,3.31,3.905,14.8571,11.3333,8.0,0.1133,0.3704,0.7843,46.0088,54.8622,58.33,Stable,96.74,26.82,69.27,37.04
Perfect Order,101,Salazzle ex,Ultra Rare,0.08333333333333333,1218.24,0.004629629629629629,False,False,True,0.56,3.26,2,848,104,341,698,3.0,3.4137,0.99,6.5,1.0999,2.0,2.75,3.0,3.99,5.0,2.99,2.99,3.0,14.8571,11.3667,7.7556,0.1226,0.4021,0.8231,42.1834,50.3042,65.51,Rising,96.69,49.67,67.78,40.21
Perfect Order,102,Mega Starmie ex,Ultra Rare,0.08333333333333333,1218.24,0.004629629629629629,False,False,True,0.578,19.99,6,915,134,352,747,11.11,11.4046,1.69,23.5,3.5082,6.99,8.99,11.11,13.17,15.968,7.995,8.985,10.29,19.1429,11.7333,8.3,0.1464,0.3847,0.8164,46.2731,52.125,59.04,Stable,97.28,27.7,69.24,38.47
Perfect Order,103,Mega Clefable ex,Ultra Rare,0.08333333333333333,1218.24,0.004629629629629629,False,False,True,0.5479999999999999,8.72,2,917,89,325,722,8.5,8.9798,1.49,17.93,2.5197,6.0,7.49,8.5,10.0,12.49,7.0,7.63,8.0,12.7143,10.8333,8.0222,0.0971,0.3544,0.7874,46.5745,55.1061,61.69,Rising,96.55,37.5,71.94,35.44
Perfect Order,104,Mega Zygarde ex,Ultra Rare,0.08333333333333333,1218.24,0.004629629629629629,False,False,True,0.623,27.99,6,902,82,272,681,10.5,11.07,2.41,21.99,3.5225,6.99,8.5,10.5,13.0,15.036,8.0,8.49,9.99,11.7143,9.0667,7.5667,0.0909,0.3016,0.755,53.5118,59.6071,57.0,Stable,94.36,30.08,68.18,30.16
Perfect Order,105,Yveltal ex,Ultra Rare,0.08333333333333333,1218.24,0.004629629629629629,False,False,True,0.64,19.99,5,709,105,268,542,7.99,8.4875,3.86,15.99,2.3696,5.99,6.99,7.99,9.99,11.958,6.99,7.0,7.6,15.0,8.9333,6.0222,0.1481,0.378,0.7645,45.59,54.5891,61.91,Rising,91.15,41.97,72.08,37.8
Perfect Order,106,Mega Skarmory ex,Ultra Rare,0.08333333333333333,1218.24,0.004629629629629629,False,False,True,0.564,11.66,5,926,91,325,708,6.5,7.0335,1.49,13.63,1.9076,4.995,5.99,6.5,7.99,9.99,5.99,5.99,6.485,13.0,10.8333,7.8667,0.0983,0.351,0.7646,49.8413,56.7024,63.26,Rising,96.51,42.37,72.88,35.1
Perfect Order,107,Meowth ex,Ultra Rare,0.08333333333333333,1218.24,0.004629629629629629,False,False,True,0.605,48.22,17,881,116,308,708,18.95,19.3468,6.3,39.57,5.0957,14.0,15.49,18.95,20.0,25.0,15.0,15.99,17.99,16.5714,10.2667,7.8667,0.1317,0.3496,0.8036,44.9184,53.2553,60.56,Rising,96.07,33.38,73.66,34.96
Perfect Order,108,Energy Recycler,Ultra Rare,0.08333333333333333,1218.24,0.004629629629629629,False,False,False,0.0,2.84,2,671,57,243,522,3.99,4.2215,1.63,8.0,1.1658,2.99,3.5,3.99,4.99,5.97,3.5,3.75,3.99,8.1429,8.1,5.8,0.0849,0.3621,0.7779,50.7577,57.2654,59.37,Stable,87.79,37.72,72.38,36.21
Perfect Order,109,Forest of Vitality,Ultra Rare,0.08333333333333333,1218.24,0.004629629629629629,False,False,False,0.0,11.04,4,856,87,310,683,7.4,7.9127,2.0,15.0,2.2038,5.5,6.49,7.4,8.99,10.58,6.39,6.5,7.0,12.4286,10.3333,7.5889,0.1016,0.3621,0.7979,47.5785,54.8969,62.88,Rising,96.07,41.29,72.15,36.21
Perfect Order,110,Jacinthe,Ultra Rare,0.08333333333333333,1218.24,0.004629629629629629,False,False,False,0.0,19.82,2,780,61,218,567,5.175,5.612,1.08,10.56,1.614,3.99,4.785,5.175,6.215,7.99,4.29,4.65,5.0,8.7143,7.2667,6.3,0.0782,0.2795,0.7269,55.9211,62.9446,56.83,Stable,87.52,35.8,71.24,27.95
Perfect Order,111,Lumiose City,Ultra Rare,0.08333333333333333,1218.24,0.004629629629629629,False,False,False,0.0,5.57,0,705,75,258,545,3.99,4.0463,1.0,7.95,1.2507,2.852,3.0,3.99,4.99,5.99,3.0,3.25,3.7,10.7143,8.6,6.0556,0.1064,0.366,0.773,47.0952,56.0546,57.51,Stable,90.16,31.08,69.09,36.6
Perfect Order,112,Naveen,Ultra Rare,0.08333333333333333,1218.24,0.004629629629629629,False,False,False,0.0,19.09,1,791,75,284,600,3.99,4.0751,1.0,7.85,1.1845,2.84,3.29,3.99,4.99,5.81,3.0,3.5,3.76,10.7143,9.4667,6.6667,0.0948,0.359,0.7585,45.7761,56.6176,58.47,Stable,93.88,29.79,70.93,35.9
Perfect Order,113,Poké Pad,Ultra Rare,0.08333333333333333,1218.24,0.004629629629629629,False,False,False,0.0,45.0,3,179,15,53,130,15.0,16.0299,9.99,30.0,3.9305,10.998,13.0,15.0,18.99,20.4,12.99,12.99,14.99,2.1429,1.7667,1.4444,0.0838,0.2961,0.7263,61.5857,64.9596,43.09,Stable,36.92,36.66,75.48,29.61
Perfect Order,114,Rosa's Encouragement,Ultra Rare,0.08333333333333333,1218.24,0.004629629629629629,False,False,False,0.0,9.99,5,937,93,309,682,9.29,9.5795,3.85,19.5,3.1036,5.99,6.99,9.29,11.99,13.99,6.9,6.99,8.0,13.2857,10.3,7.5778,0.0993,0.3298,0.7279,55.7669,60.4059,59.78,Stable,95.96,36.25,67.6,32.98
Perfect Order,115,Sacred Ash,Ultra Rare,0.08333333333333333,1218.24,0.004629629629629629,False,False,False,0.0,7.29,0,712,78,263,535,3.965,4.0146,0.99,7.98,1.1717,2.75,3.25,3.965,4.75,5.75,3.125,3.49,3.73,11.1429,8.7667,5.9444,0.1096,0.3694,0.7514,49.5287,57.9563,58.72,Stable,90.12,33.78,70.81,36.94
Perfect Order,116,Tarragon,Ultra Rare,0.08333333333333333,1218.24,0.004629629629629629,False,False,False,0.0,13.0,0,938,78,283,678,4.49,4.5544,1.0,9.0,1.4031,2.99,3.605,4.49,5.0,6.253,3.31,3.63,4.0,11.1429,9.4333,7.5333,0.0832,0.3017,0.7228,56.506,62.4145,58.21,Stable,95.05,32.75,69.19,30.17
Perfect Order,117,Wondrous Patch,Ultra Rare,0.08333333333333333,1218.24,0.004629629629629629,False,False,False,0.0,34.38,0,730,65,260,553,4.99,5.1176,1.0,9.55,1.5273,3.5,4.0,4.99,5.99,7.167,3.99,4.0,4.59,9.2857,8.6667,6.1444,0.089,0.3562,0.7575,51.4696,58.7756,59.41,Stable,90.58,36.93,70.16,35.62
Perfect Order,118,Mega Starmie ex,Special Illustration Rare,0.013333333333333334,2538.0,0.0022222222222222222,True,False,True,0.578,86.09,20,574,72,227,445,65.0,66.5567,5.46,128.61,19.2398,46.291,54.99,65.0,75.0225,90.0,52.66,56.87,64.0,10.2857,7.5667,4.9444,0.1254,0.3955,0.7753,42.7809,53.9353,56.81,Stable,83.32,32.28,71.09,39.55
Perfect Order,119,Mega Clefable ex,Special Illustration Rare,0.013333333333333334,2538.0,0.0022222222222222222,True,False,True,0.5479999999999999,98.99,8,494,71,207,401,70.0,73.8471,5.69,149.97,20.5025,56.965,61.99,70.0,80.0,99.99,63.0,65.0,69.0,10.1429,6.9,4.4556,0.1437,0.419,0.8117,40.4021,50.9365,59.23,Stable,80.03,41.3,72.24,41.9
Perfect Order,120,Mega Zygarde ex,Special Illustration Rare,0.013333333333333334,2538.0,0.0022222222222222222,True,False,True,0.623,161.19,24,646,75,250,487,80.0,85.6699,0.99,175.0,30.9937,60.0,69.99,80.0,100.0,125.0,69.99,70.85,76.0,10.7143,8.3333,5.4111,0.1161,0.387,0.7539,43.1721,56.6442,59.22,Stable,86.95,42.09,63.82,38.7
Perfect Order,121,Meowth ex,Special Illustration Rare,0.013333333333333334,2538.0,0.0022222222222222222,True,False,True,0.605,160.0,25,512,108,265,471,175.0,188.0161,7.26,385.95,68.6578,135.0,150.0,175.0,215.0325,295.513,159.995,165.34,175.0,15.4286,8.8333,5.2333,0.2109,0.5176,0.9199,27.5267,37.7572,61.83,Rising,87.84,41.43,63.48,51.76
Perfect Order,122,Jacinthe,Special Illustration Rare,0.013333333333333334,2538.0,0.0022222222222222222,False,False,False,0.0,33.53,5,425,66,185,357,30.0,32.4952,1.29,60.0,7.5853,25.0,28.0,30.0,35.0,42.494,27.495,29.07,30.0,9.4286,6.1667,3.9667,0.1553,0.4353,0.84,42.167,49.1243,59.19,Stable,75.51,41.65,76.66,43.53
Perfect Order,123,Rosa's Encouragement,Special Illustration Rare,0.013333333333333334,2538.0,0.0022222222222222222,True,False,False,0.0,174.95,11,493,80,219,374,69.99,71.9332,0.86,145.0,19.3147,54.99,60.0,69.99,80.0,98.998,59.99,60.0,66.585,11.4286,7.3,4.1556,0.1623,0.4442,0.7586,38.94,53.3474,59.32,Stable,79.26,40.1,73.15,44.42
Perfect Order,124,Mega Zygarde ex,Mega Hyper Rare,0.0005599104143337066,10073.039999999999,0.0005599104143337066,True,False,True,0.623,188.99,18,307,49,134,249,165.0,173.142,1.45,336.0,49.7985,134.996,145.0,165.0,199.495,242.272,150.0,152.9,160.0,7.0,4.4667,2.7667,0.1596,0.4365,0.8111,36.7661,47.9632,55.5,Stable,64.67,43.75,71.24,43.65
Chaos Rising,087,Chespin,Illustration Rare,0.1111111111111111,0.0,0.0101010101010101,False,False,True,0.563,15.0,3,972,200,527,949,7.99,8.0884,2.0,15.0,2.0883,5.95,6.75,7.99,9.0,10.499,6.99,7.0,7.99,28.5714,17.5667,10.5444,0.2058,0.5422,0.9763,26.5498,32.2552,66.75,Rising,99.43,37.48,74.18,54.22
Chaos Rising,088,Froakie,Illustration Rare,0.1111111111111111,0.0,0.0101010101010101,False,False,True,0.632,54.98,6,933,216,533,910,14.99,14.9464,1.99,29.98,3.441,11.0,12.74,14.99,16.9,19.99,12.99,13.49,14.99,30.8571,17.7667,10.1111,0.2315,0.5713,0.9753,22.9945,31.5375,67.57,Rising,99.18,36.66,76.98,57.13
Chaos Rising,089,Frogadier,Illustration Rare,0.1111111111111111,0.0,0.0101010101010101,False,False,True,0.5429999999999999,40.0,6,928,212,533,899,12.0,13.0066,5.0,25.0,4.0514,8.537,9.99,12.0,15.0,19.093,10.0,10.0,12.0,30.2857,17.7667,9.9889,0.2284,0.5744,0.9688,22.7348,31.7055,65.0,Rising,99.16,33.33,68.85,57.44
Chaos Rising,090,Ampharos,Illustration Rare,0.1111111111111111,0.0,0.0101010101010101,False,False,True,0.71,40.99,8,953,209,554,933,11.99,12.432,1.99,22.0,3.2873,8.99,9.99,11.99,14.99,17.0,10.0,10.99,11.99,29.8571,18.4667,10.3667,0.2193,0.5813,0.979,22.9509,30.4024,66.17,Rising,99.38,33.4,73.56,58.13
Chaos Rising,091,Xerneas,Illustration Rare,0.1111111111111111,0.0,0.0101010101010101,False,False,True,0.71,24.84,9,957,178,531,939,14.0,14.5051,7.0,29.0,3.5358,10.0,11.99,14.0,16.95,19.99,12.275,12.99,14.0,25.4286,17.7,10.4333,0.186,0.5549,0.9812,26.7772,32.146,67.33,Rising,99.36,37.68,75.62,55.49
Chaos Rising,092,Claydol,Illustration Rare,0.1111111111111111,0.0,0.0101010101010101,False,False,True,0.428,19.99,0,949,186,486,927,4.49,4.6028,1.94,9.0,1.2651,3.0,3.99,4.49,5.0,6.14,3.99,4.0,4.49,26.5714,16.2,10.3,0.196,0.5121,0.9768,29.0754,34.6821,66.13,Rising,99.09,38.86,72.51,51.21
Chaos Rising,093,Crobat,Illustration Rare,0.1111111111111111,0.0,0.0101010101010101,False,False,True,0.628,19.97,3,953,180,569,935,5.0,5.4348,0.99,10.0,1.5768,3.518,4.29,5.0,6.0,7.5,4.86,4.99,5.0,25.7143,18.9667,10.3889,0.1889,0.5971,0.9811,22.8633,31.4318,70.13,Rising,99.43,47.2,70.99,59.71
Chaos Rising,094,Metang,Illustration Rare,0.1111111111111111,0.0,0.0101010101010101,False,False,True,0.524,13.54,1,954,182,577,938,4.99,5.0563,1.5,9.89,1.3074,3.5,4.0,4.99,5.99,6.99,4.49,4.7,4.99,26.0,19.2333,10.4222,0.1908,0.6048,0.9832,22.4666,30.8248,68.77,Rising,99.5,39.98,74.14,60.48
Chaos Rising,095,Sliggoo,Illustration Rare,0.1111111111111111,0.0,0.0101010101010101,False,False,True,0.5539999999999999,14.99,0,958,193,533,952,4.32,4.5376,1.99,8.75,1.3182,2.99,3.53,4.32,5.0,6.219,3.99,3.99,4.28,27.5714,17.7667,10.5778,0.2015,0.5564,0.9937,24.4732,31.6536,68.17,Rising,99.61,43.22,70.95,55.64
Chaos Rising,096,Tauros,Illustration Rare,0.1111111111111111,0.0,0.0101010101010101,False,False,True,0.46,59.99,3,960,187,518,938,6.99,7.0188,2.99,13.49,1.9933,4.99,5.49,6.99,8.0,9.99,5.99,5.99,6.95,26.7143,17.2667,10.4222,0.1948,0.5396,0.9771,26.5385,34.0009,65.76,Rising,99.29,36.19,71.6,53.96
Chaos Rising,097,Watchog,Illustration Rare,0.1111111111111111,0.0,0.0101010101010101,False,False,True,0.22899999999999998,19.96,0,956,192,536,941,3.48,3.4381,1.0,6.85,0.9645,2.085,2.99,3.48,3.99,4.99,2.995,3.0,3.42,27.4286,17.8667,10.4556,0.2008,0.5607,0.9843,25.4376,31.5998,66.72,Rising,99.48,37.57,71.95,56.07
Chaos Rising,098,Beedrill ex,Ultra Rare,0.07692307692307693,0.0,0.004273504273504274,False,False,True,0.595,24.99,1,955,112,394,919,6.99,6.967,0.99,13.3,2.1814,4.354,5.0,6.99,8.0,10.0,5.49,5.49,6.99,16.0,13.1333,10.2111,0.1173,0.4126,0.9623,39.3656,41.8294,60.12,Rising,98.56,28.54,68.69,41.26
Chaos Rising,099,Mega Pyroar ex,Ultra Rare,0.07692307692307693,0.0,0.004273504273504274,False,False,True,0.415,14.09,0,890,128,398,842,5.49,5.7619,1.0,11.0,1.6064,4.0,4.99,5.49,6.5,7.99,4.99,4.99,5.425,18.2857,13.2667,9.3556,0.1438,0.4472,0.9461,34.4124,39.0823,65.46,Rising,98.33,41.98,72.12,44.72
Chaos Rising,100,Mega Greninja ex,Ultra Rare,0.07692307692307693,0.0,0.004273504273504274,False,False,True,0.72,45.59,6,932,113,401,896,19.525,19.8595,2.49,38.47,5.7129,13.99,15.16,19.525,22.605,29.0,15.99,16.95,19.0,16.1429,13.3667,9.9556,0.1212,0.4303,0.9614,36.7133,40.4475,62.67,Rising,98.56,34.16,71.23,43.03
Chaos Rising,101,Mega Floette ex,Ultra Rare,0.07692307692307693,0.0,0.004273504273504274,False,False,True,0.516,13.47,1,929,123,388,889,7.0,7.4002,1.49,14.0,2.0899,5.0,5.99,7.0,8.76,10.0,5.99,6.0,7.0,17.5714,12.9333,9.8778,0.1324,0.4177,0.9569,38.5158,42.0158,62.88,Rising,98.33,35.57,71.76,41.77
Chaos Rising,102,Gourgeist ex,Ultra Rare,0.07692307692307693,0.0,0.004273504273504274,False,False,True,0.5329999999999999,3.38,0,863,126,400,825,3.0,3.255,1.0,6.0,0.9557,2.0,2.75,3.0,3.95,4.75,2.995,2.99,3.0,18.0,13.3333,9.1667,0.146,0.4635,0.956,33.7511,39.3092,67.85,Rising,98.33,49.83,70.64,46.35
Chaos Rising,103,Cobalion ex,Ultra Rare,0.07692307692307693,0.0,0.004273504273504274,False,False,True,0.515,11.48,0,858,125,378,806,3.5,3.7403,1.5,7.0,1.0764,2.5,3.0,3.5,4.2,5.0,3.0,3.25,3.49,17.8571,12.6,8.9556,0.1457,0.4406,0.9394,34.8304,41.09,63.21,Rising,97.88,35.96,71.22,44.06
Chaos Rising,104,Mega Dragalge ex,Ultra Rare,0.07692307692307693,0.0,0.004273504273504274,False,False,True,0.483,50.0,0,914,118,356,884,6.0,6.3407,1.45,12.29,1.9576,4.0,4.99,6.0,7.5,9.0,4.5,5.0,5.99,16.8571,11.8667,9.8222,0.1291,0.3895,0.9672,41.5402,42.9556,58.54,Stable,97.97,25.13,69.13,38.95
Chaos Rising,105,Cinccino ex,Ultra Rare,0.07692307692307693,0.0,0.004273504273504274,False,False,True,0.604,7.98,0,779,140,371,747,6.99,6.9799,2.5,12.99,1.5098,5.0,5.99,6.99,7.99,9.0,6.0,6.28,6.93,20.0,12.3667,8.3,0.1797,0.4763,0.9589,32.2711,36.6399,65.44,Rising,97.56,36.58,78.37,47.63
Chaos Rising,106,AZ's Tranquility,Ultra Rare,0.07692307692307693,0.0,0.004273504273504274,False,False,False,0.0,13.99,0,925,116,380,880,4.15,4.4539,0.99,8.65,1.3873,2.99,3.5,4.15,5.0,6.49,3.49,3.875,4.0,16.5714,12.6667,9.7778,0.1254,0.4108,0.9514,39.8326,43.1094,62.61,Rising,98.17,37.25,68.85,41.08
Chaos Rising,107,Emma,Ultra Rare,0.07692307692307693,0.0,0.004273504273504274,False,False,False,0.0,12.74,0,839,119,361,800,5.08,5.5073,0.99,10.66,1.6343,3.5,4.5,5.08,6.0,7.99,4.0,4.99,5.0,17.0,12.0333,8.8889,0.1418,0.4303,0.9535,38.2011,40.9551,60.96,Rising,97.63,30.0,70.32,43.03
Chaos Rising,108,Energy Retrieval,Ultra Rare,0.07692307692307693,0.0,0.004273504273504274,False,False,False,0.0,18.33,0,853,110,345,812,3.99,4.1006,1.72,7.9,1.1113,2.918,3.49,3.99,4.95,5.5,3.5,3.5,3.99,15.7143,11.5,9.0222,0.129,0.4045,0.9519,39.5105,41.7297,63.22,Rising,97.44,37.72,72.9,40.45
Chaos Rising,109,Jumbo Ice Cream,Ultra Rare,0.07692307692307693,0.0,0.004273504273504274,False,False,False,0.0,9.23,0,770,117,355,741,5.0,5.5591,1.5,10.0,1.2783,4.21,4.89,5.0,6.0,7.064,4.99,4.99,5.0,16.7143,11.8333,8.2333,0.1519,0.461,0.9623,33.6433,38.3962,68.75,Rising,97.28,49.8,77.01,46.1
Chaos Rising,110,Philippe,Ultra Rare,0.07692307692307693,0.0,0.004273504273504274,False,False,False,0.0,6.98,0,821,109,373,781,3.49,3.6648,0.99,7.0,1.1747,2.26,2.99,3.49,4.24,5.0,2.99,3.0,3.49,15.5714,12.4333,8.6778,0.1328,0.4543,0.9513,34.9708,41.2689,62.67,Rising,97.65,35.67,67.95,45.43
Chaos Rising,111,Prism Tower,Ultra Rare,0.07692307692307693,0.0,0.004273504273504274,False,False,False,0.0,17.98,1,858,117,366,799,4.99,4.9463,0.99,9.98,1.3181,3.5,4.0,4.99,5.575,6.99,4.15,4.16,4.79,16.7143,12.2,8.8778,0.1364,0.4266,0.9312,39.3969,43.4588,63.5,Rising,97.7,36.64,73.35,42.66
Chaos Rising,112,Roxie's Performance,Ultra Rare,0.07692307692307693,0.0,0.004273504273504274,False,False,False,0.0,18.0,0,913,88,345,861,4.99,5.0683,0.99,9.95,1.5232,3.282,4.0,4.99,5.99,7.0,3.995,4.25,4.99,12.5714,11.5,9.5667,0.0964,0.3779,0.943,40.0038,44.0475,59.85,Stable,97.6,30.06,69.95,37.79
Chaos Rising,113,Special Red Card,Ultra Rare,0.07692307692307693,0.0,0.004273504273504274,False,False,False,0.0,27.5,0,924,112,387,875,7.0,7.3227,1.99,14.25,2.5204,4.0,5.0,7.0,9.0,10.99,5.0,5.49,6.99,16.0,12.9,9.7222,0.1212,0.4188,0.947,40.4023,42.3777,57.42,Stable,98.22,21.53,65.58,41.88
Chaos Rising,114,Surfing Beach,Ultra Rare,0.07692307692307693,0.0,0.004273504273504274,False,False,False,0.0,24.68,2,936,108,360,882,8.0,8.5083,2.5,15.99,2.3692,5.765,6.99,8.0,9.99,11.685,6.42,7.0,8.0,15.4286,12.0,9.8,0.1154,0.3846,0.9423,42.6522,44.486,60.59,Rising,97.97,30.25,72.15,38.46
Chaos Rising,115,Tool Scrapper,Ultra Rare,0.07692307692307693,0.0,0.004273504273504274,False,False,False,0.0,6.74,0,844,140,363,803,3.0,3.3907,1.0,6.27,1.0766,2.0,2.9,3.0,3.99,4.99,2.99,2.99,3.0,20.0,12.1,8.9222,0.1659,0.4301,0.9514,36.8231,41.3564,66.47,Rising,97.74,49.67,68.25,43.01
Chaos Rising,116,Mega Greninja ex,Special Illustration Rare,0.01,0.0,0.0016666666666666668,True,False,True,0.72,583.33,32,851,166,431,821,299.99,315.2604,2.99,600.0,111.5262,215.0,240.0,299.99,389.495,475.0,246.495,250.0,299.0,23.7143,14.3667,9.1222,0.1951,0.5065,0.9647,29.7343,35.5942,62.35,Rising,98.54,32.44,64.62,50.65
Chaos Rising,117,Mega Floette ex,Special Illustration Rare,0.01,0.0,0.0016666666666666668,True,False,True,0.516,89.98,4,775,119,336,737,45.0,46.7163,1.25,89.99,12.1901,34.95,39.0,45.0,54.66,62.0,39.6,40.0,45.0,17.0,11.2,8.1889,0.1535,0.4335,0.951,37.8076,40.1397,63.89,Rising,96.78,38.0,73.91,43.35
Chaos Rising,118,Mega Dragalge ex,Special Illustration Rare,0.01,0.0,0.0016666666666666668,True,False,True,0.483,109.99,13,764,122,362,732,50.0,54.3661,3.25,100.0,14.6743,40.0,45.0,50.0,60.0,75.0,45.0,47.12,50.0,17.4286,12.0667,8.1333,0.1597,0.4738,0.9581,32.2577,37.3539,65.28,Rising,97.33,40.0,73.01,47.38
Chaos Rising,119,Cinccino ex,Special Illustration Rare,0.01,0.0,0.0016666666666666668,True,False,True,0.604,122.87,4,671,107,310,628,77.78,80.1566,0.99,150.0,19.4056,62.99,69.0,77.78,90.0,100.0,70.0,70.1,75.99,15.2857,10.3333,6.9778,0.1595,0.462,0.9359,33.6428,37.8064,65.66,Rising,95.44,42.12,75.79,46.2
Chaos Rising,120,AZ's Tranquility,Special Illustration Rare,0.01,0.0,0.0016666666666666668,False,False,False,0.0,124.99,3,731,89,318,689,35.0,36.1381,0.99,69.79,9.16,27.76,30.0,35.0,40.0,49.99,30.0,32.0,35.0,12.7143,10.6,7.6556,0.1218,0.435,0.9425,36.5716,40.9912,63.24,Rising,96.3,35.71,74.65,43.5
Chaos Rising,121,Roxie's Performance,Special Illustration Rare,0.01,0.0,0.0016666666666666668,False,False,False,0.0,62.63,0,626,82,261,579,30.0,31.753,0.86,60.0,8.3762,23.0,25.64,30.0,35.0,44.905,26.725,28.0,30.0,11.7143,8.7,6.4333,0.131,0.4169,0.9249,38.5948,42.2093,62.22,Rising,91.44,39.08,73.62,41.69
Chaos Rising,122,Mega Greninja ex,Mega Hyper Rare,0.001,0.0,0.001,True,False,True,0.72,398.8,9,499,81,233,464,250.0,264.0369,3.99,500.99,89.7264,185.0,206.825,250.0,303.08,399.0,210.0,219.0,245.0,11.5714,7.7667,5.1556,0.1623,0.4669,0.9299,32.6343,37.9441,58.68,Stable,84.73,35.71,66.02,46.69
Pitch Black,085,Fomantis,Illustration Rare,0.1111111111111111,596.9700000000001,0.0101010101010101,False,False,True,0.43799999999999994,19.0,0,919,204,677,919,5.49,5.9618,2.88,11.25,1.7715,4.0,4.99,5.49,6.99,8.99,4.99,5.0,5.49,29.1429,22.5667,10.2111,0.222,0.7367,1.0,19.4045,19.1288,70.87,Rising,99.36,40.89,70.29,73.67
Pitch Black,086,Armarouge,Illustration Rare,0.1111111111111111,596.9700000000001,0.0101010101010101,False,False,True,0.575,99.99,1,952,262,747,952,7.5,8.1761,0.99,15.49,2.4413,5.905,6.5,7.5,9.0425,11.939,6.99,7.0,7.5,37.4286,24.9,10.5778,0.2752,0.7847,1.0,15.561,17.1473,72.65,Rising,99.89,43.2,70.14,78.47
Pitch Black,087,Goldeen,Illustration Rare,0.1111111111111111,596.9700000000001,0.0101010101010101,False,False,True,0.36200000000000004,34.99,1,954,263,747,954,14.99,15.1518,0.99,28.9,3.6516,10.99,12.6275,14.99,17.0,19.997,12.5,14.22,14.99,37.5714,24.9,10.6,0.2757,0.783,1.0,15.0802,17.2028,70.83,Rising,99.91,33.39,75.9,78.3
Pitch Black,088,Primarina,Illustration Rare,0.1111111111111111,596.9700000000001,0.0101010101010101,False,False,True,0.6779999999999999,79.99,1,952,235,744,952,7.655,7.9744,0.99,15.0,2.2755,5.5,6.28,7.655,8.99,10.99,6.54,7.005,7.655,33.5714,24.8,10.5778,0.2468,0.7815,1.0,17.4327,17.9889,70.51,Rising,99.84,35.43,71.46,78.15
Pitch Black,089,Manectric,Illustration Rare,0.1111111111111111,596.9700000000001,0.0101010101010101,False,False,True,0.49200000000000005,13.18,0,897,242,721,897,4.99,5.131,1.99,9.97,1.3975,3.546,4.0,4.99,5.99,7.0,4.49,4.9,4.99,34.5714,24.0333,9.9667,0.2698,0.8038,1.0,16.7079,17.5061,72.42,Rising,99.34,39.98,72.76,80.38
Pitch Black,090,Slowbro,Illustration Rare,0.1111111111111111,596.9700000000001,0.0101010101010101,False,False,True,0.618,24.97,1,951,292,791,951,20.0,21.5001,9.99,40.0,5.1482,16.0,18.0,20.0,24.815,29.98,19.0,19.99,20.0,41.7143,26.3667,10.5667,0.307,0.8318,1.0,13.2961,15.9229,75.32,Hot,99.91,45.0,76.05,83.18
Pitch Black,091,Dhelmise,Illustration Rare,0.1111111111111111,596.9700000000001,0.0101010101010101,False,False,True,0.44799999999999995,24.98,0,945,252,773,945,7.99,7.9536,3.5,15.98,2.158,5.49,6.5,7.99,8.99,10.28,6.99,7.5,7.99,36.0,25.7667,10.5,0.2667,0.818,1.0,14.6476,16.7173,72.12,Rising,99.82,37.48,72.87,81.8
Pitch Black,092,Thievul,Illustration Rare,0.1111111111111111,596.9700000000001,0.0101010101010101,False,False,True,0.456,6.0,0,928,231,719,928,3.99,3.9486,1.49,7.89,1.1477,2.5,3.0,3.99,4.9025,5.443,3.29,3.59,3.99,33.0,23.9667,10.3111,0.2489,0.7748,1.0,15.6916,17.565,69.26,Rising,99.48,32.46,70.93,77.48
Pitch Black,093,Bastiodon,Illustration Rare,0.1111111111111111,596.9700000000001,0.0101010101010101,False,False,True,0.405,19.99,0,923,205,707,923,4.0,4.5186,1.25,8.98,1.3772,2.99,3.6,4.0,5.0,6.5,3.95,4.0,4.0,29.2857,23.5667,10.2556,0.2221,0.766,1.0,17.5984,18.4313,73.67,Rising,99.41,48.75,69.52,76.6
Pitch Black,094,Toucannon,Illustration Rare,0.1111111111111111,596.9700000000001,0.0101010101010101,False,False,True,0.542,10.11,0,948,240,754,948,5.99,6.147,1.1,11.98,1.5777,4.5,5.0,5.99,6.99,8.217,5.0,5.64,5.99,34.2857,25.1333,10.5333,0.2532,0.7954,1.0,16.4335,17.6663,70.76,Rising,99.82,33.47,74.33,79.54
Pitch Black,095,Silvally,Illustration Rare,0.1111111111111111,596.9700000000001,0.0101010101010101,False,False,True,0.5329999999999999,12.97,0,932,232,749,932,5.0,5.5859,2.25,10.5,1.6379,3.99,4.5,5.0,6.0,7.99,4.97,5.0,5.0,33.1429,24.9667,10.3556,0.2489,0.8036,1.0,16.3837,17.5412,74.91,Rising,99.61,49.4,70.68,80.36
Pitch Black,096,Lurantis ex,Ultra Rare,0.08333333333333333,1302.48,0.004629629629629629,False,False,True,0.591,9.17,0,383,98,267,383,4.35,4.5589,1.25,8.5,1.2544,3.134,3.63,4.35,5.0,6.0,3.99,4.0,4.35,14.0,8.9,4.2556,0.2559,0.6971,1.0,19.3502,19.6877,66.15,Rising,83.98,41.72,72.48,69.71
Pitch Black,097,Wailord ex,Ultra Rare,0.08333333333333333,1302.48,0.004629629629629629,False,False,True,0.591,14.5,0,427,109,314,427,5.99,6.4107,1.25,12.0,1.9753,4.5,5.0,5.99,7.89,9.494,5.99,5.895,5.99,15.5714,10.4667,4.7444,0.2553,0.7354,1.0,18.9223,19.0666,70.03,Rising,88.27,50.0,69.19,73.54
Pitch Black,098,Mega Zeraora ex,Ultra Rare,0.08333333333333333,1302.48,0.004629629629629629,False,False,True,0.591,35.0,0,554,146,399,554,9.0,9.8451,1.25,18.55,2.5629,7.57,8.0,9.0,10.8975,13.938,8.99,8.99,9.0,20.8571,13.3,6.1556,0.2635,0.7202,1.0,17.9201,18.7374,72.62,Rising,94.87,49.89,73.97,72.02
Pitch Black,099,Mega Chandelure ex,Ultra Rare,0.08333333333333333,1302.48,0.004629629629629629,False,False,True,0.763,19.99,0,531,137,394,530,10.5,11.4929,1.75,20.0,2.8128,9.26,9.92,10.5,12.955,15.0,10.0,10.0,10.495,19.5714,13.1333,5.8889,0.258,0.742,0.9981,17.7109,18.9449,71.66,Rising,93.77,45.28,75.53,74.2
Pitch Black,100,Rampardos ex,Ultra Rare,0.08333333333333333,1302.48,0.004629629629629629,False,False,True,0.455,11.94,0,426,100,316,425,4.99,5.2128,0.99,9.99,1.5244,3.95,4.0,4.99,5.99,7.165,4.95,4.99,4.99,14.2857,10.5333,4.7222,0.2347,0.7418,0.9977,17.5216,19.3381,70.19,Rising,88.13,49.2,70.76,74.18
Pitch Black,101,Mega Darkrai ex,Ultra Rare,0.08333333333333333,1302.48,0.004629629629629629,False,False,True,0.726,28.62,0,648,157,454,648,15.0,16.3698,5.99,30.0,4.2502,12.99,13.64,15.0,17.99,22.0,13.99,14.95,15.0,22.4286,15.1333,7.2,0.2423,0.7006,1.0,18.0747,19.3457,71.09,Rising,97.63,43.27,74.04,70.06
Pitch Black,102,Morpeko ex,Ultra Rare,0.08333333333333333,1302.48,0.004629629629629629,False,False,True,0.49200000000000005,23.98,0,467,146,345,467,8.62,9.2285,4.75,17.33,2.5735,6.896,7.215,8.62,10.0,13.38,7.99,8.0,8.62,20.8571,11.5,5.1889,0.3126,0.7388,1.0,14.7501,17.2246,69.16,Rising,90.53,42.69,72.11,73.88
Pitch Black,103,Mega Excadrill ex,Ultra Rare,0.08333333333333333,1302.48,0.004629629629629629,False,False,True,0.597,14.99,0,665,148,490,665,9.99,10.3903,1.0,19.98,2.648,7.99,8.93,9.99,11.99,14.366,9.78,9.99,9.99,21.1429,16.3333,7.3889,0.2226,0.7368,1.0,17.7251,18.9015,73.36,Rising,97.83,47.9,74.51,73.68
Pitch Black,104,Brave Bangle,Ultra Rare,0.08333333333333333,1302.48,0.004629629629629629,False,False,False,0.0,10.2,0,531,134,420,531,5.25,5.6285,2.18,10.9,1.4457,4.0,4.57,5.25,6.33,7.26,4.99,5.0,5.25,19.1429,14.0,5.9,0.2524,0.791,1.0,16.3407,17.3119,72.43,Rising,94.11,45.05,74.31,79.1
Pitch Black,105,Crushing Hammer,Ultra Rare,0.08333333333333333,1302.48,0.004629629629629629,False,False,False,0.0,19.5,1,602,170,422,602,5.99,6.4445,1.99,12.0,1.7877,4.98,5.0,5.99,7.27,9.0,5.5,5.93,5.99,24.2857,14.0667,6.6889,0.2824,0.701,1.0,18.5697,19.0164,69.98,Rising,96.53,41.82,72.26,70.1
Pitch Black,106,Dark Bell,Ultra Rare,0.08333333333333333,1302.48,0.004629629629629629,False,False,False,0.0,6.24,0,501,104,343,500,4.49,4.6514,1.99,9.0,1.3745,3.0,3.5,4.49,5.0,6.82,3.695,3.99,4.495,14.8571,11.4333,5.5556,0.2076,0.6846,0.998,20.4563,20.8753,64.96,Rising,91.74,32.2,70.45,68.46
Pitch Black,107,Energy Switch,Ultra Rare,0.08333333333333333,1302.48,0.004629629629629629,False,False,False,0.0,10.97,0,566,135,382,566,3.99,3.9102,1.49,7.56,1.1081,2.75,3.0,3.99,4.49,5.195,3.5,3.5,3.99,19.2857,12.7333,6.2889,0.2385,0.6749,1.0,20.699,20.1021,67.65,Rising,95.03,37.72,71.66,67.49
Pitch Black,108,Gladion's Final Battle,Ultra Rare,0.08333333333333333,1302.48,0.004629629629629629,False,False,False,0.0,49.98,0,640,114,424,640,5.0,5.765,0.99,10.5,1.7614,4.0,4.5,5.0,6.99,8.954,4.855,4.99,5.0,16.2857,14.1333,7.1111,0.1781,0.6625,1.0,22.6193,20.9968,70.46,Rising,97.31,47.1,69.45,66.25
Pitch Black,109,Gwynn,Ultra Rare,0.08333333333333333,1302.48,0.004629629629629629,False,False,False,0.0,35.74,0,685,162,500,685,11.0,11.7963,5.49,22.0,2.9682,8.99,9.95,11.0,13.0,15.0,10.0,10.715,11.0,23.1429,16.6667,7.6111,0.2365,0.7299,1.0,18.3664,19.0466,71.24,Rising,98.01,40.91,74.84,72.99
Pitch Black,110,Iron Defender,Ultra Rare,0.08333333333333333,1302.48,0.004629629629629629,False,False,False,0.0,3.0,0,383,109,267,383,2.99,2.9541,0.99,5.81,0.9107,1.99,2.49,2.99,3.32,4.0,2.91,2.98,2.99,15.5714,8.9,4.2556,0.2846,0.6971,1.0,18.7326,19.0082,67.17,Rising,83.98,47.32,69.17,69.71
Pitch Black,111,Misty's Vitality,Ultra Rare,0.08333333333333333,1302.48,0.004629629629629629,True,False,False,0.0,65.0,1,828,217,633,828,27.0,28.6476,3.0,55.0,7.8179,19.997,23.9275,27.0,32.0,40.0,24.0,25.22,27.0,31.0,21.1,9.2,0.2621,0.7645,1.0,17.3827,18.2343,71.21,Rising,99.04,38.89,72.71,76.45
Pitch Black,112,Rust Syndicate Grunt,Ultra Rare,0.08333333333333333,1302.48,0.004629629629629629,False,False,False,0.0,11.99,0,490,108,345,490,4.0,4.3764,0.72,8.12,1.2798,2.99,3.5,4.0,4.99,6.0,3.99,3.99,4.0,15.4286,11.5,5.4444,0.2204,0.7041,1.0,20.2367,20.099,70.58,Rising,91.42,49.75,70.76,70.41
Pitch Black,113,Tremendous Bomb,Ultra Rare,0.08333333333333333,1302.48,0.004629629629629629,False,False,False,0.0,6.94,0,443,107,301,443,2.99,3.2587,0.99,6.0,1.1008,1.99,2.49,2.99,3.99,4.99,2.49,2.99,2.99,15.2857,10.0333,4.9222,0.2415,0.6795,1.0,20.6464,20.1083,63.39,Rising,88.59,33.28,66.22,67.95
Pitch Black,114,Mega Zeraora ex,Special Illustration Rare,0.0125,2894.4,0.0020833333333333333,True,False,True,0.591,164.5,2,480,134,353,480,70.0,73.2388,4.99,140.0,16.5424,59.99,64.95,70.0,79.99,98.0,64.99,68.31,70.0,19.1429,11.7667,5.3333,0.2792,0.7354,1.0,14.9734,17.6471,70.43,Rising,91.28,42.84,77.41,73.54
Pitch Black,115,Mega Chandelure ex,Special Illustration Rare,0.0125,2894.4,0.0020833333333333333,True,False,True,0.763,110.0,0,511,121,344,511,54.0,57.2188,10.17,109.15,14.6492,45.0,49.775,54.0,60.0,79.99,49.99,50.0,54.0,17.2857,11.4667,5.6778,0.2368,0.6732,1.0,19.7848,20.2311,68.8,Rising,92.29,42.57,74.4,67.32
Pitch Black,116,Mega Darkrai ex,Special Illustration Rare,0.0125,2894.4,0.0020833333333333333,True,False,True,0.726,375.0,13,469,165,350,469,299.69,314.5702,1.99,600.0,89.1561,240.0,265.0,299.69,350.0,427.0,279.99,284.99,299.69,23.5714,11.6667,5.2111,0.3518,0.7463,1.0,13.813,16.9603,69.51,Rising,90.76,43.43,71.66,74.63
Pitch Black,117,Morpeko ex,Special Illustration Rare,0.0125,2894.4,0.0020833333333333333,True,False,True,0.49200000000000005,200.0,2,447,162,382,447,110.0,117.5743,7.26,225.0,31.3869,95.0,100.0,110.0,125.0,150.0,105.0,110.0,110.0,23.1429,12.7333,4.9667,0.3624,0.8546,1.0,11.2943,14.271,72.51,Rising,90.39,45.45,73.3,85.46
Pitch Black,118,Gladion's Final Battle,Special Illustration Rare,0.0125,2894.4,0.0020833333333333333,True,False,False,0.0,47.0,0,337,80,228,337,32.0,34.6247,4.9,63.0,8.4367,27.0,29.99,32.0,38.82,47.85,30.0,31.81,32.0,11.4286,7.6,3.7444,0.2374,0.6766,1.0,19.7214,19.8327,65.12,Rising,77.77,43.75,75.63,67.66
Pitch Black,119,Gwynn,Special Illustration Rare,0.0125,2894.4,0.0020833333333333333,True,False,False,0.0,83.6,1,438,102,314,438,40.0,42.3627,4.95,80.0,9.5917,34.355,36.0,40.0,45.3525,52.958,37.0,39.99,40.0,14.5714,10.4667,4.8667,0.2329,0.7169,1.0,18.7282,19.4357,69.2,Rising,88.82,42.5,77.36,71.69
Pitch Black,120,Mega Darkrai ex,Mega Hyper Rare,0.0009302325581395349,6482.25,0.0009302325581395349,True,False,True,0.726,361.0,0,246,75,169,246,225.0,245.8046,0.99,450.0,68.649,185.46,199.99,225.0,280.0,332.5,199.99,210.0,225.0,10.7143,5.6333,2.7333,0.3049,0.687,1.0,19.1942,18.6892,60.39,Rising,68.58,38.88,72.07,68.7
