tree
version=v4
num_class=1
num_tree_per_iteration=1
label_index=0
max_feature_idx=15
objective=binary sigmoid:1
feature_names=seriesId rarity hype_level age_level current_offer current_demand demand_to_offer_ratio price_T cross_market_ratio return_7d return_14d return_30d volatility_14d volatility_30d sma_7_ratio sma_30_ratio
feature_infos=-1:1:19:8:9:0:16:17:4:15:2:18:12:5:14:10:13:6:3:11:7 -1:0:1:2 [1:3] [1:3] [0:169] [93:655] [0.70414197016911417:62199999.999999993] [0.60999999999999999:1436.1199999999999] [0.2326438459055791:1.8104419109198984] [-0.28856243441762847:0.45255474452554734] [-0.44607843137254899:0.41637010676156583] [-0.53908905506458193:0.7845043914680051] [0.0012326638377612787:0.10905528755880874] [0.0023946539351209599:0.086307883046103706] [0.84977618621307072:1.3550583657587549] [0.57210361994768377:1.4058636524196395]
tree_sizes=1142 1202 1210 1181 1181 1188 1192 1187 1198 1202 1182 1187 1196 1197 1175 1181 1201 1190 1187 1189 1186 1199 1200 1222 1209 1208 1209 1212 1200 1188 1179 1200 1188 1201 1204 1188 1200 1198 1187 1183 1217 1211 1192 1219 1209 1205 1200 1205 1186 1204 1206 1214 1217 1183 1189 1199 1211 1190 1201 1174 1188 1200 1201 1206 1202 1205 1196 1182 1205 1221 1202 1200 1194 1204 1188 1200 1192 1199 1193 1224 1197 1225 1207 1185 1211 1221 1216 1199 1206 1211 1196 1191 1208 1212 1210 1204 1218 1211 1210 1198 1217 1215 1223 1206 1208 1203 1206 1223 1222 1222 1198 1208 1206 1219 1200 1215 1209 1195 1213 1213 1196 1215 1210 1208 1185 1224 1220 1195 1195 1229 1225 1215 1201 1213 1215 1223 1210 1227 1218 1217 1219 1191 1223 1205 1224 1196 1195 1201 1216 1203

Tree=0
num_leaves=10
num_cat=0
split_feature=6 11 8 8 9 4 10 11 11
split_gain=67.0019 54.0856 36.2342 30.3684 17.6514 14.2272 12.3535 9.0116 11.8687
threshold=68.16646777836992 -0.056079664570230649 1.0467889161869957 0.89146933384903926 0.0078186130672927064 11.500000000000002 -0.0049635432062272722 -0.022095810155047885 0.10472499381545312
decision_type=2 2 2 2 2 2 2 2 2
left_child=1 -1 4 -2 6 -4 -3 -5 -9
right_child=3 2 5 7 -6 -7 -8 8 -10
leaf_value=0.96844659714004899 1.037455405051807 1.0279166713215275 0.97709659495920342 0.99204921806263091 1.02998410059267 1.0260503973308208 0.9936013108472409 1.0279166713215275 0.99672323461971357
leaf_weight=13.05469426512718 70.144625902175903 6.4299240410327938 12.665001899003981 6.2350778579711941 32.539312571287155 2.9226927459239951 12.080463349819182 17.14646410942078 6.8196164071559897
leaf_count=67 360 33 65 32 167 15 62 88 35
internal_value=1.01936 1.00567 1.01296 1.03024 1.02111 0.986275 1.00552 1.01347 1.01904
internal_weight=180.038 79.6921 66.6374 100.346 51.0497 15.5877 18.5104 30.2012 23.9661
internal_count=924 409 342 515 262 80 95 155 123
is_linear=0
shrinkage=1


Tree=1
num_leaves=10
num_cat=1
split_feature=1 3 11 5 8 7 8 6 9
split_gain=97.4005 33.8082 32.055 39.0257 20.4633 17.9663 15.0214 14.55 12.0843
threshold=0 1.5000000000000002 -0.031813362038449443 316.50000000000006 0.89720663278496382 1.5050000000000001 1.1256124372159328 31.535665484769847 0.0039630395518677171
decision_type=1 2 2 2 2 2 2 2 2
left_child=1 7 3 8 -4 -3 -7 -1 -2
right_child=2 5 4 -5 -6 6 -8 -9 -10
leaf_value=-0.064653720457015298 -0.047266260303223097 0.0075745467132672297 0.019298070698620752 0.024246093704615786 1.1667451351331198e-05 -0.015405092705349781 -0.051874119976252964 -0.01349129934174355 -0.0027345756089675716
leaf_weight=9.1162552535533887 9.0997618734836596 11.157215148210524 76.808086663484573 6.8039437383413306 30.841847687959671 24.387057900428776 5.5449767261743537 2.940632998943328 3.3292771428823462
leaf_count=46 46 57 397 35 158 125 28 15 17
internal_value=2.62907e-06 -0.0227277 0.00952343 -0.0142592 0.0137725 -0.0140868 -0.0221611 -0.0521754 -0.0353379
internal_weight=180.029 53.1461 126.883 19.233 107.65 41.0892 29.932 12.0569 12.429
internal_count=924 271 653 98 555 210 153 61 63
cat_boundaries=0 1
cat_threshold=2
is_linear=0
shrinkage=0.02


Tree=2
num_leaves=10
num_cat=2
split_feature=0 5 7 8 15 8 0 12 11
split_gain=114.241 45.2338 31.5226 25.0601 27.9436 10.8493 10.5622 12.7806 8.64144
threshold=0 329.50000000000006 3.9950000000000006 0.79423268566350236 0.9949867736280843 0.89146933384903926 1 0.0089727838194159307 -0.021720984249110755
decision_type=1 2 2 2 2 2 1 2 2
left_child=1 3 6 4 -1 -4 7 -2 -7
right_child=2 -3 5 -5 -6 8 -8 -9 -10
leaf_value=-0.056471422876839358 0.00079984433624921388 0.00081058905954252522 0.021977448060848778 -0.05433279445792933 0.00015305764214039639 -0.022682520743649352 0.0060313090757530439 -0.03058127936626295 0.011221109615831327
leaf_weight=5.4562407732009879 9.8018674999475497 15.928909227252005 63.883764341473579 20.238123700022697 9.6543176323175413 3.5823355466127422 21.680360317230225 11.036359116435049 18.728600218892097
leaf_count=27 50 82 333 101 50 18 111 56 96
internal_value=5.46356e-06 -0.0227379 0.0100517 -0.0397819 -0.0202934 0.0177842 -0.00325956 -0.0106902 0.0057774
internal_weight=179.991 51.2776 128.713 35.3487 15.1106 86.1947 42.5186 20.8382 22.3109
internal_count=924 260 664 178 77 447 217 106 114
cat_boundaries=0 1 2
cat_threshold=19501 197200
is_linear=0
shrinkage=0.02


Tree=3
num_leaves=10
num_cat=4
split_feature=0 1 5 7 1 14 0 11 12
split_gain=109.162 47.8398 42.1926 24.8411 21.2051 17.4133 10.7785 13.2879 13.0377
threshold=0 1 329.50000000000006 12.625000000000002 2 1.0078395187372253 3 0.11867707020274219 0.0066089989034556164
decision_type=1 1 2 2 1 2 1 2 2
left_child=2 -2 4 6 -1 -6 8 -8 -3
right_child=1 3 -4 -5 5 -7 7 -9 -10
leaf_value=-0.055436372080572456 0.02443934514696244 0.0025963586671800777 0.00079468465877085019 0.017188485045945733 -0.039475011059420563 -0.0011444035384727649 0.0091653050222562892 -0.026047039560724336 -0.033051915516184749
leaf_weight=16.029597848653793 56.495766341686249 5.669270887970927 15.922815576195715 22.557017743587494 12.16623640060425 7.767556518316268 23.220401227474216 5.2572661936283103 14.861376598477362
leaf_count=78 296 29 82 118 60 40 119 27 75
internal_value=1.51609e-05 0.00990756 -0.0220586 -0.000179845 -0.0383105 -0.0245388 -0.00817395 0.0019722 -0.0156065
internal_weight=179.947 128.061 51.8862 71.5653 35.9634 19.9338 49.0083 28.4777 20.5306
internal_count=924 664 260 368 178 100 250 146 104
cat_boundaries=0 1 2 3 4
cat_threshold=19501 1 2 98832
is_linear=0
shrinkage=0.02


Tree=4
num_leaves=10
num_cat=3
split_feature=0 1 5 7 1 2 15 6 11
split_gain=104.322 46.739 39.4413 23.9625 19.4042 18.896 16.4671 12.256 11.9869
threshold=0 1 329.50000000000006 12.625000000000002 2 2.5000000000000004 0.9949867736280843 24.499972777808029 0.1162842431869298
decision_type=1 1 2 2 1 2 2 2 2
left_child=2 -2 4 5 -1 8 -6 -8 -3
right_child=1 3 -4 -5 6 -7 7 -9 -10
leaf_value=-0.053096166666974129 0.024242488635695572 -0.008802586093447886 0.00077908576431155914 0.016988073661745567 -0.047661502194302888 0.021628432632062673 0.021648404194257304 -0.022161458300021333 -0.039405574908743045
leaf_weight=16.397515088319778 55.822222292423248 35.87940426170826 15.916839450597761 22.368571177124977 7.3457948267459896 7.3362274020910254 3.5253814011812201 9.2725942730903608 5.9717422425746909
leaf_count=78 296 182 82 118 35 38 18 47 30
internal_value=1.81086e-05 0.00975983 -0.0214149 -0.000174429 -0.0369427 -0.00797929 -0.0237933 -0.0100934 -0.0131693
internal_weight=179.836 127.378 52.4581 71.5559 36.5413 49.1874 20.1438 12.798 41.8511
internal_count=924 664 260 368 178 250 100 65 212
cat_boundaries=0 1 2 3
cat_threshold=19501 1 2
is_linear=0
shrinkage=0.02


Tree=5
num_leaves=10
num_cat=0
split_feature=5 9 3 7 11 7 13 13 4
split_gain=64.1841 29.2629 19.3711 15.0476 16.761 12.4736 9.6603 8.19573 7.45104
threshold=238.50000000000003 0.0069421973144597809 1.5000000000000002 4.0650000000000004 -0.038916330762599226 1.5050000000000001 0.01143873655082998 0.0083909405826070264 7.5000000000000009
decision_type=2 2 2 2 2 2 2 2 2
left_child=1 2 -1 4 -2 -4 -6 -7 -5
right_child=3 -3 5 8 6 7 -8 -9 -10
leaf_value=-0.047892858840461842 -0.047327840727069387 -0.0025561195853761359 0.013309577223767339 0.012397706578861143 0.013025836937292787 0.00089492002468574998 -0.025422556057157916 -0.038232492418536899 -0.0060849765486202505
leaf_weight=14.554461136460306 3.7047562599182138 26.634326383471489 4.2956745922565451 98.102384239435196 8.5041699111461586 2.9899688959121686 3.77392302453518 7.5445566475391388 9.5762889385223371
leaf_count=68 18 135 22 517 44 15 19 37 49
internal_value=2.0776e-05 -0.0177392 -0.0315012 0.0080661 -0.0100424 -0.0154143 0.00120794 -0.0271271 0.010754
internal_weight=179.681 56.019 29.3847 123.662 15.9828 14.8302 12.2781 10.5345 107.679
internal_count=924 277 142 647 81 74 63 52 566
is_linear=0
shrinkage=0.02


Tree=6
num_leaves=10
num_cat=3
split_feature=0 1 5 7 2 1 14 11 11
split_gain=97.9071 45.3114 35.489 22.5791 17.9605 17.0615 14.8401 11.1079 7.44678
threshold=0 1 329.50000000000006 12.625000000000002 2.5000000000000004 2 1.0078395187372253 0.1162842431869298 -0.0079427303346738479
decision_type=1 1 2 2 2 1 2 2 2
left_child=2 -2 5 4 7 -1 -7 8 -3
right_child=1 3 -4 -5 -6 6 -8 -9 -10
leaf_value=-0.049947837289267626 0.023978165899255402 -0.020717245238900173 0.0006320959599391136 0.016649659685900712 0.02139273722481844 -0.036161076635154547 -0.0010539793483841891 -0.037652127748630249 -0.0017312472745268251
leaf_weight=16.897484302520752 54.886400252580643 12.806508794426916 15.859674319624899 22.047773808240891 7.2498918920755377 12.63543549180031 7.7827603667974463 6.0971763581037512 23.293989062309265
leaf_count=78 296 64 82 118 38 60 40 30 118
internal_value=2.20626e-05 0.00955438 -0.0205631 -0.000182277 -0.00768733 -0.0350819 -0.0227794 -0.0126835 -0.00846645
internal_weight=179.557 126.382 53.1754 71.4953 49.4476 37.3157 20.4182 42.1977 36.1005
internal_count=924 664 260 368 250 178 100 212 182
cat_boundaries=0 1 2 3
cat_threshold=19501 1 2
is_linear=0
shrinkage=0.02


Tree=7
num_leaves=10
num_cat=3
split_feature=0 1 5 7 2 1 15 4 11
split_gain=93.6943 44.2802 33.3452 21.7862 17.2667 15.7933 13.8529 10.7053 10.4022
threshold=0 1 329.50000000000006 12.625000000000002 2.5000000000000004 2 0.9949867736280843 10.500000000000002 0.1162842431869298
decision_type=1 1 2 2 2 1 2 2 2
left_child=2 -2 5 4 8 -1 -7 -8 -3
right_child=1 3 -4 -5 -6 6 7 -9 -10
leaf_value=-0.048085938182580702 0.023792011048685523 -0.0082653296647212278 0.00061964180862291308 0.016455946387281081 0.021188307436489705 -0.043427040882430851 -0.020220547947567988 0.021378294540423962 -0.036309129092207071
leaf_weight=17.197584018111229 54.216275095939636 36.236388221383095 15.854908511042593 21.863033398985863 7.1742070019245139 7.6661941260099438 9.5992572456598264 3.3340028822422019 6.1952238976955405
leaf_count=78 296 182 82 118 38 35 48 17 30
internal_value=2.43501e-05 0.00941335 -0.0199976 -0.000177177 -0.00750798 -0.0339368 -0.0221242 -0.00949698 -0.0123599
internal_weight=179.337 125.685 53.6519 71.4689 49.6058 37.797 20.5995 12.9333 42.4316
internal_count=924 664 260 368 250 178 100 65 212
cat_boundaries=0 1 2 3
cat_threshold=19501 1 2
is_linear=0
shrinkage=0.02


Tree=8
num_leaves=10
num_cat=2
split_feature=0 1 5 7 8 2 8 15 5
split_gain=89.7068 43.2775 31.3911 21.0235 19.1349 16.6039 13.2731 12.568 9.14657
threshold=0 1 329.50000000000006 12.625000000000002 0.7022345054509721 2.5000000000000004 0.78741271288874481 0.9949867736280843 252.50000000000003
decision_type=1 1 2 2 2 2 2 2 2
left_child=2 -2 4 5 7 6 -3 -1 -8
right_child=1 3 -4 -5 -6 -7 8 -9 -10
leaf_value=-0.039951285979746273 0.023609991799436316 0.0057723466518693912 0.00060743051535076516 0.016264536960356842 -0.042573172271383498 0.020987315956078025 -0.012147651498178449 0.0025809254639619435 -0.036373584914480721
leaf_weight=4.2661584019660932 53.548293799161911 12.012010365724562 15.850235655903814 21.679775148630142 26.00190494954586 7.0988150686025611 21.938073679804805 7.9721215665340424 8.7084204852581006
leaf_count=19 296 61 82 118 119 38 108 40 43
internal_value=2.64557e-05 0.00927475 -0.0194603 -0.000172438 -0.0328672 -0.0073342 -0.0120472 -0.0122454 -0.0190316
internal_weight=179.076 124.985 54.0904 71.4371 38.2402 49.7573 42.6585 12.2383 30.6465
internal_count=924 664 260 368 178 250 212 59 151
cat_boundaries=0 1 2
cat_threshold=19501 1
is_linear=0
shrinkage=0.02


Tree=9
num_leaves=10
num_cat=2
split_feature=0 1 5 7 8 14 8 12 4
split_gain=85.9191 42.3002 29.5869 20.2885 17.8179 12.6093 10.0158 8.42158 7.02891
threshold=0 1 329.50000000000006 12.625000000000002 0.7022345054509721 1.0060521159515832 1.1126935505460185 0.0060978333663290552 12.500000000000002
decision_type=1 1 2 2 2 2 2 2 2
left_child=2 -2 4 6 5 7 -3 -1 -6
right_child=1 3 -4 -5 8 -7 -8 -9 -10
leaf_value=-0.0077475742389338902 0.023431911628014373 -0.0033003821275126599 0.00059545543511876691 0.016075352823719052 -0.046412742966766174 0.0098410978490799366 -0.027938615622455216 -0.052981400871201824 -0.020985494952937868
leaf_weight=3.231070861220358 52.882850378751755 42.073088124394417 15.845653831958769 21.498054996132851 20.887146010994915 5.6941358149051666 7.8276262134313574 3.3567976057529449 5.4920067489147177
leaf_count=15 296 212 82 118 94 29 38 15 25
internal_value=2.84901e-05 0.00913889 -0.0189451 -0.000167531 -0.0318544 -0.011956 -0.00716523 -0.0307961 -0.0411189
internal_weight=178.788 124.282 54.5068 71.3988 38.6612 12.282 49.9007 6.58787 26.3792
internal_count=924 664 260 368 178 59 250 30 119
cat_boundaries=0 1 2
cat_threshold=19501 1
is_linear=0
shrinkage=0.02


Tree=10
num_leaves=10
num_cat=4
split_feature=0 5 1 0 1 9 5 11 5
split_gain=81.4931 45.0163 36.6474 14.0184 13.1233 13.8476 8.89821 8.10735 9.55847
threshold=0 320.50000000000006 1 2 3 -1.0000000180025095e-35 256.50000000000006 0.13539268788083966 197.50000000000003
decision_type=1 2 1 1 1 2 2 2 2
left_child=1 4 -2 -4 5 -1 -7 8 -5
right_child=2 -3 3 7 -6 6 -8 -9 -10
leaf_value=-0.039108151132729148 0.022883966607259547 0.0072294008783751664 0.010381813510471636 -0.025064701692054832 -0.039426406410829465 0.022980875432512253 -0.021644642972516861 -0.030970778810890259 0.00047228389366807291
leaf_weight=5.4392186254262924 51.099821656942368 16.371624276041985 24.802581697702408 7.1494546532630912 28.727036282420158 4.0171143263578415 3.2198870033025742 5.0737633407115927 32.578964754939079
leaf_count=24 288 87 133 35 130 20 16 25 166
internal_value=3.01919e-05 -0.0177697 0.00925545 0.00057989 -0.0319467 -0.0149961 0.00312609 -0.00585653 -0.00412331
internal_weight=178.479 57.7749 120.705 69.6048 41.4033 12.6762 7.237 44.8022 39.7284
internal_count=924 277 647 359 190 60 36 226 201
cat_boundaries=0 1 2 3 4
cat_threshold=85005 1 528770 1
is_linear=0
shrinkage=0.02


Tree=11
num_leaves=10
num_cat=3
split_feature=0 1 5 2 7 1 14 11 11
split_gain=79.4039 40.3689 26.16 19.5411 15.3519 13.0339 11.915 9.44528 7.0828
threshold=0 1 329.50000000000006 2.5000000000000004 12.625000000000002 2 1.0078395187372253 0.1162842431869298 -0.056079664570230649
decision_type=1 1 2 2 2 1 2 2 2
left_child=2 -2 5 4 7 -1 -7 8 -3
right_child=1 3 -4 -5 -6 6 -8 -9 -10
leaf_value=-0.042524813307690083 0.02309998986485251 -0.030195003628927197 0.00044006736433638874 0.018974984749993862 0.014378721696628842 -0.030964768576432013 -4.5896743111669634e-05 -0.033848299094555279 -0.0040859129782335624
leaf_weight=18.075763270258904 51.611666545271873 4.7767618298530534 15.785551801323889 16.493844404816628 11.78751854598522 13.374444931745531 7.9482654929161063 6.375644087791442 31.983812063932422
leaf_count=78 296 23 82 91 65 60 40 30 159
internal_value=4.34513e-05 0.00890005 -0.0180447 -0.000115689 -0.0058487 -0.0300309 -0.0194394 -0.0113761 -0.00747859
internal_weight=178.213 123.029 55.184 71.4176 54.9237 39.3985 21.3227 43.1362 36.7606
internal_count=924 664 260 368 277 178 100 212 182
cat_boundaries=0 1 2 3
cat_threshold=19501 1 2
is_linear=0
shrinkage=0.02


Tree=12
num_leaves=10
num_cat=2
split_feature=0 1 5 2 8 14 7 8 5
split_gain=76.1415 39.4683 24.7651 18.903 15.8527 17.2679 14.7361 12.2251 8.45198
threshold=0 1 329.50000000000006 2.5000000000000004 0.79423268566350236 1.0060521159515832 12.625000000000002 0.78741271288874481 252.50000000000003
decision_type=1 1 2 2 2 2 2 2 2
left_child=2 -2 4 6 5 -1 7 -3 -9
right_child=1 3 -4 -5 -6 -7 -8 8 -10
leaf_value=-0.032567626551470684 0.022932389257557285 0.0059942848916975924 0.00043135771730871264 0.018784399876558239 -0.03980709771510367 0.0086419284976704033 0.014199259649242355 -0.011115567406818875 -0.034127317509119667
leaf_weight=9.1050935983657855 50.95569634437561 12.075854703783987 15.782223358750342 16.329623878002167 23.27162404358387 7.3509784787893286 11.69866858422756 22.315192803740505 8.9429778754711133
leaf_count=40 296 61 82 91 101 37 65 108 43
internal_value=4.47513e-05 0.00877077 -0.0175939 -0.000112176 -0.0291832 -0.0141592 -0.00571928 -0.0110966 -0.0176992
internal_weight=177.828 122.318 55.5099 71.3623 39.7277 16.4561 55.0327 43.334 31.2582
internal_count=924 664 260 368 178 77 277 212 151
cat_boundaries=0 1 2
cat_threshold=19501 1
is_linear=0
shrinkage=0.02


Tree=13
num_leaves=10
num_cat=2
split_feature=0 1 5 2 8 7 8 15 5
split_gain=73.0389 38.5901 23.4765 18.2868 15.0476 14.1469 11.631 10.2688 7.91426
threshold=0 1 329.50000000000006 2.5000000000000004 0.7022345054509721 12.625000000000002 0.78741271288874481 0.9949867736280843 252.50000000000003
decision_type=1 1 2 2 2 2 2 2 2
left_child=2 -2 4 5 7 6 -3 -1 -8
right_child=1 3 -4 -5 -6 -7 8 -9 -10
leaf_value=-0.034518637598728946 0.022768051154773122 0.0058906120340682794 0.00042281900518989789 0.018596232018680287 -0.036671968262895524 0.014021733119264267 -0.010843073403228832 0.0032351336024895876 -0.032988613072393022
leaf_weight=4.4816119223833075 50.303588405251503 12.042952820658682 15.778960660099981 16.166605398058891 27.472803473472595 11.610737606883047 22.417419880628589 8.0726523548364622 9.0653682053089124
leaf_count=19 296 61 82 91 119 65 108 40 43
internal_value=4.6078e-05 0.0086437 -0.0171625 -0.000108644 -0.0283824 -0.00559311 -0.0108255 -0.0102422 -0.0172198
internal_weight=177.413 121.607 55.806 71.3031 40.0271 55.1365 43.5257 12.5543 31.4828
internal_count=924 664 260 368 178 277 212 59 151
cat_boundaries=0 1 2
cat_threshold=19501 1
is_linear=0
shrinkage=0.02


Tree=14
num_leaves=10
num_cat=4
split_feature=0 5 1 11 0 1 14 6 13
split_gain=69.529 37.2061 33.5272 11.8991 12.3179 11.2644 10.0404 8.2435 6.68991
threshold=0 320.50000000000006 1 0.12370339355042165 2 3 1.0008786433885031 28.499958437561855 0.014124289145231931
decision_type=1 2 1 2 1 1 2 2 2
left_child=1 5 -2 4 -4 6 -1 -8 -6
right_child=2 -3 3 -5 8 -7 7 -9 -10
leaf_value=-0.031140907195293253 0.022230264133424504 0.0069247064237273875 -0.0073474176039813504 -0.019472309707076491 0.015025073123260319 -0.035442858529464605 0.027587062920948383 -0.017066343815558632 -0.0086345964363071081
leaf_weight=6.3205919116735458 48.664158195257187 16.194359004497528 20.030508384108543 10.114927679300306 33.657093212008476 29.790187388658524 3.1420481503009796 3.491218313574791 5.571753352880477
leaf_count=27 288 87 100 51 179 130 16 17 29
internal_value=4.7239e-05 -0.0161512 0.00876143 0.000576334 0.00399842 -0.0286726 -0.0131028 0.0040851 0.00929517
internal_weight=176.977 58.9384 118.038 69.3743 59.2594 42.744 12.9539 6.63327 39.2288
internal_count=924 277 647 359 308 190 60 33 208
cat_boundaries=0 1 2 3 4
cat_threshold=85005 1 33296 1
is_linear=0
shrinkage=0.02


Tree=15
num_leaves=10
num_cat=3
split_feature=0 1 5 2 7 1 15 6 11
split_gain=67.6789 36.9516 20.878 17.437 13.5285 11.1629 9.97643 9.89282 8.46326
threshold=0 1 329.50000000000006 2.5000000000000004 12.625000000000002 2 0.9949867736280843 24.499972777808029 0.1162842431869298
decision_type=1 1 2 2 2 1 2 2 2
left_child=2 -2 5 4 8 -1 -7 -8 -3
right_child=1 3 -4 -5 -6 6 7 -9 -10
leaf_value=-0.038272086289981508 0.022460997373901993 -0.0067977333666795004 0.00023796328482374019 0.018334747553436809 0.013862100524225365 -0.034456327304974013 0.022036317794650574 -0.016821935688084051 -0.03144893278405949
leaf_weight=18.685942023992538 49.061252221465111 37.192330837249756 15.707686066627501 15.937124848365782 11.53013229370117 8.3224352896213549 3.5518426150083533 9.9963339716196042 6.5522835403680793
leaf_count=78 296 182 82 91 65 35 18 47 30
internal_value=3.99516e-05 0.00840629 -0.01642 -9.62039e-05 -0.00541032 -0.0269204 -0.0172217 -0.0066347 -0.0104901
internal_weight=176.537 120.273 56.2642 71.2119 55.2747 40.5566 21.8706 13.5482 43.7446
internal_count=924 664 260 368 277 178 100 65 212
cat_boundaries=0 1 2 3
cat_threshold=19501 1 2
is_linear=0
shrinkage=0.02


Tree=16
num_leaves=10
num_cat=2
split_feature=1 11 5 3 1 7 11 9 13
split_gain=54.2634 20.4277 24.2733 16.3244 13.7395 12.0328 9.23115 8.34109 7.93236
threshold=0 -0.03042284832811577 343.50000000000006 1.5000000000000002 1 1.5050000000000001 0.10211951921449133 0.0039630395518677171 0.023205056219888182
decision_type=1 2 2 2 1 2 2 2 2
left_child=3 2 7 -1 8 -5 -6 -2 -3
right_child=1 4 -4 5 6 -7 -8 -9 -10
leaf_value=-0.03440352608661134 -0.032635940251913284 0.020112284110789028 0.025764143431199777 0.0081622747724356265 0.0082866643388134174 -0.015887711201050522 -0.013780992241626319 0.00022224192852419428 -0.0062509591043713123
leaf_weight=14.235173359513281 10.852525785565378 53.040548920631409 5.4998374283313742 11.173914313316343 29.080220237374306 32.597225978970528 10.256644785404204 4.3205429315567008 4.9951910674571982
leaf_count=61 48 312 32 57 156 153 54 22 29
internal_value=4.1003e-05 0.00782452 -0.0102319 -0.0157988 0.011658 -0.00974822 0.00253277 -0.0232795 0.0178432
internal_weight=176.052 118.046 20.6729 58.0063 97.3726 43.7711 39.3369 15.1731 58.0357
internal_count=924 653 102 271 551 210 210 70 341
cat_boundaries=0 1 2
cat_threshold=2 1
is_linear=0
shrinkage=0.02


Tree=17
num_leaves=10
num_cat=3
split_feature=0 5 1 8 1 9 13 7 9
split_gain=64.1624 29.3788 23.4979 12.3341 12.3306 13.1568 9.42064 8.74846 8.17037
threshold=0 320.50000000000006 1 0.78741271288874481 2 -1.0000000180025095e-35 0.01092247800222773 1.4750000000000003 0.015841646276428905
decision_type=1 2 1 2 1 2 2 2 2
left_child=1 4 7 -3 5 -1 -5 -2 -8
right_child=2 3 -4 6 -6 -7 8 -9 -10
leaf_value=-0.031016474519844406 0.014360383191120997 0.021785338701032761 0.017573375659001383 0.012948028540717978 -0.02956685934735194 0.0075016746690790993 0.0073824399103925653 -0.0099727288000830885 -0.031683098813541054
leaf_weight=5.9097258448600778 8.0427474677562731 9.0957213491201419 69.586267068982124 5.7073457539081565 36.286415427923203 8.8727478086948377 3.1334607750177366 22.288795828819275 6.7644821107387543
leaf_count=25 43 51 412 30 158 46 17 107 35
internal_value=4.17432e-05 -0.012927 0.0101538 0.00327376 -0.0232943 -0.00789708 -0.00751593 -0.00352053 -0.0193158
internal_weight=175.688 75.7699 99.9178 24.701 51.0689 14.7825 15.6053 30.3315 9.89794
internal_count=924 362 562 133 229 71 82 150 52
cat_boundaries=0 1 2 3
cat_threshold=117805 2 1
is_linear=0
shrinkage=0.02


Tree=18
num_leaves=10
num_cat=3
split_feature=0 5 1 7 8 1 9 13 9
split_gain=61.6952 27.9771 22.9997 12.4643 11.9586 11.6393 12.5555 8.9905 7.68943
threshold=0 320.50000000000006 1 17.225000000000005 0.78741271288874481 2 -1.0000000180025095e-35 0.01092247800222773 0.015841646276428905
decision_type=1 2 1 2 2 1 2 2 2
left_child=1 5 -2 -4 -3 6 -1 -6 -9
right_child=2 4 3 -5 7 -7 -8 8 -10
leaf_value=-0.03020677976567079 0.022550227177331381 0.021601610617065874 -0.0026630715503821807 0.018083985135999018 0.012770150411978541 -0.028762798653167866 0.0073768247166874946 0.0072623618860513097 -0.030598587817599929
leaf_weight=5.9463930130004892 40.776219680905342 8.9906803071498889 42.571730986237526 15.912281721830366 5.6714712083339682 36.552030339837074 8.8427624106407148 3.121684327721594 6.8631286025047302
leaf_count=25 255 51 214 93 30 158 46 17 35
internal_value=4.26699e-05 -0.0126345 0.0100119 0.00298177 0.00321774 -0.0227055 -0.00773471 -0.00733927 -0.0187616
internal_weight=175.248 75.9882 99.2602 58.484 24.647 51.3412 14.7892 15.6563 9.98481
internal_count=924 362 562 307 133 229 71 82 52
cat_boundaries=0 1 2 3
cat_threshold=117805 1 1
is_linear=0
shrinkage=0.02


Tree=19
num_leaves=10
num_cat=3
split_feature=0 5 1 7 1 9 13 2 5
split_gain=59.3379 26.6583 22.5848 12.0978 10.9988 11.9892 10.8124 9.09587 6.08418
threshold=0 320.50000000000006 1 17.225000000000005 2 -1.0000000180025095e-35 0.01092247800222773 2.5000000000000004 256.50000000000006
decision_type=1 2 1 2 1 2 2 2 2
left_child=1 4 -2 7 5 -1 -3 -4 -7
right_child=2 6 3 -5 -6 8 -8 -9 -10
leaf_value=-0.029435958942333702 0.022405128291941506 0.018627643068977864 -0.0068195494743573384 0.01790591004130157 -0.027996934112398203 0.023182842239164309 -0.0082104047244191888 0.01765624101536634 -0.010081804571817749
leaf_weight=5.9797193109989175 40.225035816431046 10.420572236180307 35.285392001271248 15.750750631093977 36.798332840204239 4.5929225385189039 14.168924346566198 7.3360839635133734 4.2202702909708023
leaf_count=25 255 58 172 93 158 24 75 42 22
internal_value=4.36192e-05 -0.0123526 0.00987295 0.00292825 -0.0221419 -0.00757726 0.00316306 -0.00260673 0.00725379
internal_weight=174.778 76.1807 98.5973 58.3722 51.5912 14.7929 24.5895 42.6215 8.81319
internal_count=924 362 562 307 229 71 133 214 46
cat_boundaries=0 1 2 3
cat_threshold=117805 1 1
is_linear=0
shrinkage=0.02


Tree=20
num_leaves=10
num_cat=3
split_feature=0 1 5 2 7 1 11 13 7
split_gain=57.9533 27.2243 27.1525 12.9765 9.78754 9.53984 10.4195 9.7997 6.73833
threshold=0 1 329.50000000000006 2.5000000000000004 17.225000000000005 2 -0.035580919428679851 0.0099730393693139695 26.325000000000006
decision_type=1 1 2 2 2 1 2 2 2
left_child=2 -2 5 4 -3 -1 -7 -8 -4
right_child=1 3 8 -5 -6 6 7 -9 -10
leaf_value=-0.031414255934613465 0.0228663788592979 -0.0079346294737160789 0.015400160110146546 0.017704845054237538 0.016018264445246424 -0.032103324734327109 0.0045093682001502858 -0.027140258693087196 -0.007299849118639159
leaf_weight=24.332056954503059 41.196358501911163 37.21317058801651 11.065695852041246 15.377644747495649 8.3558525145053846 8.7047510445117968 12.399334415793421 5.7177588641643515 9.9196909666061384
leaf_count=102 264 179 62 91 49 36 61 28 52
internal_value=4.44792e-05 0.0093884 -0.0127234 0.00181851 -0.00354246 -0.0223462 -0.0141198 -0.00547926 0.00466998
internal_weight=174.282 102.143 72.1393 60.9467 45.569 51.1539 26.8218 18.1171 20.9854
internal_count=924 583 341 319 228 227 125 89 114
cat_boundaries=0 1 2 3
cat_threshold=85101 1 2
is_linear=0
shrinkage=0.02


Tree=21
num_leaves=10
num_cat=2
split_feature=0 1 5 8 15 2 12 7 8
split_gain=55.7477 26.7102 25.9066 17.3764 13.0395 12.5797 11.6788 9.43128 8.20449
threshold=0 1 329.50000000000006 0.79423268566350236 0.99360850676902124 2.5000000000000004 0.0083910052085796709 17.225000000000005 0.7545761170715235
decision_type=1 1 2 2 2 2 2 2 2
left_child=2 -2 3 4 -1 7 -6 -3 -4
right_child=1 5 8 -5 6 -7 -8 -9 -10
leaf_value=-0.030267797044523887 0.02273020163139082 -0.0077510820374382819 0.022822153520124785 -0.031567988056946723 0.018607933110453452 0.017528945748322963 -0.018087512084732655 0.015842293448728968 -0.0040102296690492896
leaf_weight=7.008402273058894 40.620103418827057 37.331288427114487 6.7080892622470882 30.145272716879845 8.1921307444572431 15.222880080342291 6.0175789743661872 8.280455604195593 14.222489595413206
leaf_count=29 264 179 39 127 41 91 30 49 75
internal_value=4.52745e-05 0.00925908 -0.0124444 -0.0218085 -0.0079429 0.00178623 0.00306801 -0.00346789 0.00458934
internal_weight=173.749 101.455 72.294 51.3634 21.2181 60.8346 14.2097 45.6117 20.9306
internal_count=924 583 341 227 100 319 71 228 114
cat_boundaries=0 1 2
cat_threshold=85101 1
is_linear=0
shrinkage=0.02


Tree=22
num_leaves=10
num_cat=2
split_feature=0 5 1 8 7 8 9 9 13
split_gain=53.3492 23.2407 21.2384 11.2806 11.0238 10.825 10.8559 8.7164 8.1838
threshold=0 320.50000000000006 1 0.78741271288874481 17.225000000000005 1.1570330494720087 0.0078186130672927064 0.034581345803408721 0.01092247800222773
decision_type=1 2 1 2 2 2 2 2 2
left_child=1 5 -2 -3 -4 6 -1 -8 -5
right_child=2 3 4 8 -6 -7 7 -9 -10
leaf_value=-0.02433951007591572 0.021986595250878885 0.021176968961498507 -0.0023661108786323538 0.012275045041575063 0.01741461257456059 -0.040958110893012462 0.0060672383108687214 -0.025744351155186699 -0.017919416460894937
leaf_weight=27.102886378765106 38.604663357138634 8.7299796640872973 42.768246248364449 5.5694450736045829 15.301521703600882 8.7695647776126844 11.269872203469278 4.9623173028230658 10.105287730693815
leaf_count=114 255 51 214 30 93 37 55 23 52
internal_value=4.61312e-05 -0.0116296 0.00950613 0.00295676 0.00284616 -0.0206936 -0.0165927 -0.00365783 -0.00719091
internal_weight=173.184 76.5094 96.6744 24.4047 58.0698 52.1046 43.3351 16.2322 15.6747
internal_count=924 362 562 133 307 229 192 78 82
cat_boundaries=0 1 2
cat_threshold=117805 1
is_linear=0
shrinkage=0.02


Tree=23
num_leaves=10
num_cat=1
split_feature=0 5 8 8 15 13 11 9 2
split_gain=51.9599 23.8024 20.2288 16.0787 12.1555 10.1956 7.99301 10.5243 7.94431
threshold=0 329.50000000000006 0.89146933384903926 0.79423268566350236 0.99360850676902124 0.0076904386450908609 0.1162842431869298 0.019127041452867182 2.5000000000000004
decision_type=1 2 2 2 2 2 2 2 2
left_child=1 3 -2 4 -1 -6 8 -8 -4
right_child=2 -3 6 -5 5 -7 7 -9 -10
leaf_value=-0.029013177342672183 0.017241652023330948 0.004440868792114222 -0.0019575343040604443 -0.030222604615229267 0.019904608881773443 -0.013984878431086218 -0.047584968286926772 0.00027832564356737545 0.022206147863120841
leaf_weight=7.0517840832471874 60.273771032691002 20.815516039729118 25.433526560664177 30.396742522716522 7.1646892428398115 7.0401923209428787 3.1453180760145178 4.4196755290031433 6.9240368753671637
leaf_count=29 370 114 130 127 36 35 16 24 43
internal_value=4.67871e-05 -0.0119641 0.00902706 -0.0208913 -0.00754778 0.00310838 -0.00111392 -0.0196219 0.00321313
internal_weight=172.665 72.4689 100.196 51.6534 21.2567 14.2049 39.9226 7.56499 32.3576
internal_count=924 341 583 227 100 71 213 40 173
cat_boundaries=0 1
cat_threshold=85101
is_linear=0
shrinkage=0.02


Tree=24
num_leaves=10
num_cat=1
split_feature=1 6 3 14 6 13 7 6 12
split_gain=43.3609 20.4386 18.5355 10.549 12.3926 9.90186 9.89711 5.96372 10.8411
threshold=0 128.58279764120996 1.5000000000000002 1.0055692173699879 42.809028646384299 0.012651882291097637 11.645000000000001 31.535665484769847 0.0083910052085796709
decision_type=1 2 2 2 2 2 2 2 2
left_child=3 2 7 4 -1 -4 -3 -2 -9
right_child=1 6 5 -5 -6 -7 -8 8 -10
leaf_value=-0.019689144109800133 -0.038085424256852643 -0.014149422803791367 -0.0018110823739722534 0.019221494577523854 0.012137149805228835 -0.020520752524719583 0.010898917290254653 -0.038656590925729768 0.011111798416388317
leaf_weight=7.096980124711993 12.983177483081819 8.2710455656051618 37.273660197854042 40.881656408309937 15.764618247747419 16.246504336595535 26.608579754829407 3.7163863927125922 3.3101392537355423
leaf_count=32 53 40 182 260 98 76 150 17 16
internal_value=4.72695e-05 -0.00764945 -0.0136305 0.0131372 0.00225724 -0.00749056 0.00495918 -0.030053 -0.0152111
internal_weight=172.153 108.409 73.5299 63.7433 22.8616 53.5202 34.8796 20.0097 7.02653
internal_count=924 534 344 390 130 258 190 86 33
cat_boundaries=0 1
cat_threshold=1
is_linear=0
shrinkage=0.02


Tree=25
num_leaves=10
num_cat=1
split_feature=1 6 8 11 6 11 8 8 12
split_gain=41.8626 19.5587 15.1452 12.5162 10.4729 9.391 10.736 7.63935 7.56433
threshold=0 128.58279764120996 0.80636013058675815 -0.032803994626808296 47.749880416999311 -0.056079664570230649 1.1570330494720087 0.87374177561452138 0.01401360144140518
decision_type=1 2 2 2 2 2 2 2 2
left_child=3 5 -3 4 -1 -2 -7 -5 -9
right_child=1 2 -4 7 -6 6 -8 8 -10
leaf_value=-0.028628215964056819 -0.029280802077546006 0.019664949883546303 -0.0069036878988508396 0.02133703764539726 0.013773594137463709 -0.0067916559803287216 -0.03107469077685842 0.015046552056214592 -0.014825017312464541
leaf_weight=4.8808561116456968 12.28857311606407 15.417208775877951 19.35799103975296 39.028249189257622 4.4582981616258621 53.001379549503326 8.4428891688585264 9.5806985348463041 5.2484902143478385
leaf_count=20 52 89 101 254 27 255 37 60 29
internal_value=4.75343e-05 -0.00748893 0.00487523 0.0129876 -0.00838656 -0.0133203 -0.0101283 0.016694 0.00447412
internal_weight=171.705 108.508 34.7752 63.1966 9.33915 73.7328 61.4443 53.8574 14.8292
internal_count=924 534 190 390 47 344 292 343 89
cat_boundaries=0 1
cat_threshold=1
is_linear=0
shrinkage=0.02


Tree=26
num_leaves=10
num_cat=2
split_feature=0 1 8 15 7 7 11 8 11
split_gain=48.2774 19.7615 16.4058 17.9575 10.0071 6.59944 7.01659 5.76643 5.1901
threshold=0 1 0.79423268566350236 0.9949867736280843 17.225000000000005 1.4750000000000003 -0.056079664570230649 1.1629563319116782 0.027743319593325422
decision_type=1 1 2 2 2 2 2 2 2
left_child=2 -2 3 -1 5 -3 -7 8 -4
right_child=1 4 7 -5 -6 6 -8 -9 -10
leaf_value=-0.026037125728085159 0.021567857909797254 0.014352786045128837 -0.022912312352739335 0.010095323538929222 0.016973192638900521 -0.032316881322045576 -0.0027711403858976728 -0.032034234092883265 -0.0081372941689988182
leaf_weight=7.6424804925918606 36.926969900727272 7.9875377863645545 19.377423539757729 19.643264219164848 14.890558093786238 3.5815621018409685 31.423473194241527 11.117872714996336 18.675459265708923
leaf_count=32 255 43 84 106 93 17 154 48 92
internal_value=4.79408e-05 0.00916892 -0.0110204 -2.50357e-05 0.00284297 -0.00205106 -0.00579413 -0.0193632 -0.0156611
internal_weight=171.267 94.8101 76.4565 27.2857 57.8831 42.9926 35.005 49.1708 38.0529
internal_count=924 562 362 138 307 214 171 224 176
cat_boundaries=0 1 2
cat_threshold=117805 1
is_linear=0
shrinkage=0.02


Tree=27
num_leaves=10
num_cat=1
split_feature=0 8 8 15 7 14 2 7 4
split_gain=47.138 18.6951 18.2957 16.0703 8.19003 7.52557 7.01156 6.77485 9.22139
threshold=0 0.89146933384903926 0.79423268566350236 0.99360850676902124 5.1650000000000009 0.99577730431091183 2.5000000000000004 11.645000000000001 4.5000000000000009
decision_type=1 2 2 2 2 2 2 2 2
left_child=2 -2 3 -1 -4 -6 7 8 -3
right_child=1 6 4 -5 5 -7 -8 -9 -10
leaf_value=-0.0253747264178012 0.016807446464452744 -0.022923561865263543 -0.029344838642338993 0.0084074133975356631 0.014841623270049545 -0.017409552195861936 0.01423427916471133 0.013197669151223706 0.0016586388285448211
leaf_weight=7.6722280383110073 58.434458673000336 11.887897282838827 22.895417511463165 21.187425717711449 3.4803218841552761 17.180678769946098 9.3194050341844541 6.1407967805862418 12.545828536152838
leaf_count=32 370 57 96 115 16 82 59 35 62
internal_value=4.83965e-05 0.00871544 -0.0113554 -0.000573439 -0.0211063 -0.0119769 -0.000952645 -0.00558176 -0.0103015
internal_weight=170.744 98.3284 72.4161 28.8597 43.5564 20.661 39.8939 30.5745 24.4337
internal_count=924 583 341 147 194 98 213 154 119
cat_boundaries=0 1
cat_threshold=85101
is_linear=0
shrinkage=0.02


Tree=28
num_leaves=10
num_cat=2
split_feature=0 1 5 8 2 13 8 5 15
split_gain=45.3541 24.0519 20.9287 13.3102 11.0792 10.8738 7.2709 6.56395 5.96175
threshold=0 1 329.50000000000006 0.79423268566350236 2.5000000000000004 0.0076904386450908609 0.7545761170715235 421.50000000000006 1.0082886838425706
decision_type=1 1 2 2 2 2 2 2 2
left_child=2 -2 3 5 7 8 -4 -3 -1
right_child=1 4 6 -5 -6 -7 -8 -9 -10
leaf_value=-0.0098828400230180618 0.022035712267257659 -0.0052482061452686401 0.022160243153857798 -0.027836937768468108 0.016815748481693382 -0.021121331268488336 -0.0035370014115132633 0.025083154193154492 0.020963258839230864
leaf_weight=4.4171217083930987 37.527908906340599 42.563380658626556 6.3540754467248943 30.725352063775063 14.57448026537895 10.872212603688238 14.352866291999815 3.0590299367904654 5.7936634123325348
leaf_count=19 264 209 39 127 91 51 75 19 30
internal_value=4.86989e-05 0.00859026 -0.0111142 -0.0194396 0.00163513 -0.00720179 0.00434838 -0.00321446 0.00761943
internal_weight=170.24 97.7248 72.5153 51.8083 60.1969 21.083 20.7069 45.6224 10.2108
internal_count=924 583 341 227 319 100 114 228 49
cat_boundaries=0 1 2
cat_threshold=85101 1
is_linear=0
shrinkage=0.02


Tree=29
num_leaves=10
num_cat=3
split_feature=0 1 7 1 11 8 2 8 13
split_gain=43.693 28.9033 15.9155 12.8114 11.9144 11.8655 9.8906 11.1877 8.45131
threshold=0 1 37.560000000000009 2 0.12370339355042165 0.74436883799420173 2.5000000000000004 0.78415256919197251 0.023205056219888182
decision_type=1 1 2 1 2 2 2 2 2
left_child=2 8 3 5 6 -1 7 -3 -2
right_child=1 4 -4 -5 -6 -7 -8 -9 -10
leaf_value=0.012123262169616103 0.022758112279305538 0.013721206350486258 0.0098963863968577082 -0.030266161783158656 -0.019639026582092559 -0.022470768876775696 0.016801250714992045 -0.0076161059371777631 -0.0062015342543631467
leaf_weight=6.9392265230417278 40.208565548062325 13.70030155777931 7.5388049483299246 26.258929029107094 11.052745074033735 9.2557264417409879 15.421362489461897 34.787430703639984 4.4799702614545813
leaf_count=36 282 74 38 109 55 41 93 167 29
internal_value=4.92445e-05 0.00657431 -0.0140685 -0.0216379 -0.000465931 -0.00764789 0.00284996 -0.00158721 0.0198549
internal_weight=169.643 119.65 49.9927 42.4539 74.9618 16.195 63.9091 48.4877 44.6885
internal_count=924 700 224 186 389 77 334 241 311
cat_boundaries=0 1 2 3
cat_threshold=19469 1 1
is_linear=0
shrinkage=0.02


Tree=30
num_leaves=10
num_cat=3
split_feature=0 1 1 2 7 4 8 2 7
split_gain=42.146 18.5191 14.3662 13.3501 9.22497 8.49917 12.3388 7.11042 5.90178
threshold=0 1 2 2.5000000000000004 17.225000000000005 2.5000000000000004 0.80636013058675815 2.5000000000000004 29.090000000000003
decision_type=1 1 1 2 2 2 2 2 2
left_child=2 -2 3 -1 7 6 -4 -3 -8
right_child=1 4 5 -5 -6 -7 8 -9 -10
leaf_value=0.014066835876484541 0.021112867057217696 -0.005547404222439524 0.020281818206859294 -0.014906639528962391 0.01649425324349027 -0.023054225636611806 -0.029685354871506253 0.016593489229858826 0.0016147466326794379
leaf_weight=13.750384703278542 35.090662106871605 36.027324974536896 5.068896308541297 11.837699010968208 14.445725619792936 35.665261492133141 6.3801456689834577 6.9155029803514472 3.8720047920942307
leaf_count=80 255 172 26 55 93 153 28 42 20
internal_value=4.98131e-05 0.00872401 -0.0102295 0.000662968 0.00266892 -0.0177023 -0.00524365 -0.00198184 -0.017864
internal_weight=169.054 92.4792 76.5744 25.5881 57.3886 50.9863 15.321 42.9428 10.2522
internal_count=924 562 362 135 307 227 74 214 48
cat_boundaries=0 1 2 3
cat_threshold=117805 1 1
is_linear=0
shrinkage=0.02


Tree=31
num_leaves=10
num_cat=2
split_feature=0 1 5 2 7 9 12 7 6
split_gain=40.9972 22.6856 19.0337 10.1286 7.39176 6.40661 6.76679 6.02865 6.48621
threshold=0 1 329.50000000000006 2.5000000000000004 17.225000000000005 0.0078186130672927064 0.0088410127966792301 26.325000000000006 73.999833500379268
decision_type=1 1 2 2 2 2 2 2 2
left_child=2 -2 5 4 -3 -1 -7 -4 -9
right_child=1 3 7 -5 -6 6 -8 8 -10
leaf_value=-0.024166151835142813 0.021693189051148389 -0.0066154624478359705 0.014749439857894628 0.016372414310602542 0.014756867128938428 0.001314347458772682 -0.021516498839686562 -0.031264437505106962 0.0037834642256248724
leaf_weight=31.144766464829445 35.990751087665558 37.958996742963791 10.648401752114298 14.184004083275793 7.8037062734365454 10.640196338295938 10.142772749066351 3.0370826423168165 6.9354949742555618
leaf_count=129 264 179 62 91 49 51 47 15 37
internal_value=5.02521e-05 0.00827868 -0.0105217 0.0016059 -0.00297094 -0.0184276 -0.00982786 0.00428425 -0.00689014
internal_weight=168.486 95.9375 72.5487 59.9467 45.7627 51.9277 20.783 20.621 9.97258
internal_count=924 583 341 319 228 227 98 114 52
cat_boundaries=0 1 2
cat_threshold=85101 1
is_linear=0
shrinkage=0.02


Tree=32
num_leaves=10
num_cat=3
split_feature=0 1 7 1 11 8 2 8 8
split_gain=39.6269 26.9372 14.7968 11.6895 11.3585 11.2072 9.09685 10.5151 6.54
threshold=0 1 37.560000000000009 2 0.12370339355042165 0.74436883799420173 2.5000000000000004 0.78415256919197251 0.82174771578830874
decision_type=1 1 2 1 2 2 2 2 2
left_child=2 -2 3 5 6 -1 7 -3 -9
right_child=1 4 -4 -5 -6 -7 -8 8 -10
leaf_value=0.012096543672231539 0.019480154733305319 0.013593035161046809 0.0098583008182708039 -0.028820485225930483 -0.019031004235782186 -0.021550377440737987 0.016460052448487618 -0.034851509164553394 -0.0044310570304298006
leaf_weight=6.8945825099945095 43.054393157362938 13.605515912175177 7.5074776113033286 26.333433270454407 11.116472005844114 9.3023013323545438 15.062249630689619 3.1015981882810584 31.915216758847237
leaf_count=36 311 74 38 109 55 41 93 15 152
internal_value=5.06389e-05 0.0063392 -0.0133582 -0.0205973 -0.000377073 -0.00722778 0.00287907 -0.00132806 -0.00712553
internal_weight=167.893 117.855 50.0378 42.5303 74.8011 16.1969 63.6846 48.6223 35.0168
internal_count=924 700 224 186 389 77 334 241 167
cat_boundaries=0 1 2 3
cat_threshold=19469 1 1
is_linear=0
shrinkage=0.02


Tree=33
num_leaves=10
num_cat=1
split_feature=1 6 3 8 14 8 6 8 7
split_gain=33.3301 15.644 15.2073 13.175 9.43694 10.25 9.78406 9.03356 8.68117
threshold=0 128.58279764120996 1.5000000000000002 0.80636013058675815 1.0055692173699879 0.90840398749809792 42.809028646384299 1.1570330494720087 1.5050000000000001
decision_type=1 2 2 2 2 2 2 2 2
left_child=4 2 -2 -3 5 6 -1 8 -4
right_child=1 3 7 -5 -6 -7 -8 -9 -10
leaf_value=-0.014367769314498888 -0.02655192411720159 0.018976504711769659 0.014837775012304351 -0.0061454213513589262 0.018210414271484773 -0.025068802736872585 0.018648024440118496 -0.026415525982565573 -0.0070911060868381649
leaf_weight=5.1339242160320344 20.095425188541412 14.67162826657295 8.9403515607118589 19.381256312131882 37.44128842651844 4.5471510291099539 11.941386371850966 7.5837064087390891 37.551660940051079
leaf_count=23 86 89 47 101 260 24 83 33 178
internal_value=5.1005e-05 -0.00654399 -0.0116963 0.00467832 0.0121352 0.00161538 0.00872138 -0.0061757 -0.00287421
internal_weight=167.288 108.224 74.1711 34.0529 59.0638 21.6225 17.0753 54.0757 46.492
internal_count=924 534 344 190 390 130 106 258 225
cat_boundaries=0 1
cat_threshold=1
is_linear=0
shrinkage=0.02


Tree=34
num_leaves=10
num_cat=2
split_feature=0 5 1 11 8 13 13 8 8
split_gain=38.0566 25.5899 15.6054 9.55174 9.05986 8.96897 8.11126 12.0361 5.17423
threshold=0 292.50000000000006 1 -0.032803994626808296 0.80045099306436318 0.010686497802109793 0.016529046840250996 0.95118419659742781 1.1570330494720087
decision_type=1 2 1 2 2 2 2 2 2
left_child=6 2 3 -2 -3 -6 -1 -8 -4
right_child=1 4 8 -5 5 -7 7 -9 -10
leaf_value=0.017414992551891498 -0.020445251508456271 0.014896533511262697 -0.018436722457269884 0.011299098328455954 0.010752901338670982 -0.013746771618840579 0.013781807883259244 -0.030576074784910669 -0.03630125145479126
leaf_weight=47.994894668459892 5.6430855989456203 18.734767481684685 39.762898936867714 11.55526742339134 10.229694679379465 14.377345860004423 6.9571984112262708 3.7742198705673218 7.7490242421627036
leaf_count=314 23 119 173 69 54 72 47 21 32
internal_value=5.1239e-05 -0.00684246 -0.0154412 0.000883212 0.00441698 -0.00356171 0.0118777 -0.00181878 -0.0213504
internal_weight=166.778 108.052 64.7103 17.1984 43.3418 24.607 58.7263 10.7314 47.5119
internal_count=924 542 297 92 245 126 382 68 205
cat_boundaries=0 1 2
cat_threshold=921986 1
is_linear=0
shrinkage=0.02


Tree=35
num_leaves=10
num_cat=3
split_feature=0 5 1 14 13 13 3 1 6
split_gain=36.7284 24.5306 14.8733 9.20379 7.91988 5.95535 7.95027 6.21809 6.85778
threshold=0 292.50000000000006 1 1.0055692173699879 0.016529046840250996 0.010686497802109793 1.5000000000000002 2 345.99654003459972
decision_type=1 2 1 2 2 2 2 1 2
left_child=4 2 3 -2 -1 -3 -7 -8 -9
right_child=1 5 -4 -5 -6 6 7 8 -10
leaf_value=0.017245471182104007 -0.012005047959393467 0.012205947176147201 -0.020858329495097885 0.017560512326893745 -0.0017807664106628677 0.027400879861944009 0.0045049453365224442 -0.028485912994511271 0.0070573541060470826
leaf_weight=47.502322860062122 9.6719468683004397 20.367298096418381 47.658596962690353 7.4602622985839835 10.727638825774191 3.047904476523402 9.3869571387767756 7.3208095431327855 3.0869259536266327
leaf_count=314 45 119 205 47 68 17 58 34 17
internal_value=5.15091e-05 -0.00670788 -0.015113 0.000869347 0.0117265 0.00434277 -0.00266832 -0.00729825 -0.0179438
internal_weight=166.231 108.001 64.7908 17.1322 58.23 43.2099 22.8426 19.7947 10.4077
internal_count=924 542 297 92 382 245 126 109 51
cat_boundaries=0 1 2 3
cat_threshold=921986 1 1
is_linear=0
shrinkage=0.02


Tree=36
num_leaves=10
num_cat=2
split_feature=0 1 8 11 5 14 13 2 8
split_gain=35.8066 24.985 10.9754 10.6764 9.75608 9.32957 8.45349 8.22486 9.54163
threshold=0 1 0.7022345054509721 0.12370339355042165 412.00000000000006 1.0060521159515832 0.023205056219888182 2.5000000000000004 0.78415256919197251
decision_type=1 1 2 2 2 2 2 2 2
left_child=2 6 5 7 -4 -1 -2 8 -3
right_child=1 3 4 -5 -6 -7 -8 -9 -10
leaf_value=-0.01729994676955322 0.022176828347967602 0.013292361571526794 -0.025265648487244045 -0.018314275767713079 0.0074684329704893119 0.014341591587501366 -0.0073153914889726281 0.016026764408307009 -0.0065280807391315714
leaf_weight=7.1896729469299299 37.053940504789352 13.40860143303871 30.744239911437035 11.180856138467787 4.1313604265451422 7.7402515709400177 4.3432779610157004 14.643388897180555 35.271481812000275
leaf_count=30 282 74 130 55 22 42 29 93 167
internal_value=5.1706e-05 0.00609889 -0.012696 -0.000296711 -0.021388 -0.000895747 0.0190826 0.0028846 -0.00106867
internal_weight=165.707 115.902 49.8055 74.5043 34.8756 14.9299 41.3972 63.3235 48.6801
internal_count=924 700 224 389 152 72 311 334 241
cat_boundaries=0 1 2
cat_threshold=19469 1
is_linear=0
shrinkage=0.02


Tree=37
num_leaves=10
num_cat=2
split_feature=0 5 1 2 8 13 13 8 8
split_gain=34.6424 22.8765 13.979 11.5313 8.49444 8.27585 7.63581 11.2918 4.95952
threshold=0 292.50000000000006 1 2.5000000000000004 0.80045099306436318 0.010686497802109793 0.016529046840250996 0.95118419659742781 1.1199688195040689
decision_type=1 2 1 2 2 2 2 2 2
left_child=6 2 3 -2 -3 -6 -1 -8 -4
right_child=1 4 8 -5 5 -7 7 -9 -10
leaf_value=0.016987886945173124 0.014100814263508159 0.01452408338369965 -0.016699910053425145 -0.019669005893698563 0.010416349488052359 -0.013166491735995697 0.013613470368963588 -0.029183386513673821 -0.03219346970781066
leaf_weight=46.631421633064747 10.39699310064316 18.339366398751736 37.158466756343842 6.6199834942817679 10.114134527742864 14.464980050921438 6.8786500021815282 3.8442302644252777 10.627776533365248
leaf_count=314 64 119 161 28 54 72 47 21 44
internal_value=5.20687e-05 -0.00649862 -0.0146025 0.000963601 0.0042234 -0.00346232 0.0114859 -0.00172951 -0.0201457
internal_weight=165.076 107.722 64.8032 17.017 42.9185 24.5791 57.3543 10.7229 47.7862
internal_count=924 542 297 92 245 126 382 68 205
cat_boundaries=0 1 2
cat_threshold=921986 1
is_linear=0
shrinkage=0.02


Tree=38
num_leaves=10
num_cat=3
split_feature=0 8 1 6 1 11 2 9 6
split_gain=33.6245 18.9198 14.5752 10.7413 10.2813 7.09618 6.00823 5.2599 5.25758
threshold=0 0.79574173287539007 1 35.916606805655334 2 0.12370339355042165 2.5000000000000004 0.046913945431886199 223.74832626391864
decision_type=1 2 1 2 1 2 2 2 2
left_child=1 3 -2 4 -1 6 -4 -7 -3
right_child=2 8 5 -5 -6 7 -8 -9 -10
leaf_value=0.0090415987501087126 0.020293728372627676 -0.020653329111909022 0.0021084689227911365 0.010703423039586277 -0.030888255601282152 -0.025662756761948131 0.018950486610798727 0.005601796129984112 -0.0027976494211263518
leaf_weight=4.4516239017248171 30.769977122545242 40.277733117341995 34.201619729399681 20.555707365274429 6.1328823566436768 5.3911771327257139 11.262692913413046 3.5829621851444244 7.8879871964454642
leaf_count=23 243 176 173 122 25 26 78 19 39
internal_value=5.22615e-05 -0.00876879 0.00831547 0.00227462 -0.0140946 0.00307255 0.00628067 -0.0131803 -0.0177291
internal_weight=164.514 79.3059 85.2084 31.1402 10.5845 54.4385 45.4643 8.97414 48.1657
internal_count=924 385 539 170 48 296 251 45 215
cat_boundaries=0 1 2 3
cat_threshold=85549 1 1
is_linear=0
shrinkage=0.02


Tree=39
num_leaves=10
num_cat=4
split_feature=0 1 7 1 8 0 13 8 13
split_gain=32.6924 23.6213 12.7633 9.3734 9.72682 9.28204 9.53977 8.77374 8.2887
threshold=0 1 37.560000000000009 2 0.87667090834233585 3 0.014551586760841307 1.1126935505460185 0.023205056219888182
decision_type=1 1 2 1 2 1 2 2 2
left_child=2 8 3 4 -1 7 -7 -3 -2
right_child=1 5 -4 -5 -6 6 -8 -9 -10
leaf_value=0.0028296562178538971 0.021945938526328004 -0.002815593036431092 0.0096816861527920482 -0.026163182890650453 -0.032080725109072963 0.014834127301514803 -0.011453664256661764 -0.02607591748026522 -0.0073500554094722012
leaf_weight=11.630428045988085 35.736402988433838 34.410467326641083 7.3928139060735694 26.242536455392838 4.4002588689327231 24.686952322721485 7.1129157096147528 7.9933184236288062 4.3312475681304923
leaf_count=58 282 170 38 109 19 147 38 34 29
internal_value=5.23901e-05 0.00588917 -0.0121219 -0.0188025 -0.00675288 -0.000277325 0.00681199 -0.00582628 0.0187791
internal_weight=163.937 114.271 49.666 42.2732 16.0307 74.2037 31.7999 42.4038 40.0677
internal_count=924 700 224 186 77 389 185 204 311
cat_boundaries=0 1 2 3 4
cat_threshold=19469 1 1 369200
is_linear=0
shrinkage=0.02


Tree=40
num_leaves=10
num_cat=1
split_feature=1 5 3 11 7 11 13 11 8
split_gain=27.6361 12.7973 12.0258 9.17139 8.50008 11.9978 7.95547 7.90731 9.87688
threshold=0 287.50000000000006 1.5000000000000002 -0.032803994626808296 1.5050000000000001 -0.053215314011929124 0.023205056219888182 0.1162842431869298 1.0229840963350301
decision_type=1 2 2 2 2 2 2 2 2
left_child=3 2 -2 -1 -4 -6 -5 8 -7
right_child=1 -3 4 6 5 7 -8 -9 -10
leaf_value=-0.0071833946508454852 -0.024928117959738812 0.0033810997708711688 0.0095874302248123901 0.017642029865000727 -0.041507431266687406 0.0055721235673303025 -0.010350797750167675 -0.025909931755957138 -0.020429764393064414
leaf_weight=8.8860648572444898 18.303606241941452 38.326069220900536 10.949382245540617 42.559667728841305 4.3876178860664359 20.46017457544804 4.4893616884946814 6.7548176348209372 8.179549887776373
leaf_count=47 77 214 57 314 19 102 29 29 36
internal_value=5.25996e-05 -0.00588619 -0.0110311 0.0114515 -0.00601714 -0.010312 0.014971 -0.00644496 -0.00185406
internal_weight=163.296 107.361 69.0351 55.9351 50.7315 39.7822 47.049 35.3945 28.6397
internal_count=924 534 320 390 243 186 343 167 138
cat_boundaries=0 1
cat_threshold=1
is_linear=0
shrinkage=0.02


Tree=41
num_leaves=10
num_cat=2
split_feature=0 1 8 14 7 11 7 11 10
split_gain=31.2816 15.3572 10.5392 11.3385 7.67302 6.52181 5.31855 6.26961 4.77429
threshold=0 1 0.79423268566350236 1.0060521159515832 17.225000000000005 -0.019110413352353615 1.4750000000000003 -0.056079664570230649 -0.015849282296650693
decision_type=1 1 2 2 2 2 2 2 2
left_child=2 -2 3 5 6 -1 -3 -8 -9
right_child=1 4 -4 -5 -6 -7 7 8 -10
leaf_value=-0.026469638566513454 0.020065371522513024 0.013534696918634506 -0.015348452985971456 0.012512465358058632 0.015604215428391983 0.0033110990698129077 -0.02971085532985732 0.018990869359710442 -0.0049329278705420214
leaf_weight=6.9677764475345612 30.811120264232159 7.5847247242927542 49.498874232172966 14.112515464425085 13.573966428637503 5.0902549251914042 3.6591835021972612 3.7931811809539786 27.722255885601051
leaf_count=29 255 43 224 84 93 25 17 18 136
internal_value=5.24654e-05 0.0078159 -0.00876309 0.000343981 0.00250357 -0.0138978 -0.00165523 -0.00493064 -0.00205347
internal_weight=162.814 87.1444 75.6694 26.1705 56.3333 12.058 42.7593 35.1746 31.5154
internal_count=924 562 362 138 307 54 214 171 154
cat_boundaries=0 1 2
cat_threshold=117805 1
is_linear=0
shrinkage=0.02


Tree=42
num_leaves=10
num_cat=3
split_feature=0 1 5 8 13 7 8 0 8
split_gain=30.6178 18.9873 14.219 8.96878 10.3768 8.00345 6.02624 6.0003 6.32474
threshold=0 1 329.50000000000006 0.79423268566350236 0.0076904386450908609 17.225000000000005 0.70752241496579915 2 1.1256124372159328
decision_type=1 1 2 2 2 2 2 1 2
left_child=2 -2 3 4 -1 7 -4 8 -3
right_child=1 5 6 -5 -6 -7 -8 -9 -10
leaf_value=0.008919625360123383 0.020754239204457636 -0.0065261321677080528 0.024416729744357692 -0.022750105859835099 -0.019391118915290235 0.014596468349573115 -0.0019106096998710571 0.0041081587391295698 -0.033303187744062185
leaf_weight=10.008119381964208 31.633715458214283 16.269076555967334 4.4639860019087818 30.736684054136276 10.731907889246939 14.253428041934965 15.740343444049357 23.920296058058739 4.5055445730686179
leaf_count=49 264 74 31 127 51 98 83 128 19
internal_value=5.25977e-05 0.00743383 -0.00904954 -0.0158926 -0.00572974 0.00154672 0.00390621 -0.00261491 -0.00832579
internal_weight=162.263 90.5821 71.681 51.4767 20.74 58.9483 20.2043 44.6949 20.7746
internal_count=924 583 341 227 100 319 114 221 93
cat_boundaries=0 1 2 3
cat_threshold=85101 1 41488
is_linear=0
shrinkage=0.02


Tree=43
num_leaves=10
num_cat=1
split_feature=1 5 3 11 7 11 13 11 8
split_gain=25.34 11.7599 11.2236 8.52054 7.98808 11.0042 7.87694 7.53171 9.25721
threshold=0 287.50000000000006 1.5000000000000002 -0.032803994626808296 1.5050000000000001 -0.053215314011929124 0.023205056219888182 0.1162842431869298 1.0229840963350301
decision_type=1 2 2 2 2 2 2 2 2
left_child=3 2 -2 -1 -4 -6 -5 8 -7
right_child=1 -3 4 6 5 7 -8 -9 -10
leaf_value=-0.0068534076109287379 -0.023978783869420074 0.0033236614019202721 0.0095155397369270627 0.017343011839188349 -0.039538010870707414 0.0055946106046835279 -0.010669050125349145 -0.025043050224841601 -0.019536498486572327
leaf_weight=8.815920412540434 18.235723182559013 38.092878401279449 10.867285832762716 41.302354194223881 4.4322572946548453 20.419183939695362 4.4477981179952613 6.7944907695054999 8.2244457900524122
leaf_count=47 77 214 57 314 19 102 29 29 36
internal_value=5.78034e-05 -0.00559552 -0.0105214 0.0111504 -0.00568471 -0.00982777 0.0146197 -0.0061119 -0.00162129
internal_weight=161.632 107.066 68.9734 54.5661 50.7377 39.8704 45.7502 35.4381 28.6436
internal_count=924 534 320 390 243 186 343 167 138
cat_boundaries=0 1
cat_threshold=1
is_linear=0
shrinkage=0.02


Tree=44
num_leaves=10
num_cat=1
split_feature=1 6 3 14 15 11 13 7 6
split_gain=24.4722 11.4911 11.48 8.313 8.512 11.2297 8.02468 7.50292 5.75925
threshold=0 128.58279764120996 1.5000000000000002 1.0055692173699879 1.0647574381433926 -0.020925635662303061 0.012651882291097637 11.645000000000001 47.749880416999311
decision_type=1 2 2 2 2 2 2 2 2
left_child=3 2 -2 4 5 8 -4 -3 -1
right_child=1 7 6 -5 -6 -7 -8 -9 -10
leaf_value=-0.025612598715580772 -0.022843495005491484 -0.012158377687661233 7.9221989611090468e-05 0.017093163937161291 -0.036007454917814638 0.019363914733017899 -0.016594103426416314 0.0098281619276334199 0.0095216715815229103
leaf_weight=4.950842618942267 19.926773190498352 8.2852478772401792 37.296225860714912 33.803272180259228 2.2247688919305793 10.170282758772371 16.723686590790749 24.766659826040268 2.9953144863247871
leaf_count=20 86 40 182 260 14 76 76 150 20
internal_value=5.75146e-05 -0.00548681 -0.00986869 0.011014 0.00091168 0.00544549 -0.00508257 0.00431671 -0.0123687
internal_weight=161.143 106.999 73.9467 54.1445 20.3412 18.1164 54.0199 33.0519 7.94616
internal_count=924 534 344 390 130 116 258 190 40
cat_boundaries=0 1
cat_threshold=1
is_linear=0
shrinkage=0.02


Tree=45
num_leaves=10
num_cat=2
split_feature=0 5 1 11 10 4 2 5 12
split_gain=28.6508 15.9047 12.5883 6.46093 5.96043 6.99058 5.31637 8.27078 10.0015
threshold=0 309.50000000000006 1 0.12370339355042165 -0.052997933842851654 12.500000000000002 2.5000000000000004 197.50000000000003 0.0090288503081190543
decision_type=1 2 1 2 2 2 2 2 2
left_child=1 4 -2 6 -1 -6 7 -4 -9
right_child=2 -3 3 -5 5 -7 -8 8 -10
leaf_value=-0.036150917241308707 0.019623505569106827 0.0026291754527677544 -0.016767074526030573 -0.012297661993958868 -0.016721274782078487 0.0068666939516921514 0.018473676658843637 -0.0034525203597361321 0.021021287145928422
leaf_weight=5.2600630819797507 28.235376141965389 29.026939213275909 7.1405351012945166 9.0265163183212263 38.31073997169733 5.7844595313072196 10.802362635731695 15.016986191272737 12.029626995325087
leaf_count=22 243 168 32 45 168 27 78 77 64
internal_value=5.73591e-05 -0.00808674 0.00784744 0.00314463 -0.0160275 -0.013627 0.00624291 0.00237826 0.00743279
internal_weight=160.634 78.3822 82.2514 54.016 49.3553 44.0952 44.9895 34.1871 27.0466
internal_count=924 385 539 296 217 195 251 173 141
cat_boundaries=0 1 2
cat_threshold=85549 1
is_linear=0
shrinkage=0.02


Tree=46
num_leaves=10
num_cat=2
split_feature=0 1 5 8 8 7 9 6 10
split_gain=27.9322 13.8047 11.2241 8.04047 7.32068 6.74914 6.61774 5.61526 6.28703
threshold=0 1 320.50000000000006 0.78741271288874481 1.1570330494720087 17.225000000000005 0.0058043946516690053 54.099855800408406 0.067868581093238275
decision_type=1 1 2 2 2 2 2 2 2
left_child=2 -2 4 -4 -1 -3 -5 -8 -9
right_child=1 5 3 6 -6 -7 7 8 -10
leaf_value=-0.011158052310823697 0.019599262294548895 -0.0012485464199149063 0.019260218292999925 0.016654372399791867 -0.03116274912751843 0.015130673634528045 0.0096291727448422539 -0.0072738863338800332 -0.041585259576378854
leaf_weight=42.917055025696754 28.96044022589922 42.898858577013016 7.4637729525566128 3.9146515130996695 8.8212382495403272 13.146735444664953 3.1449028402566901 5.1496228948235494 3.6503560841083527
leaf_count=192 255 214 51 21 37 93 16 27 18
internal_value=5.72897e-05 0.00750438 -0.0082739 0.00214266 -0.0145688 0.00259356 -0.00591316 -0.0133091 -0.0215067
internal_weight=160.068 85.006 75.0616 23.3233 51.7383 56.0456 15.8595 11.9449 8.79998
internal_count=924 562 362 133 229 307 82 61 45
cat_boundaries=0 1 2
cat_threshold=117805 1
is_linear=0
shrinkage=0.02


Tree=47
num_leaves=10
num_cat=3
split_feature=0 1 5 8 13 0 13 8 11
split_gain=27.3658 17.2334 12.1407 8.25958 9.91714 5.84287 9.0113 7.83294 7.06974
threshold=0 1 329.50000000000006 0.79423268566350236 0.0076904386450908609 2 0.014551586760841307 1.1256124372159328 -0.050366012756088145
decision_type=1 1 2 2 2 1 2 2 2
left_child=2 -2 3 4 -1 6 -3 8 -7
right_child=1 5 -4 -5 -6 7 -8 -9 -10
leaf_value=0.0092305357251162186 0.020343879899769352 0.017216854776467089 0.0035014314797126122 -0.021515541027075022 -0.018500502821393747 -0.030000797228354352 -0.01065802194923547 -0.027329227725875413 0.0027301744837724658
leaf_weight=9.9531750902533549 29.757657043635845 18.805666007101539 19.900915533304214 30.53360641002655 10.707960993051527 2.9438652992248562 6.1580287218093863 5.2074266374111167 25.543191954493523
leaf_count=49 264 118 114 127 51 14 33 22 132
internal_value=5.72839e-05 0.00713942 -0.00855157 -0.0149073 -0.00514151 0.00165784 0.00738314 -0.00368229 -0.000652259
internal_weight=159.511 88.4158 71.0957 51.1947 20.6611 58.6582 24.9637 33.6945 28.4871
internal_count=924 583 341 227 100 319 151 168 146
cat_boundaries=0 1 2 3
cat_threshold=85101 1 659714
is_linear=0
shrinkage=0.02


Tree=48
num_leaves=10
num_cat=3
split_feature=0 1 7 11 13 1 2 2 8
split_gain=26.1363 19.2707 11.232 9.1355 8.20659 7.67605 8.92512 6.49628 7.7974
threshold=0 1 37.560000000000009 0.12370339355042165 0.023205056219888182 2 2.5000000000000004 2.5000000000000004 0.78415256919197251
decision_type=1 1 2 2 2 1 2 2 2
left_child=2 4 5 7 -2 6 -1 8 -3
right_child=1 3 -4 -5 -6 -7 -8 -9 -10
leaf_value=0.010537419292121099 0.021290676681842306 0.012819853736008018 0.0097896146848029959 -0.016493091085321321 -0.008456905042697983 -0.023805745430792044 -0.019663208512219622 0.015199848612102594 -0.0052422574050052196
leaf_weight=7.0986162126064292 32.035888247191906 13.070296749472616 7.3138863593339911 11.325326472520826 4.195323482155799 25.819787859916687 8.7253892868757248 13.697368316352366 35.600442245602608
leaf_count=38 282 74 38 55 29 109 39 93 167
internal_value=5.72748e-05 0.00541112 -0.0108523 3.17653e-05 0.0178461 -0.0170836 -0.00611527 0.00303249 -0.000391763
internal_weight=158.882 109.925 48.9577 73.6934 36.2312 41.6438 15.824 62.3681 48.6707
internal_count=924 700 224 389 311 186 77 334 241
cat_boundaries=0 1 2 3
cat_threshold=19469 1 1
is_linear=0
shrinkage=0.02


Tree=49
num_leaves=10
num_cat=2
split_feature=0 8 1 5 5 13 13 13 11
split_gain=25.4025 14.8029 11.6263 8.57503 8.2992 7.36228 7.37694 6.11436 5.89704
threshold=0 0.79574173287539007 1 238.50000000000003 294.50000000000006 0.010686497802109793 0.0074511955743794345 0.0076904386450908609 0.12370339355042165
decision_type=1 2 1 2 2 2 2 2 2
left_child=1 3 -2 7 -3 6 -6 -1 -4
right_child=2 4 8 -5 5 -7 -8 -9 -10
leaf_value=0.0042787376937400041 0.019208822539610922 -0.022520859925182012 0.006061837063679628 0.0095094022761467965 -0.01223917963643438 -0.014934502136969837 0.028089335012012242 -0.02848057729593741 -0.011603086540990159
leaf_weight=4.1600284874439257 26.726841881871223 27.937186166644096 44.487207911908627 20.869008906185627 3.2512864246964481 12.547286048531531 4.1050387546420097 5.0401001572608948 9.1064394861459714
leaf_count=19 243 117 251 129 16 60 22 22 45
internal_value=5.73017e-05 -0.0076025 0.00749999 0.00241798 -0.0154898 -0.00562073 0.0102653 -0.0136678 0.00306028
internal_weight=158.23 77.9099 80.3205 30.0691 47.8408 19.9036 7.35633 9.20013 53.5936
internal_count=924 385 539 170 215 98 38 41 296
cat_boundaries=0 1 2
cat_threshold=85549 1
is_linear=0
shrinkage=0.02


Tree=50
num_leaves=10
num_cat=2
split_feature=0 1 5 9 8 13 8 8 13
split_gain=24.7476 14.7188 13.3353 6.38605 5.9946 5.72193 5.98862 5.52467 5.75073
threshold=0 1 328.50000000000006 0.0078186130672927064 1.1570330494720087 0.01092247800222773 1.0467889161869957 1.2734220555710773 0.014551586760841307
decision_type=1 1 2 2 2 2 2 2 2
left_child=2 -2 3 -1 -5 -4 -7 8 -3
right_child=1 7 5 4 -6 6 -8 -9 -10
leaf_value=-0.020012676141455094 0.019971663403056016 0.0068593144195186872 0.016594853730455418 -0.00079581520255444962 -0.02733908746471491 0.0039676927921104841 -0.028120584788487148 -0.025927070516193133 -0.009380029621958115
leaf_weight=31.245209246873856 27.497158847749233 42.308589190244675 9.0576504394412058 17.635045073926452 4.2172793447971335 8.8614712506532651 3.1546613723039618 2.6781256049871436 10.987949296832083
leaf_count=132 254 237 58 90 18 51 15 12 57
internal_value=5.70699e-05 0.00713444 -0.00781587 -0.0142122 -0.0059184 0.00459144 -0.00445662 0.00210282 0.00351131
internal_weight=157.643 83.4718 74.1713 53.0975 21.8523 21.0738 12.0161 55.9747 53.2965
internal_count=924 560 364 240 108 124 66 306 294
cat_boundaries=0 1 2
cat_threshold=85053 1
is_linear=0
shrinkage=0.02


Tree=51
num_leaves=10
num_cat=1
split_feature=1 6 8 3 8 14 8 11 11
split_gain=20.2513 9.78208 10.8043 10.0326 8.4126 7.58905 6.5294 5.4489 5.3228
threshold=0 128.58279764120996 0.80636013058675815 1.5000000000000002 0.87374177561452138 1.0010688024677161 1.1570330494720087 0.077776052055063341 -0.032803994626808296
decision_type=1 2 2 2 2 2 2 2 2
left_child=4 3 -3 -2 8 -6 -5 -4 -1
right_child=1 2 7 6 5 -7 -8 -9 -10
leaf_value=-0.0010437344456045241 -0.021209056104774554 0.017922625629904879 -0.00018371475268865345 -0.0016874514890385136 -0.025484435826282667 0.0065537252169080157 -0.021706909522216749 -0.027066878433059549 0.019120432607971534
leaf_weight=6.3476366326212874 19.628440037369728 13.46196613460779 15.298844031989576 46.272107049822807 4.0891529098153105 10.68562441319227 7.5849310606718054 3.7563171535730353 29.914160221815109
leaf_count=37 86 89 82 225 21 78 33 19 254
internal_value=5.68691e-05 -0.00492664 0.00420675 -0.00896814 0.0104076 -0.00231334 -0.00450688 -0.00548316 0.0155907
internal_weight=157.039 106.003 32.5171 73.4855 51.0366 14.7748 53.857 19.0552 36.2618
internal_count=924 534 190 344 390 99 258 101 291
cat_boundaries=0 1
cat_threshold=1
is_linear=0
shrinkage=0.02


Tree=52
num_leaves=10
num_cat=1
split_feature=1 6 8 3 8 14 7 12 10
split_gain=19.5686 9.39195 10.4817 9.65821 8.20322 7.26956 6.94614 6.03035 5.61926
threshold=0 128.58279764120996 0.80636013058675815 1.5000000000000002 0.87374177561452138 1.0010688024677161 1.5050000000000001 0.0075142697935611678 0.0081592341766760831
decision_type=1 2 2 2 2 2 2 2 2
left_child=4 3 -3 -2 -1 -6 8 -8 -5
right_child=1 2 -4 6 5 -7 7 -9 -10
leaf_value=0.015448818864012781 -0.020805431480341429 0.017753982906410518 -0.0053636167146534821 0.028237461011106496 -0.024884934150578061 0.0064485123888967264 0.001984927939255992 -0.013608212304715345 -0.0014413805866267703
leaf_weight=35.867804057896137 19.609236419200897 13.319481424987314 19.088606879115105 4.1373537331819517 4.1037603765726081 10.643200404942034 15.481662750244139 27.617896422743797 6.6586277633905411
leaf_count=291 86 89 101 22 21 78 75 126 35
internal_value=5.66545e-05 -0.00483188 0.00413754 -0.00878648 0.0102861 -0.00227091 -0.00441353 -0.00800705 0.00993247
internal_weight=156.528 105.913 32.4081 73.5048 50.6148 14.747 53.8955 43.0996 10.796
internal_count=924 534 190 344 390 99 258 201 57
cat_boundaries=0 1
cat_threshold=1
is_linear=0
shrinkage=0.02


Tree=53
num_leaves=10
num_cat=3
split_feature=0 1 8 5 11 6 4 0 8
split_gain=23.5965 15.5752 11.8965 9.526 7.20829 7.19988 5.98772 5.92983 5.75202
threshold=0 1 0.7022345054509721 433.50000000000006 0.12370339355042165 35.330309829464163 12.500000000000002 2 1.052076730072639
decision_type=1 1 2 2 2 2 2 1 2
left_child=2 8 5 6 7 -1 -4 -3 -2
right_child=1 4 3 -5 -6 -7 -8 -9 -10
leaf_value=-0.01324609263324204 0.020833593857315064 -0.0042051455584627478 -0.023509377139671796 0.011922105611069964 -0.014195841805723568 0.013353962904597304 -0.0012894587150476611 0.007645151894501748 -0.0082289406750271649
leaf_weight=6.6086529493331936 28.418869964778427 21.0838403403759 30.631447397172451 4.1702237278223029 10.547504499554632 10.596701033413408 5.7638806551694861 35.236263744533062 3.0128266587853423
leaf_count=31 267 100 135 24 51 61 26 208 21
internal_value=5.63758e-05 0.00584187 -0.0092056 -0.0167098 0.000977982 0.00313676 -0.0199904 0.0038197 0.0180479
internal_weight=156.07 98.2993 57.7709 40.5656 66.8676 17.2054 36.3953 56.3201 31.4317
internal_count=924 647 277 185 359 92 161 308 288
cat_boundaries=0 1 2 3
cat_threshold=85005 1 33296
is_linear=0
shrinkage=0.02


Tree=54
num_leaves=10
num_cat=3
split_feature=0 1 8 7 6 11 13 0 13
split_gain=22.7431 15.233 11.4237 7.0514 6.93921 6.91313 6.60786 5.7715 5.77365
threshold=0 1 0.7022345054509721 37.560000000000009 35.330309829464163 0.12370339355042165 0.023205056219888182 2 0.014124289145231931
decision_type=1 1 2 2 2 2 2 1 2
left_child=2 6 4 -4 -1 7 -2 -3 -9
right_child=1 5 3 -5 -6 -7 -8 8 -10
leaf_value=-0.012971270021630321 0.02137408051144532 -0.0041442829875394868 -0.018929283886642813 0.011002917371136981 0.013167229971271453 -0.013849489816229955 -0.006833829069141679 0.013136667291587316 -0.009446312540179011
leaf_weight=6.6136454939842251 27.223543919622902 21.112178072333336 37.092461444437504 3.4401469379663459 10.532688893377779 10.594570502638815 3.7835078760981551 29.75762203335762 5.341247893869876
leaf_count=31 261 100 167 18 61 51 27 179 29
internal_value=6.06661e-05 0.00575829 -0.00903358 -0.0163888 0.00308515 0.000969886 0.0179321 0.00376302 0.00754921
internal_weight=155.492 97.8127 57.6789 40.5326 17.1463 66.8056 31.0071 56.211 35.0989
internal_count=924 647 277 185 92 359 288 308 208
cat_boundaries=0 1 2 3
cat_threshold=85005 1 33296
is_linear=0
shrinkage=0.02


Tree=55
num_leaves=10
num_cat=3
split_feature=0 1 5 13 0 13 5 12 7
split_gain=21.8791 14.9338 10.9936 6.50332 6.13849 9.26477 6.16656 6.91743 4.48191
threshold=0 1 320.50000000000006 0.023205056219888182 2 0.014551586760841307 183.50000000000003 0.0043714444292629545 78.160000000000011
decision_type=1 1 2 2 1 2 2 2 2
left_child=2 3 -1 -2 6 -6 -3 -8 -4
right_child=1 4 8 -5 5 -7 7 -9 -10
leaf_value=-0.015481147177778579 0.021291205306026743 -0.027318083234862189 -0.0010282623818533617 -0.0066685491568480842 0.016368600290163748 -0.011023688818174376 0.022753210657959568 -0.005174212965671156 0.026411671178774104
leaf_weight=43.049986705183983 26.787306711077694 4.3344693332910529 11.557263188064097 3.7995718568563452 19.990376636385921 6.5596746727824202 3.9928552508354178 31.818941481411457 2.998787283897399
leaf_count=190 261 19 70 27 131 35 21 153 17
internal_value=5.52517e-05 0.00566447 -0.00886229 0.017818 0.000940165 0.00697407 -0.00383273 -0.00206043 0.00462482
internal_weight=154.889 97.2832 57.606 30.5869 66.6963 26.5501 40.1463 35.8118 14.5561
internal_count=924 647 277 288 359 166 193 174 87
cat_boundaries=0 1 2 3
cat_threshold=85005 1 303728
is_linear=0
shrinkage=0.02


Tree=56
num_leaves=10
num_cat=2
split_feature=8 1 6 11 13 5 5 11 1
split_gain=17.9637 11.823 9.31992 7.90369 7.11334 5.35946 6.58384 5.79221 5.94286
threshold=0.90840398749809792 0 128.58279764120996 -0.022095810155047885 0.017269064109670541 287.50000000000006 265.50000000000006 -0.058456888338191043 1
decision_type=2 1 2 2 2 2 2 2 1
left_child=1 -1 3 -3 5 6 7 -2 -9
right_child=4 2 -4 -5 -6 -7 -8 8 -10
leaf_value=0.014465792429719779 -0.025688300923691273 -0.022529268091457923 0.011828770615761788 -0.0006954477617809252 -0.026024265612490636 0.0035059301852099906 -0.032422647844377983 -0.0084003607752243647 0.01262050651129821
leaf_weight=37.166135475039482 5.4296895414590827 8.8098678141832334 17.212217316031456 26.824149444699287 7.7226276993751517 17.848736278712749 4.5212268084287635 21.605557173490524 7.1632644012570408
leaf_count=310 24 40 113 133 39 100 22 98 45
internal_value=5.53644e-05 0.00582256 -0.000256126 -0.00609347 -0.00801914 -0.00556111 -0.00974077 -0.0067421 -0.00316629
internal_weight=154.303 90.0124 52.8462 35.634 64.2911 56.5685 38.7197 34.1985 28.7688
internal_count=924 596 286 173 328 289 189 167 143
cat_boundaries=0 1 2
cat_threshold=1 2
is_linear=0
shrinkage=0.02


Tree=57
num_leaves=10
num_cat=3
split_feature=0 8 6 1 15 8 1 8 13
split_gain=21.1817 11.9829 7.82393 6.95229 6.58299 9.35927 6.1653 4.94475 4.05374
threshold=0 0.79574173287539007 35.916606805655334 1 1.0838130068943224 0.95118419659742781 2 1.1629563319116782 0.0047005095471725931
decision_type=1 2 2 1 2 2 1 2 2
left_child=3 2 6 -1 -5 -6 -2 8 -3
right_child=1 7 -4 4 5 -7 -8 -9 -10
leaf_value=0.00072505450514880293 0.0075676411146220314 -0.034135855838218404 0.010633414297781894 0.017938477026675576 0.013664451924318748 -0.037720533369050381 -0.021198228963060114 -0.023892959823854698 -0.0077624503226898312
leaf_weight=22.98392242193222 5.0194011926650983 2.462422013282775 20.514433585107327 34.227156184613705 4.0246472656726828 2.1890209913253784 7.3361859023571014 11.364849701523779 43.752782188355923
leaf_count=116 29 11 134 297 35 14 32 50 206
internal_value=5.49471e-05 -0.00591952 0.00306082 0.00821346 0.0145004 -0.00443803 -0.00951222 -0.0120741 -0.00916767
internal_weight=153.875 90.4501 32.87 63.4247 40.4408 6.21367 12.3556 57.5801 46.2152
internal_count=924 462 195 462 346 49 61 267 217
cat_boundaries=0 1 2 3
cat_threshold=930194 2 1
is_linear=0
shrinkage=0.02


Tree=58
num_leaves=10
num_cat=2
split_feature=0 8 1 5 5 13 13 11 15
split_gain=20.5836 11.76 9.83272 7.12933 6.9576 6.73285 7.08802 4.86714 4.51083
threshold=0 0.79574173287539007 1 373.50000000000006 294.50000000000006 0.010686497802109793 0.0074511955743794345 0.1162842431869298 0.99360850676902124
decision_type=1 2 1 2 2 2 2 2 2
left_child=1 3 -2 8 -3 6 -6 -4 -1
right_child=2 4 7 -5 5 -7 -8 -9 -10
leaf_value=-0.013921448064251912 0.018439100490050094 -0.020451154869586628 0.0060141885311232046 0.023495277682720951 -0.011521409759203523 -0.013757672152458926 0.02814959031530484 -0.0092113464408411054 0.0041637229778401031
leaf_weight=8.6367858797311836 23.991260156035423 27.41314460337162 42.500319547951221 5.1875986307859412 3.2614061906933811 12.610240668058394 4.0246113687753677 10.466457627713678 15.270078197121618
leaf_count=41 243 117 244 43 16 60 22 52 86
internal_value=5.47531e-05 -0.00686514 0.00691796 0.00224193 -0.013917 -0.00491411 0.0103918 0.00300556 -0.00236987
internal_weight=153.362 76.4039 76.958 29.0945 47.3094 19.8963 7.28602 52.9668 23.9069
internal_count=924 385 539 170 215 98 38 296 127
cat_boundaries=0 1 2
cat_threshold=85549 1
is_linear=0
shrinkage=0.02


Tree=59
num_leaves=10
num_cat=4
split_feature=0 1 8 7 6 1 13 0 13
split_gain=19.8945 13.9321 10.2076 6.48246 6.36114 7.08671 6.31085 5.62666 8.74555
threshold=0 1 0.7022345054509721 37.560000000000009 102.1663261122463 2 0.023205056219888182 3 0.014551586760841307
decision_type=1 1 2 2 2 1 2 1 2
left_child=2 6 4 -4 5 -1 -2 -3 -9
right_child=1 7 3 -5 -6 -7 -8 8 -10
leaf_value=0.011706019508467154 0.02107724051814916 -0.0036176130063852734 -0.01788879389994991 0.010940313830577593 0.019753642148975768 -0.020594080626647259 -0.0065688008726553287 0.016048289069362801 -0.010582769024209069
leaf_weight=4.9714752510190019 25.54161794483662 40.179004982113838 36.761758826673031 3.4092082828283301 5.9391171857714644 5.9916355162858972 3.7933157458901396 19.590877704322342 6.5923358127474776
leaf_count=28 261 193 167 18 38 26 27 131 35
internal_value=5.45486e-05 0.0054546 -0.00847138 -0.0154421 0.0030838 -0.00594686 0.0175023 0.000950943 0.00676101
internal_weight=152.77 95.6972 57.0732 40.171 16.9022 10.9631 29.3349 66.3622 26.1832
internal_count=924 647 277 185 92 54 288 359 166
cat_boundaries=0 1 2 3 4
cat_threshold=85005 1 1 303728
is_linear=0
shrinkage=0.02


Tree=60
num_leaves=10
num_cat=3
split_feature=0 8 6 1 1 13 8 8 4
split_gain=19.1727 10.821 7.31785 6.61411 5.72894 5.34837 7.60357 4.81318 4.00779
threshold=0 0.79574173287539007 35.916606805655334 1 2 0.017269064109670541 0.95118419659742781 1.1629563319116782 12.500000000000002
decision_type=1 2 2 1 1 2 2 2 2
left_child=3 2 4 -1 -2 -5 -7 8 -3
right_child=1 7 -4 5 -6 6 -8 -9 -10
leaf_value=0.00062310726420844876 0.0073400227546598605 -0.010655294807600801 0.010369663509517362 0.017547263926726502 -0.020484303210047718 0.01392670238161255 -0.029825092605017926 -0.023178888017568615 0.0083573606952619534
leaf_weight=22.899739503860474 4.9775468334555608 41.204015634953976 20.209449350833893 32.409373171627522 7.3024190217256546 4.4043126180768004 2.4855129644274712 11.286126576364039 4.9697562605142585
leaf_count=116 29 195 134 290 32 41 15 50 22
internal_value=4.98231e-05 -0.00562877 0.00297068 0.00789723 -0.00920602 0.0141454 -0.00185681 -0.0114707 -0.00860893
internal_weight=152.148 89.9493 32.4894 62.1989 12.28 39.2992 6.88983 57.4599 46.1738
internal_count=924 462 195 462 61 346 56 267 217
cat_boundaries=0 1 2 3
cat_threshold=930194 2 1
is_linear=0
shrinkage=0.02


Tree=61
num_leaves=10
num_cat=3
split_feature=0 1 5 13 11 0 13 15 12
split_gain=18.7512 13.5143 9.69577 6.13409 6.03309 4.96224 5.20903 5.81664 5.01277
threshold=0 1 320.50000000000006 0.023205056219888182 0.12370339355042165 2 0.014124289145231931 1.0227672449586014 0.0058206281688046235
decision_type=1 1 2 2 2 1 2 2 2
left_child=2 3 -1 -2 5 8 7 -7 -3
right_child=1 4 -4 -5 -6 6 -8 -9 -10
leaf_value=-0.014493634894639949 0.020963860788669571 0.011178761468354136 0.0045004523170460668 -0.0062561506649031163 -0.012854187234501269 0.0054433948043144291 -0.0088654145509865917 0.023880455279107222 -0.011212911995826642
leaf_weight=42.442620187997818 24.887364737689499 5.3507101237773922 14.3962095528841 3.8198434486985198 10.682584047317503 17.717724315822128 5.3821754530072203 11.153298825025557 15.831796452403067
leaf_count=190 261 26 87 27 51 106 29 73 74
internal_value=4.96649e-05 0.00532209 -0.00823411 0.0173419 0.000908267 0.00356032 0.00711983 0.0125659 -0.00377475
internal_weight=151.664 94.8255 56.8388 28.7072 66.1183 55.4357 34.2532 28.871 21.1825
internal_count=924 647 277 288 359 308 208 179 100
cat_boundaries=0 1 2 3
cat_threshold=85005 1 33296
is_linear=0
shrinkage=0.02


Tree=62
num_leaves=10
num_cat=2
split_feature=0 1 14 8 7 4 5 14 11
split_gain=18.1245 14.4644 6.23327 6.97325 6.18894 6.07139 6.06164 5.78876 4.97436
threshold=0 1 0.98078644942824911 0.53145069635629649 17.225000000000005 12.500000000000002 292.50000000000006 1.000700021058164 0.19512195121951217
decision_type=1 1 2 2 2 2 2 2 2
left_child=2 8 -1 -4 -3 6 -5 -8 -2
right_child=1 4 3 5 -6 -7 7 -9 -10
leaf_value=-0.032003629468439619 0.020850142937251352 -0.0023954604073906645 0.022560217532061218 -0.019782623044853544 0.012619256077172743 0.0079214288916096918 0.015573817617614196 -0.010443516814545457 -0.0042036464580235897
leaf_weight=4.6365738809108725 24.756768420338634 54.216326624155045 2.8599765449762335 21.560816675424576 13.769995510578154 6.7748633027076712 4.4862498790025738 14.402756422758101 3.6354250013828269
leaf_count=21 264 266 15 95 102 33 22 74 32
internal_value=4.97575e-05 0.00512128 -0.00830138 -0.00776462 0.00064563 -0.00960113 -0.0125359 -0.00426425 0.0176422
internal_weight=151.1 96.3785 54.7212 50.0847 67.9863 47.2247 40.4498 18.889 28.3922
internal_count=924 664 260 239 368 224 191 96 296
cat_boundaries=0 1 2
cat_threshold=19501 1
is_linear=0
shrinkage=0.02


Tree=63
num_leaves=10
num_cat=2
split_feature=0 5 8 12 1 13 15 5 8
split_gain=17.6748 13.0992 7.48249 7.1929 6.42191 5.52167 5.47582 4.70368 4.52471
threshold=0 292.50000000000006 0.79574173287539007 0.0095506543417991068 1 0.014551586760841307 0.99112772975126517 256.50000000000006 1.2216906266739642
decision_type=1 2 2 2 1 2 2 2 2
left_child=4 2 3 6 -1 8 -2 -4 -6
right_child=1 -3 7 -5 5 -7 -8 -9 -10
leaf_value=0.019141400389049403 -0.0098827348741636466 0.0036043986053065896 -0.013763168225825127 -0.018621854659535721 0.011503241297598641 -0.0090415515810514119 0.016585930912600938 -0.03249728211404946 -0.014973002642551522
leaf_weight=18.507917895913124 5.0122311115264919 36.825252212584019 30.053854636847973 6.8253237456083289 26.7656783759594 8.8661985397338849 8.3095039725303632 6.5246578454971305 2.8575387001037589
leaf_count=203 22 224 139 35 169 46 46 27 13
internal_value=4.95423e-05 -0.00513517 -0.011714 -0.00192653 0.00804822 0.00480501 0.00662724 -0.0171048 0.00894927
internal_weight=150.548 93.5508 56.7256 20.1471 56.9973 38.4894 13.3217 36.5785 29.6232
internal_count=924 493 269 103 431 228 68 166 182
cat_boundaries=0 1 2
cat_threshold=954754 1
is_linear=0
shrinkage=0.02


Tree=64
num_leaves=10
num_cat=2
split_feature=0 8 11 1 13 8 5 5 8
split_gain=17.0965 11.0714 7.90429 7.71305 7.56165 9.78818 5.37186 4.72004 4.51023
threshold=0 0.53145069635629649 -0.13750029655933457 1 0.014551586760841307 0.95118419659742781 433.50000000000006 518.00000000000011 1.1629563319116782
decision_type=1 2 2 1 2 2 2 2 2
left_child=4 -2 -3 -4 -1 -6 8 -8 -5
right_child=1 2 3 6 5 -7 7 -9 -10
leaf_value=0.018205134508179718 0.019766124637462797 -0.032746915950724424 0.0043838033844622835 -0.007598220809389075 0.013340996061644059 -0.026412281540373585 0.025909364758595274 -0.010039375561675756 -0.02206376456173215
leaf_weight=27.813248910009861 7.1514714285731307 4.2268492877483359 26.689233839511871 57.530951626598835 6.5523485317826253 3.983848474919796 3.3194822371006003 2.609399251639843 10.141422137618063
leaf_count=245 52 19 184 272 52 22 20 14 44
internal_value=4.92962e-05 -0.00395451 -0.00595593 -0.00482679 0.0101043 -0.00169014 -0.00816673 0.0100877 -0.00976604
internal_weight=150.018 111.669 104.517 100.29 38.3494 10.5362 73.6013 5.92888 67.6724
internal_count=924 605 553 534 319 74 350 34 316
cat_boundaries=0 1 2
cat_threshold=659714 1
is_linear=0
shrinkage=0.02


Tree=65
num_leaves=10
num_cat=0
split_feature=8 11 6 13 13 5 13 11 5
split_gain=14.6509 8.88174 7.91008 6.09552 5.15036 5.66113 5.47531 5.184 5.79722
threshold=0.90840398749809792 -0.056079664570230649 60.083157847745206 0.017269064109670541 0.0048482979674638665 335.50000000000006 0.011328421854441389 -0.061342606081897393 139.50000000000003
decision_type=2 2 2 2 2 2 2 2 2
left_child=1 2 -1 4 -2 7 -7 -6 -9
right_child=3 -3 -4 -5 5 6 -8 8 -10
leaf_value=-0.021248499842987049 -0.033134122388702426 0.0080204466242462854 0.013510202871211099 -0.023781114029077313 -0.023391773020297865 0.025550970927362172 -0.0034213184384691521 0.029715379292914467 -0.0058274477318457215
leaf_weight=8.3899904787540418 2.4736004769802085 74.013115398585796 3.8072786778211585 7.8247123882174483 6.442715421319007 4.7080003917217237 5.8527999743819237 1.9400853216648091 34.080672584474087
leaf_count=37 13 533 26 39 29 30 33 12 172
internal_value=4.91521e-05 0.00541444 -0.0103989 -0.0072554 -0.00492542 -0.00360948 0.00949452 -0.00686848 -0.0039131
internal_weight=149.533 86.2104 12.1973 63.3226 55.4979 53.0243 10.5608 42.4635 36.0208
internal_count=924 596 63 328 289 276 63 213 184
is_linear=0
shrinkage=0.02


Tree=66
num_leaves=10
num_cat=0
split_feature=8 11 6 11 13 7 5 5 6
split_gain=14.0996 8.56598 7.62356 5.79473 4.65976 4.56035 4.56697 5.63334 7.76353
threshold=0.90840398749809792 -0.056079664570230649 60.083157847745206 0.20768958720773142 0.0048482979674638665 11.645000000000001 143.50000000000003 191.00000000000003 51.999927777882107
decision_type=2 2 2 2 2 2 2 2 2
left_child=1 2 -1 4 -2 6 -6 -8 -9
right_child=3 -3 -4 -5 5 -7 7 8 -10
leaf_value=-0.02088980960755691 -0.032479209869989839 0.0078931606680267292 0.013323581292638562 -0.031335793160525503 0.013511287545385726 0.0045523069202050266 -0.022518350190170681 0.0074542162931154421 -0.014342345368330962
leaf_weight=8.3636360615491849 2.4730137512087813 73.70564991235733 3.7836343348026267 3.7184946611523619 3.6031357944011679 16.176774069666862 10.460682354867457 11.24311836063862 15.614145316183565
leaf_count=37 13 533 26 19 20 93 49 53 81
internal_value=4.86537e-05 0.0053285 -0.010233 -0.00711353 -0.00560155 -0.00443743 -0.00799121 -0.0100673 -0.00521776
internal_weight=149.142 85.8529 12.1473 63.2894 59.5709 57.0979 40.9211 37.3179 26.8573
internal_count=924 596 63 328 309 296 203 183 134
is_linear=0
shrinkage=0.02


Tree=67
num_leaves=10
num_cat=3
split_feature=0 1 8 5 13 6 1 4 11
split_gain=16.6133 12.4617 9.09101 7.52332 5.87729 5.6802 6.64263 5.65844 5.57568
threshold=0 1 0.7022345054509721 433.50000000000006 0.023205056219888182 102.1663261122463 2 12.500000000000002 0.12370339355042165
decision_type=1 1 2 2 2 2 1 2 2
left_child=2 4 5 7 -2 6 -1 -4 -3
right_child=1 8 3 -5 -6 -7 -8 -9 -10
leaf_value=0.011976003376971947 0.020717089183419347 0.0034610359121331909 -0.020813415935397147 0.011386106746722848 -0.0060038319350007256 0.019330150169709358 -0.019583526222142388 0.00108326462250484 -0.012328878045259757
leaf_weight=4.8759722560644159 23.46923799067736 54.83248458057642 29.816478565335274 4.0632362961769095 3.8298694863915435 5.7499000802636138 5.8904782384634027 5.6085970103740683 10.689198926091192
leaf_count=28 261 308 135 24 27 38 26 26 51
internal_value=4.80684e-05 0.00506913 -0.00778821 -0.0143902 0.0169683 0.00328067 -0.00529066 -0.0173467 0.000885071
internal_weight=148.825 92.8208 56.0047 39.4883 27.2991 16.5164 10.7665 35.4251 65.5217
internal_count=924 647 277 185 288 92 54 161 359
cat_boundaries=0 1 2 3
cat_threshold=85005 1 1
is_linear=0
shrinkage=0.02


Tree=68
num_leaves=10
num_cat=2
split_feature=0 1 5 13 11 2 13 5 11
split_gain=16.0056 12.1982 8.19365 5.78634 5.34367 4.53259 5.24519 5.1235 6.01807
threshold=0 1 320.50000000000006 0.023205056219888182 0.12370339355042165 2.5000000000000004 0.013770141506284686 197.50000000000003 -0.058456888338191043
decision_type=1 1 2 2 2 2 2 2 2
left_child=2 3 -1 -2 5 7 -7 -3 -9
right_child=1 4 -4 -5 -6 6 -8 8 -10
leaf_value=-0.013484466144038488 0.02064074198599538 -0.014467002204909568 0.0041252666007544989 -0.0058624827898857501 -0.012040883724169778 0.019452954221646418 -0.016724226295671354 -0.020283895847891857 0.0064820705081955936
leaf_weight=41.690630704164505 23.08875281363726 7.7151713073253623 14.158169545233248 3.8436255455017081 10.725593164563177 10.60094493627548 1.8886709287762631 3.7719447910785631 30.773578092455868
leaf_count=190 261 34 87 27 51 80 13 17 164
internal_value=4.79236e-05 0.00498861 -0.0076504 0.0168584 0.000868089 0.00339696 0.0139823 0.000268603 0.00355956
internal_weight=148.257 92.4083 55.8488 26.9324 65.4759 54.7503 12.4896 42.2607 34.5455
internal_count=924 647 277 288 359 308 93 215 181
cat_boundaries=0 1 2
cat_threshold=85005 1
is_linear=0
shrinkage=0.02


Tree=69
num_leaves=10
num_cat=1
split_feature=8 1 6 11 13 8 10 9 15
split_gain=13.2529 9.83481 7.42745 6.45577 5.5045 4.94681 4.7393 7.20991 5.36532
threshold=0.90840398749809792 0 128.58279764120996 -0.022095810155047885 0.017269064109670541 0.84878883132118266 0.017839462517680236 0.011740549891079454 1.0686111776986829
decision_type=2 1 2 2 2 2 2 2 2
left_child=1 -1 3 -3 -2 6 -5 -8 -9
right_child=4 2 -4 5 -6 -7 7 8 -10
leaf_value=0.0136360814959371 -0.0046636930953499094 -0.020632963219581777 0.010855856096883191 0.0082784075622828121 -0.022529172563432356 0.016022833602902735 -0.038508845650659741 0.0081118424506435357 -0.020650198037919981
leaf_weight=33.51459839195013 55.094479732215405 8.5239138156175596 16.284373946487904 7.0031876787543359 7.8857848793268195 5.6256287917494765 3.1488596498966208 6.1337148919701558 4.4957901537418365
leaf_count=310 289 40 113 37 39 30 14 31 21
internal_value=4.79495e-05 0.00521287 -0.000299152 -0.00549946 -0.00690064 -0.000614546 -0.00511833 -0.0119276 -0.00405317
internal_weight=147.71 84.7301 51.2155 34.9311 62.9803 26.4072 20.7816 13.7784 10.6295
internal_count=924 596 286 173 328 133 103 66 52
cat_boundaries=0 1
cat_threshold=1
is_linear=0
shrinkage=0.02


Tree=70
num_leaves=10
num_cat=2
split_feature=0 8 1 6 5 4 13 13 12
split_gain=15.5746 9.49081 8.23861 6.28069 5.12028 4.33809 4.28441 6.03476 4.44549
threshold=0 0.7022345054509721 1 35.330309829464163 294.50000000000006 12.500000000000002 0.01092247800222773 0.0076904386450908609 0.016633267612699416
decision_type=1 2 1 2 2 2 2 2 2
left_child=1 3 -2 -1 5 -3 7 -6 -8
right_child=2 4 -4 -5 6 -7 8 -9 -10
leaf_value=-0.010851089820660588 0.017578372394665875 -0.019708763602794319 0.0027572247395941129 0.013477695426099945 -0.010077412130651034 0.00016658457596112998 -0.021533077806324324 0.020782154072020644 0.0011805660658948615
leaf_weight=6.3740081042051342 21.107079952955246 25.973251968622211 51.866807483136654 12.704565882682799 4.9241274893283862 5.2867899835109702 7.6356112286448461 5.2238411530852318 6.2827538698911667
leaf_count=31 243 116 296 86 25 24 37 32 34
internal_value=4.76263e-05 -0.00600696 0.00619516 0.00534963 -0.0110089 -0.0163474 -0.0040746 0.00580808 -0.0112801
internal_weight=147.379 74.4049 72.9739 19.0786 55.3264 31.26 24.0663 10.148 13.9184
internal_count=924 385 539 117 268 140 128 57 71
cat_boundaries=0 1 2
cat_threshold=85549 1
is_linear=0
shrinkage=0.02


Tree=71
num_leaves=10
num_cat=3
split_feature=0 8 11 0 1 6 8 11 12
split_gain=15.1649 10.1303 7.16802 7.11868 12.481 11.0112 6.56166 5.5259 4.87613
threshold=0 0.53145069635629649 -0.13750029655933457 1 2 257.99871000645004 1.1570330494720087 0.20768958720773142 0.0043714444292629545
decision_type=1 2 2 1 1 2 2 2 2
left_child=7 -2 -3 5 -5 -4 8 -1 -6
right_child=1 2 3 4 6 -7 -8 -9 -10
leaf_value=0.014619640843882458 0.019491009633948991 -0.031585344008774864 -0.026328623450152584 0.013221641807904846 0.014347946448920616 0.0091352516168696028 -0.022136565428555938 -0.013569726856978251 -0.0049591251261437612
leaf_weight=33.884390383958817 6.8462590649723998 4.0879855453968039 16.214212223887447 19.10191685706377 5.9164064154028884 4.4668450504541388 8.0649261325597745 3.0303476080298415 45.259967908263206
leaf_count=296 52 19 75 150 31 22 35 23 221
internal_value=4.73329e-05 -0.00372883 -0.00563216 -0.00456075 -0.000741796 -0.0125841 -0.00536942 0.0096826 -0.00272707
internal_weight=146.873 109.959 103.112 99.0243 78.3432 20.6811 59.2413 36.9147 51.1764
internal_count=924 605 553 534 437 97 287 319 252
cat_boundaries=0 1 2 3
cat_threshold=659714 18436 1
is_linear=0
shrinkage=0.02


Tree=72
num_leaves=10
num_cat=3
split_feature=0 8 13 8 11 0 1 6 8
split_gain=14.6435 9.80015 7.11412 8.48748 6.97422 6.84878 12.0448 10.6147 6.32121
threshold=0 0.53145069635629649 0.014551586760841307 0.95118419659742781 -0.13750029655933457 1 2 243.74817376520613 1.1570330494720087
decision_type=1 2 2 2 2 1 1 2 2
left_child=2 -2 -1 -4 -3 7 -7 -6 -8
right_child=1 4 3 -5 5 6 8 -9 -10
leaf_value=0.017706183939224931 0.019299920541685479 -0.03126028019143836 0.012726666883726836 -0.024272937319597645 -0.02626673121099498 0.013052036560683223 -0.0026708439078219539 0.00763072248618371 -0.021736764569590762
leaf_weight=26.230359427630901 6.7764683589339247 4.0482841879129401 6.2947391569614393 4.0921647101640701 15.806269079446794 18.964527077972889 51.205857433378696 4.8225963711738578 8.0491558015346509
leaf_count=245 52 19 52 22 73 150 252 24 35
internal_value=4.70139e-05 -0.00366284 0.00955058 -0.0018502 -0.00553108 -0.00447735 -0.000727727 -0.0123537 -0.00526074
internal_weight=146.29 109.673 36.6173 10.3869 102.897 98.8484 78.2195 20.6289 59.255
internal_count=924 605 319 74 553 534 437 97 287
cat_boundaries=0 1 2 3
cat_threshold=659714 18436 1
is_linear=0
shrinkage=0.02


Tree=73
num_leaves=10
num_cat=2
split_feature=0 5 15 8 1 13 8 13 7
split_gain=14.152 10.6415 6.01818 5.99453 5.86267 5.73233 5.71184 4.78763 4.67392
threshold=0 320.50000000000006 0.943818703598022 0.7545761170715235 1 0.01092247800222773 0.79574173287539007 0.014551586760841307 23.220000000000002
decision_type=1 2 2 2 1 2 2 2 2
left_child=4 2 -2 -3 -1 -5 8 -6 -4
right_child=1 3 6 5 7 -7 -8 -9 -10
leaf_value=0.018599014161936673 -0.031415040995266 0.020658714245502276 0.0049778160597673806 0.013009136115675852 0.0083404580983445671 -0.0091892944426097967 -0.012527475348532151 -0.008465914703619239 -0.017832795998943409
leaf_weight=16.720921114087105 4.6597967743873587 7.4813639894127872 17.473640114068989 7.699690185487273 28.620874002575874 11.760141879320143 37.857091940939426 8.8847750797867757 4.5231821984052649
leaf_count=203 22 68 100 48 182 60 174 46 21
internal_value=4.68039e-05 -0.00460961 -0.00952235 0.0054435 0.00738769 -0.00040602 -0.00781794 0.00435917 0.000287295
internal_weight=145.681 91.4549 64.5137 26.9412 54.2266 19.4598 59.8539 37.5056 21.9968
internal_count=924 493 317 176 431 108 295 228 121
cat_boundaries=0 1 2
cat_threshold=954754 1
is_linear=0
shrinkage=0.02


Tree=74
num_leaves=10
num_cat=3
split_feature=0 8 6 13 1 1 13 9 14
split_gain=13.8008 9.70381 6.15656 5.3013 6.25612 4.62675 4.29469 5.78093 5.91747
threshold=0 0.79574173287539007 35.916606805655334 0.023205056219888182 1 2 0.0080291834925901324 0.0047005147919841695 1.0114771105870255
decision_type=1 2 2 2 1 1 2 2 2
left_child=3 2 5 4 -1 -2 7 -6 -9
right_child=1 -3 -4 -5 6 -7 -8 8 -10
leaf_value=0.021833713727787561 0.0078431561085149839 -0.0099061737790663729 0.010459654109040569 -0.012243695498979865 -0.026315203306649129 -0.017032209450256103 0.010439808273333042 0.026245227836540055 -0.012240719473771387
leaf_weight=14.145432502031326 4.90008347481489 58.647597894072533 20.35002027451992 4.4259576275944701 3.3837832510471326 7.6761678904294968 25.205056346952915 3.0375551953911781 3.372131235897541
leaf_count=186 30 280 146 28 22 35 157 21 19
internal_value=4.65964e-05 -0.00453295 0.00366103 0.00734927 0.0106093 -0.00734002 0.00607269 -0.0051668 0.0059978
internal_weight=145.144 91.5739 32.9263 53.5699 49.144 12.5763 34.9985 9.79347 6.40969
internal_count=924 491 211 433 405 65 219 62 40
cat_boundaries=0 1 2 3
cat_threshold=922002 1 1
is_linear=0
shrinkage=0.02


Tree=75
num_leaves=10
num_cat=2
split_feature=0 1 5 13 2 8 13 8 5
split_gain=13.4966 14.0306 7.61084 9.8803 5.26952 4.72762 7.16117 4.43561 4.38154
threshold=0 1 309.50000000000006 0.011328421854441389 2.5000000000000004 0.67134626826124155 0.0077863493514794069 0.70752241496579915 421.50000000000006
decision_type=1 1 2 2 2 2 2 2 2
left_child=2 -2 5 -4 -3 6 -1 -5 -9
right_child=1 4 3 7 -6 -7 -8 8 -10
leaf_value=0.013891954048900115 0.018296274335094728 -0.0022302290029419763 0.017937594661723472 0.015947969380454331 0.012909576842155379 -0.018208314834437505 -0.022217658754892022 -0.028732345031396881 -0.003120380264743693
leaf_weight=5.1902326643466932 24.112314119935036 52.959399327635765 8.5356776937842387 2.2211916744709006 11.128081418573855 26.026867732405663 3.8090922683477402 5.020441606640814 5.711141861975193
leaf_count=25 283 264 55 16 91 119 18 23 30
internal_value=4.66003e-05 0.00475269 -0.0069153 0.0012315 0.000398631 -0.0138877 -0.00139195 -0.00977756 -0.0151022
internal_weight=144.714 88.1998 56.5146 21.4885 64.0875 35.0262 8.99932 12.9528 10.7316
internal_count=924 638 286 124 355 162 43 69 53
cat_boundaries=0 1 2
cat_threshold=85029 1
is_linear=0
shrinkage=0.02


Tree=76
num_leaves=10
num_cat=3
split_feature=0 8 13 8 11 0 1 6 8
split_gain=13.0435 9.09841 6.92178 8.03588 6.5124 6.34644 11.1495 10.1882 5.9707
threshold=0 0.53145069635629649 0.014551586760841307 0.95118419659742781 -0.13750029655933457 1 2 257.99871000645004 1.1570330494720087
decision_type=1 2 2 2 2 1 1 2 2
left_child=2 -2 -1 -4 -3 7 -7 -6 -8
right_child=1 4 3 -5 5 6 8 -9 -10
leaf_value=0.01735122150583818 0.019051025426180583 -0.030488141550157111 0.01235454478908519 -0.023787734552074547 -0.025059679013263236 0.012822070091619902 -0.002437068325166482 0.0091634760216722788 -0.02103024021349845
leaf_weight=25.241968214511871 6.5668768137693396 3.9278840422630301 6.1351746544241887 4.1086281016469002 15.989579237997534 18.554566398262978 51.168665125966072 4.4472764730453482 7.986723080277442
leaf_count=245 52 19 52 22 75 150 252 22 35
internal_value=4.64566e-05 -0.00345027 0.00914663 -0.00214155 -0.00523589 -0.00422528 -0.000624288 -0.0118258 -0.00494738
internal_weight=144.127 108.642 35.4858 10.2438 102.075 98.1468 77.71 20.4369 59.1554
internal_count=924 605 319 74 553 534 437 97 287
cat_boundaries=0 1 2 3
cat_threshold=659714 18436 1
is_linear=0
shrinkage=0.02


Tree=77
num_leaves=10
num_cat=0
split_feature=8 11 6 11 13 7 5 5 6
split_gain=10.8959 6.86748 6.51718 5.17392 4.45288 3.88887 4.37772 5.17625 7.70121
threshold=0.90840398749809792 -0.056079664570230649 60.083157847745206 0.20768958720773142 0.0048482979674638665 11.645000000000001 143.50000000000003 191.00000000000003 51.999927777882107
decision_type=2 2 2 2 2 2 2 2 2
left_child=1 2 -1 4 -2 6 -6 -8 -9
right_child=3 -3 -4 -5 5 -7 7 8 -10
leaf_value=-0.019328068833964335 -0.031678395177495509 0.0072255740158130022 0.013012221671042526 -0.029076114132789481 0.014551296107388907 0.0046835815088231347 -0.021123955523406651 0.0084036241852059722 -0.013528850268502224
leaf_weight=8.0733101814985258 2.3668379858136168 69.845319330692291 3.6056623309850684 3.739867389202117 3.4445408210158339 15.933186143636702 10.207614220678805 11.017117068171503 15.293474771082399
leaf_count=37 13 533 26 19 20 93 49 53 81
internal_value=4.62113e-05 0.00485191 -0.00934361 -0.00627257 -0.00480882 -0.00367107 -0.00700207 -0.00903507 -0.004345
internal_weight=143.527 81.5243 11.679 62.0026 58.2628 55.8959 39.9627 36.5182 26.3106
internal_count=924 596 63 328 309 296 203 183 134
is_linear=0
shrinkage=0.02


Tree=78
num_leaves=10
num_cat=3
split_feature=0 1 7 13 11 1 2 13 2
split_gain=12.6108 10.2701 6.94691 5.60374 4.74811 4.55801 7.23518 4.00165 3.88678
threshold=0 1 78.160000000000011 0.023205056219888182 0.12370339355042165 2 2.5000000000000004 0.0068768372123915863 2.5000000000000004
decision_type=1 1 2 2 2 1 2 2 2
left_child=2 3 5 -2 8 6 -1 -8 -3
right_child=1 4 -4 -5 -6 -7 7 -9 -10
leaf_value=0.010467799896608088 0.02018630439239218 0.00041206088564723123 0.020368597751411151 -0.0063078119239006053 -0.011313828686359897 -0.014300217737548609 0.00079612602872588243 -0.026779269541305998 0.013376055518702247
leaf_weight=9.2844667732715607 20.620656512677673 41.956345207989216 3.2211372852325431 3.7784197404980651 10.705197125673292 33.191926658153534 3.6766553074121475 4.9244213253259659 11.867171384394167
leaf_count=62 261 215 19 27 51 156 17 23 93
internal_value=4.55916e-05 0.00452177 -0.0068555 0.0160834 0.000850904 -0.00991453 -0.00177559 -0.0149918 0.0032704
internal_weight=143.226 88.9278 54.2986 24.3991 64.5287 51.0775 17.8855 8.60108 53.8235
internal_count=924 647 277 288 359 258 102 40 308
cat_boundaries=0 1 2 3
cat_threshold=85005 1 1
is_linear=0
shrinkage=0.02


Tree=79
num_leaves=10
num_cat=1
split_feature=1 8 5 3 7 11 10 13 13
split_gain=10.4395 6.41516 5.93106 5.76265 6.93209 8.20868 5.23818 5.08303 5.68352
threshold=0 0.87374177561452138 287.50000000000006 1.5000000000000002 1.5050000000000001 -0.053215314011929124 0.0081592341766760831 0.0048482979674638665 0.010423736509190847
decision_type=1 2 2 2 2 2 2 2 2
left_child=1 -1 3 -2 6 -6 -5 -4 -9
right_child=2 -3 7 4 5 -7 -8 8 -10
leaf_value=0.013752023553696495 -0.017322420145057419 -0.0030737678731196779 -0.027777043647729895 0.028888586823779479 -0.033752055794346765 -0.0042500568953871979 -0.00034436017145044552 0.014081745504050024 -0.0024369510220620979
leaf_weight=28.669697448611259 16.325148180127144 13.254259854555128 2.0117740184068671 3.9925736710429174 4.2409134507179251 34.156381048262119 6.3536804392933846 15.069290891289709 18.63391550630331
leaf_count=291 77 99 12 22 19 167 35 95 107
internal_value=4.54871e-05 0.00843255 -0.00344336 -0.00703787 -0.00359338 -0.0075085 0.0109365 0.00310544 0.00494885
internal_weight=142.708 41.924 100.784 65.0687 48.7435 38.3973 10.3463 35.715 33.7032
internal_count=924 390 534 320 243 186 57 214 202
cat_boundaries=0 1
cat_threshold=1
is_linear=0
shrinkage=0.02


Tree=80
num_leaves=10
num_cat=2
split_feature=0 1 5 2 8 10 8 8 12
split_gain=12.169 13.0289 6.75956 4.74138 4.59909 4.58189 6.531 4.3947 5.57347
threshold=0 1 309.50000000000006 2.5000000000000004 0.70752241496579915 0.076380432911912391 1.0649362913739207 0.67134626826124155 0.0060978333663290552
decision_type=1 1 2 2 2 2 2 2 2
left_child=2 -2 7 -3 -4 6 -6 8 -1
right_child=1 3 4 -5 5 -7 -8 -9 -10
leaf_value=0.015766705946630231 0.017992937541569602 -0.0020442894603527324 0.01955469727100018 0.012495834448324535 -0.0070897553998098516 -0.019901637041884253 0.024467060980904405 -0.017481384510391048 -0.015951558177780316
leaf_weight=4.1514896154403669 22.967357702553272 52.887668743729591 4.3002777695655849 10.803176544606684 8.178664408624174 4.9037101417779914 3.8621221035718909 25.532940432429314 4.7531021237373352
leaf_count=20 283 264 35 91 45 24 20 119 23
internal_value=4.5109e-05 0.00455344 -0.00660309 0.000421992 0.00108303 -0.00360482 0.0030322 -0.0132621 -0.0011639
internal_weight=142.341 86.6582 55.6823 63.6908 21.2448 16.9445 12.0408 34.4375 8.90459
internal_count=924 638 286 355 124 89 65 162 43
cat_boundaries=0 1 2
cat_threshold=85029 1
is_linear=0
shrinkage=0.02


Tree=81
num_leaves=10
num_cat=1
split_feature=8 1 7 11 13 11 15 11 7
split_gain=10.0427 7.98444 5.43013 4.97223 4.17276 3.97544 4.8923 3.85216 3.5857
threshold=0.90840398749809792 0 78.160000000000011 0.20768958720773142 0.0048482979674638665 0.13539268788083966 0.99360850676902124 -0.032803994626808296 11.645000000000001
decision_type=2 1 2 2 2 2 2 2 2
left_child=1 7 5 4 -2 6 -3 -1 -6
right_child=3 2 -4 -5 8 -7 -8 -9 -10
leaf_value=-0.0016905060849366005 -0.03075525723683939 -0.011338767285712557 0.020081502373027943 -0.028362113065475866 -0.0066888696174375421 -0.019716324549354788 0.0040767551180388604 0.016290555291276276 0.0045748292335832776
leaf_weight=5.9184582158923176 2.338252715766429 11.534006603062151 4.7661192193627349 3.7452762126922599 39.691717505455017 4.7285533994436255 28.789655342698097 24.469810381531715 15.807306475937365
leaf_count=39 13 60 38 19 203 22 166 271 93
internal_value=4.49625e-05 0.00470896 -0.000219435 -0.00602954 -0.00458339 -0.00236709 -0.000332635 0.0127885 -0.00348073
internal_weight=141.789 80.2066 49.8183 61.5826 57.8373 45.0522 40.3237 30.3883 55.499
internal_count=924 596 286 328 309 248 226 310 296
cat_boundaries=0 1
cat_threshold=1
is_linear=0
shrinkage=0.02


Tree=82
num_leaves=10
num_cat=2
split_feature=0 8 13 8 11 0 6 8 11
split_gain=11.7725 8.41811 6.65204 7.25602 6.00892 5.863 9.38774 7.95993 3.63878
threshold=0 0.53145069635629649 0.014551586760841307 0.95118419659742781 -0.13750029655933457 1 243.74817376520613 1.0969483018450357 -0.094210747542679732
decision_type=1 2 2 2 2 1 2 2 2
left_child=2 -2 -1 -4 -3 6 -6 8 -7
right_child=1 4 3 -5 5 7 -8 -9 -10
leaf_value=0.017053685084955854 0.018806610875772092 -0.029700914309285467 0.011940588587543027 -0.022473735194336656 -0.024634200380236632 0.027312581688729597 0.007554879533084655 -0.01420643656127149 0.0014884115001068082
leaf_weight=24.264234609901905 6.315079763531684 3.790389582514762 5.9415835216641408 4.1709965094923973 15.351408220827581 2.2642469555139533 4.7441133856773368 14.106764107942579 60.48432207852602
leaf_count=245 52 19 52 22 73 12 24 65 360
internal_value=4.47041e-05 -0.00328628 0.00881097 -0.00225381 -0.00499741 -0.0040316 -0.0113747 -0.000558847 0.00242026
internal_weight=141.433 107.056 34.3768 10.1126 100.741 96.9509 20.0955 76.8553 62.7486
internal_count=924 605 319 74 553 534 97 437 372
cat_boundaries=0 1 2
cat_threshold=659714 18436
is_linear=0
shrinkage=0.02


Tree=83
num_leaves=10
num_cat=3
split_feature=0 1 8 5 13 4 6 1 11
split_gain=11.3822 9.44899 6.59171 6.19027 5.47232 5.26332 4.70737 5.52467 4.35387
threshold=0 1 0.7022345054509721 433.50000000000006 0.023205056219888182 12.500000000000002 102.1663261122463 2 0.12370339355042165
decision_type=1 1 2 2 2 2 2 1 2
left_child=2 4 6 5 -2 -4 7 -1 -3
right_child=1 8 3 -5 -6 -7 -8 -9 -10
leaf_value=0.011552006692828616 0.01998432761701123 0.0031994108323327975 -0.018476432387806524 0.011215283211260947 -0.0063802125765281192 0.0031714324213399404 0.01845244881366314 -0.017919904594477894 -0.010764365198362739
leaf_weight=4.6050553992390624 19.543528676033024 53.428298830986023 28.527124553918839 4.0089569687843314 3.7540365904569617 5.3322503268718711 5.3120706379413596 5.6850543469190589 10.724415749311445
leaf_count=28 261 308 135 24 27 26 38 26 51
internal_value=4.43225e-05 0.00433155 -0.00655209 -0.0122849 0.0157361 -0.0150673 0.00316255 -0.00473056 0.000865085
internal_weight=140.921 87.4503 53.4705 37.8683 23.2976 33.8594 15.6022 10.2901 64.1527
internal_count=924 647 277 185 288 161 92 54 359
cat_boundaries=0 1 2 3
cat_threshold=85005 1 1
is_linear=0
shrinkage=0.02


Tree=84
num_leaves=10
num_cat=2
split_feature=0 8 13 8 11 0 6 8 10
split_gain=11.176 8.06693 6.44637 6.92081 5.86132 5.49567 9.0256 7.58059 3.60265
threshold=0 0.53145069635629649 0.014551586760841307 0.89466564185654773 -0.13750029655933457 1 257.99871000645004 1.0969483018450357 -0.016857133098808017
decision_type=1 2 2 2 2 1 2 2 2
left_child=2 -2 -1 -4 -3 6 -6 8 -7
right_child=1 4 3 -5 5 7 -8 -9 -10
leaf_value=0.016866538032624459 0.018625609585608657 -0.029454456220445735 0.013642661972343255 -0.019521196537436041 -0.023702955158104992 0.012902009853853058 0.0088078701533883495 -0.013886568701055819 0.00017620204517654166
leaf_weight=23.805539567023516 6.2059524580836287 3.7351612895727149 5.2654506564140302 4.8221134692430496 15.59001734852791 10.744588516652582 4.3740337938070288 14.06733603030443 51.787370637059212
leaf_count=245 52 19 48 26 75 59 22 65 313
internal_value=4.41042e-05 -0.00320182 0.00863959 -0.00221051 -0.00487162 -0.00392073 -0.0110467 -0.000549603 0.00236282
internal_weight=140.398 106.504 33.8931 10.0876 100.299 96.5633 19.9641 76.5993 62.532
internal_count=924 605 319 74 553 534 97 437 372
cat_boundaries=0 1 2
cat_threshold=659714 18436
is_linear=0
shrinkage=0.02


Tree=85
num_leaves=10
num_cat=1
split_feature=0 8 13 8 5 13 8 9 5
split_gain=10.7947 7.80342 6.29894 6.63561 4.96835 5.69712 5.0566 5.19577 4.7282
threshold=0 0.53145069635629649 0.014551586760841307 0.89466564185654773 320.50000000000006 0.01092247800222773 1.1570330494720087 0.0078186130672927064 412.00000000000006
decision_type=1 2 2 2 2 2 2 2 2
left_child=2 -2 -1 -4 6 -6 7 -3 -7
right_child=1 4 3 -5 5 8 -8 -9 -10
leaf_value=0.016731393311701676 0.01843929928563488 -0.010721655658523368 0.013487637887478275 -0.018992989753397773 0.01388968390934648 -0.017258904132631502 -0.020850026866854356 0.00081333796749316417 0.0042739844177146465
leaf_weight=23.520742025226355 6.1439111717045298 34.051805436611176 5.2199123054742795 4.8567382842302322 10.677641183137895 7.0554832294583347 9.8372489809989911 28.856407836079597 9.6687792390584928
leaf_count=245 52 166 48 26 79 40 46 161 61
internal_value=4.37437e-05 -0.00314362 0.00852563 -0.00216736 -0.00478161 0.00247659 -0.00751564 -0.00543048 -0.00481012
internal_weight=139.889 106.291 33.5974 10.0767 100.147 27.4019 72.7455 62.9082 16.7243
internal_count=924 605 319 74 553 180 373 327 101
cat_boundaries=0 1
cat_threshold=659714
is_linear=0
shrinkage=0.02


Tree=86
num_leaves=10
num_cat=1
split_feature=1 8 5 5 12 3 7 11 10
split_gain=9.10077 5.71109 5.20044 5.18163 5.79441 5.22953 5.40699 7.47737 4.66423
threshold=0 0.87374177561452138 287.50000000000006 266.50000000000006 0.0046569112209344137 1.5000000000000002 1.5050000000000001 -0.053215314011929124 0.0081592341766760831
decision_type=1 2 2 2 2 2 2 2 2
left_child=1 -1 3 5 -5 -2 8 -8 -7
right_child=2 -3 -4 4 -6 6 7 -9 -10
leaf_value=0.013296200529440912 -0.015387190447206489 -0.0028008653469091295 0.0029697642401074705 0.004997117448441394 -0.033232971488093323 0.028849779464942417 -0.032673675817826646 -0.0017180625248740045 0.00081003077967164452
leaf_weight=27.154274269938469 13.452312245965002 13.05485863983631 35.163548171520233 2.242423102259635 5.4160760790109634 3.9088164344429952 3.4908018261194185 29.484250292181972 6.0393167361617088
leaf_count=291 66 99 214 13 27 22 16 142 34
internal_value=4.3604e-05 0.0080699 -0.00320981 -0.00660325 -0.0220391 -0.00450632 -0.0010962 -0.00499508 0.0118274
internal_weight=139.407 40.2091 99.1975 64.034 7.6585 56.3755 42.9232 32.9751 9.94813
internal_count=924 390 534 320 40 280 214 158 56
cat_boundaries=0 1
cat_threshold=1
is_linear=0
shrinkage=0.02


Tree=87
num_leaves=10
num_cat=2
split_feature=0 1 8 7 4 8 5 13 13
split_gain=10.5771 9.82238 5.4901 4.53808 4.44997 5.68623 4.2921 4.17599 4.08047
threshold=0 1 0.53145069635629649 17.225000000000005 4.5000000000000009 0.8253159144667167 329.50000000000006 0.023205056219888182 0.01092247800222773
decision_type=1 1 2 2 2 2 2 2 2
left_child=2 7 -1 4 -3 -6 -4 -2 -8
right_child=1 3 6 -5 5 -7 8 -9 -10
leaf_value=0.015814313892422365 0.021665458495439466 -0.0079823269936756674 -0.011150651608269887 0.012181185858879062 -0.011799083710696885 0.011389053997416193 0.013354208356796651 -0.004959704786317411 -0.0068684061314559317
leaf_weight=4.206147111952304 16.479334231466058 22.26418686658144 43.484406158328056 11.919243223965166 5.8864908665418652 15.033235624432562 6.3722385615110424 2.749455824494361 10.680877692997454
leaf_count=32 242 111 211 98 32 78 41 22 57
internal_value=4.31344e-05 0.00489287 -0.00544028 0.00125636 -0.00175901 0.00486427 -0.00781571 0.0178584 0.000688179
internal_weight=139.076 74.3319 64.7437 55.1032 43.1839 20.9197 60.5375 19.2288 17.0531
internal_count=924 583 341 319 221 110 309 264 98
cat_boundaries=0 1 2
cat_threshold=85101 1
is_linear=0
shrinkage=0.02


Tree=88
num_leaves=10
num_cat=2
split_feature=0 8 1 6 15 9 11 9 8
split_gain=10.1221 6.45478 6.31868 4.94824 3.9975 4.44027 3.99395 3.84912 3.55719
threshold=0 0.7022345054509721 1 35.330309829464163 0.98744695178541453 0.0069421973144597809 0.19512195121951217 -0.01630001594133593 0.89146933384903926
decision_type=1 2 1 2 2 2 2 2 2
left_child=1 3 6 -1 -4 7 -2 -6 -7
right_child=2 -3 4 -5 5 8 -8 -9 -10
leaf_value=-0.0098695686364041885 0.020427100706996954 -0.0090896948020708929 0.01547725218164769 0.012437194275958838 0.012423733511952657 0.010806940473517249 -0.0058867284266606703 -0.015293558747105184 -0.0030789698287110381
leaf_weight=6.0290761142969158 14.755330249667169 53.188652820885181 7.8362891599535933 11.691073872148989 2.487162433564662 15.479264222085478 2.7348965629935256 10.318584091961382 14.102242447435854
leaf_count=31 216 268 48 86 15 103 27 57 73
internal_value=4.3135e-05 -0.00491379 0.00519275 0.00484758 0.00235426 -7.18358e-05 0.0163125 -0.00991024 0.00418718
internal_weight=138.623 70.9088 67.7138 17.7201 50.2235 42.3873 17.4902 12.8057 29.5815
internal_count=924 385 539 117 296 248 243 72 176
cat_boundaries=0 1 2
cat_threshold=85549 1
is_linear=0
shrinkage=0.02


Tree=89
num_leaves=10
num_cat=2
split_feature=0 1 14 7 4 13 14 12 12
split_gain=9.87713 9.47319 4.79798 4.33477 4.24319 4.12868 4.07747 3.89982 7.03911
threshold=0 1 0.97989502819721308 17.225000000000005 4.5000000000000009 0.023205056219888182 0.98644395776380345 0.0066089989034556164 0.011326407759503471
decision_type=1 1 2 2 2 2 2 2 2
left_child=2 5 -1 4 7 -2 -4 -3 -9
right_child=1 3 6 -5 -6 -7 -8 8 -10
leaf_value=-0.02621179846878138 0.021604013080364411 0.0056587927689691585 0.023065192265930071 0.011974597679061685 0.0047675379158722397 -0.0049202753702118568 -0.0055729217767479756 -0.025415238517796916 0.0010955564975017689
leaf_weight=4.407054364681243 15.943570435047151 6.2285228073596981 2.0591338127851477 11.774745054543017 20.869723111391068 2.7526558339595786 58.112950898706913 8.5411354526877421 7.5452905297279349
leaf_count=23 242 34 10 98 110 22 308 40 37
internal_value=4.30579e-05 0.00475561 -0.00525457 0.00121785 -0.00171509 0.0176988 -0.0045929 -0.00777787 -0.0129804
internal_weight=138.235 73.6556 64.5791 54.9594 43.1847 18.6962 60.1721 22.3149 16.0864
internal_count=924 583 341 319 221 264 318 111 77
cat_boundaries=0 1 2
cat_threshold=85101 1
is_linear=0
shrinkage=0.02


Tree=90
num_leaves=10
num_cat=3
split_feature=0 8 13 8 8 0 1 8 13
split_gain=9.62403 7.2371 6.15684 6.20393 4.42261 5.76324 7.60295 7.15228 5.43556
threshold=0 0.53145069635629649 0.014551586760841307 0.89466564185654773 1.1629563319116782 1 2 0.64847042244542907 0.024909076038627666
decision_type=1 2 2 2 2 1 1 2 2
left_child=2 -2 -1 -4 5 -3 8 -8 -7
right_child=1 4 3 -5 -6 6 7 -9 -10
leaf_value=0.016432438870459129 0.018157536779814111 -0.0091155273465925307 0.013053951093419126 -0.018578283423035784 -0.015842235780463006 0.018825416672600969 -0.036227640381233973 -0.00085766673377011692 -0.019502561590467017
leaf_weight=22.634837932884693 5.962322060018777 26.053049936890602 5.0564466491341573 4.8675074875354767 12.132915385067461 12.196767218410967 2.40967122465372 44.861477263271809 1.684437811374665
leaf_count=245 52 130 48 26 58 122 12 221 10
internal_value=4.2897e-05 -0.00296276 0.0081657 -0.00246105 -0.00452866 -0.0029546 0.000997655 -0.00266067 0.0141744
internal_weight=137.859 105.301 32.5588 9.92395 99.3383 87.2054 61.1524 47.2711 13.8812
internal_count=924 605 319 74 553 495 365 233 132
cat_boundaries=0 1 2 3
cat_threshold=659714 18437 1
is_linear=0
shrinkage=0.02


Tree=91
num_leaves=10
num_cat=3
split_feature=0 8 13 8 11 0 1 6 8
split_gain=9.32018 7.01184 6.01203 5.96409 5.44663 5.0408 8.84011 8.68382 4.8566
threshold=0 0.53145069635629649 0.014551586760841307 0.95118419659742781 -0.13750029655933457 1 2 243.74817376520613 1.1570330494720087
decision_type=1 2 2 2 2 1 1 2 2
left_child=2 -2 -1 -4 -3 7 -7 -6 -8
right_child=1 4 3 -5 5 6 8 -9 -10
leaf_value=0.0162974854987562 0.017973496518955918 -0.028686143118244144 0.011107870047958823 -0.020211191752946864 -0.023144542311956506 0.01214028950338069 -0.0018725287735457292 0.0079293331872783042 -0.018873133724811097
leaf_weight=22.368511792272329 5.9035006500780574 3.5788944810628882 5.6335626207292062 4.2798215374350548 14.97328505665064 17.329516362398863 50.833327293395996 4.7348794490098944 7.7456258386373511
leaf_count=245 52 19 52 22 73 150 252 24 35
internal_value=2.96825e-05 -0.002924 0.0080561 -0.00241324 -0.00446246 -0.00355577 -0.000360683 -0.0104014 -0.00412044
internal_weight=137.381 105.099 32.2819 9.91338 99.1955 95.6166 75.9085 19.7082 58.579
internal_count=924 605 319 74 553 534 437 97 287
cat_boundaries=0 1 2 3
cat_threshold=659714 18436 1
is_linear=0
shrinkage=0.02


Tree=92
num_leaves=10
num_cat=2
split_feature=0 8 11 0 6 8 11 10 15
split_gain=9.00191 6.78471 5.31504 4.85517 8.37892 6.61414 4.75261 2.99947 5.86938
threshold=0 0.53145069635629649 -0.13750029655933457 1 257.99871000645004 1.0467889161869957 0.20768958720773142 0.11449406923263135 1.0838130068943224
decision_type=1 2 2 1 2 2 2 2 2
left_child=6 -2 -3 4 -4 7 -1 8 -5
right_child=1 2 3 5 -6 -7 -8 -9 -10
leaf_value=0.012883483354394152 0.017790504657445399 -0.028465721464730729 -0.022414727837191357 0.003548046996141585 0.0089913389228492291 -0.010729192492754024 -0.013777870687958185 0.02125968188797113 -0.023598962271408279
leaf_weight=29.064298566430807 5.8455253168940535 3.5349175184965125 15.264070004224779 50.330252788960934 4.3710268437862387 18.685679294168949 2.9454412832856169 3.3778437152504912 3.4009940214455119
leaf_count=296 52 19 75 304 22 90 23 22 21
internal_value=2.9554e-05 -0.00287277 -0.00438357 -0.00349151 -0.0102189 -0.000353823 0.00794738 0.00297897 0.00182974
internal_weight=136.82 104.81 98.9648 95.4299 19.6351 75.7948 32.0097 57.1091 53.7312
internal_count=924 605 553 534 97 437 319 347 325
cat_boundaries=0 1 2
cat_threshold=659714 18436
is_linear=0
shrinkage=0.02


Tree=93
num_leaves=10
num_cat=2
split_feature=0 8 13 8 5 13 8 15 0
split_gain=8.68597 6.56364 5.84291 5.75426 4.20976 5.31305 4.47413 4.62202 6.43382
threshold=0 0.53145069635629649 0.014551586760841307 0.89466564185654773 320.50000000000006 0.01092247800222773 1.1570330494720087 0.9339304257528559 1
decision_type=1 2 2 2 2 2 2 2 1
left_child=2 -2 -1 -4 6 -6 7 -3 -9
right_child=1 4 3 -5 5 -7 -8 8 -10
leaf_value=0.016056042982981755 0.017608542458113292 -0.029077238370592614 0.012717007453039766 -0.01780515332833485 0.013602163812283501 -0.0045963282091825691 -0.019564185447283614 -0.010193949962702172 0.0019672702997841078
leaf_weight=21.900334961712364 5.7883905097842208 3.0048242807388297 4.965609531849621 4.9174064695835114 10.435132078826429 16.665116362273693 9.5800151377916318 20.531879737973213 38.568024206906557
leaf_count=245 52 16 48 26 79 101 46 103 208
internal_value=2.93435e-05 -0.00282111 0.00783147 -0.00246964 -0.00430378 0.00241112 -0.00684234 -0.00487992 -0.00364965
internal_weight=136.357 104.573 31.7834 9.88302 98.785 27.1002 71.6847 62.1047 59.0999
internal_count=924 605 319 74 553 180 373 327 311
cat_boundaries=0 1 2
cat_threshold=659714 83988
is_linear=0
shrinkage=0.02


Tree=94
num_leaves=10
num_cat=2
split_feature=0 1 14 8 7 13 15 15 11
split_gain=8.54889 9.04879 4.50951 5.79429 4.0689 3.97094 3.35887 4.0581 3.1335
threshold=0 1 0.97989502819721308 0.53145069635629649 17.225000000000005 0.023205056219888182 0.95910984000849309 0.97415521223118973 -0.056079664570230649
decision_type=1 1 2 2 2 2 2 2 2
left_child=2 5 -1 -4 8 -2 -5 -8 -3
right_child=1 4 3 6 -6 -7 7 -9 -10
leaf_value=-0.025616082414287124 0.021508985824568803 -0.018526489294899879 0.02040589449326077 0.017868699492141607 0.011603710225261686 -0.0045595959076781892 -0.025932534960873225 -0.0052755397979354947 -6.4017846660489365e-05
leaf_weight=4.2414168566465369 15.027727656066419 4.0633673667907706 3.5772224254906169 2.291008695960044 11.454105086624621 2.7678070291876784 4.1197793930768958 49.641037106513977 38.685516349971294
leaf_count=23 242 19 30 11 98 22 20 257 202
internal_value=1.71519e-05 0.00446063 -0.00491989 -0.00427285 0.00101754 0.0174544 -0.00584784 -0.00685852 -0.00181891
internal_weight=135.869 71.9985 63.8705 59.629 54.203 17.7955 56.0518 53.7608 42.7489
internal_count=924 583 341 318 319 264 288 277 221
cat_boundaries=0 1 2
cat_threshold=85101 1
is_linear=0
shrinkage=0.02


Tree=95
num_leaves=10
num_cat=2
split_feature=0 1 7 13 8 12 13 8 6
split_gain=8.23359 13.3278 7.11949 6.86216 4.24693 4.35865 3.58746 4.07899 3.40747
threshold=0 1 37.560000000000009 0.023205056219888182 1.1570330494720087 0.0043714444292629545 0.0068768372123915863 0.92011251059490673 180.999095004525
decision_type=1 1 2 2 2 2 2 2 2
left_child=2 3 6 -2 5 -3 7 -1 -4
right_child=1 4 8 -5 -6 -7 -8 -9 -10
leaf_value=0.0034816368347739615 0.019862077686555905 0.015935466044918883 -0.0051282621899901171 -0.0083674466246193863 -0.01340072279696306 -0.00099677338375493566 -0.019842566118352837 -0.023706569790613374 0.025710081241661291
leaf_weight=7.2049261629581469 22.060613274574283 6.7656985297799102 2.831168219447135 4.0816913843154898 9.7692118138074857 60.098990917205811 16.551346100866795 3.1820915192365646 2.9025645032525063
leaf_count=34 301 44 15 29 47 335 84 17 18
internal_value=1.7311e-05 0.00284644 -0.0074678 0.0154545 -0.00108314 0.000716514 -0.0140607 -0.00484755 0.0104829
internal_weight=135.448 102.776 32.6721 26.1423 76.6339 66.8647 26.9384 10.387 5.73373
internal_count=924 756 168 330 426 379 135 51 33
cat_boundaries=0 1 2
cat_threshold=18437 1
is_linear=0
shrinkage=0.02


Tree=96
num_leaves=10
num_cat=1
split_feature=1 8 5 3 9 14 12 8 11
split_gain=7.42103 5.26251 4.48153 4.84071 4.43082 4.16034 5.70939 3.74979 4.14878
threshold=0 0.87374177561452138 292.50000000000006 1.5000000000000002 -0.007478189907291541 1.0056761555644655 0.01401360144140518 1.2734220555710773 -0.053215314011929124
decision_type=1 2 2 2 2 2 2 2 2
left_child=1 -1 3 -2 -4 -3 -7 8 -5
right_child=2 5 4 7 -6 6 -8 -9 -10
leaf_value=0.012812582185691991 -0.01554684898075908 -0.017674308103983207 0.017496966514821452 -0.019354590828106488 -0.0006358567803501574 0.023512545639015045 -0.010873242754492328 -0.023766080225197467 0.00073133332771450877
leaf_weight=25.202029962092638 15.967842832207678 4.798982232809065 6.7548187747597686 4.5841217115521422 26.683730654418468 3.7999413684010506 3.9281373359262943 3.1932356655597678 40.055026583373547
leaf_count=291 80 31 42 22 165 42 26 16 209
internal_value=1.75623e-05 0.00754641 -0.00290366 -0.00601206 0.0030271 -0.00304812 0.00603445 -0.00282906 -0.00133135
internal_weight=134.968 37.7291 97.2388 63.8002 33.4385 12.5271 7.72808 47.8324 44.6391
internal_count=924 390 534 327 207 99 68 247 231
cat_boundaries=0 1
cat_threshold=1
is_linear=0
shrinkage=0.02


Tree=97
num_leaves=10
num_cat=2
split_feature=0 8 1 5 13 15 9 11 10
split_gain=8.0254 5.54885 5.48212 4.47012 6.49368 3.97187 4.24613 3.83435 3.73048
threshold=0 0.7022345054509721 1 321.50000000000006 0.0077863493514794069 0.98744695178541453 0.0069421973144597809 0.19512195121951217 0.020083713850837105
decision_type=1 2 1 2 2 2 2 2 2
left_child=1 3 7 4 -1 -4 -7 -2 -8
right_child=2 -3 5 -5 -6 6 8 -9 -10
leaf_value=0.013279753861302333 0.02010725803442813 -0.0082947677889004274 0.015395876921686754 0.022717038726219666 -0.015024187030223636 -0.0099716547697284458 -0.0076308552465328841 -0.0060657246212025215 0.0083627178665964304
leaf_weight=6.4248064011335391 13.153250541537998 52.262330763041973 7.6332164406776419 4.2088002748787394 6.5456427708268166 12.64197516441345 8.0815322697162646 2.6982515044510373 20.971935451030731
leaf_count=35 216 268 48 47 35 72 48 27 128
internal_value=1.7571e-05 -0.00441728 0.00469913 0.00480745 -0.00100406 0.00213207 -0.000296148 0.0156521 0.00391393
internal_weight=134.622 69.4416 65.1802 17.1792 12.9704 49.3287 41.6954 15.8515 29.0535
internal_count=924 385 539 117 70 296 248 243 176
cat_boundaries=0 1 2
cat_threshold=85549 1
is_linear=0
shrinkage=0.02


Tree=98
num_leaves=10
num_cat=2
split_feature=0 1 8 11 7 10 11 10 15
split_gain=7.84817 10.4221 4.12982 3.94189 3.52704 3.4926 3.93023 2.93519 7.02004
threshold=0 1 0.53145069635629649 0.19512195121951217 17.600000000000005 0.092669418573295498 0.12370339355042165 -0.015849282296650693 0.96560291253807262
decision_type=1 1 2 2 2 2 2 2 2
left_child=2 3 -1 -2 5 6 7 8 -3
right_child=1 4 -4 -5 -6 -7 -8 -9 -10
leaf_value=0.014122655306280801 0.020937483101397356 -0.011279722694592516 -0.0079468190841002692 -0.0045609316716852324 0.0097434144127551744 0.016916418603600488 -0.022017567914027873 -0.0045495843639191593 0.024129096959962595
leaf_weight=3.6416641324758521 16.276001099497083 4.0477707237005216 49.396225146949291 2.8497672714292994 12.509897053241728 3.5700232386589041 4.2182655781507483 32.74695760756731 5.0137366726994514
leaf_count=28 253 19 256 29 102 17 19 174 27
internal_value=1.7929e-05 0.00376533 -0.00541124 0.0171382 0.000253424 -0.00214026 -0.00361837 -0.00176198 0.008312
internal_weight=134.27 81.2324 53.0379 19.1258 62.1067 49.5968 46.0267 41.8085 9.06151
internal_count=924 640 284 282 358 256 239 220 46
cat_boundaries=0 1 2
cat_threshold=84013 1
is_linear=0
shrinkage=0.02


Tree=99
num_leaves=10
num_cat=3
split_feature=0 8 11 11 0 6 1 8 5
split_gain=7.65386 5.91397 4.85083 4.46383 4.22415 7.93905 7.72709 4.19475 3.70008
threshold=0 0.53145069635629649 -0.13750029655933457 0.20768958720773142 1 243.74817376520613 2 1.1570330494720087 183.50000000000003
decision_type=1 2 2 2 1 2 1 2 2
left_child=3 -2 -3 -1 5 -4 -6 8 -8
right_child=1 2 4 -5 6 -7 7 -9 -10
leaf_value=0.012356769530620187 0.017188904982614602 -0.027712728071831824 -0.021737410245376069 -0.013499437218170334 0.011671791727107826 0.0081307228650274906 -0.015318421631214021 -0.017618653756295195 0.00045848295171003941
leaf_weight=27.78996425122023 5.5374457463622084 3.3487202972173682 14.603985682129862 2.9547510147094718 16.697838358581066 4.7070149779319754 6.8796983733773223 7.5971959531307212 43.813677132129669
leaf_count=296 52 19 73 23 150 24 32 35 220
internal_value=1.82841e-05 -0.00265986 -0.00405784 0.00744898 -0.00321782 -0.0095248 -0.000285415 -0.00375962 -0.00168263
internal_weight=133.93 103.186 97.6481 30.7447 94.2994 19.311 74.9884 58.2906 50.6934
internal_count=924 605 553 319 534 97 437 287 252
cat_boundaries=0 1 2 3
cat_threshold=659714 18436 1
is_linear=0
shrinkage=0.02


Tree=100
num_leaves=10
num_cat=1
split_feature=0 8 13 8 5 9 8 13 9
split_gain=7.38503 5.72263 5.67986 5.44962 3.84537 4.78891 5.77883 4.41027 8.5158
threshold=0 0.53145069635629649 0.014551586760841307 0.89466564185654773 409.50000000000006 0.015841646276428905 0.80045099306436318 0.015623929401462559 0.058227253848016622
decision_type=1 2 2 2 2 2 2 2 2
left_child=2 -2 -1 -4 7 -6 -7 -3 -9
right_child=1 4 3 -5 5 6 -8 8 -10
leaf_value=0.015633724028770526 0.017009725165720798 -0.0039899716392221788 0.012265472300902934 -0.017691118068502994 0.025210943466667246 0.023415822831032097 -0.01308734366542923 -0.033745329627257091 0.0093593929029062405
leaf_weight=20.82016978785396 5.484398052096366 77.156922738999128 4.8031438961625081 4.9144385159015656 3.7902256175875655 2.493773013353346 5.6996186599135399 5.4992771334946138 2.7501288652420044
leaf_count=245 52 421 48 26 29 22 32 31 18
internal_value=1.81583e-05 -0.00261393 0.00733804 -0.00288437 -0.00398741 0.00662204 -0.0019771 -0.00547605 -0.0193754
internal_weight=133.412 102.874 30.5378 9.71758 97.3899 11.9836 8.19339 85.4063 8.24941
internal_count=924 605 319 74 553 83 54 470 49
cat_boundaries=0 1
cat_threshold=659714
is_linear=0
shrinkage=0.02


Tree=101
num_leaves=10
num_cat=1
split_feature=0 8 6 3 5 4 14 14 15
split_gain=7.27411 8.52488 5.45946 4.68599 4.83919 4.57417 4.46182 5.28275 4.64965
threshold=0 0.89146933384903926 180.999095004525 2.5000000000000004 391.50000000000006 12.500000000000002 0.99301467000618038 0.9991579836817851 1.0024806941280926
decision_type=1 2 2 2 2 2 2 2 2
left_child=2 3 -1 -2 -5 6 8 -8 -3
right_child=1 5 -4 4 -6 -7 7 -9 -10
leaf_value=-0.013375982422414785 0.016597381636091767 0.017120275772906087 0.0072148286605119571 0.00048245895670585154 0.022302644620593958 0.015580831766380553 -0.031261198328381437 -0.0053928800882806554 -0.012498269605807246
leaf_weight=25.71155072003603 19.289067555218935 6.4891411885619146 6.4409444183111182 25.369296308606867 4.8413563892245284 4.9335392713546744 3.4877065867185584 33.382597018033266 3.1488539576530457
leaf_count=132 216 36 36 187 62 27 18 194 16
internal_value=1.85346e-05 0.00270335 -0.00705645 0.00889627 0.00397922 -0.00273025 -0.00467266 -0.00783987 0.00744353
internal_weight=133.094 100.942 32.1525 49.4997 30.2107 51.4418 46.5083 36.8703 9.638
internal_count=924 756 168 465 249 291 264 212 52
cat_boundaries=0 1
cat_threshold=18437
is_linear=0
shrinkage=0.02


Tree=102
num_leaves=10
num_cat=1
split_feature=1 8 5 5 9 3 7 11 10
split_gain=6.65744 4.87475 4.05144 4.45668 4.27106 4.02243 4.90645 6.48775 4.43294
threshold=0 0.87374177561452138 292.50000000000006 266.50000000000006 -0.007478189907291541 1.5000000000000002 1.5050000000000001 -0.053215314011929124 0.0081592341766760831
decision_type=1 2 2 2 2 2 2 2 2
left_child=1 -1 3 5 -4 -2 8 -8 -7
right_child=2 -3 4 -5 -6 6 7 -9 -10
leaf_value=0.012503761150891387 -0.013481374979836749 -0.0029530490534756815 0.017287251537226822 -0.019194921399392145 -0.00066700416999340207 0.028803388074444759 -0.030576625128958482 -0.001304231199000513 0.0010088993158160569
leaf_weight=24.196587488055229 12.695168346166609 12.315630074590443 6.6278027370572081 8.4857375994324666 26.450750038027763 3.7731919437646848 3.3821810185909191 28.967328019440181 5.8599353134632111
leaf_count=291 66 99 42 47 165 22 16 142 34
internal_value=1.8674e-05 0.00729015 -0.00273997 -0.00570953 0.00293041 -0.00361667 -0.000633666 -0.0043647 0.0118957
internal_weight=132.754 36.5122 96.2421 63.1635 33.0786 54.6778 41.9826 32.3495 9.63313
internal_count=924 390 534 327 207 280 214 158 56
cat_boundaries=0 1
cat_threshold=1
is_linear=0
shrinkage=0.02


Tree=103
num_leaves=10
num_cat=2
split_feature=0 1 5 11 2 5 12 6 14
split_gain=7.03073 9.84396 4.30499 3.87905 3.73215 4.76453 4.38661 3.83525 3.72825
threshold=0 1 421.50000000000006 0.19512195121951217 2.5000000000000004 191.00000000000003 0.013213530755139665 49.999900000200007 0.97989502819721308
decision_type=1 1 2 2 2 2 2 2 2
left_child=8 3 4 -2 5 -3 -6 -7 -1
right_child=1 2 -4 -5 6 7 -8 -9 -10
leaf_value=-0.024960902422605968 0.020812635544153212 -0.016169133825269823 0.019752393569756263 -0.0046530490642226439 0.019676746433500595 0.0079391562969675592 -0.013840954479817966 -0.0049800324833305949 -0.0046064335233433583
leaf_weight=3.8872430473566046 15.546953890472652 9.3369503468275052 4.2024594545364371 2.8278173431754103 6.1823832318186742 14.424412071704863 2.0897986441850662 25.33557415753603 48.632938582450151
leaf_count=22 253 43 35 29 61 69 16 134 262
internal_value=1.86456e-05 0.00359685 0.000212895 0.0168935 -0.00121843 -0.00331232 0.0112092 -0.000293117 -0.0051352
internal_weight=132.467 79.9463 61.5716 18.3748 57.3691 49.0969 8.27218 39.76 52.5202
internal_count=924 640 358 282 323 246 77 203 284
cat_boundaries=0 1 2
cat_threshold=84013 1
is_linear=0
shrinkage=0.02


Tree=104
num_leaves=10
num_cat=1
split_feature=1 8 14 12 5 5 12 9 3
split_gain=6.2462 4.75408 3.92506 5.39145 3.85887 4.2746 5.05 4.13078 3.81684
threshold=0 0.87374177561452138 1.0056761555644655 0.01401360144140518 292.50000000000006 266.50000000000006 0.0046569112209344137 -0.007478189907291541 1.5000000000000002
decision_type=1 2 2 2 2 2 2 2 2
left_child=1 -1 -3 -4 5 8 -7 -6 -2
right_child=4 2 3 -5 7 6 -8 -9 -10
leaf_value=0.012313880694660566 -0.013146576568269827 -0.017345042422415375 0.023533706682886076 -0.010299968464906524 0.01708885683037727 0.0049494217905438828 -0.028776341326039127 -0.00063476532302055 -0.00059068526128507081
leaf_weight=23.845530189573765 12.596306338906286 4.707503464072941 3.6199062205851078 3.9284773804247379 6.5663956031203261 2.5279095992445928 5.9701917245984077 26.439063340425491 41.890902504324913
leaf_count=291 66 31 42 26 42 15 32 165 214
internal_value=1.89576e-05 0.00711068 -0.00301286 0.00592532 -0.00264819 -0.005551 -0.018744 0.00289133 -0.00349335
internal_weight=132.092 36.1014 12.2559 7.54838 95.9908 62.9853 8.4981 33.0055 54.4872
internal_count=924 390 99 68 534 327 47 207 280
cat_boundaries=0 1
cat_threshold=1
is_linear=0
shrinkage=0.02


Tree=105
num_leaves=10
num_cat=2
split_feature=0 1 5 8 2 5 12 6 8
split_gain=6.76481 9.46472 4.13515 3.6996 3.59888 4.54472 4.24676 3.70615 3.67799
threshold=0 1 421.50000000000006 0.53145069635629649 2.5000000000000004 191.00000000000003 0.013213530755139665 49.999900000200007 0.83361091416700572
decision_type=1 1 2 2 2 2 2 2 2
left_child=3 -2 4 -1 5 -3 -6 8 -7
right_child=1 2 -4 -5 6 7 -8 -9 -10
leaf_value=0.013733529707943596 0.016753414370314818 -0.015745422139591868 0.019570857667250904 -0.0074338569577966866 0.019583718516707004 -0.0054596017504032783 -0.013299688484353509 -0.0048389355787502881 0.015530752600277441
leaf_weight=3.5424224883317939 17.975096840411425 9.3365221172571164 4.1348900273442259 48.823434934020042 6.0992091819643957 5.2608287632465354 2.1159566715359688 25.379988513886929 9.1410775333642942
leaf_count=28 282 43 35 256 61 26 16 134 43
internal_value=1.89738e-05 0.00354187 0.000254653 -0.00503956 -0.00113843 -0.00318768 0.011114 -0.00024047 0.00786325
internal_weight=131.809 79.4436 61.4685 52.3659 57.3336 49.1184 8.21517 39.7819 14.4019
internal_count=924 640 358 284 323 246 77 203 69
cat_boundaries=0 1 2
cat_threshold=84013 1
is_linear=0
shrinkage=0.02


Tree=106
num_leaves=10
num_cat=2
split_feature=0 1 13 6 13 8 5 8 13
split_gain=6.58705 11.1042 6.57347 5.19193 4.23624 3.72236 3.5489 3.18033 3.0362
threshold=0 1 0.023205056219888182 180.999095004525 0.0050656922585805642 1.1570330494720087 363.50000000000006 0.67134626826124155 0.014997342785149132
decision_type=1 1 2 2 2 2 2 2 2
left_child=3 2 -2 4 -1 8 -5 -6 -3
right_child=1 5 -4 6 7 -7 -8 -9 -10
leaf_value=0.0047364279283250181 0.019446949332675011 0.0027493797586852632 -0.0085939555986407762 -0.0049817651565701414 -0.005366304932953694 -0.012527950770811973 0.025327060940623619 -0.022045278365342879 -0.0086019478260976508
leaf_weight=4.4862949401140275 19.897347670048479 54.679909996688366 4.0195826441049567 3.8386325538158408 6.742744334042075 9.6120594888925535 2.5865896642208099 14.210370898246763 11.388383843004702
leaf_count=23 301 321 29 19 36 47 17 73 58
internal_value=1.92763e-05 0.00259452 0.0147343 -0.00673166 -0.0129015 -0.000899122 0.0072196 -0.016678 0.000792718
internal_weight=131.462 99.5973 23.9169 31.8646 25.4394 75.6804 6.42522 20.9531 66.0683
internal_count=924 756 330 168 132 426 36 109 379
cat_boundaries=0 1 2
cat_threshold=18437 1
is_linear=0
shrinkage=0.02


Tree=107
num_leaves=10
num_cat=1
split_feature=0 8 13 6 8 3 9 14 6
split_gain=6.54675 5.50812 4.2653 4.26302 3.33606 2.80647 4.33029 8.50165 4.61333
threshold=0 0.79574173287539007 0.038203889393042631 35.330309829464163 0.64847042244542907 2.5000000000000004 -0.0030447113780448041 1.0005409715353499 40.589205899403304
decision_type=1 2 2 2 2 2 2 2 2
left_child=2 3 5 4 -2 -1 -7 -8 -9
right_child=1 -3 -4 -5 -6 6 7 8 -10
leaf_value=0.016391713716987076 -0.016827581347939366 -0.0065849289835912444 -0.02362027818410244 0.0092661450372901032 0.0051563821322530247 0.021748790715432748 -0.036539888409488734 0.02633350869464986 -3.7081986211479289e-05
leaf_weight=13.445024151355026 5.7204229459166545 61.869987078011036 1.6631631851196278 19.943513482809067 5.3372382782399654 4.8215022496879127 2.1887280531227615 3.3558305688202408 12.681002594530581
leaf_count=191 32 320 9 158 32 37 16 23 106
internal_value=1.93786e-05 -0.00283218 0.00610295 0.00374371 -0.00621651 0.00913002 0.00489375 0.000434811 0.00548117
internal_weight=131.026 92.8712 38.1553 31.0012 11.0577 36.4921 23.0471 18.2256 16.0368
internal_count=924 542 382 222 64 373 182 145 129
cat_boundaries=0 1
cat_threshold=921986
is_linear=0
shrinkage=0.02


Tree=108
num_leaves=10
num_cat=1
split_feature=0 7 4 15 13 15 9 6 10
split_gain=6.33605 5.30247 4.12149 4.49122 3.87146 6.11836 6.41984 7.58488 3.88654
threshold=0 78.160000000000011 12.500000000000002 1.0163790274818536 0.014551586760841307 1.1293325843657567 -0.017775991095296869 22.465251262569989 0.020083713850837105
decision_type=1 2 2 2 2 2 2 2 2
left_child=1 2 -1 -4 8 6 -6 -8 -2
right_child=4 -3 3 -5 5 -7 7 -9 -10
leaf_value=-0.0099518065131914361 0.0014016740212185142 0.019711781237801741 -0.0089964580887291253 0.024838619178287932 0.021041362067494851 0.019435478567199162 -0.062286664139221348 -0.0099273069228930696 0.011514720156502276
leaf_weight=40.995612923055887 31.577618025243282 3.0158927887678137 3.2293606773018828 3.0525763854384422 2.3716125562787083 3.6386969015002242 1.2158981710672367 12.319740209728478 29.309127662330866
leaf_count=223 228 19 18 17 16 25 7 93 278
internal_value=1.96656e-05 -0.0050049 -0.00764023 0.00744499 0.00336531 -0.00396063 -0.00931236 -0.0146307 0.0062698
internal_weight=130.726 50.2934 47.2775 6.28194 80.4327 19.5459 15.9073 13.5356 60.8867
internal_count=924 277 258 35 647 141 116 100 506
cat_boundaries=0 1
cat_threshold=85005
is_linear=0
shrinkage=0.02


Tree=109
num_leaves=10
num_cat=1
split_feature=0 5 15 7 8 8 7 10 11
split_gain=6.18227 5.63042 4.15747 4.4725 5.51547 5.01704 5.96316 4.45058 4.13555
threshold=0 292.50000000000006 0.9339304257528559 6.4300000000000006 0.75789526560239784 0.90840398749809792 1.8450000000000004 -0.013543042193296924 0.12479917886469113
decision_type=1 2 2 2 2 2 2 2 2
left_child=8 2 -2 5 -5 6 -4 -7 -1
right_child=1 -3 3 4 -6 7 -8 -9 -10
leaf_value=0.011477379722385515 -0.027771523065187226 0.0030591813391952606 0.030593705723761487 -0.003751188819084116 -0.035314880031122466 0.0074979854031182068 -0.00013756113536158893 -0.013662543660439331 -0.0035630423485163514
leaf_weight=27.892854008823633 3.615262731909751 36.576083540916443 2.9704835861921337 4.7319561764597875 4.1623411625623703 5.0497307181358329 16.866244234144688 18.694461531937126 9.910961125046013
leaf_count=296 21 245 15 24 20 25 98 94 86
internal_value=1.97674e-05 -0.00274914 -0.00702682 -0.00559762 -0.0185223 -0.00295985 0.00446434 -0.00916229 0.00595818
internal_weight=130.47 92.6666 56.0905 52.4752 8.8943 43.5809 19.8367 23.7442 37.8038
internal_count=924 542 297 276 44 232 113 119 382
cat_boundaries=0 1
cat_threshold=921986
is_linear=0
shrinkage=0.02


Tree=110
num_leaves=10
num_cat=3
split_feature=0 1 5 13 13 15 15 0 13
split_gain=5.99747 8.75128 5.43988 4.97361 2.99351 6.69777 5.15049 4.70815 4.92539
threshold=0 1 363.50000000000006 0.023205056219888182 0.014997342785149132 1.1293325843657567 1.010010487066223 2 0.010686497802109793
decision_type=1 1 2 2 2 2 2 1 2
left_child=2 3 -1 -2 7 6 -6 -3 -9
right_child=1 4 -4 -5 5 -7 -8 8 -10
leaf_value=-0.021716653062986983 0.014846693746395934 -0.0037872985009022113 0.0086164416521308552 -0.0075764145115573478 0.003207948917648504 0.015712891510105711 -0.025702751817600282 0.013206173474105196 -0.0033053443948085882
leaf_weight=11.351230099797247 24.976228311657909 40.368884243071079 2.987285628914834 4.7015967443585387 3.5810427665710431 3.2797908037900916 7.9079460650682449 19.467644140124325 11.492585964500902
leaf_count=59 331 204 16 33 19 18 39 133 72
internal_value=1.94688e-05 0.00177542 -0.00907085 0.0112944 -0.00129956 -0.00949524 -0.0166915 0.000397371 0.00534924
internal_weight=130.114 115.776 14.3385 29.6778 86.0979 14.7688 11.489 71.3291 30.9602
internal_count=924 849 75 364 485 76 58 409 205
cat_boundaries=0 1 2 3
cat_threshold=2052 1 304665
is_linear=0
shrinkage=0.02


Tree=111
num_leaves=10
num_cat=2
split_feature=0 1 13 5 5 8 11 2 5
split_gain=5.86564 8.83144 4.44014 6.61555 4.02639 3.84202 3.83126 3.21613 4.25265
threshold=0 1 0.010423736509190847 316.50000000000006 421.50000000000006 0.67134626826124155 0.19512195121951217 2.5000000000000004 191.00000000000003
decision_type=1 1 2 2 2 2 2 2 2
left_child=2 6 3 5 7 -1 -2 8 -3
right_child=1 4 -4 -5 -6 -7 -8 -9 -10
leaf_value=0.0072955140840096997 0.020597002897711773 -0.015283215218376079 -0.012150200835310068 0.016853534162292454 0.019462079931058283 -0.011135810364097855 -0.0050447052060583536 0.010615742362410309 -0.00024952635754374062
leaf_weight=6.4007050544023576 14.358384471386673 9.2935389876365644 23.095829322934151 6.8053732551634303 4.0448879972100249 15.427685022354124 2.7824986204504958 7.9399122148752204 39.582502476871014
leaf_count=33 253 43 125 49 35 77 29 77 203
internal_value=1.36671e-05 0.00332722 -0.00471456 -0.000363513 0.00018235 -0.00573122 0.0164346 -0.00119023 -0.00310811
internal_weight=129.731 78.0017 51.7296 28.6338 60.8608 21.8284 17.1409 56.816 48.876
internal_count=924 640 284 159 358 110 282 323 246
cat_boundaries=0 1 2
cat_threshold=84013 1
is_linear=0
shrinkage=0.02


Tree=112
num_leaves=10
num_cat=2
split_feature=0 1 7 13 4 11 11 4 13
split_gain=5.69929 6.0783 5.04004 4.33179 3.95792 4.15918 3.74211 3.49782 2.84695
threshold=0 1 78.160000000000011 0.023205056219888182 12.500000000000002 -0.020925635662303061 0.12370339355042165 10.500000000000002 0.014551586760841307
decision_type=1 1 2 2 2 2 2 2 2
left_child=2 3 4 7 -1 -6 8 -2 -3
right_child=1 6 -4 -5 5 -7 -8 -9 -10
leaf_value=-0.0095982306572542433 0.021457126408835698 0.0047180051782032958 0.019508644951388203 -0.0052472247076295964 -0.0099140280361209258 0.022985266163762605 -0.010280382483248536 -0.018572702408731993 -0.0090947477319029257
leaf_weight=40.637935295701027 13.356975395232439 44.071003653109074 2.97641897201538 3.7752497419714919 2.8891412392258644 3.2844631969928733 10.469521164894102 0.93422394245863039 6.903677597641944
leaf_count=223 252 271 19 27 17 18 51 9 37
internal_value=1.40439e-05 0.00320577 -0.00476911 0.0138069 -0.00733155 0.00758896 0.000610462 0.0188404 0.0028473
internal_weight=129.299 79.5107 49.788 18.0664 46.8115 6.1736 61.4442 14.2912 50.9747
internal_count=924 647 277 288 258 35 359 261 308
cat_boundaries=0 1 2
cat_threshold=85005 1
is_linear=0
shrinkage=0.02


Tree=113
num_leaves=10
num_cat=1
split_feature=0 8 6 13 8 15 14 7 4
split_gain=5.5893 5.0527 4.0918 3.95408 3.20711 2.73525 5.52067 4.68571 3.56738
threshold=0 0.79574173287539007 35.330309829464163 0.038203889393042631 0.64847042244542907 0.95005754281285293 0.99243911157081077 4.785000000000001 12.500000000000002
decision_type=1 2 2 2 2 2 2 2 2
left_child=3 2 4 -1 -2 -3 7 -7 -8
right_child=1 5 -4 -5 -6 6 8 -9 -10
leaf_value=0.0086714964025154107 -0.016511026827206818 -0.024281293334573323 0.0091701949727788935 -0.022756586103803881 0.005187702581580785 -0.0022022000734375534 -0.0098139416364742653 0.026366254504883814 0.0084470326199944743
leaf_weight=35.411825157701969 5.6758925244212168 3.1808627247810355 19.699466843158007 1.6771265789866436 5.2399657219648361 6.1719727963209134 43.495680779218674 3.6572853997349739 4.7461188584566107
leaf_count=373 32 18 158 9 32 30 229 20 23
internal_value=1.43649e-05 -0.0026216 0.00372743 0.00571064 -0.00609493 -0.00622302 -0.00523387 0.00842759 -0.00801739
internal_weight=128.956 91.8672 30.6153 37.089 10.9159 61.2519 58.0711 9.82926 48.2418
internal_count=924 542 222 382 64 320 302 50 252
cat_boundaries=0 1
cat_threshold=921986
is_linear=0
shrinkage=0.02


Tree=114
num_leaves=10
num_cat=3
split_feature=0 1 5 13 11 11 10 0 13
split_gain=5.50549 8.16024 5.23209 4.66233 3.44595 3.80869 4.56991 3.82064 6.94951
threshold=0 1 363.50000000000006 0.023205056219888182 -0.15439184960825045 0.12126717845819157 0.13422332285652216 2 0.014124289145231931
decision_type=1 1 2 2 2 2 2 1 2
left_child=2 3 -1 -2 -3 7 -7 -6 -9
right_child=1 4 -4 -5 5 6 -8 8 -10
leaf_value=-0.021187177163598345 0.014589523032161605 -0.026925587840182882 0.0086471523229494553 -0.0070939988134831114 -0.0027163932836374088 -0.016044950774236021 0.010949737556907228 0.011661505047563237 -0.015439003604728203
leaf_weight=11.161228105425833 24.201529920101169 2.0408344194293013 2.9787976294755945 4.7439648658037177 39.405552119016647 11.163537561893461 3.2355093583464614 25.271781899034981 4.4516679570078841
leaf_count=59 331 13 16 33 194 57 17 179 25
internal_value=1.43795e-05 0.00170717 -0.00872894 0.0110357 -0.00124892 -0.000621559 -0.00997916 0.00132756 0.00568877
internal_weight=128.654 114.514 14.14 28.9455 85.5689 83.528 14.399 69.129 29.7234
internal_count=924 849 75 364 485 472 74 398 204
cat_boundaries=0 1 2 3
cat_threshold=2052 1 362072
is_linear=0
shrinkage=0.02


Tree=115
num_leaves=10
num_cat=2
split_feature=0 1 7 13 6 8 12 12 12
split_gain=5.35573 9.84825 6.00515 5.96864 3.42718 3.39705 3.98858 3.48404 3.17714
threshold=0 1 37.560000000000009 0.023205056219888182 148.74925625371876 1.1570330494720087 0.0043714444292629545 0.0030769734625513451 0.012252973977006339
decision_type=1 1 2 2 2 2 2 2 2
left_child=2 3 8 -2 -4 6 7 -3 -1
right_child=1 5 4 -5 -6 -7 -8 -9 -10
leaf_value=-0.0080806469387259133 0.019066754080915314 -0.0040827436983065495 -0.0060600915531794789 -0.0076384730264114544 0.025483360717005125 -0.012095096087896716 -0.00090935601588867519 0.026508642984408946 -0.02429318964159017
leaf_weight=19.119353793561466 18.400741241872314 2.3133398741483679 2.5790743753314009 4.0921648219227782 2.9579437002539635 9.4498408660292608 58.700388066470623 4.1799099743366241 6.4715061336755744
leaf_count=100 301 16 14 29 19 47 335 28 35
internal_value=1.01809e-05 0.00236397 -0.00612629 0.0142082 0.0107908 -0.000888454 0.000735952 0.0156099 -0.0121805
internal_weight=128.264 97.1364 31.1279 22.4929 5.53702 74.6435 65.1936 6.49325 25.5909
internal_count=924 756 168 330 33 426 379 44 135
cat_boundaries=0 1 2
cat_threshold=18437 1
is_linear=0
shrinkage=0.02


Tree=116
num_leaves=10
num_cat=2
split_feature=0 8 1 6 15 11 11 8 8
split_gain=5.26062 4.40094 4.07674 3.88399 3.58353 4.15931 3.53168 3.47656 4.45388
threshold=0 0.7022345054509721 1 35.330309829464163 0.98744695178541453 -0.0087258540298790592 0.19512195121951217 0.57433053527785272 0.66437106156977244
decision_type=1 2 1 2 2 2 2 2 2
left_child=1 3 6 -1 -4 -6 -2 -7 -9
right_child=2 -3 4 -5 5 7 -8 8 -10
leaf_value=-0.0087567351618936771 0.019522732662657465 -0.0070934976575779719 0.014838926618713767 0.011843243897447175 -0.015801182500160726 0.025091591099495866 -0.0062934254093441116 -0.024008483149234094 0.0027184193376985767
leaf_weight=5.5410370007157352 10.627849262207745 50.367096420377493 7.214827135205268 10.790401473641394 6.0193664059042922 2.4669711813330641 2.6476708613336095 2.7246284261345854 29.468111708760262
leaf_count=31 216 268 48 86 34 19 27 19 176
internal_value=1.05947e-05 -0.00362467 0.0039253 0.00485395 0.00184867 -0.00045528 0.014374 0.00220985 0.000456391
internal_weight=127.868 66.6985 61.1694 16.3314 47.8939 40.6791 13.2755 34.6597 32.1927
internal_count=924 385 539 117 296 248 243 214 195
cat_boundaries=0 1 2
cat_threshold=85549 1
is_linear=0
shrinkage=0.02


Tree=117
num_leaves=10
num_cat=3
split_feature=0 1 5 15 14 11 11 15 0
split_gain=5.12489 7.61308 4.98512 3.96292 8.79626 3.31664 3.64515 5.56805 3.63878
threshold=0 1 363.50000000000006 1.0711827230821782 1.0068924486687647 -0.15439184960825045 0.12126717845819157 1.1293325843657567 2
decision_type=1 1 2 2 2 2 2 2 1
left_child=2 3 -1 -2 -5 -3 8 -8 -7
right_child=1 5 -4 4 -6 6 7 -9 -10
leaf_value=-0.020686698102880246 0.016003743958765117 -0.026716546261950812 0.0085436819334702065 -0.042149844191896255 0.0090500651023230211 -0.0026213185148667795 -0.016138504927560839 0.014454842391335605 0.0055969031085031607
leaf_weight=11.02054952085018 19.04150173440576 1.9879967346787442 2.9608332067728051 1.6280883513390998 7.643856979906559 39.373391777276993 11.371235094964502 3.0093956515192977 29.54786641895771
leaf_count=59 270 13 16 11 83 194 57 17 204
internal_value=1.09894e-05 0.00165112 -0.00845165 0.0107825 5.97213e-05 -0.0011866 -0.000577324 -0.00973632 0.00133373
internal_weight=127.585 113.603 13.9814 28.3134 9.27195 85.2899 83.3019 14.3806 68.9213
internal_count=924 849 75 364 94 485 472 74 398
cat_boundaries=0 1 2 3
cat_threshold=2052 1 362072
is_linear=0
shrinkage=0.02


Tree=118
num_leaves=10
num_cat=2
split_feature=0 10 8 4 1 14 14 15 11
split_gain=4.99412 4.16465 4.72761 4.39876 3.91546 3.84088 4.56339 3.45858 3.98855
threshold=0 -0.054666938345813577 0.7022345054509721 12.500000000000002 1 0.99288768252150728 0.98893711444425381 0.98744695178541453 -0.0087258540298790592
decision_type=1 2 2 2 1 2 2 2 2
left_child=1 -1 -3 5 -2 6 -4 -6 -9
right_child=4 2 3 -5 7 -7 -8 8 -10
leaf_value=-0.026029370137015798 0.014211593211922804 0.0068304432615338617 -0.0067912880214020437 0.012247607835894448 0.014652112969160427 -0.01107037395394247 0.022998404769718508 -0.015411858541114317 0.0021902091101710873
leaf_weight=3.2819522507488719 12.98575396463275 15.12196161597967 5.9131368584930879 4.763828106224536 7.1529244631528845 34.190715614706278 3.1540690660476685 6.0494065210223189 34.60721842944622
leaf_count=22 243 109 30 25 48 182 17 34 214
internal_value=1.57438e-05 -0.00353174 -0.00292172 -0.00599265 0.00384091 -0.00800138 0.00357119 0.00182746 -0.000428849
internal_weight=127.221 66.4257 63.1437 48.0217 60.7953 43.2579 9.06721 47.8095 40.6566
internal_count=924 385 363 254 539 229 47 296 248
cat_boundaries=0 1 2
cat_threshold=85549 1
is_linear=0
shrinkage=0.02


Tree=119
num_leaves=10
num_cat=2
split_feature=0 1 13 7 8 12 12 9 7
split_gain=4.89061 9.09044 5.80561 5.63238 3.27546 3.86331 3.43197 2.99774 2.41026
threshold=0 1 0.023205056219888182 37.560000000000009 1.1570330494720087 0.0043714444292629545 0.0030769734625513451 0.03520848190408276 1.4750000000000003
decision_type=1 1 2 2 2 2 2 2 2
left_child=3 2 -2 7 5 6 -3 -1 -7
right_child=1 4 -4 -5 -6 8 -8 -9 -10
leaf_value=-0.0092966909412312802 0.018871786960351231 -0.0040137417252220546 -0.0075890022629694041 0.010620424439036142 -0.011841623731755029 0.0096238615084131372 0.026420848120989927 -0.030996746497815128 -0.0024042525912946807
leaf_weight=22.436072565615184 17.635739263147119 2.312693014740943 4.0848994180560103 5.4703781157732001 9.4057924151420575 7.6670582965016356 4.1265009865164757 2.8724482208490363 50.931805785745382
leaf_count=120 301 16 29 33 47 47 28 15 288
internal_value=1.57124e-05 0.00227491 0.0138954 -0.00587363 -0.000810046 0.000785338 0.01549 -0.0117596 -0.000830498
internal_weight=126.943 96.1645 21.7206 30.7789 74.4439 65.0381 6.43919 25.3085 58.5989
internal_count=924 756 330 168 426 379 44 135 335
cat_boundaries=0 1 2
cat_threshold=18437 1
is_linear=0
shrinkage=0.02


Tree=120
num_leaves=10
num_cat=0
split_feature=8 6 15 11 9 11 5 5 6
split_gain=4.72954 5.19896 6.7618 5.12467 4.31854 3.80886 3.17039 5.72439 6.16166
threshold=0.89146933384903926 44.266585522372203 1.0095781178233683 0.12126717845819157 0.046501427988576087 0.20768958720773142 143.50000000000003 183.50000000000003 51.999927777882107
decision_type=2 2 2 2 2 2 2 2 2
left_child=1 2 -1 -4 -5 6 -2 -8 -9
right_child=5 -3 3 4 -6 -7 7 8 -10
leaf_value=-0.015692282182164587 0.01643487986758678 0.0080479738157382356 0.014429231620777323 -0.02875687784447092 0.0099253702235115229 -0.023484494348897801 -0.019076764082430343 0.0094383661708687568 -0.0062196587576242648
leaf_weight=10.504623912274839 3.2619751691818228 41.400263514369726 9.0321783162653428 2.5703161507844916 2.0957353971898556 3.7630783393979064 8.3660337999463064 14.966568160802124 30.618554338812828
leaf_count=57 23 423 61 17 14 19 45 81 184
internal_value=1.59829e-05 0.00374313 -0.00362054 0.00563679 -0.0113829 -0.00399398 -0.00271203 -0.00386968 -0.0010788
internal_weight=126.579 65.6031 24.2029 13.6982 4.66605 60.9762 57.2131 53.9512 45.5851
internal_count=924 572 149 92 31 352 333 310 265
is_linear=0
shrinkage=0.02


Tree=121
num_leaves=10
num_cat=1
split_feature=0 8 13 6 11 8 11 7 7
split_gain=4.76006 5.03547 4.96316 5.42196 3.84356 3.4592 5.45335 4.32267 3.37783
threshold=0 0.53145069635629649 0.014551586760841307 121.9995933346889 -0.13750029655933457 1.1629563319116782 -0.12321428571428573 1.7850000000000004 13.625000000000002
decision_type=1 2 2 2 2 2 2 2 2
left_child=2 -2 -1 -4 -3 6 -6 -8 -7
right_child=1 4 3 -5 5 8 7 -9 -10
leaf_value=0.011102282861026892 0.0168889841393252 -0.026429273775870371 -0.018081130874061532 0.011604588997302394 0.071947740096945767 -0.022223394704454506 0.010949710061117177 -0.0038633853662195395 0.0032568655578493972
leaf_weight=27.124978940933943 4.9329092577099791 2.9241343513131133 5.7397495582699758 4.3083753660321236 0.40130218863487144 6.6873301491141302 9.0231172665953618 62.194044530391693 3.0213192701339722
leaf_count=308 50 19 35 44 2 35 43 373 15
internal_value=1.59281e-05 -0.0024737 0.00524377 -0.00535266 -0.003901 -0.00309099 -0.00157231 -0.00198659 -0.014294
internal_weight=126.357 89.1842 37.1731 10.0481 84.2512 81.3271 71.6185 71.2172 9.70865
internal_count=924 537 387 79 487 468 418 416 50
cat_boundaries=0 1
cat_threshold=659858
is_linear=0
shrinkage=0.02


Tree=122
num_leaves=10
num_cat=1
split_feature=0 8 7 3 7 8 10 7 2
split_gain=4.67782 4.78203 5.60811 4.70971 4.58787 4.2076 4.14478 5.71201 4.70175
threshold=0 0.89146933384903926 64.335000000000022 2.5000000000000004 78.160000000000011 0.7022345054509721 -0.013063147030563957 11.645000000000001 2.5000000000000004
decision_type=1 2 2 2 2 2 2 2 2
left_child=4 3 6 -2 5 -1 -3 8 -8
right_child=1 2 -4 -5 -6 -7 7 -9 -10
leaf_value=0.0028398469776787488 0.01846410090126804 0.013987741732444697 -0.025557902981698053 0.0032827882273547193 0.019147838589376704 -0.010618658626348254 -0.011334311142086264 0.01298700776751768 0.012413050637165199
leaf_weight=12.97158247977495 12.730970349162815 7.7770213745534411 3.482284002006053 22.836109153926373 2.8982252404093733 32.7546676248312 19.243312980979688 7.3675077185034743 4.0340674854814997
leaf_count=83 190 46 17 207 19 175 98 54 35
internal_value=1.57326e-05 0.00294339 -0.00125452 0.00871683 -0.00435788 -0.00680076 0.000948163 -0.002361 -0.00721879
internal_weight=126.096 77.4713 41.9042 35.5671 48.6245 45.7263 38.4219 30.6449 23.2774
internal_count=924 647 250 397 277 258 233 187 133
cat_boundaries=0 1
cat_threshold=85005
is_linear=0
shrinkage=0.02


Tree=123
num_leaves=10
num_cat=2
split_feature=0 1 5 13 11 11 15 13 12
split_gain=4.58003 7.05372 4.74112 4.13343 3.06641 3.40995 5.28218 3.07024 3.42988
threshold=0 1 363.50000000000006 0.023205056219888182 -0.15439184960825045 0.12126717845819157 1.1293325843657567 0.0048482979674638665 0.0057011726590035653
decision_type=1 1 2 2 2 2 2 2 2
left_child=2 3 -1 -2 -3 7 -7 -6 -9
right_child=1 4 -4 -5 5 6 -8 8 -10
leaf_value=-0.020017307279502638 0.014090667999048064 -0.026348245655752944 0.008582521302718504 -0.0063534315603362111 -0.015483272850279126 -0.015671180836492115 0.014359243343809433 0.011055735261673947 -9.44533808795761e-05
leaf_weight=10.781509533524511 22.673969943076376 1.8874622583389271 2.9537257552146921 4.7918082773685446 4.1034759879112235 11.322295971214769 2.9541786462068549 14.150104708969591 50.12700878828764
leaf_count=59 331 13 16 33 24 57 17 85 289
internal_value=1.59464e-05 0.0015775 -0.00802463 0.0105239 -0.0011423 -0.000566728 -0.0094571 0.0012894 0.00236017
internal_weight=125.746 112.01 13.7352 27.4658 84.5445 82.6571 14.2765 68.3806 64.2771
internal_count=924 849 75 364 485 472 74 398 374
cat_boundaries=0 1 2
cat_threshold=2052 1
is_linear=0
shrinkage=0.02


Tree=124
num_leaves=10
num_cat=3
split_feature=0 1 7 15 9 8 4 4 1
split_gain=4.4292 5.03879 4.40639 4.31012 6.44478 3.99965 3.9632 3.21324 3.75862
threshold=0 1 78.160000000000011 1.0711827230821782 0.019127041452867182 0.7022345054509721 12.500000000000002 6.5000000000000009 2
decision_type=1 1 2 2 2 2 2 2 1
left_child=2 3 5 -2 -5 7 -7 -1 -9
right_child=1 -3 -4 4 -6 6 -8 8 -10
leaf_value=0.012167300997369403 0.021380283315976217 0.00058130376413244637 0.018947425113967825 -0.041642131685658682 0.0098302488675317077 -0.013227486154055673 0.0066680659371155951 0.0072968259052309603 -0.024187369448625179
leaf_weight=6.8488649912178499 9.9077467024326342 60.607810020446777 2.8613583520054808 1.1898370310664166 5.339552991092205 27.916972555220127 4.6756890416145316 3.1605396904051304 2.9161396622657776
leaf_count=47 211 359 19 11 66 149 26 21 15
internal_value=1.58337e-05 0.00287212 -0.00424837 0.0130663 0.000450545 -0.00663983 -0.0103733 0.00277438 -0.00781214
internal_weight=125.425 77.0449 48.3796 16.4371 6.52939 45.5182 32.5927 12.9255 6.07668
internal_count=924 647 277 288 77 258 175 83 36
cat_boundaries=0 1 2 3
cat_threshold=85005 1 1
is_linear=0
shrinkage=0.02


Tree=125
num_leaves=10
num_cat=1
split_feature=0 8 13 6 11 8 11 7 12
split_gain=4.33341 4.77253 4.76562 5.09413 3.73185 3.32934 5.10728 4.19254 3.31315
threshold=0 0.53145069635629649 0.014551586760841307 121.9995933346889 -0.13750029655933457 1.1629563319116782 -0.12321428571428573 1.7850000000000004 0.016633267612699416
decision_type=1 2 2 2 2 2 2 2 2
left_child=2 -2 -1 -4 -3 6 -6 -8 -9
right_child=1 4 3 -5 5 -7 7 8 -10
leaf_value=0.010839293173866522 0.016708016069115299 -0.026261654300684726 -0.017578212777037753 0.011334314992284324 0.068701611805046109 -0.014020788630719894 0.010900990215827952 -0.0058701948030688636 0.0062749974169256763
leaf_weight=26.602257654070854 4.8259330168366423 2.8445672616362563 5.7689332813024503 4.221165306866169 0.41254028677940269 9.5841865539550763 8.9739454463124257 50.928343761712313 10.908960051834582
leaf_count=308 50 19 35 44 2 50 43 306 67
internal_value=1.59789e-05 -0.00236384 0.00503916 -0.00536166 -0.00374668 -0.00295412 -0.00146494 -0.00187372 -0.00372761
internal_weight=125.071 88.4785 36.5924 9.9901 83.6525 80.808 71.2238 70.8112 61.8373
internal_count=924 537 387 79 487 468 418 416 373
cat_boundaries=0 1
cat_threshold=659858
is_linear=0
shrinkage=0.02


Tree=126
num_leaves=10
num_cat=1
split_feature=0 11 8 14 7 11 10 12 7
split_gain=4.26239 4.25264 4.52172 3.62462 4.37579 3.5223 5.30926 3.86836 3.45444
threshold=0 -0.13750029655933457 0.79574173287539007 0.99243911157081077 4.785000000000001 0.12479917886469113 0.025012208948231463 0.021837158742959707 1.8450000000000004
decision_type=1 2 2 2 2 2 2 2 2
left_child=5 -2 8 4 -4 -1 -7 -8 -3
right_child=1 2 3 -5 -6 6 7 -9 -10
leaf_value=0.010409529567953196 -0.02608051148476211 0.036602558276725587 -0.0043191268304658657 -0.0072914035048651984 0.022142757620658468 -0.035040241639854371 0.014301128167706215 -0.014618840194682665 0.0032784808573573655
leaf_weight=25.68417664244771 2.9723501950502387 1.3045452460646654 6.6629382297396642 47.641531016677618 4.0003848522901535 1.7727039828896503 4.8562761433422565 2.9886713288724422 26.938648302108049
leaf_count=296 20 7 33 254 22 12 52 22 206
internal_value=1.58506e-05 -0.00230129 -0.00175053 -0.00493222 0.00560815 0.00509921 -0.0037802 0.00328356 0.00481771
internal_weight=124.822 89.5204 86.548 58.3049 10.6633 35.3018 9.61765 7.84495 28.2432
internal_count=924 542 522 309 55 382 86 74 213
cat_boundaries=0 1
cat_threshold=921986
is_linear=0
shrinkage=0.02


Tree=127
num_leaves=10
num_cat=3
split_feature=1 0 13 4 0 11 7 13 7
split_gain=4.24501 4.133 4.9879 3.29975 2.69314 4.65583 3.80941 3.11465 5.15863
threshold=0 1 0.023205056219888182 16.500000000000004 2 0.12370339355042165 17.225000000000005 0.014551586760841307 1.6600000000000001
decision_type=1 1 2 2 1 2 2 2 2
left_child=1 -1 3 -3 -2 6 7 8 -6
right_child=4 2 -4 -5 5 -7 -8 -9 -10
leaf_value=-0.0042393512638995816 -0.0052455733675380346 0.019853469409989777 -0.0068819714685271595 -0.013508352572137103 0.021180902424494663 -0.010494569133945411 0.016284715206276845 -0.013692121627454068 -0.00053674470917180301
leaf_weight=10.041816145181654 41.780459024012089 16.745111703872688 4.1280232891440383 1.2762671895325173 5.5064004436135354 10.417658448219298 8.6290966458618623 4.7208881229162207 21.290487043559551
leaf_count=53 220 299 29 9 37 52 84 23 118
internal_value=1.58541e-05 0.00626988 0.00892083 0.0174908 -0.00216428 0.00118481 0.0045106 0.00128702 0.00392594
internal_weight=124.536 32.1912 22.1494 18.0214 92.345 50.5645 40.1469 31.5178 26.7969
internal_count=924 390 337 308 534 314 262 178 155
cat_boundaries=0 1 2 3
cat_threshold=1 16389 36397
is_linear=0
shrinkage=0.02


Tree=128
num_leaves=10
num_cat=3
split_feature=0 1 13 10 11 0 13 10 14
split_gain=4.14377 6.5135 3.83508 3.02428 6.02916 3.708 7.16094 5.21206 5.27684
threshold=0 1 0.023205056219888182 0.13778506572348623 0.12126717845819157 2 0.014551586760841307 -0.01111248302259535 0.99623659213657156
decision_type=1 1 2 2 2 1 2 2 2
left_child=-1 2 -2 4 5 -3 7 8 -7
right_child=1 3 -4 -5 -6 6 -8 -9 -10
leaf_value=-0.0076761032461374959 0.013799457714097581 -0.0034080680250964156 -0.005886802493345296 0.017744133206032728 -0.015355875020397652 0.012918354602599956 -0.015207470773663521 0.016182803847700707 -0.023328955377080154
leaf_weight=13.534062154591084 21.872593566775326 39.236789301037788 4.8329122588038436 3.272792935371398 11.385222293436525 3.3023507706820991 5.1008688807487479 18.528379328548912 3.128375981003046
leaf_count=75 331 201 33 17 59 26 28 134 20
internal_value=9.59332e-07 0.00149817 0.0102368 -0.0011031 -0.00186762 0.000348453 0.00479154 0.0107985 -0.00471499
internal_weight=124.194 110.66 26.7055 83.9548 80.682 69.2968 30.06 24.9591 6.43073
internal_count=924 849 364 485 468 409 208 180 46
cat_boundaries=0 1 2 3
cat_threshold=2052 1 296537
is_linear=0
shrinkage=0.02


Tree=129
num_leaves=10
num_cat=1
split_feature=5 13 13 8 9 12 11 10 1
split_gain=4.08034 3.35377 5.06321 6.68812 4.21217 3.50232 3.34939 3.89985 3.92128
threshold=292.50000000000006 0.0048482979674638665 0.01092247800222773 0.80045099306436318 0.014760845943054409 0.013257633980435514 -0.056079664570230649 -0.018366199619442931 0
decision_type=2 2 2 2 2 2 2 2 1
left_child=6 -2 -3 -4 5 -5 -1 -8 -9
right_child=1 2 3 4 -6 -7 7 8 -10
leaf_value=-0.011955180629916389 -0.020349677188641137 0.013249514093033807 0.013412306989820022 -0.0086820679211262151 -0.015582314195211305 0.021930126501296731 0.014205450591473814 0.0078999009740862696 -0.0052265152732506627
leaf_weight=13.422851443290709 2.0662291459739199 19.978566579520702 9.252653647214176 3.2368175014853504 10.367931067943571 2.7779846973717213 6.1297931782901278 11.393753085285429 45.282258301973336
leaf_count=75 18 213 103 20 56 18 37 143 241
internal_value=-1.6411e-05 0.00457258 0.00570152 -0.000180908 -0.00785809 0.00545642 -0.00288678 -0.000948677 -0.00258767
internal_weight=123.909 47.6802 45.614 25.6354 16.3827 6.0148 76.2287 62.8058 56.676
internal_count=924 428 410 197 94 38 496 421 384
cat_boundaries=0 1
cat_threshold=1
is_linear=0
shrinkage=0.02


Tree=130
num_leaves=10
num_cat=1
split_feature=5 11 7 6 1 10 13 10 7
split_gain=3.93094 3.22889 3.83038 5.30212 4.896 6.0054 4.30288 4.07182 4.56757
threshold=292.50000000000006 -0.056079664570230649 10.175000000000002 128.58279764120996 0 -0.018366199619442931 0.0088729168500383798 -0.0057595661043936307 5.080000000000001
decision_type=2 2 2 2 1 2 2 2 2
left_child=1 -1 4 -4 5 -3 -6 -7 -9
right_child=-2 2 3 -5 6 7 -8 8 -10
leaf_value=-0.011749754460798647 0.0045005624885738902 0.01768811537803407 -0.029874735116420373 0.0052992470609026223 0.017948438007215347 -0.030814942660386577 -0.0025643109078284142 -0.0016831812130455098 -0.027757342881411851
leaf_weight=13.384765490889547 47.485074367374182 4.8564530611038199 4.0176174268126479 2.9899629205465317 10.236411653459074 2.4705974757671312 6.8128561824560157 28.427484974265106 2.967918172478675
leaf_count=75 428 27 21 29 109 12 60 147 16
internal_value=-1.57017e-05 -0.0028314 -0.000929977 -0.0148669 0.000821158 -0.00311086 0.00975158 -0.00609347 -0.00414806
internal_weight=123.649 76.1641 62.7793 7.00758 55.7717 38.7225 17.0493 33.866 31.3954
internal_count=924 496 421 50 371 202 169 175 163
cat_boundaries=0 1
cat_threshold=2
is_linear=0
shrinkage=0.02


Tree=131
num_leaves=10
num_cat=1
split_feature=0 5 8 6 5 13 15 15 11
split_gain=4.01353 4.53428 4.21313 5.569 4.81982 4.28577 3.86475 4.47552 4.02739
threshold=0 363.50000000000006 1.0400564339414626 11.596483333723716 193.50000000000003 0.038203889393042631 1.1293325843657567 1.0838130068943224 -0.13750029655933457
decision_type=1 2 2 2 2 2 2 2 2
left_child=1 -1 5 -4 -5 6 7 8 -2
right_child=2 -3 3 4 -6 -7 -8 -9 -10
leaf_value=-0.019388639682612445 -0.021942272376915928 0.0087027925756356216 0.026808361748723298 -0.024533855008091306 -0.0031994165124787739 -0.026488069725406068 0.023654851813827153 -0.010631700284239718 0.005894095730296982
leaf_weight=10.486595831811426 2.1439686417579642 2.9435060620307931 1.9606482833623911 5.5619754306972053 17.763723444193602 1.835783302783965 3.9727199710905543 8.1134489215910417 68.629232859238982
leaf_count=59 16 16 12 31 96 10 30 64 590
internal_value=-1.52406e-05 -0.00758444 0.00146542 -0.00556539 -0.00828658 0.00373754 0.0044072 0.00343789 0.00505083
internal_weight=123.412 13.4301 109.982 25.2863 23.3257 84.6952 82.8594 78.8867 70.7732
internal_count=924 75 849 139 127 710 700 670 606
cat_boundaries=0 1
cat_threshold=2052
is_linear=0
shrinkage=0.02


Tree=132
num_leaves=10
num_cat=0
split_feature=8 6 15 8 8 11 13 12 7
split_gain=3.83824 4.43077 6.02812 5.11154 3.86824 3.3663 3.43767 3.19211 3.9684
threshold=0.89146933384903926 44.266585522372203 1.0095781178233683 0.67134626826124155 0.55793035706635996 0.20768958720773142 0.0048482979674638665 0.0060978333663290552 43.255000000000003
decision_type=2 2 2 2 2 2 2 2 2
left_child=1 2 -1 4 -4 6 -2 -3 -9
right_child=5 7 3 -5 -6 -7 -8 8 -10
leaf_value=-0.015054917992372708 -0.025715129634288673 0.016475570968684919 0.0096608048305887248 0.015249556200618786 -0.025143212268756258 -0.02194206158866318 -0.0013634203000782194 0.00041232540458169221 0.019879837237501693
leaf_weight=10.174089189618828 2.4235348328948012 11.321534767746924 2.2484598644077769 8.1637525558471662 2.9575961455702782 3.7689253985881797 53.660853575915098 23.277662271633748 5.1074676364660254
leaf_count=57 15 123 16 57 19 19 318 248 52
internal_value=-1.49262e-05 0.00342043 -0.00345389 0.0053742 -0.0101116 -0.00364528 -0.00241571 0.00749653 0.0039152
internal_weight=123.104 63.2506 23.5439 13.3698 5.20606 59.8533 56.0844 39.7067 28.3851
internal_count=924 572 149 92 35 352 333 423 300
is_linear=0
shrinkage=0.02


Tree=133
num_leaves=10
num_cat=2
split_feature=0 1 15 10 7 8 4 12 12
split_gain=3.88842 4.56707 4.14974 4.24633 4.13303 3.70737 3.82893 3.001 4.75886
threshold=0 1 1.0711827230821782 0.048275174199718517 78.160000000000011 0.7022345054509721 12.500000000000002 0.0043714444292629545 0.0047207383649304673
decision_type=1 1 2 2 2 2 2 2 2
left_child=4 2 -2 -4 5 -1 -7 -3 -9
right_child=1 7 3 -5 -6 6 -8 8 -10
leaf_value=0.0028173740845732916 0.021312768629490192 0.013856538542948788 -0.04031892929479651 0.0068528357545011211 0.018698939663178503 -0.012820310901161532 0.0069482659173891919 -0.043682886350038919 -0.00014148450417237428
leaf_weight=12.595886297523974 9.1790871080011112 6.0777149088680735 0.88498132675886232 5.5527820028364658 2.7948993965983382 27.403542369604114 4.5731201544404021 1.0235203690826882 52.798848576843739
leaf_count=83 211 43 7 70 19 149 26 7 309
internal_value=-1.43191e-05 0.00268997 0.0126788 0.000368265 -0.00404058 -0.00637297 -0.00999312 0.000534816 -0.000969495
internal_weight=122.884 75.5169 15.6169 6.43776 47.3674 44.5725 31.9767 59.9001 53.8224
internal_count=924 647 288 77 277 258 175 359 316
cat_boundaries=0 1 2
cat_threshold=85005 1
is_linear=0
shrinkage=0.02


Tree=134
num_leaves=10
num_cat=1
split_feature=1 14 11 12 11 6 5 5 12
split_gain=3.73427 3.45531 4.59153 4.44563 4.36174 3.17758 2.8042 4.39652 4.6426
threshold=0 1.0055692173699879 0.13133953625756906 0.012686587231238456 -0.020925635662303061 42.809028646384299 292.50000000000006 266.50000000000006 0.0046569112209344137
decision_type=1 2 2 2 2 2 2 2 2
left_child=1 2 4 -3 -1 -5 7 -2 -9
right_child=6 3 -4 5 -6 -7 -8 8 -10
leaf_value=-0.0080779624989492527 -0.0024695486966604093 0.020597551130874359 -0.027699782876947521 0.024553590876969397 0.017322067622892914 -0.0059327175167398086 0.0027666344403906428 0.0057298349367591482 -0.028031279527449868
leaf_weight=5.9010491333901873 51.799471877515316 9.950012110173704 2.2710602805018416 1.7430814504623393 4.9919434543699053 6.3479151837527752 31.590139519423246 2.2790278680622569 5.714408203959465
leaf_count=40 280 180 19 15 71 65 207 15 32
internal_value=-1.3605e-05 0.00595989 -0.00183116 0.0116448 0.00356214 0.000635091 -0.00205341 -0.00459996 -0.0184056
internal_weight=122.588 31.2051 13.1641 18.041 10.893 8.091 91.383 59.7929 7.99344
internal_count=924 390 130 260 111 80 534 327 47
cat_boundaries=0 1
cat_threshold=1
is_linear=0
shrinkage=0.02


Tree=135
num_leaves=10
num_cat=1
split_feature=0 10 4 14 5 14 5 2 11
split_gain=3.76984 3.70653 3.80818 4.1158 4.75725 3.8084 3.16411 5.38121 3.60562
threshold=0 -0.054666938345813577 12.500000000000002 0.99288768252150728 253.50000000000003 0.98893711444425381 183.50000000000003 1.5000000000000002 0.10472499381545312
decision_type=1 2 2 2 2 2 2 2 2
left_child=1 -1 3 5 -5 -3 7 -2 -8
right_child=6 2 -4 4 -6 -7 8 -9 -10
leaf_value=-0.025463611339146409 -0.026379390401496217 -0.0011421099819652423 0.013027353095784032 -0.017336786457808399 -0.0027808392124602172 0.024643541153068493 0.0094574248399345029 0.0050660623485048843 -0.0025042391013844305
leaf_weight=2.964373815804719 3.4864573925733549 7.184414327144621 5.6838017627596846 12.408789195120333 32.514411173760891 3.3638390712440014 34.774524427950382 5.7950895391404629 14.194332573562859
leaf_count=22 16 39 33 67 205 19 346 43 134
internal_value=-1.28628e-05 -0.00313403 -0.00256412 -0.00416168 -0.00680152 0.00708094 0.00338048 -0.00674589 0.00599016
internal_weight=122.37 64.1196 61.1553 55.4715 44.9232 10.5483 58.2504 9.28155 48.9689
internal_count=924 385 363 330 272 58 539 59 480
cat_boundaries=0 1
cat_threshold=85549
is_linear=0
shrinkage=0.02


Tree=136
num_leaves=10
num_cat=2
split_feature=0 1 5 13 8 12 15 15 13
split_gain=3.71634 5.91079 4.31088 3.5517 2.61091 3.72216 2.94593 2.89839 6.44123
threshold=0 1 363.50000000000006 0.023205056219888182 1.1570330494720087 0.0043714444292629545 0.99360850676902124 1.1293325843657567 0.014997342785149132
decision_type=1 1 2 2 2 2 2 2 2
left_child=2 3 -1 -2 5 6 -3 8 -7
right_child=1 4 -4 -5 -6 7 -8 -9 -10
leaf_value=-0.018962380042869979 0.013483165631488048 -0.0068908486774307302 0.0085607520828546863 -0.0055341842584308142 -0.010619539063778691 0.0005513359752872569 0.02041021248159813 0.018364885555078935 -0.017138116157981258
leaf_weight=10.293742597103117 20.941549330949787 2.1602087467908841 2.9225930720567712 4.8352231904864302 10.021380729973314 52.415429018437862 5.8960482440888882 2.8597765937447539 9.768272824585436
leaf_count=59 331 14 16 33 52 314 39 17 49
internal_value=-1.25721e-05 0.00141835 -0.00732994 0.00991588 -0.00104619 0.000266241 0.0130897 -0.00132207 -0.00222745
internal_weight=122.114 108.898 13.2163 25.7768 83.1211 73.0997 8.05626 65.0435 62.1837
internal_count=924 849 75 364 485 433 53 380 363
cat_boundaries=0 1 2
cat_threshold=2052 1
is_linear=0
shrinkage=0.02


Tree=137
num_leaves=10
num_cat=1
split_feature=0 8 6 6 12 10 11 11 8
split_gain=3.66219 4.45119 3.39644 3.69533 3.67668 3.42639 3.59106 3.31682 2.92656
threshold=0 0.53145069635629649 119.83283472438009 457.49542504574953 0.022315968245865788 0.070690539232370772 0.13305309760563297 -0.13750029655933457 1.1629563319116782
decision_type=1 2 2 2 2 2 2 2 2
left_child=2 -2 4 -4 5 6 -1 -3 -9
right_child=1 7 3 -5 -6 -7 -8 8 -10
leaf_value=0.0037653043879517178 0.016612585766162716 -0.02561797171441791 0.020990511195455582 -0.00066686278554383056 -0.02669055111853718 0.026795941492702986 -0.02465536344313933 -0.0014087449496960902 -0.013333995541796893
leaf_weight=15.247007576748738 4.6284766104072324 2.635985665023326 9.2792305015027505 4.7720535323023787 1.7636783197522152 2.2297119796276084 2.0131414961069813 69.896853059530258 9.3303959220647794
leaf_count=133 50 19 146 59 12 22 15 418 50
internal_value=-1.21011e-05 -0.00221279 0.00468034 0.0136353 0.000962126 0.00346447 0.000450453 -0.00354746 -0.00281315
internal_weight=121.797 86.4917 35.3048 14.0513 21.2535 19.4899 17.2601 81.8632 79.2272
internal_count=924 537 387 205 182 170 148 487 468
cat_boundaries=0 1
cat_threshold=659858
is_linear=0
shrinkage=0.02


Tree=138
num_leaves=10
num_cat=2
split_feature=0 11 5 9 13 15 12 11 0
split_gain=3.56119 5.48196 3.42263 3.83633 3.44333 8.96193 4.39647 4.71281 4.71756
threshold=0 0.20768958720773142 409.50000000000006 0.015841646276428905 0.015623929401462559 1.1293325843657567 0.016633267612699416 0.1162842431869298 1
decision_type=1 2 2 2 2 2 2 2 1
left_child=1 -1 4 -4 6 -6 7 8 -2
right_child=2 -3 3 -5 5 -7 -8 -9 -10
leaf_value=0.014119231518932341 -0.0048598930734561055 -0.017662017226078793 0.024542063102176513 0.00068788992799899667 -0.026571622654635196 0.017943116209168223 0.01756491132692797 -0.016704871195522147 0.0045673667976046254
leaf_weight=15.858413700014355 40.838270768523223 2.5153085701167575 3.8786705881357184 8.8502992540597898 6.7755367346107942 2.4680245071649551 4.4320487082004538 8.786964222788809 27.131908074021332
leaf_count=229 246 18 39 71 44 16 27 53 181
internal_value=-1.15294e-05 0.00632568 -0.00159846 0.00795654 -0.00312014 -0.0146862 -0.00180332 -0.00292166 -0.00113982
internal_weight=121.535 18.3737 103.162 12.729 90.4328 9.24356 81.1892 76.7571 67.9702
internal_count=924 247 677 110 567 60 507 480 427
cat_boundaries=0 1 2
cat_threshold=659458 265757
is_linear=0
shrinkage=0.02


Tree=139
num_leaves=10
num_cat=2
split_feature=0 1 5 15 14 9 12 11 11
split_gain=3.52359 5.70923 4.17744 3.43779 6.71722 2.89525 2.94326 2.55839 2.79067
threshold=0 1 309.50000000000006 1.0711827230821782 1.0068924486687647 -0.0076361346199889839 0.0038181061441124667 -0.15439184960825045 0.12126717845819157
decision_type=1 1 2 2 2 2 2 2 2
left_child=2 3 -1 5 -5 6 -2 -3 -9
right_child=1 7 -4 4 -6 -7 -8 8 -10
leaf_value=-0.021951807557184715 -0.031613812386736086 -0.025418838257775002 0.0010637324816542967 -0.035501937057621821 0.0083150122917769274 0.019782561870528494 0.0096611152281023613 0.0011722822729583241 -0.0086271556690072325
leaf_weight=7.7835552245378494 0.90252938866615773 1.6862328425049771 5.3041064739227295 1.7378664240241031 7.1872600875794888 12.714362576603889 2.9493577964603901 66.967451740056276 14.065863773226736
leaf_count=48 4 13 27 11 83 232 34 398 74
internal_value=-1.13587e-05 0.00138602 -0.00715624 0.00978954 -0.000216856 0.0151805 -9.94558e-06 -0.0010361 -0.000528716
internal_weight=121.299 108.211 13.0877 25.4914 8.92513 16.5662 3.85189 82.7195 81.0333
internal_count=924 849 75 364 94 270 38 485 472
cat_boundaries=0 1 2
cat_threshold=2052 1
is_linear=0
shrinkage=0.02


Tree=140
num_leaves=10
num_cat=1
split_feature=1 14 15 12 15 13 6 10 5
split_gain=3.35717 3.12013 5.43293 4.35442 3.63721 4.16052 3.09569 2.81216 2.569
threshold=0 1.0055692173699879 1.0711827230821782 0.012686587231238456 1.0115027632876281 0.0049565040400301966 42.809028646384299 -0.006326201978375896 292.50000000000006
decision_type=1 2 2 2 2 2 2 2 2
left_child=1 2 4 -3 5 -1 -5 -7 -2
right_child=8 3 -4 6 -6 7 -8 -9 -10
leaf_value=0.023737999414551441 -0.0043914108714282821 0.020435400052677931 -0.034373351106285442 0.024382131748926585 0.020295464039959254 -0.00021819768917859315 -0.0060943011596201512 -0.027880478337543989 0.0026889274966602449
leaf_weight=1.6611165124923006 59.223465129733086 9.4661440029740351 1.7588107138872136 1.6923975348472584 3.5127437449991703 3.444882249459623 6.2811169158667326 2.5642588082700981 31.348483357578516
leaf_count=10 327 180 11 15 56 35 65 18 207
internal_value=-1.09744e-05 0.0057421 -0.00169809 0.0112634 0.00344093 -0.00427793 0.000374395 -0.0120224 -0.00194079
internal_weight=120.953 30.3815 12.9418 17.4397 11.183 7.67026 7.97351 6.00914 90.5719
internal_count=924 390 130 260 119 63 80 53 534
cat_boundaries=0 1
cat_threshold=1
is_linear=0
shrinkage=0.02


Tree=141
num_leaves=10
num_cat=0
split_feature=8 6 15 8 8 5 14 15 5
split_gain=3.33075 3.95818 5.49297 4.9294 3.72158 3.39448 4.31392 4.43768 3.72161
threshold=0.89146933384903926 44.266585522372203 1.0095781178233683 0.67134626826124155 0.55793035706635996 143.50000000000003 0.99243911157081077 1.004818123524909 183.50000000000003
decision_type=2 2 2 2 2 2 2 2 2
left_child=1 2 -1 4 -4 -2 7 -7 -8
right_child=5 -3 3 -5 -6 6 8 -9 -10
leaf_value=-0.014514858086140579 0.016992759918980863 0.0071563252367936652 0.0094973932686600523 0.015057007086550903 -0.024823678583860392 0.015126991734295183 -0.020702653793047924 -0.013138494913483699 -0.0047932453159401289
leaf_weight=9.9558479227125662 3.0925480648875228 38.611818935722113 2.2191291935741884 7.9591137357056141 2.9354767613112926 7.599455274641512 6.9490070901811114 3.1397219486534595 38.282747901976109
leaf_count=57 23 423 16 57 19 46 38 17 228
internal_value=-1.03261e-05 0.00324017 -0.00331435 0.005189 -0.010048 -0.00340489 -0.00453192 0.00686325 -0.00723743
internal_weight=120.745 61.6814 23.0696 13.1137 5.15461 59.0635 55.9709 10.7392 45.2318
internal_count=924 572 149 92 35 352 329 63 266
is_linear=0
shrinkage=0.02


Tree=142
num_leaves=10
num_cat=1
split_feature=0 10 4 8 10 8 4 7 5
split_gain=3.42941 3.48597 3.64972 4.86949 4.32446 4.11561 3.33777 3.08864 4.05048
threshold=0 -0.054666938345813577 12.500000000000002 0.99253345143370286 0.0091572021289971182 1.1001636450963836 2.5000000000000004 1.8450000000000004 320.50000000000006
decision_type=1 2 2 2 2 2 2 2 2
left_child=1 -1 3 7 -5 -6 -7 -3 -9
right_child=-2 2 -4 4 5 6 -8 8 -10
leaf_value=-0.025105341402663593 0.0032479126894785042 0.022730522660112981 0.012951037379087246 -0.00051043504247039022 -0.038035967151298457 0.0060684191786191744 -0.023348352369267036 -0.0066415087135927977 0.0073175263847347688
leaf_weight=2.8476777449250212 57.359466195106506 2.2380922883748999 5.5779360309243193 6.6876003593206432 3.7004788219928724 2.5750221312046051 3.8491101786494255 22.528788655996323 13.178934965282677
leaf_count=22 539 11 33 36 19 13 21 122 108
internal_value=-9.93899e-06 -0.0030058 -0.00246095 -0.0040309 -0.0129911 -0.0212349 -0.0115571 -6.10063e-05 -0.00148954
internal_weight=120.543 63.1836 60.336 54.758 16.8122 10.1246 6.42413 37.9458 35.7077
internal_count=924 385 363 330 89 53 34 241 230
cat_boundaries=0 1
cat_threshold=85549
is_linear=0
shrinkage=0.02


Tree=143
num_leaves=10
num_cat=2
split_feature=0 1 14 8 15 15 15 8 9
split_gain=3.34791 5.08624 3.31807 3.81647 3.89869 3.32049 3.202 5.1235 3.0281
threshold=0 1 0.97989502819721308 0.53145069635629649 0.95910984000849309 0.97415521223118973 1.092948908738361 0.95118419659742781 0.038039924190838383
decision_type=1 1 2 2 2 2 2 2 2
left_child=2 6 -1 -4 -5 -6 -2 -8 -7
right_child=1 -3 3 4 5 8 7 -9 -10
leaf_value=-0.023282882724137761 0.021153459551725717 0.00071059054073412304 0.019554433428476264 0.023114001051653534 -0.023674605322750671 -0.00073043975387864825 0.021800733387751268 -0.032191277706172625 -0.012953998246842853
leaf_weight=3.2843815460801116 8.9531948361545783 50.885138809680939 2.9464439526200286 2.0589222237467757 3.5271169394254676 35.313468083739281 1.51441014930606 1.3121458664536474 10.521937184035776
leaf_count=23 232 319 30 11 20 198 24 8 59
internal_value=-4.4663e-06 0.00297702 -0.00320555 -0.00258227 -0.0038507 -0.00497541 0.0152946 -0.00326348 -0.00353647
internal_weight=120.317 62.6649 57.6523 54.3679 51.4214 49.3625 11.7798 2.82656 45.8354
internal_count=924 583 341 318 288 277 264 32 257
cat_boundaries=0 1 2
cat_threshold=85101 1
is_linear=0
shrinkage=0.02


Tree=144
num_leaves=10
num_cat=1
split_feature=0 11 11 13 8 10 6 14 11
split_gain=3.26988 5.13862 3.3967 3.35464 2.89497 3.39541 4.34429 3.11975 5.20534
threshold=0 0.20768958720773142 -0.13750029655933457 0.0042514280460175542 0.55793035706635996 0.02406527726108983 58.449868475299624 0.99288768252150728 -0.094210747542679732
decision_type=1 2 2 2 2 2 2 2 2
left_child=1 3 -2 -1 5 6 -4 8 -6
right_child=2 -3 4 -5 7 -7 -8 -9 -10
leaf_value=-0.059872960294325019 -0.023613730562660213 -0.016903526401940504 -0.034032897870852404 0.015029007808019369 0.037216816897098888 0.021060236021030684 0.013640328289274519 -0.003799255913625546 0.0017766799273346053
leaf_weight=0.24300273880362766 2.7480574250221244 2.5295303016901007 1.2809045054018491 15.190740980207918 1.8744928389787698 4.8146119005978107 1.8968576937913892 75.147376243025064 14.336805775761603
leaf_count=4 22 18 7 225 11 54 26 475 82
internal_value=-4.07461e-06 0.00611497 -0.00152975 0.0138497 -0.00107288 0.0104697 -0.00557598 -0.00208267 0.00587458
internal_weight=120.062 17.9633 102.099 15.4337 99.351 7.99237 3.17776 91.3587 16.2113
internal_count=924 247 677 229 655 87 33 568 93
cat_boundaries=0 1
cat_threshold=659458
is_linear=0
shrinkage=0.02


Tree=145
num_leaves=10
num_cat=2
split_feature=0 1 15 14 5 13 14 5 7
split_gain=3.20249 5.54355 3.94528 6.19758 3.21778 3.29566 3.5402 2.92633 2.80389
threshold=0 1 1.0711827230821782 1.0073806209526117 412.00000000000006 0.0098557449603285819 1.0060521159515832 182.50000000000003 64.335000000000022
decision_type=1 1 2 2 2 2 2 2 2
left_child=4 2 -2 -4 5 6 7 -1 -5
right_child=1 -3 3 8 -6 -7 -8 -9 -10
leaf_value=0.0062694874474533112 0.0217085040581378 -6.6579783712637525e-05 -0.040763524858692661 0.018561235281799773 0.010064717281585573 -0.013861104426309629 0.010268275172513545 -0.013656447762198973 -0.014663962031537567
leaf_weight=4.2690976560115841 9.1465673483908159 62.806581947952509 1.1503587327897555 4.0981098655611277 5.0217756181955329 15.851498905569313 6.656167794018983 9.5276746079325658 1.3508847989141939
leaf_count=25 218 379 8 62 38 93 42 50 9
internal_value=-3.651e-06 0.00230079 0.0132048 0.00141892 -0.00397805 -0.00701625 -0.00171133 -0.00749082 0.0103242
internal_weight=119.879 78.5525 15.7459 6.59935 41.3262 36.3044 20.4529 13.7968 5.44899
internal_count=924 676 297 79 248 210 117 75 71
cat_boundaries=0 1 2
cat_threshold=83981 1
is_linear=0
shrinkage=0.02


Tree=146
num_leaves=10
num_cat=0
split_feature=8 6 9 8 13 5 5 14 5
split_gain=3.07473 3.66773 4.53015 4.08322 3.43517 5.22665 3.23618 4.08734 3.65905
threshold=0.89146933384903926 44.266585522372203 0.018935298990914191 0.67134626826124155 0.0084912664531160333 182.50000000000003 143.50000000000003 0.99243911157081077 183.50000000000003
decision_type=2 2 2 2 2 2 2 2 2
left_child=1 2 4 -4 5 -1 -2 -8 -9
right_child=6 -3 3 -5 -6 -7 7 8 -10
leaf_value=0.023639777652136162 0.016755965162856504 0.0069479257635832467 -0.012713961586808644 0.019120856464219828 -0.021390971006308216 -0.010735699728174373 0.0067770566118927102 -0.02038392331346223 -0.0045733594397970121
leaf_weight=2.381841644644739 3.0606449246406546 38.055679893121123 2.3192157186567774 5.2820460647344589 5.929320588707923 6.8788661733269691 10.647465173155068 6.9174853377044192 38.123674940317869
leaf_count=13 23 423 17 39 39 41 63 38 228
internal_value=-3.13155e-06 0.00314793 -0.00319711 0.00940776 -0.00950473 -0.00189437 -0.0032667 -0.00436714 -0.00700157
internal_weight=119.596 60.847 22.7913 7.60126 15.19 9.26071 58.7493 55.6886 45.0412
internal_count=924 572 149 56 93 54 352 329 266
is_linear=0
shrinkage=0.02


Tree=147
num_leaves=10
num_cat=2
split_feature=0 1 13 6 5 13 14 8 5
split_gain=3.10207 5.3936 3.85853 3.13922 3.08314 3.15992 3.40859 2.9796 2.74628
threshold=0 1 0.014867143214147218 119.83283472438009 412.00000000000006 0.0098557449603285819 1.0060521159515832 0.93617123711470651 182.50000000000003
decision_type=1 1 2 2 2 2 2 2 2
left_child=4 2 -2 7 5 6 8 -4 -1
right_child=1 -3 3 -5 -6 -7 -8 -9 -10
leaf_value=0.0059088945908302246 0.021671367934169995 -5.3237794150219203e-05 0.011560439861918037 0.022094166974051973 0.0098755656153672843 -0.013622301966312374 0.010074730347345165 -0.021333881053449875 -0.013387655224028013
leaf_weight=4.2837112322449711 8.9392073918133956 62.736047096550465 1.875508219003678 2.0422459896653891 4.9830356352031222 15.787323061376808 6.6314898915588847 2.6689428985118866 9.4766440764069539
leaf_count=25 221 379 27 35 38 93 42 14 50
internal_value=-2.90998e-06 0.00226881 0.0131129 0.00149764 -0.0039208 -0.00690473 -0.00170399 -0.0077583 -0.00738048
internal_weight=119.424 78.262 15.5259 6.5867 41.1622 36.1792 20.3918 4.54445 13.7604
internal_count=924 676 297 76 248 210 117 41 75
cat_boundaries=0 1 2
cat_threshold=83981 1
is_linear=0
shrinkage=0.02


Tree=148
num_leaves=10
num_cat=1
split_feature=0 8 15 8 10 14 8 8 3
split_gain=3.04328 2.97783 3.891 2.67836 3.85802 2.40213 2.29906 4.8354 3.24911
threshold=0 0.95118419659742781 1.0864331346810256 0.55793035706635996 -0.011942959001782516 1.0026685615855142 0.64847042244542907 0.7022345054509721 1.5000000000000002
decision_type=1 2 2 2 2 2 2 2 2
left_child=1 -1 -3 4 -2 -6 8 -8 -5
right_child=3 2 -4 6 5 -7 7 -9 -10
leaf_value=0.016815096716475433 -0.026412649084780568 0.0088876484016670414 -0.022299739056604651 0.0032956701736619937 -0.0059886923276333964 0.021356420441148972 0.013927043982587616 -0.0030571832715098712 -0.022392774648877435
leaf_weight=9.6120518073439616 1.0454302597790954 5.8202617205679399 2.2069009840488434 3.1844171620905382 1.6929016076028327 5.332828227430582 7.3378963712602845 77.742247367277741 5.1620478127151728
leaf_count=183 12 52 12 21 14 63 59 466 42
internal_value=-2.45852e-06 0.00593876 0.000313327 -0.00147479 0.0094335 0.0147674 -0.00257501 -0.00159235 -0.0125919
internal_weight=119.137 17.6392 8.02716 101.498 8.07116 7.02573 93.4266 85.0801 8.34646
internal_count=924 247 64 677 89 77 588 525 63
cat_boundaries=0 1
cat_threshold=659458
is_linear=0
shrinkage=0.02


Tree=149
num_leaves=10
num_cat=2
split_feature=0 1 13 6 5 13 14 8 14
split_gain=2.9732 5.24029 3.79957 3.04585 2.98647 3.02205 3.25484 2.80032 2.6735
threshold=0 1 0.014867143214147218 119.83283472438009 412.00000000000006 0.0098557449603285819 1.0060521159515832 0.93617123711470651 1.012457928258393
decision_type=1 1 2 2 2 2 2 2 2
left_child=4 2 -2 7 5 6 -1 -4 -8
right_child=1 -3 3 -5 -6 -7 8 -9 -10
leaf_value=-0.0072315388061095403 0.021647205843649441 -4.7875299690024382e-05 0.011380444366632285 0.022061800535808338 0.0097718573184260738 -0.013358139268262077 0.023936993043774901 -0.020588743984676687 -0.0016621525278712405
leaf_weight=13.726898387074472 8.7351542711257917 62.665691785514355 1.8489917721599347 1.9984258059412239 4.9599172063171855 15.742182593792675 2.9688938856124869 2.6911639198660851 3.623676959425211
leaf_count=75 221 379 27 35 38 93 20 14 22
internal_value=-1.90731e-06 0.0022267 0.0130168 0.0014871 -0.00384234 -0.00678032 -0.00168426 -0.0075692 0.00986615
internal_weight=118.961 77.9394 15.2737 6.53858 41.0216 36.0617 20.3195 4.54016 6.59257
internal_count=924 676 297 76 248 210 117 41 42
cat_boundaries=0 1 2
cat_threshold=83981 1
is_linear=0
shrinkage=0.02


end of trees

feature_importances:
cross_market_ratio=207
seriesId=147
rarity=145
volatility_30d=132
current_demand=128
return_30d=128
price_T=87
demand_to_offer_ratio=73
sma_30_ratio=57
sma_7_ratio=48
volatility_14d=43
return_7d=38
hype_level=35
return_14d=34
current_offer=28
age_level=20

parameters:
[boosting: gbdt]
[objective: binary]
[metric: auc]
[tree_learner: serial]
[device_type: cpu]
[data_sample_strategy: bagging]
[data: ]
[valid: ]
[num_iterations: 150]
[learning_rate: 0.02]
[num_leaves: 10]
[num_threads: 0]
[seed: 0]
[deterministic: 0]
[force_col_wise: 0]
[force_row_wise: 0]
[histogram_pool_size: -1]
[max_depth: -1]
[min_data_in_leaf: 15]
[min_sum_hessian_in_leaf: 0.001]
[bagging_fraction: 0.8]
[pos_bagging_fraction: 1]
[neg_bagging_fraction: 1]
[bagging_freq: 0]
[bagging_seed: 3]
[bagging_by_query: 0]
[feature_fraction: 0.8]
[feature_fraction_bynode: 1]
[feature_fraction_seed: 2]
[extra_trees: 0]
[extra_seed: 6]
[early_stopping_round: 0]
[early_stopping_min_delta: 0]
[first_metric_only: 0]
[max_delta_step: 0]
[lambda_l1: 0]
[lambda_l2: 0]
[linear_lambda: 0]
[min_gain_to_split: 0]
[drop_rate: 0.1]
[max_drop: 50]
[skip_drop: 0.5]
[xgboost_dart_mode: 0]
[uniform_drop: 0]
[drop_seed: 4]
[top_rate: 0.2]
[other_rate: 0.1]
[min_data_per_group: 100]
[max_cat_threshold: 32]
[cat_l2: 10]
[cat_smooth: 10]
[max_cat_to_onehot: 4]
[top_k: 20]
[monotone_constraints: ]
[monotone_constraints_method: basic]
[monotone_penalty: 0]
[feature_contri: ]
[forcedsplits_filename: ]
[refit_decay_rate: 0.9]
[cegb_tradeoff: 1]
[cegb_penalty_split: 0]
[cegb_penalty_feature_lazy: ]
[cegb_penalty_feature_coupled: ]
[path_smooth: 0]
[interaction_constraints: ]
[verbosity: -1]
[saved_feature_importance_type: 0]
[use_quantized_grad: 0]
[num_grad_quant_bins: 4]
[quant_train_renew_leaf: 0]
[stochastic_rounding: 1]
[linear_tree: 0]
[max_bin: 255]
[max_bin_by_feature: ]
[min_data_in_bin: 3]
[bin_construct_sample_cnt: 200000]
[data_random_seed: 1]
[is_enable_sparse: 1]
[enable_bundle: 1]
[use_missing: 1]
[zero_as_missing: 0]
[feature_pre_filter: 1]
[pre_partition: 0]
[two_round: 0]
[header: 0]
[label_column: ]
[weight_column: ]
[group_column: ]
[ignore_column: ]
[categorical_feature: 0,1]
[forcedbins_filename: ]
[precise_float_parser: 0]
[parser_config_file: ]
[objective_seed: 5]
[num_class: 1]
[is_unbalance: 0]
[scale_pos_weight: 1]
[sigmoid: 1]
[boost_from_average: 1]
[reg_sqrt: 0]
[alpha: 0.9]
[fair_c: 1]
[poisson_max_delta_step: 0.7]
[tweedie_variance_power: 1.5]
[lambdarank_truncation_level: 30]
[lambdarank_norm: 1]
[label_gain: ]
[lambdarank_position_bias_regularization: 0]
[eval_at: ]
[multi_error_top_k: 1]
[auc_mu_weights: ]
[num_machines: 1]
[local_listen_port: 12400]
[time_out: 120]
[machine_list_filename: ]
[machines: ]
[gpu_platform_id: -1]
[gpu_device_id: -1]
[gpu_use_dp: 0]
[num_gpu: 1]

end of parameters

pandas_categorical:[["ASC", "BLK", "DRI", "JTG", "MEG", "MEW", "OBF", "PAF", "PAL", "PAR", "PFL", "POR", "PRE", "SCR", "SFA", "SSP", "SVI", "TEF", "TWM", "WHT"], [2, 3, 4]]
