tree
version=v4
num_class=1
num_tree_per_iteration=1
label_index=0
max_feature_idx=15
objective=binary sigmoid:1
feature_names=seriesId rarity hype_level age_level current_offer current_demand demand_to_offer_ratio price_T cross_market_ratio return_7d return_14d return_30d volatility_14d volatility_30d sma_7_ratio sma_30_ratio
feature_infos=-1:1:20:9:10:0:17:18:5:16:3:19:13:6:15:2:11:14:7:12:4:8 -1:0:1:2 [1:3] [1:3] [0:169] [93:655] [0.70414197016911417:62199999.999999993] [0.60999999999999999:1436.1199999999999] [0.2326438459055791:1.8104419109198984] [-0.28856243441762847:0.45255474452554734] [-0.44607843137254899:0.41637010676156583] [-0.53908905506458193:0.7845043914680051] [0.0012326638377612787:0.10905528755880874] [0.0023946539351209599:0.086307883046103706] [0.84977618621307072:1.3550583657587549] [0.57210361994768377:1.4058636524196395]
tree_sizes=1156 1193 1221 1202 1211 1195 1217 1200 1198 1214 1213 1227 1197 1200 1198 1224 1206 1219 1203 1206 1219 1195 1227 1202 1189 1203 1209 1200 1218 1207 1224 1213 1215 1206 1215 1218 1218 1218 1205 1228 1201 1225 1203 1190 1201 1217 1211 1218 1217 1209 1230 1207 1199 1215 1221 1220 1213 1226 1219 1206 1224 1219 1207 1221 1223 1189 1187 1221 1224 1196 1219 1215 1226 1215 1233 1213 1213 1184 1220 1225 1202 1195 1217 1231 1218 1205 1206 1212 1219 1209 1205 1218 1218 1208 1226 1228 1209 1221 1225 1218 1215 1219 1198 1222 1204 1221 1214 1228 1222 1224 1216 1219 1205 1225 1228 1224 1215 1211 1220 1224 1202 1217 1230 1220 1212 1227 1224 1218 1229 1202 1190 1211 1216 1215 1190 1214 1212 1224 1224 1210 1199 1213 1233 1222 1223 1213 1219 1208 1217 1227

Tree=0
num_leaves=10
num_cat=0
split_feature=9 11 14 13 7 6 8 11 2
split_gain=89.656 39.3617 12.1715 18.4623 11.4484 8.10124 8.17448 8.12587 6.96835
threshold=0.0076826850453172489 -0.14991992877013091 1.0152009255953356 0.01808915573916807 2.5150000000000001 47.309450589683159 1.1305822485609691 0.12874202333223947 2.5000000000000004
decision_type=2 2 2 2 2 2 2 2 2
left_child=1 -1 3 4 -2 8 7 -7 -3
right_child=2 5 -4 -5 -6 6 -8 -9 -10
leaf_value=0.75864107427098226 0.79621865179698126 0.79907011237047354 0.82802722647648253 0.77013082101822272 0.82309518443649299 0.8111239691662504 0.78080311542771486 0.77795717025185029 0.77717453532848757
leaf_weight=10.008924126625059 7.6664099693298331 18.314201593399048 71.766115546226501 3.4072933197021475 36.628403186798096 39.396829009056091 4.6850283145904532 3.1943374872207633 8.5182332992553729
leaf_count=47 36 86 337 16 172 185 22 15 40
internal_value=0.811686 0.795869 0.822823 0.814993 0.818443 0.800896 0.805878 0.808636 0.792119
internal_weight=203.586 84.1176 119.468 47.7021 44.2948 74.1086 47.2762 42.5912 26.8324
internal_count=956 395 561 224 208 348 222 200 126
is_linear=0
shrinkage=1


Tree=1
num_leaves=10
num_cat=0
split_feature=9 5 11 13 9 11 5 5 7
split_gain=85.9508 42.1315 13.563 12.9612 11.4863 10.1083 11.8477 8.28571 7.40054
threshold=0.0076826850453172489 189.50000000000003 -0.06678333291291437 0.020991109648794037 0.01888650263437543 0.094682918212329978 288.50000000000006 466.50000000000006 55.970000000000006
decision_type=2 2 2 2 2 2 2 2 2
left_child=1 2 -1 7 5 -2 -7 8 -3
right_child=4 3 -4 -5 -6 6 -8 -9 -10
leaf_value=-0.058816099835559132 0.0069306749089571617 -0.0046976722276115129 -0.025756115682812483 -0.035997220403740822 0.014964452914802591 -0.0437355676854249 0.00669051993970372 0.023689434563135638 -0.033471022468420299
leaf_weight=9.0832730978727358 27.402543216943741 51.085743233561516 10.944701209664343 5.8278007358312598 84.086627274751663 3.8500418066978446 3.6124620735645294 3.8364905118942252 3.8446398973464957
leaf_count=42 129 239 51 27 397 18 17 18 18
internal_value=1.52204e-06 -0.0154061 -0.0407498 -0.00754812 0.0109626 0.00131087 -0.0193252 -0.00472688 -0.00671155
internal_weight=203.574 84.6226 20.028 64.5947 118.952 34.865 7.4625 58.7669 54.9304
internal_count=956 395 93 302 561 164 35 275 257
is_linear=0
shrinkage=0.02


Tree=2
num_leaves=10
num_cat=1
split_feature=9 5 0 11 11 9 11 5 11
split_gain=82.4168 39.5297 13.0005 16.0435 12.4604 11.1496 9.66615 11.1399 8.12703
threshold=0.0076826850453172489 189.50000000000003 0 -0.14991992877013091 -0.06678333291291437 0.01888650263437543 0.094682918212329978 288.50000000000006 0.10472499381545312
decision_type=2 2 1 2 2 2 2 2 2
left_child=1 4 -3 -4 -1 6 -2 -8 -5
right_child=5 2 3 8 -6 -7 7 -9 -10
leaf_value=-0.056438557908760442 0.0068105891206923291 0.0051277270212249934 -0.056141926928392011 -0.0081285031204724745 -0.0249986919660239 0.014752769115229544 -0.042165026796390892 0.0065739525561841154 -0.036558278590487679
leaf_weight=9.2745878398418444 27.328744053840637 22.254810258746147 3.5005444586276999 34.466821193695068 11.049698680639265 83.592306092381477 3.9129213392734519 3.6030817180871964 4.5533715039491645
leaf_count=42 129 104 16 161 51 397 18 17 21
internal_value=2.98708e-06 -0.015011 -0.00737563 -0.0122457 -0.0393457 0.0107909 0.00128636 -0.0188001 -0.0114461
internal_weight=203.537 85.0998 64.7755 42.5207 20.3243 118.437 34.8447 7.516 39.0202
internal_count=956 395 302 198 93 561 164 35 182
cat_boundaries=0 1
cat_threshold=803906
is_linear=0
shrinkage=0.02


Tree=3
num_leaves=10
num_cat=0
split_feature=14 3 14 5 13 10 14 11 11
split_gain=73.5396 35.5929 27.8855 22.6073 19.2201 10.1337 9.66302 7.20588 6.9438
threshold=0.99541365799748294 1.5000000000000002 1.0152009255953356 225.50000000000003 0.017709976160856355 -0.045053947696827433 0.98828276918806679 0.025022521227454842 0.080392865267017208
decision_type=2 2 2 2 2 2 2 2 2
left_child=1 5 3 8 -5 -1 -3 -8 -2
right_child=2 6 -4 4 -6 -7 7 -9 -10
leaf_value=-0.057069608218478181 -0.0107869424180709 0.00099100885683981984 0.015809289454029742 0.0085688115057815772 -0.031423174622793981 -0.022707036896045616 -0.0076899894993010358 -0.036649136621284696 -0.034574693510347185
leaf_weight=10.988197118043898 17.015281736850742 16.346267148852352 70.936215102672577 57.300917387008667 5.2471456825733176 4.9926429092884055 7.0765870809555036 6.6825683861970901 6.8986136466264716
leaf_count=49 79 76 339 270 24 23 33 31 32
internal_value=9.4329e-06 -0.0222103 0.00651538 -0.00110964 0.00521389 -0.0463342 -0.00940462 -0.0217549 -0.0176492
internal_weight=203.484 46.0863 157.398 86.462 62.5481 15.9808 30.1054 13.7592 23.9139
internal_count=956 212 744 405 294 72 140 64 111
is_linear=0
shrinkage=0.02


Tree=4
num_leaves=10
num_cat=1
split_feature=9 5 0 5 11 9 11 5 7
split_gain=76.2394 35.55 12.4273 11.6006 10.7007 10.5307 9.02237 10.2609 7.20774
threshold=0.0076826850453172489 189.50000000000003 0 303.50000000000006 -0.06678333291291437 0.01888650263437543 0.094682918212329978 288.50000000000006 3.0600000000000001
decision_type=2 2 1 2 2 2 2 2 2
left_child=1 4 3 8 -1 6 -2 -8 -3
right_child=5 2 -4 -5 -6 -7 7 -9 -10
leaf_value=-0.052593146660637795 0.0066312224036464296 -0.012289926856398166 0.0010800461435580963 -0.00415459556285865 -0.023811476531484785 0.014367198711300076 -0.040083610169520098 0.0064863072290264672 -0.043242369659759028
leaf_weight=9.5825868248939532 27.215886369347572 4.3290488421916988 42.513998180627823 8.3992244750261289 11.213345900177954 82.672956049442291 3.9957486987113944 3.5953164994716644 9.8713945448398572
leaf_count=42 129 20 198 39 51 397 18 17 45
internal_value=1.07229e-05 -0.0143084 -0.0070376 -0.0157965 -0.0370738 0.0104819 0.00125351 -0.0180269 -0.0338064
internal_weight=203.39 85.9096 65.1137 22.5997 20.7959 117.48 34.807 7.59107 14.2004
internal_count=956 395 302 104 93 561 164 35 65
cat_boundaries=0 1
cat_threshold=131597
is_linear=0
shrinkage=0.02


Tree=5
num_leaves=10
num_cat=0
split_feature=9 5 13 14 13 5 11 5 7
split_gain=73.1416 33.5482 10.9188 10.7996 16.0859 13.962 9.97667 7.85406 6.90197
threshold=0.0076826850453172489 189.50000000000003 0.020991109648794037 1.0152009255953356 0.01808915573916807 231.50000000000003 -0.06678333291291437 466.50000000000006 55.970000000000006
decision_type=2 2 2 2 2 2 2 2 2
left_child=1 6 7 4 5 -2 -1 8 -3
right_child=3 2 -4 -5 -6 -7 -8 -9 -10
leaf_value=-0.050772046792513778 -0.012630510126938384 -0.0042231200740495464 -0.032464321686724522 0.015326591847427398 -0.038128040867835104 0.013010392009418132 -0.02314417502807185 0.023509734389526051 -0.031750086491790883
leaf_weight=9.7262650430202502 11.532769948244093 51.489987179636955 6.0517549812793723 69.65737920999527 3.5297036468982688 32.244473323225975 11.304973781108854 3.8115106225013724 3.9209279119968405
leaf_count=42 54 239 27 337 16 154 51 18 18
internal_value=1.28628e-05 -0.0139535 -0.00687556 0.0103183 0.00294392 0.0062555 -0.0359212 -0.00426073 -0.00617095
internal_weight=203.27 86.3054 65.2742 116.964 47.3069 43.7772 21.0312 59.2224 55.4109
internal_count=956 395 302 561 224 208 93 275 257
is_linear=0
shrinkage=0.02


Tree=6
num_leaves=10
num_cat=1
split_feature=9 5 0 11 14 13 5 11 11
split_gain=70.2038 31.7039 11.9559 13.179 10.4942 15.3004 13.4467 9.34224 7.1325
threshold=0.0076826850453172489 189.50000000000003 0 -0.14991992877013091 1.0152009255953356 0.01808915573916807 231.50000000000003 -0.06678333291291437 0.10472499381545312
decision_type=2 2 1 2 2 2 2 2 2
left_child=1 7 -3 -4 5 6 -2 -1 -5
right_child=4 2 3 8 -6 -7 -8 -9 -10
leaf_value=-0.049099740943610602 -0.012318403552436885 0.005130631504162507 -0.050202089577920661 -0.00752469130140069 0.015117873969541782 -0.036890942311436817 0.012818316483463106 -0.022506233974468083 -0.033800940711888272
leaf_weight=9.8550357818603533 11.587905853986738 22.252590298652649 3.6831059306859961 34.800447776913643 69.211196944117546 3.5746397078037253 32.074807837605476 11.392007097601889 4.688888043165206
leaf_count=42 54 104 16 161 337 16 154 51 21
internal_value=1.38296e-05 -0.0136151 -0.00672181 -0.0113828 0.0101577 0.00289027 0.00614713 -0.0348411 -0.0106447
internal_weight=203.121 86.6721 65.425 43.1724 116.449 47.2374 43.6627 21.247 39.4893
internal_count=956 395 302 198 561 224 208 93 182
cat_boundaries=0 1
cat_threshold=803906
is_linear=0
shrinkage=0.02


Tree=7
num_leaves=10
num_cat=0
split_feature=9 5 13 15 10 9 4 5 12
split_gain=67.3493 39.1045 16.334 11.3666 9.90217 8.74593 8.49981 7.40003 9.60265
threshold=0.015109689022732522 196.00000000000003 0.017709976160856355 0.95246103553930384 0.020083713850837105 1.0000000180025095e-35 11.500000000000002 283.50000000000006 0.031458163093157847
decision_type=2 2 2 2 2 2 2 2 2
left_child=1 3 4 -1 -3 -6 -5 -2 -9
right_child=7 2 -4 6 5 -7 -8 8 -10
leaf_value=-0.049479636832073418 0.005953030754853335 -0.0052088293609823255 -0.026870257514893425 -0.032152212116940852 -0.0061897578357642535 0.021085034538612463 -0.0019601402691912777 0.019597217920361971 -0.013027258441397929
leaf_weight=9.4928303807973879 41.161792322993279 50.682446852326393 10.79824638366699 11.201397851109506 7.3399740308523205 13.088035747408865 5.5916592478752127 49.706260547041893 3.8913322091102591
leaf_count=40 199 236 48 50 34 62 25 243 19
internal_value=1.97958e-05 -0.0107624 -0.00395097 -0.0319872 -0.000470637 0.0112849 -0.022099 0.0123307 0.0172286
internal_weight=202.954 108.195 81.9087 26.2859 71.1105 20.428 16.7931 94.7594 53.5976
internal_count=956 495 380 115 332 96 75 461 262
is_linear=0
shrinkage=0.02


Tree=8
num_leaves=10
num_cat=0
split_feature=10 3 10 2 5 13 11 8 10
split_gain=59.0257 32.1332 13.0776 11.9845 11.8766 17.5084 11.5558 11.1836 9.05183
threshold=0.0033551356199747777 1.5000000000000002 -0.045053947696827433 2.5000000000000004 234.50000000000003 0.020158179393801611 0.050344456025390755 0.75991917948093191 0.14273319636915002
decision_type=2 2 2 2 2 2 2 2 2
left_child=1 2 -1 -4 -2 -6 7 -3 -7
right_child=4 6 3 -5 5 8 -8 -9 -10
leaf_value=-0.048213968904670522 -0.0026791878054754493 0.01633658680970098 -0.0032939106625329401 -0.046925476146213417 0.013997684333822003 -0.022029367397925274 -0.027949113232938565 -0.0081091156147479679 0.013761405383207415
leaf_weight=12.580250754952433 34.702282696962357 11.087843671441076 7.2547951489686948 3.8568331450223923 89.881794139742851 8.9713953435420972 7.26340627670288 23.04289747774601 4.1266925334930411
leaf_count=53 163 52 33 17 436 42 33 107 20
internal_value=2.05556e-05 -0.0156739 -0.034249 -0.0184384 0.00743973 0.0108496 -0.0050424 -0.000167591 -0.0107531
internal_weight=202.768 65.086 23.6919 11.1116 137.682 102.98 41.3941 34.1307 13.0981
internal_count=956 295 103 50 661 498 192 159 62
is_linear=0
shrinkage=0.02


Tree=9
num_leaves=10
num_cat=1
split_feature=9 5 13 15 4 5 12 8 0
split_gain=63.2311 35.6222 15 9.94774 7.95767 7.12111 9.24589 8.6527 6.65209
threshold=0.015109689022732522 196.00000000000003 0.017709976160856355 0.95246103553930384 11.500000000000002 283.50000000000006 0.031458163093157847 0.74315501593190303 0
decision_type=2 2 2 2 2 2 2 2 1
left_child=1 3 8 -1 -5 7 -7 -2 -3
right_child=5 2 -4 4 -6 6 -8 -9 -10
leaf_value=-0.046645826522757478 0.020885214870642793 0.0070374232807459882 -0.025646710913335022 -0.030863540638357768 -0.001745144919733492 0.019240721514047703 -0.012712231162683623 0.000188074080670519 -0.0043246811911890025
leaf_weight=9.6760017275810259 11.068934589624403 21.617439076304436 10.936879381537436 11.349756091833116 5.6096373796463004 49.04789474606514 3.9111677557229987 29.917443871498108 49.445143237709999
leaf_count=40 54 102 48 50 25 243 19 145 230
internal_value=2.12342e-05 -0.0103696 -0.00384235 -0.0304643 -0.0212321 0.0120368 0.0168809 0.00577762 -0.000486557
internal_weight=202.58 108.635 81.9995 26.6354 16.9594 93.9454 52.9591 40.9864 71.0626
internal_count=956 495 380 115 75 461 262 199 332
cat_boundaries=0 1
cat_threshold=803904
is_linear=0
shrinkage=0.02


Tree=10
num_leaves=10
num_cat=1
split_feature=9 5 11 0 10 11 6 5 12
split_gain=60.8017 33.9167 12.5499 15.8578 15.944 8.004 7.35799 6.94753 8.97274
threshold=0.015109689022732522 189.50000000000003 0.1445160286336758 0 0.020083713850837105 -0.06678333291291437 100.41637382031593 283.50000000000006 0.031458163093157847
decision_type=2 2 2 1 2 2 2 2 2
left_child=1 5 3 4 6 -1 -3 -2 -9
right_child=7 2 -4 -5 -6 -7 -8 8 -10
leaf_value=-0.044013746452760003 0.0056765208813386071 -0.039037869472584821 -0.031963943519974468 0.004383464958035186 0.0083085580435265545 -0.02098794669592717 -0.012901769578249206 0.019018807822453385 -0.012391535960505171
leaf_weight=10.450848489999773 40.885645970702171 9.9884606450796181 5.9953380823135367 53.803758218884468 6.7980938553810111 14.303129404783247 7.5770380347967139 48.631991118192673 3.9319283813238135
leaf_count=43 199 44 26 252 32 63 35 243 19
internal_value=2.44981e-05 -0.01013 -0.0040773 -0.00193842 -0.0125483 -0.0307092 -0.0277638 0.0118597 0.0166692
internal_weight=202.366 108.917 84.1627 78.1674 24.3636 24.754 17.5655 93.4496 52.5639
internal_count=956 495 389 363 111 106 79 461 262
cat_boundaries=0 1
cat_threshold=73741
is_linear=0
shrinkage=0.02


Tree=11
num_leaves=10
num_cat=1
split_feature=9 5 13 11 13 0 14 5 12
split_gain=58.4562 32.2953 15.2772 7.62884 7.98724 7.16319 10.8765 6.77987 8.70861
threshold=0.015109689022732522 189.50000000000003 0.017709976160856355 -0.030340062637548699 0.0066483718738816018 0 1.0104704648255576 283.50000000000006 0.031458163093157847
decision_type=2 2 2 2 2 1 2 2 2
left_child=1 3 5 -1 -5 -3 -7 -2 -9
right_child=7 2 -4 4 -6 6 -8 8 -10
leaf_value=-0.041262667805122159 0.0055764491977612334 0.0072138978880281011 -0.025331991285168116 0.0071485273021236586 -0.028634107610717743 -0.0079171939672562815 0.028435122724233715 0.018800352801915044 -0.012081345277863679
leaf_weight=12.129369214177133 40.787962645292282 21.959185540676117 11.564351722598074 3.3989423662424079 9.3848867416381818 47.186345398426056 3.5391265004873267 48.217327892780304 3.9520173519849768
leaf_count=50 199 104 50 15 41 218 17 243 19
internal_value=2.94025e-05 -0.00989597 -0.00398041 -0.0299006 -0.0191203 -0.00058331 -0.00449479 0.011685 0.016461
internal_weight=202.12 109.162 84.249 24.9132 12.7838 72.6847 50.7255 92.9573 52.1693
internal_count=956 495 389 106 56 339 235 461 262
cat_boundaries=0 1
cat_threshold=803904
is_linear=0
shrinkage=0.02


Tree=12
num_leaves=10
num_cat=0
split_feature=14 3 14 5 13 14 11 11 6
split_gain=53.0407 22.6637 21.71 17.0092 14.3594 9.05628 6.51957 6.49261 7.53925
threshold=0.99541365799748294 1.5000000000000002 1.0152009255953356 225.50000000000003 0.017709976160856355 0.98828276918806679 -0.021925829845309639 0.080392865267017208 18.085698781646318
decision_type=2 2 2 2 2 2 2 2 2
left_child=1 -1 3 7 -5 -3 -7 8 -2
right_child=2 5 -4 4 -6 6 -8 -9 -10
leaf_value=-0.036683948383502717 0.0066736173312091423 0.0019752669818566895 0.014255524510491531 0.007775296708243065 -0.025922263132753837 0.0049456885754486438 -0.027302792393319023 -0.03093621160238362 -0.019767213004169497
leaf_weight=17.241049006581306 7.5923054516315522 16.610318765044216 67.511355370283127 56.131152421236038 5.5592074394226065 3.2643414735794076 10.817189902067181 7.1647998392581931 9.9886539727449399
leaf_count=72 34 76 339 270 24 15 49 32 45
internal_value=3.6915e-05 -0.0183351 0.00575721 -0.000880446 0.00473865 -0.00802771 -0.019827 -0.0148887 -0.00834879
internal_weight=201.88 47.9329 153.947 86.4361 61.6904 30.6919 14.0815 24.7458 17.581
internal_count=956 212 744 405 294 140 64 111 79
is_linear=0
shrinkage=0.02


Tree=13
num_leaves=10
num_cat=0
split_feature=9 5 13 10 15 9 5 12 8
split_gain=54.325 29.8696 12.5989 8.90952 8.50507 8.37513 6.55058 8.49791 8.47261
threshold=0.015109689022732522 196.00000000000003 0.017709976160856355 0.020083713850837105 0.95246103553930384 1.0000000180025095e-35 283.50000000000006 0.031458163093157847 0.74315501593190303
decision_type=2 2 2 2 2 2 2 2 2
left_child=1 4 3 -3 -1 -5 8 -8 -2
right_child=6 2 -4 5 -6 -7 7 -9 -10
leaf_value=-0.042438346715836496 0.020452447664095815 -0.0048262406840596647 -0.02319186778626444 -0.0061793282022553743 -0.019194553400776145 0.020597898692518699 0.018444247587488201 -0.01208095656537612 -0.00018122458773435257
leaf_weight=9.8906125426292437 10.8782562315464 50.95886467397213 11.199441850185393 7.3380187302827862 17.330025032162666 12.860759034752844 47.527898237109184 3.9512804597616187 29.674994319677353
leaf_count=40 54 236 48 34 75 62 243 19 145
internal_value=3.71595e-05 -0.00947728 -0.00347408 -0.000370714 -0.0276402 0.01087 0.0113655 0.0161013 0.00535368
internal_weight=201.61 109.578 82.3571 71.1576 27.2206 20.1988 92.0324 51.4792 40.5533
internal_count=956 495 380 332 115 96 461 262 199
is_linear=0
shrinkage=0.02


Tree=14
num_leaves=10
num_cat=0
split_feature=14 3 14 5 13 15 11 10 6
split_gain=48.9814 20.9387 20.5496 15.827 13.3022 9.32442 6.18958 11.2349 6.5074
threshold=0.99541365799748294 1.5000000000000002 1.0152009255953356 225.50000000000003 0.017709976160856355 0.943818703598022 0.080392865267017208 0.014214705704067453 18.763866738066366
decision_type=2 2 2 2 2 2 2 2 2
left_child=1 -1 3 6 -5 -3 7 -2 -9
right_child=2 5 -4 4 -6 -7 -8 8 -10
leaf_value=-0.035076243639447113 -0.022323508266997898 0.024045678290948076 0.01391294499098702 0.0075430554121706187 -0.024733432557372176 -0.011453998610674086 -0.029885934519124677 0.029945375911222909 -0.0064974564529749149
leaf_weight=17.399450197815895 9.7389747649431282 3.3159194886684444 66.721885368227959 55.793858125805855 5.6222136467695227 27.542061969637871 7.2403282821178427 3.5343825221061698 4.3997742980718613
leaf_count=72 43 15 339 270 24 125 32 16 20
internal_value=3.73351e-05 -0.0175318 0.00557693 -0.000865769 0.00458837 -0.00763929 -0.0143112 -0.00793051 0.00973652
internal_weight=201.309 48.2574 153.051 86.3295 61.4161 30.858 24.9135 17.6731 7.93416
internal_count=956 212 744 405 294 140 111 79 36
is_linear=0
shrinkage=0.02


Tree=15
num_leaves=10
num_cat=1
split_feature=10 3 11 10 2 0 5 13 12
split_gain=46.3774 23.8642 10.1491 10.0435 10.1335 9.99085 12.9277 12.112 10.0506
threshold=0.0033551356199747777 1.5000000000000002 0.050344456025390755 -0.045053947696827433 2.5000000000000004 0 180.50000000000003 0.019226766915215385 0.01515649581455795
decision_type=2 2 2 2 2 1 2 2 2
left_child=1 3 -3 -1 -5 7 -7 8 -2
right_child=5 2 -4 4 -6 6 -8 -9 -10
leaf_value=-0.04132441479657855 -0.0033574673279115996 0.00012970252843874766 -0.025655711967705535 -0.0017748367687554182 -0.041175191458279255 -0.011324499220900855 0.013599274420031273 -0.031769632434416821 0.022350963700316546
leaf_weight=13.05893833935261 31.483121663331985 34.253845855593681 7.4301743358373633 7.4100760668516141 4.0317377895116806 9.2696187794208509 81.634396195411682 4.8936383277177802 7.5394601374864569
leaf_count=53 153 159 33 33 17 43 404 23 38
internal_value=3.75139e-05 -0.0136738 -0.00446655 -0.0293384 -0.0156583 0.00676854 0.00996189 -0.00171856 0.0016096
internal_weight=201.005 66.1848 41.684 24.5008 11.4418 134.82 90.904 43.9162 39.0226
internal_count=956 295 192 103 50 661 447 214 191
cat_boundaries=0 1
cat_threshold=109065
is_linear=0
shrinkage=0.02


Tree=16
num_leaves=10
num_cat=0
split_feature=9 5 13 10 5 12 11 3 15
split_gain=49.3365 26.7027 12.7067 8.6174 6.33199 8.19105 6.21801 5.70113 6.50797
threshold=0.015109689022732522 189.50000000000003 0.017709976160856355 0.0081592341766760831 283.50000000000006 0.031458163093157847 -0.06678333291291437 2.5000000000000004 0.97603382873092415
decision_type=2 2 2 2 2 2 2 2 2
left_child=1 6 3 7 -2 -6 -1 -3 -9
right_child=4 2 -4 -5 5 -7 -8 8 -10
leaf_value=-0.038571839282309235 0.0050217920826201561 -0.012947938661975236 -0.022813103261908951 0.0076614946867552868 0.017998201758228301 -0.011975693539316885 -0.018520096288569276 0.019057038158342157 -0.0061049212593613268
leaf_weight=10.690777719020845 40.199039459228516 23.214920163154602 11.813753813505171 30.454571038484573 46.645119652152061 3.9561054557561866 14.68042306602001 5.9988870620727566 13.069586277008055
leaf_count=43 199 105 50 145 243 19 63 28 61
internal_value=3.75771e-05 -0.00897429 -0.00357455 -0.000449911 0.0109474 0.0156548 -0.0269694 -0.00629214 0.00181096
internal_weight=200.723 109.923 84.5517 72.738 90.8003 50.6012 25.3712 42.2834 19.0685
internal_count=956 495 389 339 461 262 106 194 89
is_linear=0
shrinkage=0.02


Tree=17
num_leaves=10
num_cat=1
split_feature=9 5 13 0 5 8 12 2 9
split_gain=47.4952 25.52 12.1336 6.68287 6.18007 8.24775 7.9497 6.32475 7.58777
threshold=0.015109689022732522 189.50000000000003 0.017709976160856355 0 283.50000000000006 0.74315501593190303 0.031458163093157847 1.5000000000000002 0.048870905214188735
decision_type=2 2 2 1 2 2 2 2 2
left_child=1 -1 3 -3 5 -2 -6 -7 -9
right_child=4 2 -4 -5 6 7 -8 8 -10
leaf_value=-0.026340126401039214 0.019997159809654177 0.007082529540695737 -0.022248628271337192 -0.0042307737828984459 0.017794428649246113 0.012244155850518601 -0.011679001081977567 -0.01363832625491402 0.017404596271998658
leaf_weight=25.45701465010643 10.669775545597075 21.845838636159897 11.870625630021093 50.884885713458061 46.239786013960838 10.15851564705372 3.9752770364284506 15.318165540695192 3.9647386968135825
leaf_count=106 54 104 50 235 243 50 19 75 20
internal_value=3.75992e-05 -0.00878341 -0.00350049 -0.000440544 0.0107856 0.00493224 0.0154612 -0.000527387 -0.00725562
internal_weight=200.385 110.058 84.6013 72.7307 90.3263 40.1112 50.2151 29.4414 19.2829
internal_count=956 495 389 339 461 199 262 145 95
cat_boundaries=0 1
cat_threshold=803904
is_linear=0
shrinkage=0.02


Tree=18
num_leaves=10
num_cat=0
split_feature=9 5 13 10 5 8 12 5 9
split_gain=45.6971 24.3837 11.6 8.29533 6.02911 8.01099 7.71607 5.82359 6.53414
threshold=0.015109689022732522 189.50000000000003 0.017709976160856355 0.0081592341766760831 283.50000000000006 0.74315501593190303 0.031458163093157847 267.50000000000006 0.048870905214188735
decision_type=2 2 2 2 2 2 2 2 2
left_child=1 -1 3 -3 5 -2 -6 8 -7
right_child=4 2 -4 -5 6 7 -8 -9 -10
leaf_value=-0.025710023273594555 0.019779990485058383 -0.0061420336059951845 -0.021705876285453285 0.0075528557880150124 0.01759336056632636 -0.0021459413001531681 -0.011391701178936378 -0.025097070866677024 0.023407803389370194
leaf_weight=25.558247983455658 10.572168588638304 42.370701029896736 11.923553109169005 30.375263273715973 45.83694951236248 21.095642656087882 3.9938328862190238 3.4088815152645102 4.9398289322853079
leaf_count=106 54 194 50 145 243 103 19 17 25
internal_value=4.05738e-05 -0.00858891 -0.00342075 -0.000423698 0.0106275 0.00484612 0.0152703 -0.00051597 0.00270249
internal_weight=200.075 110.228 84.6695 72.746 89.8473 40.0165 49.8308 29.4444 26.0355
internal_count=956 495 389 339 461 199 262 145 128
is_linear=0
shrinkage=0.02


Tree=19
num_leaves=10
num_cat=2
split_feature=9 0 4 11 5 7 5 0 7
split_gain=44.0295 23.5164 16.0446 10.8867 8.88478 11.2227 8.41551 7.27593 8.94798
threshold=0.01888650263437543 0 2.5000000000000004 0.16370923632842269 466.50000000000006 79.620000000000019 189.50000000000003 1 2.2400000000000007
decision_type=2 1 2 2 2 2 2 1 2
left_child=1 2 -1 4 5 6 -3 -2 -9
right_child=7 3 -4 -5 -6 -7 -8 8 -10
leaf_value=0.0048557432970994206 -0.0012544744601223877 -0.013309415137161766 -0.038967642047820966 -0.028492406687712402 0.024732168361756082 -0.03600124061306454 0.0027722178627890854 -0.0027133860581188287 0.020317971494942015
leaf_weight=4.0530514717102077 20.650108456611633 16.02479088306427 19.042618438601494 5.7766853272914878 5.3871830254793158 3.6622887402772895 69.325140491127968 7.8521841168403617 47.964219063520432
leaf_count=19 107 68 79 24 26 17 326 39 251
internal_value=4.06352e-05 -0.007355 -0.0218266 -0.00167276 -0.000208756 -0.00171823 -0.000247173 0.0119631 0.0144832
internal_weight=199.738 123.272 23.0957 100.176 94.3994 89.0122 85.3499 76.4665 55.8164
internal_count=956 559 98 461 437 411 394 397 290
cat_boundaries=0 1 2
cat_threshold=32773 98888
is_linear=0
shrinkage=0.02


Tree=20
num_leaves=10
num_cat=1
split_feature=9 0 14 6 14 13 5 11 2
split_gain=42.5853 17.5023 14.156 11.0711 7.96459 10.9981 10.0391 6.98662 5.96478
threshold=0.0076826850453172489 0 0.99541365799748294 94.333018889937037 1.0152009255953356 0.01808915573916807 231.50000000000003 -0.059839879170033271 1.5000000000000002
decision_type=2 1 2 2 2 2 2 2 2
left_child=1 2 3 -1 5 6 8 -3 -2
right_child=4 7 -4 -5 -6 -7 -8 -9 -10
leaf_value=-0.036538702763669988 0.0073231057285716716 0.022913077755933577 -0.0083012609130453021 -0.0059671434945123489 0.012912355790277273 -0.030732044782819698 0.011015675005424943 -0.0014606227361100297 -0.021899806993208207
leaf_weight=20.74160206317902 4.5282612144947034 5.4759115874767295 23.487134143710136 6.1411032676696768 64.162668958306313 3.7682790309190741 30.370533317327499 33.379124954342842 7.2944716513156891
leaf_count=86 21 25 105 28 337 16 154 151 33
internal_value=3.95106e-05 -0.01023 -0.0163905 -0.0295549 0.0083601 0.00200512 0.00492888 0.00157027 -0.010707
internal_weight=199.349 89.2249 50.3698 26.8827 110.124 45.9615 42.1933 38.855 11.8227
internal_count=956 395 219 114 561 224 208 176 54
cat_boundaries=0 1
cat_threshold=1479181
is_linear=0
shrinkage=0.02


Tree=21
num_leaves=10
num_cat=3
split_feature=9 0 4 0 15 0 7 12 13
split_gain=40.989 21.9011 14.9036 7.44827 7.28135 7.23406 8.75422 7.43037 7.2399
threshold=0.01888650263437543 0 2.5000000000000004 1 0.98264201580766231 2 2.2400000000000007 0.01170294185921566 0.02045689664695546
decision_type=2 1 2 1 2 1 2 2 2
left_child=1 2 -1 4 -3 8 7 -7 -2
right_child=5 3 -4 -5 -6 6 -8 -9 -10
leaf_value=0.0047982183010219668 0.0038281110029684969 0.018228998824050741 -0.037454697809892148 -0.0060846062006850044 5.2344186285567171e-05 -0.018782327595693142 0.019997940015184498 0.020971058688235202 -0.025982181771233834
leaf_weight=4.0454639345407513 16.488820478320125 11.995825618505476 19.126058623194695 54.962001830339432 33.250121638178825 4.6887555867433539 47.218511089682579 3.140333503484726 4.0615303814411154
leaf_count=19 87 55 79 251 155 23 251 16 20
internal_value=3.94585e-05 -0.00706605 -0.0210105 -0.0015866 0.00398966 0.011636 0.0141752 -0.00283681 -0.00138808
internal_weight=198.977 123.379 23.1715 100.208 45.2459 75.598 55.0476 7.82909 20.5504
internal_count=956 559 98 461 210 397 290 39 107
cat_boundaries=0 1 2 3
cat_threshold=32773 806496 98888
is_linear=0
shrinkage=0.02


Tree=22
num_leaves=10
num_cat=2
split_feature=9 0 10 0 5 12 13 10 7
split_gain=39.7426 16.2719 13.5187 7.79852 6.72514 5.61849 14.6093 8.31105 5.44185
threshold=0.0076826850453172489 0 -0.007885675198793669 1 315.50000000000006 0.0080966177188384423 0.0079883391472388484 -1.0000000180025095e-35 5.1650000000000009
decision_type=2 1 2 1 2 2 2 2 2
left_child=1 2 4 8 -1 6 -3 -8 -2
right_child=3 5 -4 -5 -6 -7 7 -9 -10
leaf_value=-0.031794767847738013 -0.017788708918305762 0.0083579177624778372 -0.0071821131640351886 0.010054023284780925 -0.0028915334175748908 0.010521479866027361 -0.0073886179510191385 -0.047043771569873827 0.0032495573812896215
leaf_weight=24.718219995498661 8.1421403884887713 13.225659921765329 22.130224257707596 88.676658436655998 3.7024149000644675 17.04340723156929 4.7083709388971329 3.8367605805397016 12.419606298208235
leaf_count=103 39 61 99 458 17 77 21 17 64
internal_value=3.34173e-05 -0.00985822 -0.0157811 0.00812551 -0.0280295 0.00152777 -0.00481127 -0.0251938 -0.00341865
internal_weight=198.603 89.3651 50.5509 109.238 28.4206 38.8142 21.7708 8.54513 20.5617
internal_count=956 395 219 561 120 176 99 38 103
cat_boundaries=0 1 2
cat_threshold=1479181 108552
is_linear=0
shrinkage=0.02


Tree=23
num_leaves=10
num_cat=2
split_feature=9 0 4 11 8 8 7 0 7
split_gain=38.5116 20.3707 14.0273 10.0902 8.63379 7.99107 7.35465 7.01043 8.59103
threshold=0.01888650263437543 0 2.5000000000000004 0.16370923632842269 1.1199688195040689 1.2014833404832206 120.66500000000001 1 2.2400000000000007
decision_type=2 1 2 2 2 2 2 1 2
left_child=1 2 -1 4 6 -6 -3 -2 -9
right_child=7 3 -4 -5 5 -7 -8 8 -10
leaf_value=0.0048544749204027073 -0.0014047873454877914 0.0037523599206235126 -0.036126609621401629 -0.027234489858893866 -0.032295714071072866 -0.0012575489979667353 -0.023651240697292228 -0.002975244661393912 0.019701210977644858
leaf_weight=4.0461681187152889 20.52690115571022 76.83646784722805 19.168227985501289 5.8243857920169821 5.9348175376653654 7.5249280482530594 4.1279399245977393 7.8035769015550605 46.527174085378647
leaf_count=19 107 358 79 24 26 34 19 39 251
internal_value=4.3516e-05 -0.00681913 -0.0202575 -0.00153353 -0.000110617 -0.0149432 0.0023552 0.0113621 0.013888
internal_weight=198.321 123.463 23.2144 100.249 94.4242 13.4597 80.9644 74.8577 54.3308
internal_count=956 559 98 461 437 60 377 397 290
cat_boundaries=0 1 2
cat_threshold=32773 98888
is_linear=0
shrinkage=0.02


Tree=24
num_leaves=10
num_cat=0
split_feature=9 5 13 5 7 10 6 15 6
split_gain=37.1089 18.7916 10.8979 6.9168 8.38707 6.77819 7.23823 6.65722 9.49183
threshold=0.01888650263437543 189.50000000000003 0.017709976160856355 466.50000000000006 79.620000000000019 0.020083713850837105 30450000 0.99947281586295966 18.763866738066366
decision_type=2 2 2 2 2 2 2 2 2
left_child=1 7 3 4 5 6 -3 -1 -9
right_child=-2 2 -4 -5 -6 -7 -8 8 -10
leaf_value=-0.029863073822654601 0.011198258407124007 -0.0020668700151422145 -0.020147717302090893 0.023689547428436725 -0.031011837739826346 0.0089275214559702398 -0.03303367564879317 0.0053518858781741686 -0.031984191902484166
leaf_weight=15.687617167830469 74.416977196931839 49.008961454033852 12.289225801825522 4.6624797582626334 3.6442749947309485 23.66867932677269 3.2174679785966864 6.7406572699546796 4.5703902095556259
leaf_count=64 397 226 51 23 17 115 15 29 19
internal_value=4.20111e-05 -0.00668093 -0.00255403 1.37653e-05 -0.00137407 4.90505e-05 -0.00397461 -0.0214302 -0.00973429
internal_weight=197.907 123.49 96.4911 84.2019 79.5394 75.8951 52.2264 26.9987 11.311
internal_count=956 559 447 396 373 356 241 112 48
is_linear=0
shrinkage=0.02


Tree=25
num_leaves=10
num_cat=0
split_feature=9 5 11 5 7 10 7 9 11
split_gain=35.7612 18.0299 8.24322 8.98465 10.7562 8.97563 7.43921 6.85538 6.721
threshold=0.01888650263437543 189.50000000000003 0.17044667964525198 466.50000000000006 120.66500000000001 0.0081592341766760831 33.170000000000009 0.016666666666666646 -0.030340062637548699
decision_type=2 2 2 2 2 2 2 2 2
left_child=1 8 3 4 5 6 -3 -7 -1
right_child=-2 2 -4 -5 -6 7 -8 -9 -10
leaf_value=-0.031880288513085935 0.011036192599763997 -0.0045865142002523077 -0.02451835560237392 0.024341511322647124 -0.036579669302436231 0.0099269712725559029 -0.034426981543463867 -0.014966521438970686 -0.011852458404588428
leaf_weight=12.32146491110325 74.003781676292419 41.467022597789764 6.3545428514480582 5.2887353748083106 3.5547916889190665 31.046486988663673 3.6346772760152808 5.160612314939498 14.696687698364256
leaf_count=50 397 188 26 26 16 149 16 26 62
internal_value=4.18022e-05 -0.00654493 -0.00250199 -0.000950127 -0.00252631 -0.00103751 -0.00699131 0.00637889 -0.020986
internal_weight=197.529 123.525 96.5069 90.1523 84.8636 81.3088 45.1017 36.2071 27.0182
internal_count=956 559 447 421 395 379 204 175 112
is_linear=0
shrinkage=0.02


Tree=26
num_leaves=10
num_cat=3
split_feature=9 0 10 11 0 11 10 11 1
split_gain=34.6545 15.1806 11.8338 9.74408 7.53474 11.1642 9.80852 13.3441 8.88061
threshold=0.0076826850453172489 0 -0.007885675198793669 0.025022521227454842 1 0.22636934808663586 0.056654221365771501 0.076611752305125444 2
decision_type=2 1 2 2 1 2 2 2 1
left_child=1 2 -1 -4 5 6 7 -2 -6
right_child=4 -3 3 -5 8 -7 -8 -9 -10
leaf_value=-0.026346894097456199 0.0055649898085009869 0.0017023585881538387 0.0066577479345734389 -0.019871041298854843 -0.00012537777940411243 -0.036828585125853602 0.015368313041178703 -0.024030154153631328 0.017583117948589785
leaf_weight=28.485373973846436 17.959903523325924 38.86050096154213 10.86943629384041 11.291260629892347 14.952254921197891 3.0461903363466254 15.72422796487808 9.2239407896995527 46.728775039315224
leaf_count=120 91 176 49 50 75 15 84 47 249
internal_value=4.15875e-05 -0.00915381 -0.0148815 -0.00685913 0.00768823 0.000138719 0.00279548 -0.00447715 0.0114363
internal_weight=197.142 89.5066 50.6461 22.1607 107.635 45.9543 42.9081 27.1838 61.681
internal_count=956 395 219 99 561 237 222 138 324
cat_boundaries=0 1 2 3
cat_threshold=1479181 109130 2
is_linear=0
shrinkage=0.02


Tree=27
num_leaves=10
num_cat=3
split_feature=9 0 4 0 7 12 0 15 10
split_gain=33.6079 18.5838 12.9933 7.02664 8.44469 7.24249 6.88707 7.16386 7.65451
threshold=0.01888650263437543 0 2.5000000000000004 1 2.2400000000000007 0.01170294185921566 2 0.98264201580766231 -0.0088295595841794729
decision_type=2 1 2 1 2 2 1 2 2
left_child=1 2 -1 -2 5 -5 7 -3 -9
right_child=3 6 -4 4 -6 -7 -8 8 -10
leaf_value=0.0050918469042641598 -0.0016962281808394874 0.018189342116610982 -0.034333600512213555 -0.019152147263579819 0.019170331048342194 0.020435580335178723 -0.005636393711179204 -0.020480756757291857 0.0046111432022747532
leaf_weight=4.0526513606309917 20.311930105090141 11.960879951715468 19.113290965557098 4.6618878841400138 45.26015168428421 3.0631191730499268 55.198683544993401 5.9186908900737754 27.266314953565598
leaf_count=19 107 55 79 23 251 16 251 27 128
internal_value=4.3391e-05 -0.00632341 -0.019164 0.0107719 0.0133518 -0.00345482 -0.00131783 0.00402696 0.000135893
internal_weight=196.808 123.511 23.1659 73.2971 52.9852 7.72501 100.345 45.1459 33.185
internal_count=956 559 98 397 290 39 461 210 155
cat_boundaries=0 1 2 3
cat_threshold=32773 98888 806496
is_linear=0
shrinkage=0.02


Tree=28
num_leaves=10
num_cat=1
split_feature=9 0 5 14 6 15 5 8 12
split_gain=32.4667 18.8926 18.2075 11.1973 7.97191 8.15292 5.59956 7.76211 7.57216
threshold=0.015109689022732522 0 299.50000000000006 0.99179975120196351 431.49568504314959 1.0126387476575076 283.50000000000006 0.74315501593190303 0.031458163093157847
decision_type=2 1 2 2 2 2 2 2 2
left_child=1 4 3 -3 -1 -6 7 -2 -8
right_child=6 2 -4 -5 5 -7 8 -9 -10
leaf_value=0.0071541405085531595 0.018759027172052845 -0.034768284825422199 0.0025872133664721132 -0.014281137124594516 -0.03079534770574122 0.010438991858179409 0.016316276689895323 -0.0016711447837766142 -0.012805666802847018
leaf_weight=40.210903033614159 10.049064829945562 16.941195949912071 16.600043028593063 28.832199424505234 4.8982925117015821 3.1524245738983154 43.166938528418541 28.636223703622818 3.8935356736183158
leaf_count=185 54 70 76 127 22 15 243 145 19
internal_value=3.58115e-05 -0.0071233 -0.0132345 -0.0218636 0.00291338 -0.0146492 0.00927299 0.00363589 0.0139069
internal_weight=196.381 110.635 62.3734 45.7734 48.2616 8.05072 85.7458 38.6853 47.0605
internal_count=956 495 273 197 222 37 461 199 262
cat_boundaries=0 1
cat_threshold=814688
is_linear=0
shrinkage=0.02


Tree=29
num_leaves=10
num_cat=2
split_feature=9 0 5 0 7 12 13 15 11
split_gain=31.3741 17.3871 19.7014 6.96293 8.17543 6.96453 6.69356 7.97112 9.03974
threshold=0.01888650263437543 0 258.50000000000006 1 2.2400000000000007 0.01170294185921566 0.02045689664695546 1.0529414060752671 0.034368649342876138
decision_type=2 1 2 1 2 2 2 2 2
left_child=1 -1 -3 6 5 -5 7 8 -2
right_child=3 2 -4 4 -6 -7 -8 -9 -10
leaf_value=0.0031968507771999682 0.013368272874100282 -0.023499606656483929 -0.0026244500309868693 -0.018665230507029906 0.018876321405032523 0.020222595775517146 -0.025590211821333236 0.015404762531955329 -0.032527274141626629
leaf_weight=51.141870215535164 2.9943510740995469 36.324731528759003 36.013167396187782 4.6956820189952841 44.530318036675453 3.0313808023929596 4.0784507095813742 9.130043685436247 4.0229006260633469
leaf_count=237 16 155 167 23 251 16 20 50 21
internal_value=3.57609e-05 -0.00609549 -0.0115151 0.0104808 0.0130784 -0.00340926 -0.00180465 0.00308544 -0.0129431
internal_weight=195.963 123.48 72.3379 72.4831 52.2574 7.72706 20.2257 16.1473 7.01725
internal_count=956 559 322 397 290 39 107 87 37
cat_boundaries=0 1 2
cat_threshold=810592 98888
is_linear=0
shrinkage=0.02


Tree=30
num_leaves=10
num_cat=2
split_feature=9 0 10 0 13 10 10 15 14
split_gain=30.2819 14.0035 9.44319 7.2389 9.06223 11.6024 8.48851 6.78555 7.51882
threshold=0.0076826850453172489 0 -0.0088295595841794729 1 0.02045689664695546 0.056654221365771501 0.018576029445594614 1.010617266918141 0.99867542339079918
decision_type=2 1 2 1 2 2 2 2 2
left_child=1 -1 -3 4 5 -2 -5 8 -4
right_child=3 2 7 6 -6 -7 -8 -9 -10
leaf_value=0.0042269259411510515 -0.0042531394294976288 -0.021951758575621802 -0.0096717100746489676 -0.0018578268369444789 -0.021626536109093833 0.018755708397520433 0.016637735415041863 -0.014814454374261182 0.020345825560055139
leaf_weight=26.257580012083054 25.601503163576126 32.688460886478424 7.2470365315675753 12.519094139337538 6.6566209793090811 13.331074982881544 47.911676108837128 17.205177903175354 6.1876759976148605
leaf_count=120 131 139 32 62 32 74 262 76 28
internal_value=3.92449e-05 -0.00852136 -0.0125007 0.00727288 -5.05973e-05 0.00362542 0.0109879 -0.00649752 0.00415358
internal_weight=195.606 89.5859 63.3284 106.02 45.5892 38.9326 60.4308 30.6399 13.4347
internal_count=956 395 275 561 237 205 324 136 60
cat_boundaries=0 1 2
cat_threshold=551938 109130
is_linear=0
shrinkage=0.02


Tree=31
num_leaves=10
num_cat=1
split_feature=0 5 9 11 7 14 11 2 5
split_gain=29.5357 27.2338 13.5777 8.67983 8.32565 8.31966 9.0867 8.22323 7.77225
threshold=0 301.50000000000006 0.01888650263437543 0.16370923632842269 120.66500000000001 1.0003533310824679 -1.0000000180025095e-35 1.5000000000000002 189.50000000000003
decision_type=1 2 2 2 2 2 2 2 2
left_child=1 5 3 4 8 -1 -7 -3 -2
right_child=2 7 -4 -5 -6 6 -8 -9 -10
leaf_value=-0.033009889933432665 -0.00977500912723471 -0.017409834995535129 0.01210417104412701 -0.024220125912777026 -0.027502065701743312 0.01134099200131298 -0.023518556544392225 0.016866170786458527 0.0060710294838649363
leaf_weight=19.522662490606308 15.518065631389616 3.7640795707702628 60.767460331320763 5.6424651592969886 3.7888751029968253 4.3122860938310632 9.7621825337409938 10.928551346063612 61.25169774889946
leaf_count=81 65 18 339 23 17 20 46 56 291
internal_value=4.35899e-05 -0.0121177 0.00455409 -0.000240037 0.00143957 -0.0245595 -0.0128379 0.00808506 0.00286795
internal_weight=195.258 48.2898 146.969 86.2011 80.5586 33.5971 14.0745 14.6926 76.7698
internal_count=956 221 735 396 373 147 66 74 356
cat_boundaries=0 1
cat_threshold=98317
is_linear=0
shrinkage=0.02


Tree=32
num_leaves=10
num_cat=1
split_feature=0 5 14 14 11 2 11 7 5
split_gain=28.3966 26.1004 11.7083 8.09075 8.64965 7.92875 6.71709 8.74925 9.04541
threshold=0 301.50000000000006 1.0152009255953356 1.0003533310824679 -1.0000000180025095e-35 1.5000000000000002 0.16370923632842269 120.66500000000001 189.50000000000003
decision_type=1 2 2 2 2 2 2 2 2
left_child=1 3 6 -1 -5 -3 7 8 -2
right_child=2 5 -4 4 -6 -7 -8 -9 -10
leaf_value=-0.032394568259206474 -0.0099024343849821311 -0.016960018645797704 0.012483634092092901 0.011158828934820888 -0.022855970025956802 0.016655579535303774 -0.018613030321256135 -0.027722333784675528 0.0066300828133875854
leaf_weight=19.495874807238579 16.421570241451263 3.7864032834768286 51.306936979293823 4.2952019721269616 9.8434421420097316 10.84622874855995 6.7411097437143317 3.7679278403520575 68.274689301848412
leaf_count=81 69 18 289 20 46 56 29 17 331
internal_value=4.33436e-05 -0.0118794 0.00447647 -0.0240411 -0.0125226 0.00795706 0.000631531 0.002098 0.00342463
internal_weight=194.779 48.2672 146.512 33.6345 14.1386 14.6326 95.2053 88.4642 84.6963
internal_count=956 221 735 147 66 74 446 417 400
cat_boundaries=0 1
cat_threshold=98317
is_linear=0
shrinkage=0.02


Tree=33
num_leaves=10
num_cat=0
split_feature=9 15 12 13 8 8 8 6 6
split_gain=27.3996 11.2173 7.44972 7.83649 6.98395 5.38316 6.80532 5.74257 4.78712
threshold=0.015109689022732522 0.89944995848559495 0.019141271894501297 0.020991109648794037 0.54623311140643094 0.78741271288874481 0.80878827904879114 403.99596004039967 28.801550742047642
decision_type=2 2 2 2 2 2 2 2 2
left_child=1 -1 3 4 -3 7 -7 -2 -6
right_child=5 2 -4 -5 8 6 -8 -9 -10
leaf_value=-0.028410520271829245 0.016899014202127177 0.014939849836424822 0.019695135455066969 -0.031044041353041594 -0.013665678086655099 -0.022403067616206859 0.0062215112375576575 -0.0063460706656283941 -0.0031520399133375906
leaf_weight=8.6155998855829221 34.597104892134666 6.8025833070278159 4.7934560328721991 4.6979447901248923 24.120723694562912 3.6172032803297034 40.740909591317177 4.8466639071702948 61.47054335474968
leaf_count=36 196 32 21 19 103 19 219 27 284
internal_value=4.30776e-05 -0.00649735 -0.00464434 -0.00584599 -0.00456474 0.00866727 0.00388731 0.0140428 -0.00611492
internal_weight=194.303 110.501 101.885 97.0918 92.3939 83.8019 44.3581 39.4438 85.5913
internal_count=956 495 459 438 419 461 238 223 387
is_linear=0
shrinkage=0.02


Tree=34
num_leaves=10
num_cat=1
split_feature=0 5 9 11 14 11 7 8 5
split_gain=27.0042 24.7092 12.3551 7.85014 7.63214 8.25058 7.609 7.30452 5.01777
threshold=0 301.50000000000006 0.01888650263437543 0.16370923632842269 1.0003533310824679 0.0054260903694255116 120.66500000000001 0.74774787887669147 189.50000000000003
decision_type=1 2 2 2 2 2 2 2 2
left_child=1 4 3 6 -1 -6 7 -2 -9
right_child=2 -3 -4 -5 5 -7 -8 8 -10
leaf_value=-0.031579155304509943 0.012749305538981156 0.0077815845827967304 0.011667814804247993 -0.022914229498689639 0.010945773559396393 -0.022297538595139197 -0.026001263400016735 -0.011168065747698968 0.0025568248561575659
leaf_weight=19.410051017999649 21.34361943602562 14.535693630576132 59.732414379715919 5.6705037653446189 4.2746994048357001 9.9082567542791349 3.8501939177513114 14.421525329351423 40.796283423900604
leaf_count=81 103 74 339 23 20 46 17 60 193
internal_value=4.27147e-05 -0.0115947 0.00437871 -0.000170539 -0.0234303 -0.0122781 0.00143331 0.00281297 -0.00102778
internal_weight=193.943 48.1287 145.815 86.0821 33.593 14.183 80.4116 76.5614 55.2178
internal_count=956 221 735 396 147 66 373 356 253
cat_boundaries=0 1
cat_threshold=98317
is_linear=0
shrinkage=0.02


Tree=35
num_leaves=10
num_cat=1
split_feature=0 5 14 14 11 13 12 5 7
split_gain=25.9694 23.7069 10.7106 7.43763 7.86098 6.30617 8.24895 7.32448 7.65667
threshold=0 301.50000000000006 1.0152009255953356 1.0003533310824679 0.0054260903694255116 0.017709976160856355 0.018919755226904405 189.50000000000003 120.66500000000001
decision_type=1 2 2 2 2 2 2 2 2
left_child=1 3 5 -1 -5 7 -7 -2 -9
right_child=2 -3 -4 4 -6 6 -8 8 -10
leaf_value=-0.031024074499589074 -0.0099221461147196034 0.007651564780815052 0.012050936017102293 0.010769663564972465 -0.021687746252043751 -0.028735465000499578 0.0098164758808204113 0.0067500644258672617 -0.022612593124539809
leaf_weight=19.362655654549599 15.794528737664221 14.487527817487715 50.41174179315567 4.2578797340393058 9.9823449701070768 6.1096480190753919 3.4872189164161682 65.798120275139809 3.755021169781684
leaf_count=81 66 74 289 20 46 25 15 323 17
internal_value=4.23766e-05 -0.0113701 0.00430425 -0.0229548 -0.0119829 0.000644416 -0.0147268 0.00237283 0.00516484
internal_weight=193.447 48.0904 145.356 33.6029 14.2402 94.9445 9.59687 85.3477 69.5531
internal_count=956 221 735 147 66 446 40 406 340
cat_boundaries=0 1
cat_threshold=98317
is_linear=0
shrinkage=0.02


Tree=36
num_leaves=10
num_cat=1
split_feature=0 5 9 2 8 11 8 15 13
split_gain=24.9775 22.7544 11.6482 7.69052 7.34961 7.25018 6.29113 5.32511 5.91752
threshold=0 301.50000000000006 0.01888650263437543 1.5000000000000002 0.54623311140643094 0.16370923632842269 0.56930948167903928 0.943818703598022 0.0079883391472388484
decision_type=1 2 2 2 2 2 2 2 2
left_child=1 4 5 -3 -1 6 -2 -8 -9
right_child=2 3 -4 -5 -6 -7 7 8 -10
leaf_value=0.0050950106279942847 0.019645951349451012 -0.016983835083312322 0.011363743372972513 0.016216129309897614 -0.025667198996913127 -0.022006189169725104 0.022064087675023773 0.0045815379948380029 -0.0071297970862444406
leaf_weight=3.4636595696210852 6.8866607099771491 3.7807893007993689 59.014969915151596 10.659211561083792 30.138347119092941 5.6835452467203131 4.0089172422885886 32.466624304652214 36.840863585472107
leaf_count=16 34 18 339 56 131 23 18 152 169
internal_value=4.20039e-05 -0.0111519 0.00423098 0.00752347 -0.0224963 -0.000177512 0.00136937 -0.000347367 -0.0016437
internal_weight=192.944 48.042 144.902 14.44 33.602 85.8866 80.2031 73.3164 69.3075
internal_count=956 221 735 74 147 396 373 339 321
cat_boundaries=0 1
cat_threshold=98317
is_linear=0
shrinkage=0.02


Tree=37
num_leaves=10
num_cat=1
split_feature=14 0 5 10 8 5 6 11 8
split_gain=24.2676 17.0027 23.161 6.89133 5.9367 5.93541 11.7453 6.4987 8.88855
threshold=1.0152009255953356 0 254.50000000000003 0.020083713850837105 0.70552030863388782 466.50000000000006 431.49568504314959 0.018596919368065377 1.0976891399246107
decision_type=2 1 2 2 2 2 2 2 2
left_child=1 2 -1 5 -4 6 7 8 -3
right_child=-2 3 4 -5 -6 -7 -8 -9 -10
leaf_value=-0.028528811992298606 0.010720633339648828 0.009076826009764458 0.014673738393450776 0.0095736088927431372 -0.0074490478710210256 0.023439070453359467 -0.031000052841022096 -0.012158932739074275 -0.017245341468654047
leaf_weight=25.492043167352676 59.024185821413994 26.644917219877243 6.8470137715339687 28.148368924856186 16.653016641736031 3.310073882341384 5.8097612559795371 14.237441077828406 6.3555559813976279
leaf_count=109 339 123 33 140 78 16 26 64 28
internal_value=4.17624e-05 -0.00467974 -0.0127277 0.0013343 -0.00100331 -0.00254415 -0.00416545 -0.000865079 0.00400744
internal_weight=192.522 133.498 48.9921 84.5061 23.5 56.3577 53.0477 47.2379 33.0005
internal_count=956 617 220 397 111 257 241 215 151
cat_boundaries=0 1
cat_threshold=1146887
is_linear=0
shrinkage=0.02


Tree=38
num_leaves=10
num_cat=3
split_feature=9 0 14 6 0 11 1 10 11
split_gain=23.4596 12.2371 9.8087 7.96309 6.84048 10.1865 8.80953 8.44958 12.6101
threshold=0.0076826850453172489 0 0.99541365799748294 100.41637382031593 1 0.22636934808663586 2 0.056654221365771501 0.076611752305125444
decision_type=2 1 2 2 1 2 1 2 2
left_child=1 2 3 -1 5 7 -6 8 -2
right_child=4 -3 -4 -5 6 -7 -8 -9 -10
leaf_value=-0.030238935976880175 0.0052326908998473936 0.0013633959073994046 -0.0065005087579058374 0.00066289580395122779 -0.0016130391336387456 -0.035810295187073439 0.016426260366652044 0.014142840580205148 -0.023664744992208563
leaf_weight=19.777661904692653 17.652481332421306 43.26879771053791 22.002910405397415 4.0122820734977713 14.375118866562843 3.0514997243881217 43.891968846321106 14.861374065279959 9.1822909265756589
leaf_count=84 91 196 97 18 75 15 249 84 47
internal_value=4.1516e-05 -0.00747571 -0.0132351 -0.0250272 0.00654056 -0.000438734 0.0102215 0.00204468 -0.0046554
internal_weight=192.076 89.0617 45.7929 23.7899 103.015 44.7476 58.2671 41.6961 26.8348
internal_count=956 395 199 102 561 237 324 222 138
cat_boundaries=0 1 2 3
cat_threshold=1217037 109130 2
is_linear=0
shrinkage=0.02


Tree=39
num_leaves=10
num_cat=1
split_feature=14 0 6 8 10 6 15 13 12
split_gain=22.8671 16.0026 18.3389 7.37763 6.54761 5.51882 6.84532 5.05437 6.03783
threshold=1.0152009255953356 0 35.387442490723444 0.67465606667779732 0.020083713850837105 431.49568504314959 0.98781084169626532 0.0079098071047608905 0.0092833730068595556
decision_type=2 1 2 2 2 2 2 2 2
left_child=1 2 -1 -4 5 6 -3 -8 -9
right_child=-2 4 3 -5 -6 -7 7 8 -10
leaf_value=-0.030602560384197511 0.010473695679221453 0.0083243669387875439 0.012776929285474992 -0.010690540884432682 0.0093672326466258168 -0.018739321279756697 0.0015746103767877247 -0.025344273642650638 0.0032123261408235583
leaf_weight=18.458049133419991 58.433722525835037 21.719505965709686 6.9446597546339062 23.46134826540947 27.987027660012245 7.2626958489418021 14.186620712280275 8.7005175054073316 4.4899763613939276
leaf_count=79 339 98 33 108 140 33 66 39 21
internal_value=4.27245e-05 -0.0045329 -0.0123496 -0.00533063 0.00130495 -0.00246709 -5.99938e-05 -0.00671169 -0.0156238
internal_weight=191.644 133.21 48.8641 30.406 84.3463 56.3593 49.0966 27.3771 13.1905
internal_count=956 617 220 141 397 257 224 126 60
cat_boundaries=0 1
cat_threshold=1146887
is_linear=0
shrinkage=0.02


Tree=40
num_leaves=10
num_cat=0
split_feature=14 5 13 14 6 11 14 5 14
split_gain=22.0565 13.3956 8.96594 6.43657 6.55863 5.34658 5.87108 5.12336 6.35237
threshold=1.0152009255953356 231.50000000000003 0.017709976160856355 0.99478215146301485 163.58265180850859 -0.08804726850058113 1.010894092551919 345.50000000000006 1.0073806209526117
decision_type=2 2 2 2 2 2 2 2 2
left_child=1 5 3 -3 -5 -1 -7 8 -6
right_child=-2 2 -4 4 7 6 -8 -9 -10
leaf_value=-0.024108757610690788 0.010324168990788396 -0.0064367161146928736 -0.017452667444794508 0.011889969432943473 -0.00017887543228651181 -0.0059288562372283226 -0.030088518074124177 0.010635860400861213 -0.031046942161742714
leaf_weight=12.314273372292517 58.09783361852169 21.282375514507294 9.8778850436210615 33.640370696783066 7.6381347477436083 32.64490607380867 4.5890194922685614 7.0285761058330527 4.0971652567386627
leaf_count=54 339 96 41 170 37 141 21 36 21
internal_value=4.23064e-05 -0.00444527 0.000440177 0.00283876 0.00660571 -0.0126847 -0.00890649 -0.00286805 -0.0109559
internal_weight=191.211 133.113 83.5645 73.6866 52.4042 49.5482 37.2339 18.7639 11.7353
internal_count=956 617 401 360 264 216 162 94 58
is_linear=0
shrinkage=0.02


Tree=41
num_leaves=10
num_cat=1
split_feature=0 6 10 10 11 13 6 3 11
split_gain=21.9119 17.7901 9.64279 9.43149 9.72997 9.2012 8.41559 6.60745 10.8666
threshold=0 106.96638117858728 -0.0028760088644390418 0.040574424435833152 0.018596919368065377 0.017326288773293525 431.49568504314959 1.5000000000000002 0.0066904274991537623
decision_type=1 2 2 2 2 2 2 2 2
left_child=1 7 -3 4 6 -6 -2 -1 -9
right_child=3 2 -4 -5 5 -7 -8 8 -10
leaf_value=-0.030393077347655784 0.0098131629258243185 -0.026241546344751569 0.011341931036293463 0.011012072021990929 -0.0030331355847661727 -0.031275766915484823 -0.016350959079777513 0.012083729475953771 -0.02468103979443367
leaf_weight=16.490498289465904 41.301316514611244 3.4219006448984173 13.517932280898092 52.521394699811935 38.63236103951931 5.2400369495153418 5.5819519162178031 4.9612844884395626 9.1405645161867124
leaf_count=72 198 15 71 298 191 22 26 22 41
internal_value=4.19842e-05 -0.0104867 0.00374995 0.00398841 0.000363205 -0.00640638 0.00669805 -0.0217978 -0.0117465
internal_weight=190.809 47.5322 16.9398 143.277 90.7557 43.8724 46.8833 30.5923 14.1018
internal_count=956 221 86 735 437 213 224 135 63
cat_boundaries=0 1
cat_threshold=98317
is_linear=0
shrinkage=0.02


Tree=42
num_leaves=10
num_cat=2
split_feature=0 5 9 2 8 11 7 8 0
split_gain=21.083 19.6749 10.0155 7.1821 6.70889 6.41551 6.89729 6.54334 4.86023
threshold=0 301.50000000000006 0.01888650263437543 1.5000000000000002 0.54623311140643094 0.16370923632842269 120.66500000000001 0.74774787887669147 1
decision_type=1 2 2 2 2 2 2 2 1
left_child=1 4 5 -3 -1 6 7 -2 -9
right_child=2 3 -4 -5 -6 -7 -8 8 -10
leaf_value=0.0056050242931737397 0.012164481855034744 -0.016372739985196175 0.010663020838816199 0.015775682087915837 -0.023942258928654314 -0.02067006534913959 -0.02461721722229843 0.0046846006914594927 -0.0055443350618825261
leaf_weight=3.4275155216455451 20.95049050450325 3.7883860766887656 57.312348589301109 10.439391016960142 29.785163223743439 5.6840709000825873 3.9007397294044486 25.480698123574257 29.591418012976646
leaf_count=16 103 18 339 56 131 23 17 118 135
internal_value=4.15709e-05 -0.0102933 0.00391816 0.00721562 -0.020893 -0.000139693 0.00132041 0.00265127 -0.000967734
internal_weight=190.36 47.4405 142.92 14.2278 33.2127 85.6074 79.9233 76.0226 55.0721
internal_count=956 221 735 74 147 396 373 356 253
cat_boundaries=0 1 2
cat_threshold=98317 11872
is_linear=0
shrinkage=0.02


Tree=43
num_leaves=10
num_cat=0
split_feature=14 5 13 2 8 7 14 6 8
split_gain=20.2124 12.4328 8.18633 6.18712 6.56384 7.93518 6.04434 6.37468 5.91874
threshold=1.0152009255953356 231.50000000000003 0.017709976160856355 2.5000000000000004 1.0167549982592439 1.8050000000000004 0.99478215146301485 163.58265180850859 0.97323466893679467
decision_type=2 2 2 2 2 2 2 2 2
left_child=1 3 6 4 5 -1 -3 -8 -5
right_child=-2 2 -4 8 -6 -7 7 -9 -10
leaf_value=0.025811061963033177 0.009970897454595588 -0.006210669790606348 -0.016625464905027046 -0.031266455408613308 -0.016454313202336299 -0.0062339534396854057 0.01167707178401647 -0.0029002629272512162 -0.0054000576675185818
leaf_weight=4.0323644131422069 57.262857347726822 21.294443979859352 9.8790040612220746 10.460698381066321 16.273756369948387 13.239971831440924 33.374164626002312 18.735828846693039 5.3472845256328574
leaf_count=18 339 96 41 45 71 59 170 94 23
internal_value=4.03586e-05 -0.0042469 0.000466814 -0.0122011 -0.00734009 0.00124721 0.00276715 0.00643588 -0.0225168
internal_weight=189.9 132.638 83.2834 49.3541 33.5461 17.2723 73.4044 52.11 15.808
internal_count=956 617 401 216 148 77 360 264 68
is_linear=0
shrinkage=0.02


Tree=44
num_leaves=10
num_cat=0
split_feature=14 5 13 2 13 14 6 7 9
split_gain=19.4941 11.9382 7.85623 5.95824 6.47522 5.81454 6.16429 5.03815 4.82317
threshold=1.0152009255953356 231.50000000000003 0.017709976160856355 2.5000000000000004 0.0079098071047608905 0.99478215146301485 163.58265180850859 7.120000000000001 0.0060745226721504704
decision_type=2 2 2 2 2 2 2 2 2
left_child=1 3 5 4 8 -3 -7 -8 -1
right_child=-2 2 -4 -5 -6 6 7 -9 -10
leaf_value=0.014460446657825367 0.0098269311000696961 -0.0060752172189237766 -0.016272850929775252 -0.022088319381966707 -0.013848975759020273 0.011503775783474753 -0.020032352669091164 0.0034094025635337407 -0.011266234987021711
leaf_weight=7.4555190056562406 56.942978456616402 21.333439692854881 9.8910837024450284 15.792551457881926 21.314274027943611 33.201138496398926 5.0000210255384472 13.759248301386831 4.7861712127923965
leaf_count=32 339 96 41 68 94 170 25 69 22
internal_value=3.99871e-05 -0.00416497 0.000458324 -0.0119583 -0.00719076 0.00271621 0.00632572 -0.00283867 0.00440201
internal_weight=189.476 132.533 83.1849 49.3485 33.556 73.2938 51.9604 18.7593 12.2417
internal_count=956 617 401 216 148 360 264 94 54
is_linear=0
shrinkage=0.02


Tree=45
num_leaves=10
num_cat=1
split_feature=0 5 9 2 14 11 11 15 10
split_gain=19.8186 18.4622 9.02764 6.89206 5.9654 6.7643 5.84905 4.99193 5.88898
threshold=0 301.50000000000006 0.01888650263437543 1.5000000000000002 1.0003533310824679 -1.0000000180025095e-35 0.16370923632842269 0.943818703598022 0.037574558672905926
decision_type=1 2 2 2 2 2 2 2 2
left_child=1 4 6 -3 -1 -6 7 -2 -9
right_child=2 3 -4 -5 5 -7 -8 8 -10
leaf_value=-0.027783100611940351 0.022572509749852726 -0.016023616871677394 0.010289673623958365 0.015506978199525789 0.010617332818165548 -0.019483361612119325 -0.019614668095911055 -0.0019804737980929875 0.014488939352810948
leaf_weight=18.628829702734947 4.2110973745584479 3.7933185547590247 56.422343701124191 10.308962985873221 4.228507488965989 10.165165826678273 5.6864673942327491 65.622463256120682 10.009085431694983
leaf_count=81 19 18 339 56 20 46 23 304 50
internal_value=3.96519e-05 -0.0100069 0.00381136 0.00702568 -0.0203111 -0.0106405 -1.66688e-05 0.00137912 0.00019909
internal_weight=189.076 47.1248 141.951 14.1023 33.0225 14.3937 85.5291 79.8426 75.6315
internal_count=956 221 735 74 147 66 396 373 354
cat_boundaries=0 1
cat_threshold=98317
is_linear=0
shrinkage=0.02


Tree=46
num_leaves=10
num_cat=2
split_feature=0 5 9 2 8 11 7 8 0
split_gain=19.0753 17.7548 8.74041 6.64587 6.29684 5.61765 6.58833 6.12854 4.76033
threshold=0 301.50000000000006 0.01888650263437543 1.5000000000000002 0.54623311140643094 0.16370923632842269 120.66500000000001 0.74774787887669147 1
decision_type=1 2 2 2 2 2 2 2 1
left_child=1 4 5 -3 -1 6 7 -2 -9
right_child=2 3 -4 -5 -6 -7 -8 8 -10
leaf_value=0.0058273395114662799 0.011916294226333715 -0.015624701506263178 0.010143930726270787 0.01531322318108772 -0.022904077572513417 -0.019222069171073809 -0.023914998440467971 0.0047265889188477126 -0.0053864032549206997
leaf_weight=3.4023216068744651 20.775143101811409 3.8121689260005942 56.091685011982918 10.231397211551664 29.564530298113823 5.6865550279617301 3.9247199445962897 25.472639128565788 29.626019701361656
leaf_count=16 103 18 339 56 131 23 17 118 135
internal_value=3.92316e-05 -0.00982645 0.00374469 0.00691503 -0.0199389 -1.61601e-05 0.00135248 0.00265949 -0.000830821
internal_weight=188.587 47.0104 141.577 14.0436 32.9669 85.4851 79.7985 75.8738 55.0987
internal_count=956 221 735 74 147 396 373 356 253
cat_boundaries=0 1 2
cat_threshold=98317 11872
is_linear=0
shrinkage=0.02


Tree=47
num_leaves=10
num_cat=2
split_feature=0 8 9 4 15 0 12 13 11
split_gain=18.3815 13.1896 9.43055 7.41106 6.07716 6.29611 5.14908 7.60133 4.9181
threshold=0 0.53587497339654999 0.015109689022732522 2.5000000000000004 0.92409125362050759 1 0.0080966177188384423 0.0079883391472388484 0.025022521227454842
decision_type=1 2 2 2 2 1 2 2 2
left_child=1 -1 4 -3 -2 6 7 -6 -7
right_child=2 3 -4 -5 5 8 -8 -9 -10
leaf_value=0.019393654878020233 0.0251672018673238 -0.00035829061664159639 0.0083104778894573933 -0.028624877195718833 0.01061125436295514 -0.00077452341843621596 0.018612085679967545 -0.020901643581881561 -0.012013082621049571
leaf_weight=3.3602353185415295 3.3141585886478415 4.6327496916055706 72.465793028473854 18.630579933524132 8.7634747773408908 32.220503658056259 9.8784635066986066 4.7059221714735022 30.149383708834648
leaf_count=17 15 23 426 84 42 145 48 22 134
internal_value=3.82145e-05 -0.0128276 0.00278126 -0.0229958 -0.00140675 -0.0024342 0.00535233 -0.000398685 -0.0053495
internal_weight=188.121 26.6236 161.498 23.2633 89.0319 85.7177 23.3479 13.4694 62.3699
internal_count=956 124 832 107 406 391 112 64 279
cat_boundaries=0 1 2
cat_threshold=32773 543808
is_linear=0
shrinkage=0.02


Tree=48
num_leaves=10
num_cat=2
split_feature=0 8 9 4 12 11 0 12 13
split_gain=17.705 12.717 9.10479 7.17922 5.80261 8.28988 4.98764 5.70454 7.27491
threshold=0 0.53587497339654999 0.015109689022732522 2.5000000000000004 0.019141271894501297 0.16370923632842269 1 0.0080966177188384423 0.0079883391472388484
decision_type=1 2 2 2 2 2 1 2 2
left_child=1 -1 4 -3 5 6 7 8 -2
right_child=2 3 -4 -5 -6 -7 -8 -9 -10
leaf_value=0.019138962829879199 0.010443014934902715 -0.0003510782813206817 0.0081818695225535157 -0.028183368238554274 0.019692368254448176 -0.029137789933312033 -0.0040533519095349076 0.019955984555631912 -0.020337579982672983
leaf_weight=3.3370867669582394 8.7269341200590151 4.6333602368831661 72.136112436652184 18.544851943850517 4.9379076659679404 4.4637746065855017 56.822191029787064 9.3321189582347852 4.739367574453353
leaf_count=17 42 23 426 84 22 18 256 46 22
internal_value=3.78004e-05 -0.0126088 0.00273144 -0.0226197 -0.0013783 -0.00261569 -0.00112878 0.00551794 -0.000389993
internal_weight=187.674 26.5153 161.158 23.1782 89.0223 84.0844 79.6206 22.7984 13.4663
internal_count=956 124 832 107 406 384 366 110 64
cat_boundaries=0 1 2
cat_threshold=32773 543808
is_linear=0
shrinkage=0.02


Tree=49
num_leaves=10
num_cat=2
split_feature=0 8 9 6 15 0 5 8 5
split_gain=17.0447 12.2634 8.80637 7.73788 5.75591 5.81484 4.77628 7.50215 6.55725
threshold=0 0.53587497339654999 0.015109689022732522 106.96638117858728 0.92409125362050759 1 283.50000000000006 0.74315501593190303 267.50000000000006
decision_type=1 2 2 2 2 1 2 2 2
left_child=1 -1 4 -3 -2 -6 7 -4 -9
right_child=2 3 6 -5 5 -7 -8 8 -10
leaf_value=0.018888249444533968 0.024665550695241831 -0.028903865316804934 0.020027730858092233 -0.0020964001313820055 0.0051578016603176834 -0.0051432829338457758 0.012935727101512313 0.0012421198019243877 -0.029349453017688234
leaf_weight=3.3139876425266293 3.2740309536457053 17.361497074365619 7.654478356242179 5.7279107570648184 23.186360731720924 62.511886805295944 37.886357575654984 23.08045102655888 3.1900917142629615
leaf_count=17 15 78 47 29 112 279 238 124 17
internal_value=3.30098e-05 -0.0123952 0.00267828 -0.0222536 -0.00136025 -0.00235455 0.00805486 0.00260407 -0.00247268
internal_weight=187.187 26.4034 160.784 23.0894 88.9723 85.6982 71.8114 33.925 26.2705
internal_count=956 124 832 107 406 391 426 188 141
cat_boundaries=0 1 2
cat_threshold=32773 543808
is_linear=0
shrinkage=0.02


Tree=50
num_leaves=10
num_cat=1
split_feature=10 3 0 11 10 13 11 8 5
split_gain=16.7235 8.76523 7.93431 9.21036 9.76029 9.44711 7.06562 8.27182 6.52899
threshold=0.0033551356199747777 1.5000000000000002 0 0.076611752305125444 0.056654221365771501 0.020158179393801611 0.050344456025390755 0.75991917948093191 274.00000000000006
decision_type=2 2 1 2 2 2 2 2 2
left_child=1 -1 3 -2 -5 -6 7 -3 -4
right_child=2 6 8 4 5 -7 -8 -9 -10
leaf_value=-0.018156130708144397 0.0059076245748492353 0.015775435994161001 0.0025416748273988598 -0.024841344184856229 0.014686420328901571 -0.02524641962263003 -0.02014066946575209 -0.0054737691014050682 0.014234407931886697
leaf_weight=22.834684371948242 22.978988870978355 10.635166108608244 35.978160664439201 11.607081323862078 7.2326547801494581 3.5245085656642914 7.6388470679521552 23.563603594899178 40.722461476922035
leaf_count=103 117 52 187 56 44 17 33 107 240
internal_value=3.27389e-05 -0.00818972 0.00438991 -0.00244553 -0.0121218 0.00160271 -0.00275013 0.00113433 0.00774049
internal_weight=186.716 64.6723 122.044 45.3432 22.3642 10.7572 41.8376 34.1988 76.7006
internal_count=956 295 661 234 117 61 192 159 427
cat_boundaries=0 1
cat_threshold=100874
is_linear=0
shrinkage=0.02


Tree=51
num_leaves=10
num_cat=0
split_feature=10 3 10 8 11 10 9 8 10
split_gain=16.0861 8.4469 6.78446 7.00252 6.43232 7.73468 6.92049 5.68313 8.61405
threshold=0.0033551356199747777 1.5000000000000002 -0.054666938345813577 0.75991917948093191 -0.012439213085764839 0.042938941071629759 0.039200573348032924 0.91071928068901764 0.0794214665199032
decision_type=2 2 2 2 2 2 2 2 2
left_child=1 -1 -3 -4 -2 6 -6 -7 -9
right_child=4 2 3 -5 5 7 -8 8 -10
leaf_value=-0.017827918016393336 0.018162322553813542 0.018784259141698696 0.0076536400225251655 -0.011426961229516789 -0.0011182302652289623 0.012067158562384567 -0.03438602016194281 -0.013824218742450517 0.014045772623078743
leaf_weight=22.790416821837425 12.085885569453238 5.1572064459323874 10.981092661619185 25.698800355195999 49.364665910601616 39.628800228238106 2.634695664048194 10.023201406002046 7.95806561410427
leaf_count=103 63 24 53 115 247 235 15 54 47
internal_value=3.26638e-05 -0.00803134 -0.00269473 -0.00571468 0.00431513 0.0027883 -0.00280384 0.00783581 -0.00148965
internal_weight=186.323 64.6275 41.8371 36.6799 121.695 109.609 51.9994 57.6101 17.9813
internal_count=956 295 192 168 661 598 262 336 101
is_linear=0
shrinkage=0.02


Tree=52
num_leaves=10
num_cat=0
split_feature=14 11 11 10 8 10 8 7 8
split_gain=15.5581 8.15943 5.73795 8.51484 8.67046 5.60575 5.4686 4.38041 4.23651
threshold=1.0152009255953356 -0.14991992877013091 0.094682918212329978 0.014214705704067453 1.052076730072639 0.076188493715554487 0.51779717839666606 7.9000000000000012 1.2014833404832206
decision_type=2 2 2 2 2 2 2 2 2
left_child=1 -1 3 6 -5 7 -3 -4 -6
right_child=-2 2 5 4 8 -7 -8 -9 -10
leaf_value=-0.021183927375556359 0.0089682999450347595 0.021907803390191324 -0.026029345156742018 0.012557836682311658 -0.024432931250175444 0.011036146103010777 -0.0059740331917743465 -0.0062767339491870654 0.0055640159318991233
leaf_weight=9.8847113996744138 54.925468817353249 2.9511073231697074 9.0369106084108406 28.5162313580513 4.335367038846015 3.6299753487110129 60.477466121315956 8.9270653873682004 3.3296879827976227
leaf_count=47 339 15 40 144 20 17 274 44 16
internal_value=3.25519e-05 -0.00371148 -0.00228653 -0.000260408 0.00748185 -0.0116327 -0.00467679 -0.0162134 -0.0114023
internal_weight=186.014 131.089 121.204 99.6099 36.1813 21.594 63.4286 17.964 7.66506
internal_count=956 617 570 469 180 101 289 84 36
is_linear=0
shrinkage=0.02


Tree=53
num_leaves=10
num_cat=1
split_feature=0 8 10 10 11 5 3 6 11
split_gain=15.988 10.8603 9.33234 7.92618 7.78418 7.50197 6.5764 6.29005 6.00355
threshold=0 0.73539082743374784 -0.014510671525247326 0.07914470033296335 0.10150765969731487 189.50000000000003 2.5000000000000004 18.763866738066366 0.098217468805704075
decision_type=1 2 2 2 2 2 2 2 2
left_child=2 -2 -1 5 -4 7 -6 -3 -7
right_child=1 3 4 -5 6 8 -8 -9 -10
leaf_value=-0.022708276237367639 0.013059226032922549 -0.0042253028133540571 0.0016938339210576087 0.016503904174431254 -0.0082276344121016559 0.0043564444229664545 -0.044434799305524735 -0.02857584489691533 -0.010311717815730299
leaf_weight=16.561477318406105 37.242499575018883 11.865579426288607 23.889100685715675 10.862779870629309 6.16780276596546 55.511017337441444 2.9742018133401871 6.605366811156272 13.970304116606711
leaf_count=77 213 51 119 66 32 281 16 29 72
internal_value=3.23016e-05 0.00359119 -0.00870113 0.000386191 -0.00431231 -0.00160447 -0.020007 -0.0129333 0.00140718
internal_weight=185.65 136.058 49.5926 98.815 33.0311 87.9523 9.142 18.4709 69.4813
internal_count=956 712 244 499 167 433 48 80 353
cat_boundaries=0 1
cat_threshold=33293
is_linear=0
shrinkage=0.02


Tree=54
num_leaves=10
num_cat=1
split_feature=0 8 6 13 6 15 7 8 13
split_gain=15.3692 10.519 9.21596 8.08258 9.73205 6.4542 5.65782 10.1373 8.76653
threshold=0 0.73539082743374784 30.854121675414174 0.020158179393801611 403.99596004039967 1.0632324067482117 2.3200000000000003 1.1516449153358705 0.0079522084147981287
decision_type=1 2 2 2 2 2 2 2 2
left_child=2 -2 -1 4 5 -4 7 8 -3
right_child=1 6 3 -5 -6 -7 -8 -9 -10
leaf_value=-0.02439672733943123 0.012883365409924961 0.025685323817178793 -0.0011732127121076906 -0.028447311926132195 -0.029893211058290726 0.025149501656472083 0.0033103383565680389 -0.031815144944763306 -0.007323888767117457
leaf_weight=13.429217398166655 36.998324155807495 3.9426116198301377 22.530096188187606 5.0554600208997718 4.0993097424507132 4.4642796218395224 71.800496399402618 5.4449561089277259 17.515963271260262
leaf_count=64 213 18 108 23 21 28 375 24 82
internal_value=3.21359e-05 0.00352841 -0.00852898 -0.00499359 -0.00118029 0.00317999 0.000379257 -0.00744325 -0.00125906
internal_weight=185.281 135.702 49.5784 36.1491 31.0937 26.9944 98.704 26.9035 21.4586
internal_count=956 712 244 180 157 136 499 124 100
cat_boundaries=0 1
cat_threshold=33293
is_linear=0
shrinkage=0.02


Tree=55
num_leaves=10
num_cat=1
split_feature=0 6 10 9 9 7 15 13 7
split_gain=14.7894 10.7058 7.89908 8.72903 8.0666 6.57188 5.89838 6.19517 5.67843
threshold=0 106.96638117858728 0.040574424435833152 0.039656405171820626 0.01888650263437543 36.185000000000009 0.92409125362050759 0.020770281033329376 55.970000000000006
decision_type=1 2 2 2 2 2 2 2 2
left_child=1 -1 3 4 6 -3 -2 8 -8
right_child=2 5 -4 -5 -6 -7 7 -9 -10
leaf_value=-0.024280270084609833 0.024442030976076154 -0.012364463269276673 0.0087529238681467343 -0.037227977555509016 0.013738611955126472 0.02589480432513324 -0.00024407405658859923 -0.02548086385028157 -0.021012212558235887
leaf_weight=18.471885353326801 3.2334122210741034 4.116885617375373 55.418058648705482 2.5388675630092612 15.22153080999851 3.1854317933320999 72.372172266244888 4.6654348373413077 5.6794121712446204
leaf_count=86 15 19 330 15 92 19 336 19 25
internal_value=3.19476e-05 -0.0116542 0.00250003 -0.000600164 0.000318995 0.00432507 -0.00205757 -0.00309344 -0.00175526
internal_weight=184.903 25.7742 159.129 103.711 101.172 7.30232 85.9504 82.717 78.0516
internal_count=956 124 832 502 487 38 395 380 361
cat_boundaries=0 1
cat_threshold=32773
is_linear=0
shrinkage=0.02


Tree=56
num_leaves=10
num_cat=0
split_feature=10 5 11 11 10 13 6 5 9
split_gain=13.96 6.59556 6.43852 6.32847 7.10257 7.39317 6.11214 6.49675 5.6907
threshold=0.0033551356199747777 189.50000000000003 0.054432020511359598 -0.012439213085764839 0.042938941071629759 0.017186011786689291 431.49568504314959 315.50000000000006 -0.0045740796920276617
decision_type=2 2 2 2 2 2 2 2 2
left_child=1 -1 6 -2 5 -5 7 -3 -9
right_child=3 2 -4 4 -6 -7 -8 8 -10
leaf_value=-0.018627985418896223 0.017884715999441358 -0.0033115813456453076 -0.02205491825139954 -0.00060291600070522234 0.0074250485348008738 -0.028532589783625419 -0.018844225039646268 0.028741610851185075 -0.00048529143435007891
leaf_weight=16.001499235630035 11.914188191294668 24.335003390908241 6.6632088571786872 47.673927575349808 56.609140336513519 4.1185512393712989 6.4025024175643912 5.8226422369480133 4.9134481698274595
leaf_count=73 63 111 29 244 336 18 29 28 25
internal_value=3.17102e-05 -0.00750413 -0.00380637 0.00404894 0.00252828 -0.00282389 -0.000874529 0.00240598 0.0153657
internal_weight=184.454 64.1383 48.1368 120.316 108.402 51.7925 41.4736 35.0711 10.7361
internal_count=956 295 222 661 598 262 193 164 53
is_linear=0
shrinkage=0.02


Tree=57
num_leaves=10
num_cat=1
split_feature=0 8 6 13 6 10 13 10 9
split_gain=14.3405 10.0911 8.54755 7.5493 9.26431 7.46868 11.2113 7.23531 5.31489
threshold=0 0.73539082743374784 30.854121675414174 0.020158179393801611 403.99596004039967 0.07914470033296335 0.017186011786689291 0.059291795258114406 0.0058043946516690053
decision_type=1 2 2 2 2 2 2 2 2
left_child=2 -2 -1 4 7 6 -3 -4 -8
right_child=1 5 3 -5 -6 -7 8 -9 -10
leaf_value=-0.02373156020643542 0.012638254232162119 0.00065633062785567923 -0.0018156922256443331 -0.027571099690652048 -0.029062818100556335 0.016145309220888398 -0.006455071063959773 0.025080337609625452 -0.039472617170580836
leaf_weight=13.174659863114355 36.57672780752182 79.833966910839081 21.933027967810638 5.0530853867530814 4.1372930258512488 10.655171871185301 3.5920418053865424 4.8933241367340079 4.2663662135601044
leaf_count=64 213 398 105 23 21 66 15 31 20
internal_value=3.14467e-05 0.00341629 -0.00826663 -0.00490489 -0.00120589 0.000333887 -0.0015873 0.00309034 -0.0243805
internal_weight=184.116 134.924 49.1914 36.0167 30.9636 98.3475 87.6924 26.8264 7.85841
internal_count=956 712 244 180 157 499 433 136 35
cat_boundaries=0 1
cat_threshold=33293
is_linear=0
shrinkage=0.02


Tree=58
num_leaves=10
num_cat=1
split_feature=0 5 7 10 5 11 10 6 7
split_gain=14.0966 14.9357 6.71666 8.89446 10.3628 8.83484 9.11598 7.83401 6.77827
threshold=0 301.50000000000006 27.535000000000004 0.092669418573295498 176.50000000000003 0.092907766793759589 0.036541656018400218 18.085698781646318 9.3850000000000033
decision_type=1 2 2 2 2 2 2 2 2
left_child=1 -1 3 4 7 6 -6 -2 -7
right_child=2 -3 -4 -5 5 8 -8 -9 -10
leaf_value=-0.017971043462377236 -0.0041444214270335332 0.0069409770317525781 -0.0072109791539514455 0.024003531590803952 0.0056550557400772226 -0.014412832930159974 0.022788384526052002 -0.039761418798171064 0.0081635603105974942
leaf_weight=31.813083827495575 10.381691396236418 13.803326711058615 20.061283797025681 9.3693763315677625 57.224682435393333 12.889432221651079 15.865579456090925 3.2414415478706351 9.0575419366359693
leaf_count=147 45 74 107 58 286 71 100 15 53
internal_value=3.12928e-05 -0.00855693 0.00325242 0.00530642 0.00369424 0.00603267 0.00937416 -0.012619 -0.00509553
internal_weight=183.707 45.6164 138.091 118.03 108.66 95.0372 73.0903 13.6231 21.947
internal_count=956 221 735 628 570 510 386 60 124
cat_boundaries=0 1
cat_threshold=98317
is_linear=0
shrinkage=0.02


Tree=59
num_leaves=10
num_cat=2
split_feature=0 14 10 6 1 6 8 13 14
split_gain=13.4761 9.88981 8.30353 6.91168 7.68524 6.92601 5.16277 5.18174 4.77605
threshold=0 1.0152009255953356 -0.014510671525247326 403.99596004039967 1 109.66630111232963 0.79663202653027998 0.017186011786689291 1.0137568644614612
decision_type=1 2 2 2 1 2 2 2 2
left_child=2 8 -1 4 5 -4 -3 -8 -2
right_child=1 6 3 -5 -6 -7 7 -9 -10
leaf_value=-0.021475888637251909 0.00075160648533010796 0.01922784416888465 -0.024036238448054994 -0.02637634359240695 0.0093691996869896006 0.0056495253244830002 0.0097642446405093782 -0.014116115772074675 -0.023319001023519331
leaf_weight=16.020861610770226 87.999940291047096 19.117309212684631 7.4844056963920593 4.7021630704402915 15.361434802412987 5.4205997139215469 19.309707492589954 4.477319046854972 3.4256299883127204
leaf_count=77 418 130 35 24 79 29 120 26 18
internal_value=3.13614e-05 0.00332007 -0.00802579 -0.00392418 -0.000189228 -0.0115671 0.011489 0.00526936 -0.000150297
internal_weight=183.319 134.33 48.9895 32.9686 28.2664 12.905 42.9043 23.787 91.4256
internal_count=956 712 244 167 143 64 276 146 436
cat_boundaries=0 1 2
cat_threshold=33293 1
is_linear=0
shrinkage=0.02


Tree=60
num_leaves=10
num_cat=1
split_feature=0 9 7 6 12 12 6 13 10
split_gain=12.9609 9.60192 8.73804 8.05909 7.57728 6.74303 6.26072 7.78159 8.00349
threshold=0 0.01888650263437543 2.9450000000000007 26.299120548639742 0.01170294185921566 0.0080966177188384423 403.99596004039967 0.020158179393801611 0.059291795258114406
decision_type=1 2 2 2 2 2 2 2 2
left_child=3 -2 4 -1 5 -3 7 8 -5
right_child=1 2 -4 6 -6 -7 -8 -9 -10
leaf_value=-0.024914780567387062 -0.00063736633964406526 0.0047899264973089925 0.014942372368540235 -0.0030207089882069095 0.019667193898387177 -0.032353759872097564 -0.025071775198667847 -0.027286949410983797 0.024934519835875323
leaf_weight=10.602926969528196 83.844096153974533 3.5283218473196012 38.807079717516899 23.705778598785404 3.4669871032238007 4.3842274993658066 5.447567105293273 4.2175109237432471 4.9522922486066809
leaf_count=53 391 19 257 113 21 24 27 19 32
internal_value=3.12231e-05 0.00326091 0.0104233 -0.00787356 -0.0049879 -0.0157908 -0.00521326 -0.00192265 0.00181013
internal_weight=182.957 134.031 50.1866 48.9261 11.3795 7.91255 38.3231 32.8756 28.6581
internal_count=956 712 321 244 64 43 191 164 145
cat_boundaries=0 1
cat_threshold=33293
is_linear=0
shrinkage=0.02


Tree=61
num_leaves=10
num_cat=1
split_feature=0 5 7 10 5 11 10 6 15
split_gain=12.7892 14.1086 6.50334 8.57045 9.85069 8.59434 8.7984 7.45531 6.62144
threshold=0 301.50000000000006 27.535000000000004 0.092669418573295498 176.50000000000003 0.092907766793759589 0.036541656018400218 18.085698781646318 0.98781084169626532
decision_type=1 2 2 2 2 2 2 2 2
left_child=1 -1 3 4 7 6 8 -2 -6
right_child=2 -3 -4 -5 5 -7 -8 -9 -10
leaf_value=-0.017333540738197369 -0.0040285866195163061 0.0069373483534415905 -0.0071952214707792497 0.023749117074234511 0.015888689305667354 -0.0051304058319132772 0.022547521161922008 -0.038675260850235635 0.0010572150645337369
leaf_weight=31.581769943237305 10.389273524284361 13.751675263047217 20.030535727739334 9.1250282824039441 17.2663843780756 21.863194346427917 15.479558914899824 3.265026554465293 39.781798079609871
leaf_count=147 45 74 107 58 82 124 100 15 204
internal_value=3.11744e-05 -0.00816909 0.00310945 0.00513644 0.0035645 0.00586133 0.00917475 -0.0123133 0.00554616
internal_weight=182.534 45.3334 137.201 117.17 108.045 94.3909 72.5277 13.6543 57.0482
internal_count=956 221 735 628 570 510 386 60 286
cat_boundaries=0 1
cat_threshold=98317
is_linear=0
shrinkage=0.02


Tree=62
num_leaves=10
num_cat=2
split_feature=14 5 0 5 11 8 6 12 1
split_gain=12.3664 7.43086 7.08439 9.73161 7.55831 6.94135 7.37128 7.31424 5.78704
threshold=0.99541365799748294 234.50000000000003 0 398.50000000000006 0.10341807621418329 0.70162418232476476 253.49746502534975 0.010741551074452415 1
decision_type=2 2 1 2 2 2 2 2 1
left_child=-1 8 3 5 -5 -3 -7 -8 -2
right_child=1 2 -4 4 -6 6 7 -9 -10
leaf_value=-0.0089481307301582311 -0.0089892092925683131 0.017429669154369352 0.0099837971799931011 -0.00028558249042833807 -0.034564512912742304 0.0089234506032558458 -0.024270482522603266 0.01296942483285652 0.0080180612397621441
leaf_weight=45.894003570079803 28.589482098817825 10.679122045636175 53.434569895267487 4.9533515721559507 5.3539868593215942 11.479064017534258 7.7758985757827741 2.8951260298490524 11.11396864056587
leaf_count=212 135 62 314 26 29 64 39 17 58
internal_value=3.12083e-05 0.00305523 0.00604979 -0.000923711 -0.0180912 0.00418498 -0.00220062 -0.014167 -0.00422846
internal_weight=182.169 136.275 96.5711 43.1365 10.3073 32.8292 22.1501 10.671 39.7035
internal_count=956 744 551 237 55 182 120 56 193
cat_boundaries=0 1 2
cat_threshold=41674 2
is_linear=0
shrinkage=0.02


Tree=63
num_leaves=10
num_cat=1
split_feature=0 8 10 11 15 10 13 5 11
split_gain=12.0904 9.24245 7.76062 7.34327 11.8887 6.83694 10.4589 8.48412 6.43602
threshold=0 0.73539082743374784 -0.014510671525247326 0.10150765969731487 1.0647574381433926 0.07914470033296335 0.017186011786689291 189.50000000000003 0.22217072261874057
decision_type=1 2 2 2 2 2 2 2 2
left_child=2 -2 -1 -4 -5 6 7 -3 -6
right_child=1 5 3 4 8 -7 -8 -9 -10
leaf_value=-0.020744482031690749 0.012115703999492545 -0.011551204421113568 0.0021909721692445071 -0.049230045450677717 0.018691141758558513 0.015603426645603706 -0.023553659536165509 0.004106034994404502 -0.023348401257008784
leaf_weight=15.708113640546797 35.68771867454052 17.861288398504257 23.797781124711037 3.3017399013042432 2.9980435222387314 10.335453271865843 7.8946424871683112 61.536169603466988 2.8332919478416443
leaf_count=77 213 77 119 15 19 66 35 321 14
internal_value=4.21847e-05 0.00316821 -0.0076123 -0.0036598 -0.018905 0.000221977 -0.0015992 0.000583775 -0.00173476
internal_weight=181.954 133.315 48.639 32.9309 9.13308 97.6276 87.2921 79.3975 5.83134
internal_count=956 712 244 167 48 499 433 398 33
cat_boundaries=0 1
cat_threshold=33293
is_linear=0
shrinkage=0.02


Tree=64
num_leaves=10
num_cat=1
split_feature=0 5 9 11 4 13 10 8 13
split_gain=11.9339 13.4918 5.88399 5.18781 9.03499 6.64913 5.37687 5.13667 4.67677
threshold=0 301.50000000000006 0.01888650263437543 -0.052433863145602617 6.5000000000000009 0.0079883391472388484 0.06960787264136753 0.54623311140643094 0.023234158886879939
decision_type=1 2 2 2 2 2 2 2 2
left_child=1 7 3 4 -2 -5 -7 -1 -4
right_child=2 -3 8 5 -6 6 -8 -9 -10
leaf_value=0.0067096652776390741 0.02846276606731403 0.0069184102345033541 0.010312747692701504 0.0048223798980390172 -0.0072771279538305445 -0.0094418705974197454 0.017855397264912455 -0.019651700165281765 -0.011569774478707108
leaf_weight=3.3046021163463619 6.3327116072177869 13.688406459987162 47.867499276995659 32.085260942578316 5.1142474263906479 37.640588387846947 3.126078560948371 28.083718866109848 4.2538950443267813
leaf_count=16 31 74 314 156 22 172 15 131 25
internal_value=4.18044e-05 -0.0078984 0.00302284 -2.16304e-05 0.012495 -0.00198832 -0.00734866 -0.0168763 0.0085268
internal_weight=181.497 45.0767 136.42 84.2989 11.447 72.8519 40.7667 31.3883 52.1214
internal_count=956 221 735 396 53 343 187 147 339
cat_boundaries=0 1
cat_threshold=98317
is_linear=0
shrinkage=0.02


Tree=65
num_leaves=10
num_cat=0
split_feature=14 5 13 7 5 6 12 2 14
split_gain=11.6057 8.42009 8.05122 5.94645 7.61652 8.60439 5.74525 5.60958 7.64383
threshold=1.0152009255953356 466.50000000000006 0.017709976160856355 55.970000000000006 231.50000000000003 31150000 0.027748882127626957 2.5000000000000004 1.010894092551919
decision_type=2 2 2 2 2 2 2 2 2
left_child=1 2 3 4 7 -6 -4 8 -1
right_child=-2 -3 6 -5 5 -7 -8 -9 -10
leaf_value=0.0014202647175163288 0.0079764753889451177 0.01983093626697938 -0.026823887586761831 -0.022602127802622475 0.0052356129283963335 -0.023317255123363068 0.00092095565186689694 -0.018085504152357403 -0.030205417754067942
leaf_weight=23.759948819875721 52.395033910870552 6.0564487874507895 9.9341744333505613 5.5681630820035926 56.645799025893211 4.5615975558757773 4.2680378705263129 14.382888361811636 3.5083601474761954
leaf_count=105 339 32 45 25 286 22 20 66 16
internal_value=4.14269e-05 -0.00318938 -0.00432631 -0.00247161 -0.00138186 0.00310766 -0.018486 -0.00797931 -0.00264872
internal_weight=181.08 128.685 122.629 108.427 102.859 61.2074 14.2022 41.6512 27.2683
internal_count=956 617 585 520 495 308 65 187 121
is_linear=0
shrinkage=0.02


Tree=66
num_leaves=10
num_cat=0
split_feature=14 5 13 7 5 6 12 2 14
split_gain=11.1882 8.13514 7.76646 5.66594 7.31713 8.21712 5.5585 5.40666 7.27968
threshold=1.0152009255953356 466.50000000000006 0.017709976160856355 55.970000000000006 231.50000000000003 31150000 0.027748882127626957 2.5000000000000004 1.010894092551919
decision_type=2 2 2 2 2 2 2 2 2
left_child=1 2 3 4 7 -6 -4 8 -1
right_child=-2 -3 6 -5 5 -7 -8 -9 -10
leaf_value=0.0013922487567296193 0.0078547204688717912 0.019595029297695656 -0.026406049942864284 -0.022005820863878905 0.0051417810824758957 -0.022651615669156789 0.00090254308756061317 -0.017755011092522418 -0.029365036458843793
leaf_weight=23.753367990255359 52.145590454339981 6.0072729289531699 9.8899857103824598 5.6042936891317359 56.527140751481056 4.6013214588165274 4.268005594611167 14.357852697372435 3.5362995117902747
leaf_count=105 339 32 45 25 286 22 20 66 16
internal_value=4.09387e-05 -0.00312879 -0.00424279 -0.00242296 -0.00135512 0.00304969 -0.0181737 -0.00782032 -0.0025934
internal_weight=180.691 128.546 122.538 108.38 102.776 61.1285 14.158 41.6475 27.2897
internal_count=956 617 585 520 495 308 65 187 121
is_linear=0
shrinkage=0.02


Tree=67
num_leaves=10
num_cat=1
split_feature=0 8 6 10 13 5 6 6 13
split_gain=11.2602 8.74206 7.15415 6.36293 9.55608 7.80282 6.40692 5.75433 7.01167
threshold=0 0.73539082743374784 26.299120548639742 0.07914470033296335 0.017186011786689291 189.50000000000003 18.763866738066366 403.99596004039967 0.020158179393801611
decision_type=1 2 2 2 2 2 2 2 2
left_child=2 -2 -1 4 5 6 -3 8 -4
right_child=1 3 7 -5 -6 -7 -8 -9 -10
leaf_value=-0.023868180177549853 0.011842794311989376 -0.0023452041308262813 0.0018307684519604953 0.015218683485953238 -0.022532963058742722 0.0039495578133740819 -0.027498953134923197 -0.023837453276377572 -0.025968030368146686
leaf_weight=10.110680058598517 35.166092097759247 11.676251679658892 28.317981921136379 10.112398251891134 7.888866499066352 61.153253048658371 6.2018598020076743 5.5093784481286994 4.1628917008638373
leaf_count=53 213 50 145 66 35 321 27 27 19
internal_value=4.04415e-05 0.00306756 -0.00738218 0.000203419 -0.00154347 0.000551686 -0.011071 -0.00493779 -0.00173205
internal_weight=180.3 132.199 48.1009 97.0326 86.9202 79.0314 17.8781 37.9903 32.4809
internal_count=956 712 244 499 433 398 77 191 164
cat_boundaries=0 1
cat_threshold=33293
is_linear=0
shrinkage=0.02


Tree=68
num_leaves=10
num_cat=1
split_feature=0 14 7 6 6 5 7 13 12
split_gain=10.8336 8.25277 7.05186 8.92227 7.21116 6.1467 9.26627 6.51951 7.14059
threshold=0 1.0152009255953356 35.185000000000009 386.49613503864964 30.854121675414174 466.50000000000006 29.490000000000002 0.0079098071047608905 0.0099576386569921582
decision_type=1 2 2 2 2 2 2 2 2
left_child=2 5 3 4 -1 6 7 -2 -9
right_child=1 -3 -4 -5 -6 -7 -8 8 -10
leaf_value=-0.021764849691582603 0.0075330657678613988 0.010674026465951317 0.010343378945339755 -0.043956587253364703 -0.0031562881103783936 0.023073230426824388 -0.020865733855326384 -0.011577876529709851 0.0045838344071882468
leaf_weight=12.280265361070631 33.60156124830246 41.130834400653839 6.6626452058553687 3.1906773746013632 25.894664883613586 4.3489476293325415 8.702180862426756 23.837890684604645 20.202309891581535
leaf_count=64 166 276 37 15 128 24 39 111 96
internal_value=3.99605e-05 0.00301454 -0.00724382 -0.0118277 -0.00914237 -0.000126785 -0.00129532 0.000898159 -0.00416411
internal_weight=179.852 131.824 48.0283 41.3656 38.1749 90.6929 86.3439 77.6418 44.0402
internal_count=956 712 244 207 192 436 412 373 207
cat_boundaries=0 1
cat_threshold=33293
is_linear=0
shrinkage=0.02


Tree=69
num_leaves=10
num_cat=0
split_feature=5 13 10 8 9 5 5 12 15
split_gain=10.4471 7.68173 10.2816 5.63734 5.47477 5.28655 5.27745 8.31038 4.69836
threshold=189.50000000000003 0.020158179393801611 0.048275174199718517 1.1516449153358705 0.039656405171820626 462.50000000000006 394.50000000000006 0.0085484926459702647 1.1372276456989903
decision_type=2 2 2 2 2 2 2 2 2
left_child=3 2 4 -1 5 6 -2 -8 -3
right_child=1 8 -4 -5 -6 -7 7 -9 -10
leaf_value=-0.0065183024441387502 0.0018212548759767961 -0.015304783187966605 0.013245831773396164 -0.02864212725455972 -0.023524955373148443 0.022116323982543446 -0.037455546976869751 0.0059575568879269196 0.010786652467317784
leaf_weight=24.95547112822533 81.313996687531471 14.114183798432352 34.594116635620594 5.6499764025211325 3.6387251093983641 4.7150568664073935 3.603672817349433 3.4545177072286606 3.4319017827510825
leaf_count=119 407 69 229 27 22 27 18 18 20
internal_value=3.96316e-05 0.00222755 0.00388823 -0.0106025 0.000541482 0.00148222 0.000381302 -0.0162077 -0.0102015
internal_weight=179.472 148.866 131.32 30.6054 96.726 93.0872 88.3722 7.05819 17.5461
internal_count=956 810 721 146 492 470 443 36 89
is_linear=0
shrinkage=0.02


Tree=70
num_leaves=10
num_cat=1
split_feature=0 5 7 10 5 11 10 6 7
split_gain=10.6294 12.4905 6.10414 7.91314 8.23725 8.07792 8.37544 7.0766 6.35031
threshold=0 301.50000000000006 27.535000000000004 0.092669418573295498 176.50000000000003 0.092907766793759589 0.036541656018400218 18.085698781646318 9.3850000000000033
decision_type=1 2 2 2 2 2 2 2 2
left_child=1 -1 3 4 7 6 -6 -2 -7
right_child=2 -3 -4 -5 5 8 -8 -9 -10
leaf_value=-0.016223887753936218 -0.0030580716377076162 0.0068165887702373645 -0.0071588160215615496 0.023238434126296365 0.005224432653530846 -0.014352452224377048 0.022144289926414613 -0.036735161577290072 0.0077849374421686528
leaf_weight=30.843495190143585 10.433252483606337 13.544301860034464 19.859769463539124 8.6551228836178762 56.367234706878662 12.635665923357012 14.768459163606165 3.2806201726198188 8.7882561236619932
leaf_count=147 45 74 107 58 286 71 100 15 53
internal_value=3.9352e-05 -0.00750307 0.00286713 0.00484909 0.00335142 0.0054947 0.00873716 -0.0111143 -0.00527153
internal_weight=179.176 44.3878 134.788 114.929 106.273 92.5596 71.1357 13.7139 21.4239
internal_count=956 221 735 628 570 510 386 60 124
cat_boundaries=0 1
cat_threshold=98317
is_linear=0
shrinkage=0.02


Tree=71
num_leaves=10
num_cat=1
split_feature=0 8 7 6 3 11 5 6 9
split_gain=10.1509 8.30926 6.66335 8.33854 10.0311 7.27949 5.31834 6.99246 4.86438
threshold=0 0.73539082743374784 35.185000000000009 386.49613503864964 1.5000000000000002 0.13848430525874747 189.50000000000003 23.270809071206866 0.017072193903028127
decision_type=1 2 2 2 2 2 2 2 2
left_child=2 8 3 4 -1 -6 7 -3 -2
right_child=1 6 -4 -5 5 -7 -8 -9 -10
leaf_value=-0.022646857697817626 0.0042748924165927219 -0.0024452862600839388 0.010153448382615133 -0.042288137671118511 0.0037808830290394493 -0.025269586926120725 0.002548495433529599 -0.030151496883405699 0.019269785387488591
leaf_weight=13.558728486299513 17.83268865942955 15.402568310499193 6.6019045114517203 3.2398322671651831 20.191723302006725 4.1613599061965934 76.213167369365692 4.7726666778326026 16.812118053436279
leaf_count=71 90 68 37 15 101 20 410 21 123
internal_value=3.92123e-05 0.0029274 -0.00702728 -0.0114912 -0.0088594 -0.00118315 0.000131366 -0.00899949 0.0115515
internal_weight=178.787 131.033 47.7535 41.1516 37.9118 24.3531 96.3884 20.1752 34.6448
internal_count=956 712 244 207 192 121 499 89 213
cat_boundaries=0 1
cat_threshold=33293
is_linear=0
shrinkage=0.02


Tree=72
num_leaves=10
num_cat=1
split_feature=0 8 10 11 15 10 13 11 7
split_gain=9.76805 8.05405 6.69723 6.92584 10.6179 5.91927 8.87141 5.88218 5.1428
threshold=0 0.73539082743374784 -0.014510671525247326 0.10150765969731487 1.0647574381433926 0.07914470033296335 0.017186011786689291 0.22217072261874057 2.3200000000000003
decision_type=1 2 2 2 2 2 2 2 2
left_child=2 -2 -1 -4 -5 6 8 -6 -3
right_child=1 5 3 4 7 -7 -8 -9 -10
leaf_value=-0.019448272111401776 0.011402739673093751 -0.0073225384241374153 0.0024291553484974814 -0.046390057308829377 0.018360689053500603 0.014803303320445205 -0.021758705593998631 -0.02210009871706823 0.0038382148088853775
leaf_weight=14.927280023694037 34.398541755974293 23.609221085906029 23.620948627591133 3.3530299663543683 2.9119486957788467 9.868840888142584 7.8928358852863303 2.837969072163105 54.958493858575821
leaf_count=77 213 107 119 15 19 66 35 14 291
internal_value=3.88057e-05 0.00287544 -0.00689894 -0.00328269 -0.0181042 0.000128898 -0.00154608 -0.00160942 0.000484462
internal_weight=178.379 130.728 47.6512 32.7239 9.10295 96.3294 86.4606 5.74992 78.5677
internal_count=956 712 244 167 48 499 433 33 398
cat_boundaries=0 1
cat_threshold=33293
is_linear=0
shrinkage=0.02


Tree=73
num_leaves=10
num_cat=1
split_feature=0 5 7 5 6 12 13 8 15
split_gain=9.65079 11.8202 6.01967 5.78345 7.08776 5.15019 6.64025 6.12484 7.11739
threshold=0 301.50000000000006 81.855000000000018 176.50000000000003 18.085698781646318 0.011047291547560309 0.02265876312073916 0.95329190824453824 1.0042457241368952
decision_type=1 2 2 2 2 2 2 2 2
left_child=1 -1 3 4 -2 6 -5 -7 -9
right_child=2 -3 -4 5 -6 7 -8 8 -10
leaf_value=-0.015671755058977551 -0.00011347893227329499 0.0068059197506996072 -0.013746212839095868 0.0040066399385312347 -0.032761429062172789 0.018660927730983122 -0.026576256260665995 -0.021976796771409558 0.012083248859537248
leaf_weight=30.590478897094727 11.56516946852207 13.482425071299074 8.11734990775585 75.944417208433151 3.4542992562055579 21.078934006392959 2.9501101076602927 3.7824082970619184 6.9880415424704552
leaf_count=147 52 74 42 420 16 132 13 18 42
internal_value=3.84109e-05 -0.00716895 0.00274173 0.00402394 -0.00762212 0.00560342 0.00286305 0.0123916 0.00012191
internal_weight=177.954 44.0729 133.881 125.763 15.0195 110.744 78.8945 31.8494 10.7704
internal_count=956 221 735 693 68 625 433 192 60
cat_boundaries=0 1
cat_threshold=98317
is_linear=0
shrinkage=0.02


Tree=74
num_leaves=10
num_cat=1
split_feature=14 0 8 11 10 13 10 8 13
split_gain=9.47431 5.95357 6.54508 5.70623 10.6817 8.04667 4.86065 4.60503 4.96079
threshold=0.99541365799748294 0 0.85475807399710202 0.076611752305125444 0.056654221365771501 0.020158179393801611 -0.0040042145409675822 1.0991145294110687 0.0065029433667902628
decision_type=2 1 2 2 2 2 2 2 2
left_child=-1 3 -3 6 -5 -6 -2 8 -8
right_child=1 2 -4 4 5 -7 7 -9 -10
leaf_value=-0.0079301258075166955 -0.010251294436986403 0.012680217368349428 0.00053966080085200859 -0.022995893744574086 0.015036561195382053 -0.020547223441564101 -0.0014179997054568465 -0.011585679299102316 0.017319221075234752
leaf_weight=44.671429038047791 8.9813279062509519 38.112872235476971 33.265328176319599 12.218351781368257 7.9980437532067281 3.7262825667858124 9.150451481342321 4.6549144834280005 14.783042967319487
leaf_count=212 41 241 183 59 55 18 46 22 79
internal_value=3.80865e-05 0.00271662 0.00615928 -0.00196076 -0.00991007 0.00372715 0.00258333 0.00661545 0.0101555
internal_weight=177.562 132.891 71.3782 61.5124 23.9427 11.7243 37.5697 28.5884 23.9335
internal_count=956 744 424 320 132 73 188 147 125
cat_boundaries=0 1
cat_threshold=104971
is_linear=0
shrinkage=0.02


Tree=75
num_leaves=10
num_cat=1
split_feature=0 8 6 7 7 6 5 6 13
split_gain=9.03565 7.53948 6.39338 6.33551 5.38191 8.54574 4.82452 6.59215 5.98937
threshold=0 0.73539082743374784 26.299120548639742 1.7250000000000003 35.185000000000009 386.49613503864964 189.50000000000003 23.270809071206866 0.017186011786689291
decision_type=1 2 2 2 2 2 2 2 2
left_child=2 -2 -1 -4 5 -5 7 -3 -8
right_child=1 6 3 4 -6 -7 8 -9 -10
leaf_value=-0.022707974165367198 0.011093015883052924 -0.002191748437906356 0.030832024698396979 -0.0060921200950039339 0.010134347129144239 -0.040284009026942041 0.0047251012091123964 -0.029053713429866134 -0.011393136446242359
leaf_weight=9.5180822759866697 33.922992117702961 15.415049746632578 1.9401774704456318 26.060474500060085 6.5399033650755873 3.293417125940322 65.026739969849586 4.7898720055818549 10.745436377823351
leaf_count=53 213 68 9 130 37 15 355 21 55
internal_value=3.78998e-05 0.00277478 -0.00665146 -0.0043701 -0.00627289 -0.00992835 0.000123824 -0.00855977 0.00243933
internal_weight=177.252 129.9 47.3521 37.834 35.8938 29.3539 95.9771 20.2049 75.7722
internal_count=956 712 244 191 182 145 499 89 410
cat_boundaries=0 1
cat_threshold=33293
is_linear=0
shrinkage=0.02


Tree=76
num_leaves=10
num_cat=2
split_feature=14 0 6 8 6 14 0 14 10
split_gain=9.13237 8.48231 9.46869 6.01361 4.8072 5.58923 4.46484 3.98918 4.20896
threshold=1.0152009255953356 0 35.387442490723444 0.67465606667779732 425.49574504254957 1.0038323967754603 1 1.0197131845357656 0.056654221365771501
decision_type=2 1 2 2 2 2 1 2 2
left_child=1 2 -1 -4 -3 -6 7 -2 -9
right_child=6 4 3 -5 5 -7 -8 8 -10
leaf_value=-0.021588020553486197 0.018702656191044709 0.0038606543159149034 0.013161180353984919 -0.0081687217923660672 -0.018928130593455078 0.011098688264206876 0.0099820820519200444 -0.021838895445488546 0.00032461995667089219
leaf_weight=18.259095594286919 2.7074264734983471 66.094259195029736 6.8319261074066189 23.381894916296005 8.3148867487907392 3.5333941131830207 32.924171634018421 5.3709563538432112 9.4710676819086057
leaf_count=93 16 324 34 110 37 19 231 31 61
internal_value=3.74447e-05 -0.00283402 -0.00846993 -0.00334562 0.00155781 -0.00997353 0.00722927 -0.00230804 -0.0076958
internal_weight=176.889 126.415 48.4729 30.2138 77.9425 11.8483 50.4736 17.5495 14.842
internal_count=956 617 237 144 380 56 339 108 92
cat_boundaries=0 1 2
cat_threshold=1147015 311880
is_linear=0
shrinkage=0.02


Tree=77
num_leaves=10
num_cat=0
split_feature=14 5 7 5 6 13 7 2 14
split_gain=8.86798 7.29286 6.57609 6.10325 6.55394 5.53471 5.26432 8.90174 5.6486
threshold=1.0152009255953356 466.50000000000006 55.970000000000006 231.50000000000003 31150000 0.020158179393801611 0.90000000000000013 2.5000000000000004 1.010894092551919
decision_type=2 2 2 2 2 2 2 2 2
left_child=1 2 3 6 5 -5 -1 8 -8
right_child=-2 -3 -4 4 -6 -7 7 -9 -10
leaf_value=0.017121852396183222 0.0071501294496330581 0.019211848602524548 -0.023221819711316954 0.0048567379020564216 -0.020079429977530209 -0.015702427498652635 -0.0015239049182036114 -0.024922546686060847 -0.028387779683703412
leaf_weight=3.0430132299661627 50.296330086886883 5.7563850283622733 6.6119422167539588 56.502670481801033 5.3687718957662574 5.772876948118209 27.908419206738476 11.779660418629645 3.5264677703380576
leaf_count=13 339 32 29 290 25 25 130 57 16
internal_value=4.82983e-05 -0.00278052 -0.003831 -0.00270537 0.00112306 0.00295093 -0.00830384 -0.0100942 -0.00453758
internal_weight=176.567 126.27 120.514 113.902 67.6443 62.2755 46.2576 43.2145 31.4349
internal_count=956 617 585 556 340 315 216 203 146
is_linear=0
shrinkage=0.02


Tree=78
num_leaves=10
num_cat=2
split_feature=10 0 9 11 5 0 9 5 11
split_gain=8.71862 6.58248 9.51679 7.27346 5.80158 5.22637 5.09492 5.38856 5.0896
threshold=0.020083713850837105 0 0.015109689022732522 -0.050651215736639769 317.50000000000006 1 0.0024686204240415466 269.50000000000006 0.23532224406877317
decision_type=2 1 2 2 2 1 2 2 2
left_child=1 2 4 -3 -1 8 -7 -8 -2
right_child=5 3 -4 -5 -6 6 7 -9 -10
leaf_value=-0.017239012314651577 0.00078800581009781548 0.020636793522972891 0.017279853509007147 -0.0014941952558294026 0.0018737647724054146 -0.0090933572507558864 0.0045709095488228428 0.019519474488796904 -0.023532147832376952
leaf_weight=33.182836100459099 40.156009286642075 7.1144476160407057 4.4286247938871375 35.989235430955887 7.8568634390830985 4.7943214923143378 17.614726811647415 21.320804044604301 3.7646926939487448
leaf_count=158 231 36 26 175 36 22 104 150 18
internal_value=4.76365e-05 -0.00437776 -0.00866786 0.00175213 -0.01358 0.00451956 0.00843274 0.0127566 -0.00105615
internal_weight=176.223 88.572 45.4683 43.1037 41.0397 87.6506 43.7299 38.9355 43.9207
internal_count=956 431 220 211 194 525 276 254 249
cat_boundaries=0 1 2
cat_threshold=1257613 363082
is_linear=0
shrinkage=0.02


Tree=79
num_leaves=10
num_cat=1
split_feature=10 11 8 3 10 8 11 6 1
split_gain=8.39374 6.33986 7.22324 5.71969 5.43937 5.84783 4.89662 5.19837 8.13685
threshold=0.020083713850837105 0.050344456025390755 0.51779717839666606 1.5000000000000002 -0.045053947696827433 0.90156515330409082 -0.055011562152438513 40.589205899403304 0
decision_type=2 2 2 2 2 2 2 2 1
left_child=1 2 -1 4 -4 -6 -5 -8 -9
right_child=-2 -3 3 6 5 -7 7 8 -10
leaf_value=0.026029099694658601 0.0044439567829557157 -0.015573444049604606 -0.023442137813286027 0.01364048560366221 -0.018168985293107343 0.0081064531030588215 0.011978987590944203 -0.025249442245587738 -0.00036422898913450328
leaf_weight=3.5586302429437628 87.371776290237904 16.271560862660408 9.0326293557882327 9.5238193944096547 6.0538742095231992 7.6941832602024078 7.8148956000804892 6.9511997848749161 21.547881022095684
leaf_count=19 525 74 52 48 29 35 36 31 107
internal_value=4.71931e-05 -0.00429604 -0.00175367 -0.00319451 -0.0113853 -0.00346378 0.000876172 -0.00247144 -0.00643397
internal_weight=175.82 88.4487 72.1771 68.6185 22.7807 13.7481 45.8378 36.314 28.4991
internal_count=956 431 357 338 116 64 222 174 138
cat_boundaries=0 1
cat_threshold=2
is_linear=0
shrinkage=0.02


Tree=80
num_leaves=10
num_cat=2
split_feature=0 8 10 11 10 1 5 3 9
split_gain=8.20087 6.99672 5.858 6.66285 5.40377 5.04441 5.12673 4.95358 4.74181
threshold=0 0.73539082743374784 -0.014510671525247326 0.10150765969731487 0.07914470033296335 1 322.50000000000006 2.5000000000000004 0.017072193903028127
decision_type=1 2 2 2 2 1 2 2 2
left_child=2 8 -1 5 -3 6 -4 -5 -2
right_child=1 4 3 7 -6 -7 -8 -9 -10
leaf_value=-0.018411812834365153 0.0035727283838596804 -0.001478911996212375 -0.020271265765190411 -0.006927031418624623 0.014349738671806752 0.010251425754239946 0.0099295766671332972 -0.038137205880139934 0.018676012250518948
leaf_weight=14.262354776263235 17.486448436975479 85.849257111549377 5.8428174555301702 5.9295418635010702 9.5910102874040586 13.934263542294499 3.6546743214130402 3.0964109152555466 15.853455953299997
leaf_count=77 90 433 27 32 66 71 21 16 123
internal_value=4.64638e-05 0.00266046 -0.00636572 -0.00303375 0.000111745 0.00259025 -0.00864986 -0.0176339 0.0107545
internal_weight=175.5 128.78 46.7201 32.4577 95.4403 23.4318 9.49749 9.02595 33.3399
internal_count=956 712 244 167 499 119 48 48 213
cat_boundaries=0 1 2
cat_threshold=33293 1
is_linear=0
shrinkage=0.02


Tree=81
num_leaves=10
num_cat=0
split_feature=14 13 13 12 11 10 9 13 2
split_gain=7.94244 5.69042 5.08927 4.16723 3.91477 7.53999 10.0994 6.18243 3.73418
threshold=1.0152009255953356 0.017709976160856355 0.015486435880139801 0.027748882127626957 0.0047281588124832392 0.040574424435833152 0.039656405171820626 0.023234158886879939 2.5000000000000004
decision_type=2 2 2 2 2 2 2 2 2
left_child=1 2 -1 -3 -2 6 8 -7 -6
right_child=4 3 -4 -5 5 7 -8 -9 -10
leaf_value=-0.0019478208992600404 0.021748778589667537 -0.021047628167738905 0.020203711396527452 0.0027444982071315356 -0.01088684785700952 0.012665096738577394 -0.04546995523587475 -0.012280540119989077 0.0179420074428293
leaf_weight=106.6674045920372 6.1574327871203414 10.49603086709976 4.3165436983108512 4.0930043309926978 4.3265014886856061 28.9111208319664 2.490854412317276 4.6073270142078391 3.0742543339729309
leaf_count=525 41 50 22 20 26 210 14 27 21
internal_value=4.59831e-05 -0.00262988 -0.00108627 -0.0143727 0.00682495 0.0047081 -0.0106355 0.00923616 0.00108858
internal_weight=175.14 125.573 110.984 14.589 49.5675 43.4101 9.89161 33.5184 7.40076
internal_count=956 617 547 70 339 298 61 237 47
is_linear=0
shrinkage=0.02


Tree=82
num_leaves=10
num_cat=1
split_feature=0 8 7 6 3 11 10 13 9
split_gain=7.84151 6.75729 5.7043 7.22623 8.57497 6.41386 5.16061 7.6455 4.95521
threshold=0 0.73539082743374784 35.185000000000009 386.49613503864964 1.5000000000000002 0.13848430525874747 0.07914470033296335 0.017186011786689291 0.0058043946516690053
decision_type=1 2 2 2 2 2 2 2 2
left_child=2 -2 3 4 -1 -6 7 -3 -9
right_child=1 6 -4 -5 5 -7 -8 8 -10
leaf_value=-0.021175546213186493 0.010602000697638765 0.00045742949657081293 0.0099625624489397633 -0.038579542736148865 0.0038421497431242258 -0.023470290989237884 0.014123299616993341 -0.002767878950314091 -0.03465516893319507
leaf_weight=12.627564430236815 33.047127783298492 77.951438434422016 6.4007062017917624 3.3303831070661536 20.045613959431652 4.1514700800180426 9.4630707874894124 3.560023069381713 4.3085183054208755
leaf_count=71 213 398 37 15 101 20 66 15 20
internal_value=4.5606e-05 0.00260613 -0.00623333 -0.0103673 -0.00781578 -0.000843819 0.00010643 -0.00143916 -0.0202282
internal_weight=174.886 128.33 46.5557 40.155 36.8246 24.1971 95.2831 85.82 7.86854
internal_count=956 712 244 207 192 121 499 433 35
cat_boundaries=0 1
cat_threshold=33293
is_linear=0
shrinkage=0.02


Tree=83
num_leaves=10
num_cat=1
split_feature=5 0 10 11 13 8 5 13 13
split_gain=7.83271 7.5398 6.26109 7.29357 8.27441 5.26236 4.71765 4.55306 4.51374
threshold=189.50000000000003 0 0.054424375491942449 0.018596919368065377 0.0086215491968943212 1.1516449153358705 275.50000000000006 0.0049960183296234679 0.019226766915215385
decision_type=2 1 2 2 2 2 2 2 2
left_child=5 8 3 -3 7 -1 -6 -5 -2
right_child=1 2 -4 4 6 -7 -8 -9 -10
leaf_value=-0.0053473586505407575 -0.0026849939179776901 0.0096212407707463986 0.014170561268273768 -0.017230153804399684 -0.026348128920493909 -0.027188292029526596 -0.0056098498134614077 0.0087002628109849461 -0.02041332348209389
leaf_weight=24.254733949899677 38.543462596833706 32.393490977585316 24.028514251112938 3.131966874003413 6.510892033576968 5.3939498811960211 13.455443032085894 20.037399731576443 6.750773385167121
leaf_count=119 197 169 173 17 30 27 73 118 33
internal_value=4.49908e-05 0.00196202 0.00479653 0.00244937 -0.00293646 -0.00932085 -0.0123725 0.00519507 -0.00436383
internal_weight=174.501 144.852 99.5577 75.5292 43.1357 29.6487 19.9663 23.1694 45.2942
internal_count=956 810 580 407 238 146 103 135 230
cat_boundaries=0 1
cat_threshold=41485
is_linear=0
shrinkage=0.02


Tree=84
num_leaves=10
num_cat=1
split_feature=0 5 8 6 5 6 2 11 10
split_gain=7.57044 10.4775 4.63276 4.54624 5.54312 6.73682 4.49087 4.2347 9.79524
threshold=0 301.50000000000006 0.54623311140643094 403.99596004039967 176.50000000000003 18.085698781646318 1.5000000000000002 0.018596919368065377 0.028085187752467804
decision_type=1 2 2 2 2 2 2 2 2
left_child=1 2 -1 4 5 -2 -3 -6 -9
right_child=3 6 -4 -5 7 -7 -8 8 -10
leaf_value=0.0080949525275969512 0.00013562608138721754 -0.011448040554211239 -0.017292454686307152 -0.0066269082252817732 0.011270702033382859 -0.031758965941410019 0.014236921361460422 -0.007519520405234386 0.0089100143777523597
leaf_weight=3.2266647517681148 11.507516071200369 3.8225376307964316 26.393614858388901 18.220107182860374 36.456481069326401 3.4411316365003577 9.4653616324067098 23.401260159909725 38.22586265951395
leaf_count=16 52 18 131 97 193 16 56 115 262
internal_value=4.45232e-05 -0.00641288 -0.0145269 0.00245693 0.00413856 -0.00720641 0.00684811 0.00586762 0.00267134
internal_weight=174.161 42.9082 29.6203 131.252 113.032 14.9486 13.2879 98.0836 61.6271
internal_count=956 221 147 735 638 68 74 570 377
cat_boundaries=0 1
cat_threshold=98317
is_linear=0
shrinkage=0.02


Tree=85
num_leaves=10
num_cat=2
split_feature=14 5 0 5 8 15 6 1 4
split_gain=7.37404 5.21732 5.80603 8.38633 6.09461 6.69701 6.55884 4.86265 8.88644
threshold=0.99541365799748294 234.50000000000003 0 398.50000000000006 0.70162418232476476 1.0626149926253314 163.58265180850859 1 4.5000000000000009
decision_type=2 2 1 2 2 2 2 1 2
left_child=-1 7 3 4 -3 6 -6 8 -2
right_child=1 2 -4 -5 5 -7 -8 -9 -10
leaf_value=-0.0070665558368619256 -0.031843676571701535 0.016558403216566622 0.0087560920926334253 -0.017134654634866683 0.0053054097095879696 0.015849650521428175 -0.02081085843820334 0.0078761215903431388 -0.0027533164688524968
leaf_weight=43.676017254590988 5.1347813978791264 9.9929522722959536 49.600416503846645 10.301334567368029 6.9196587204933193 5.872539944946765 8.6609058082103711 10.535856693983076 23.082516476511955
leaf_count=212 25 62 314 55 37 38 45 58 110
internal_value=4.40311e-05 0.00243112 0.00503978 -0.00118835 0.00365756 -0.00235171 -0.00921207 -0.00371795 -0.00804697
internal_weight=173.777 130.101 91.3478 41.7474 31.4461 21.4531 15.5806 38.7532 28.2173
internal_count=956 744 551 237 182 120 82 193 135
cat_boundaries=0 1 2
cat_threshold=41674 2
is_linear=0
shrinkage=0.02


Tree=86
num_leaves=10
num_cat=0
split_feature=10 11 8 7 5 11 9 13 12
split_gain=7.25404 6.46815 5.9451 5.03207 6.30347 6.77129 6.35134 9.5689 6.57228
threshold=0.0033551356199747777 -0.012439213085764839 0.51779717839666606 144.05500000000004 275.50000000000006 0.22217072261874057 0.048870905214188735 0.0089252052165030935 0.0062945968013632123
decision_type=2 2 2 2 2 2 2 2 2
left_child=2 -2 -1 4 6 -6 7 8 -3
right_child=1 3 -4 -5 5 -7 -8 -9 -10
leaf_value=0.025156397222398531 0.017421578180276141 -0.0069641719194514394 -0.0067959256719199793 -0.020278387291888699 0.0098224625866395882 -0.014597463931555634 0.01738859610360264 -0.01622874607449656 0.014164135583889298
leaf_weight=2.4261626899242392 11.279500909149645 12.527757525444033 58.305457681417465 4.088885970413684 44.757455118000507 5.0549220964312545 5.4979379028081885 18.525929294526577 11.113166593015192
leaf_count=13 63 60 282 23 295 26 38 92 64
internal_value=5.37847e-05 0.00305322 -0.00551946 0.00145753 0.00236928 0.00734435 -0.00282993 -0.00546613 0.00296786
internal_weight=173.577 112.846 60.7316 101.566 97.4772 49.8124 47.6648 42.1669 23.6409
internal_count=956 661 295 598 575 321 254 216 124
is_linear=0
shrinkage=0.02


Tree=87
num_leaves=10
num_cat=1
split_feature=5 0 7 8 5 14 4 7 14
split_gain=7.07311 6.93776 6.43851 5.90279 5.95824 9.08299 5.99484 5.90065 4.95535
threshold=189.50000000000003 0 1.7250000000000003 0.93757909671334272 398.50000000000006 1.0107662355012104 2.5000000000000004 0.90000000000000013 1.0008786433885031
decision_type=2 1 2 2 2 2 2 2 2
left_child=7 2 -2 4 5 6 -4 -1 -9
right_child=1 -3 3 -5 -6 -7 -8 8 -10
leaf_value=0.01762845142398331 0.030732121458738035 0.0046199979782669265 0.0080652994917866684 -0.018338739696256861 -0.017242022357072975 0.020883945666829436 -0.017002631492526604 -0.020818157666834744 -0.0035136825965917098
leaf_weight=3.0193103998899486 1.9188664853572834 98.624349191784859 6.9167283326387468 12.432547986507414 7.7026301547884932 7.6543130055069915 8.5119309872388822 12.815686106681826 13.690720789134501
leaf_count=13 9 580 33 62 39 48 39 67 66
internal_value=5.33415e-05 0.00188452 -0.00418816 -0.00670768 -0.00201056 0.00307207 -0.00576458 -0.00886272 -0.0118803
internal_weight=173.287 143.761 45.137 43.2182 30.7856 23.083 15.4287 29.5257 26.5064
internal_count=956 810 230 221 159 120 72 146 133
cat_boundaries=0 1
cat_threshold=41485
is_linear=0
shrinkage=0.02


Tree=88
num_leaves=10
num_cat=1
split_feature=0 7 7 12 13 7 12 11 8
split_gain=6.98936 9.252 5.62918 7.26123 7.65915 7.10556 6.79071 6.64375 5.24073
threshold=0 35.185000000000009 27.535000000000004 0.017948595146896468 0.0079098071047608905 7.245000000000001 0.0064103890735938609 0.08928571428571426 0.5779563595766386
decision_type=1 2 2 2 2 2 2 2 2
left_child=1 -1 3 4 6 8 7 -2 -6
right_child=2 -3 -4 -5 5 -7 -8 -9 -10
leaf_value=-0.01148745065656492 0.0071289726037732874 0.014880300607329944 -0.0073481473873823833 0.02089117973768809 0.02472372519654745 0.0082725026160043787 0.020884721975830134 -0.024612686328078059 -0.0080171034083896704
leaf_weight=36.303703278303146 23.56683420389891 6.2374600991606703 19.495939329266548 9.6402313038706762 2.0572218522429457 19.336381711065769 13.772937603294848 2.9700424671173087 39.574366241693497
leaf_count=184 119 37 107 61 15 120 86 17 210
internal_value=5.79126e-05 -0.00617081 0.00238038 0.00430495 0.00272618 -0.00174599 0.00949026 0.0035764 -0.00639922
internal_weight=172.955 42.5412 130.414 110.918 101.278 60.968 40.3098 26.5369 41.6316
internal_count=956 221 735 628 567 345 222 136 225
cat_boundaries=0 1
cat_threshold=98317
is_linear=0
shrinkage=0.02


Tree=89
num_leaves=10
num_cat=2
split_feature=14 0 6 0 6 14 9 11 15
split_gain=6.85738 7.18889 8.27278 4.35354 4.22942 4.50658 4.04571 3.97292 5.59863
threshold=1.0152009255953356 0 35.387442490723444 1 367.99632003679966 1.0038323967754603 0.04048731642189584 0.076611752305125444 1.0240560226894899
decision_type=2 1 2 1 2 2 2 2 2
left_child=1 2 -1 6 -3 -6 -2 8 -4
right_child=3 4 7 -5 5 -7 -8 -9 -10
leaf_value=-0.020346099378994988 0.0080354846938967672 0.0039077252036268436 -0.0032628054740633143 0.0088861021011898429 -0.015633487182809724 0.010931794390772537 -0.013892515918828738 -0.012713767244268427 0.022819548522453732
leaf_weight=17.294427640736103 5.4102486595511428 64.023069895803928 14.888723969459539 34.141370676457882 9.6070377975702268 3.4794609546661368 8.9052350595593435 10.705486804246901 4.226362667977809
leaf_count=93 32 318 70 252 43 19 55 51 23
internal_value=5.74228e-05 -0.00243178 -0.0077058 0.00643877 0.00158455 -0.00857026 -0.00330004 -0.00295911 0.00250403
internal_weight=172.681 124.225 47.115 48.4569 77.1096 13.0865 14.3155 29.8206 19.1151
internal_count=956 617 237 339 380 62 87 144 93
cat_boundaries=0 1 2
cat_threshold=1147015 49736
is_linear=0
shrinkage=0.02


Tree=90
num_leaves=10
num_cat=2
split_feature=14 5 0 5 8 5 14 0 5
split_gain=6.66024 6.92212 7.21452 10.6495 8.98106 7.6387 5.66422 4.22333 5.37922
threshold=1.0152009255953356 466.50000000000006 0 250.50000000000003 0.8967282014768575 436.50000000000006 1.0093814327060884 1 398.50000000000006
decision_type=2 2 1 2 2 2 2 1 2
left_child=1 2 3 6 -5 -4 -1 8 -2
right_child=7 -3 5 4 -6 -7 -8 -9 -10
leaf_value=-0.014344851338551646 0.0054775811032348846 0.019323857779049752 0.0042729436640039789 0.0054104983725836572 -0.015970801699289886 -0.027092760633112212 -0.040444267101051035 0.008788236610016445 -0.019156925353717724
leaf_weight=22.880039989948276 7.9740934669971448 5.6089349910616866 52.397709906101227 24.383048318326473 11.594931483268736 3.3014584034681311 3.8918952941894522 33.944487258791924 6.3843800276517868
leaf_count=117 52 32 256 125 55 15 17 252 35
internal_value=6.68932e-05 -0.00238629 -0.00341433 -0.00740718 -0.00148024 0.0020464 -0.018139 0.00636748 -0.00322788
internal_weight=172.361 124.058 118.449 62.7499 35.978 55.6992 26.7719 48.303 14.3585
internal_count=956 617 585 314 180 271 134 339 87
cat_boundaries=0 1 2
cat_threshold=1802383 49736
is_linear=0
shrinkage=0.02


Tree=91
num_leaves=10
num_cat=2
split_feature=10 11 0 8 0 11 10 11 9
split_gain=6.68663 5.81237 8.44952 5.03777 4.58969 4.81166 7.76516 5.60099 4.67253
threshold=0.020083713850837105 0.050344456025390755 0 1.0083247223021437 1 0.076611752305125444 0.056654221365771501 0.23532224406877317 0.0024686204240415466
decision_type=2 2 1 2 1 2 2 2 2
left_child=1 2 -1 -4 5 -2 -7 -8 -6
right_child=4 -3 3 -5 8 6 7 -9 -10
leaf_value=-0.0094165931316400921 0.0064475900367338039 -0.014608237756313831 0.0082439926718758626 -0.00588032440098503 -0.008988244807644449 -0.018823154114831833 0.010438681601700925 -0.021049245292506034 0.012059160498696698
leaf_weight=21.672377794981003 18.125213414430618 16.254805654287338 34.795427650213242 14.232678711414335 4.7585696130990973 11.856190465390684 10.250233344733713 2.8986182659864417 37.212064489722252
leaf_count=114 103 74 178 65 22 61 71 14 254
internal_value=7.62183e-05 -0.00382426 -0.0013449 0.00344176 0.00406169 -0.00113536 -0.007086 0.00349728 0.00781162
internal_weight=172.056 86.9553 70.7005 49.0281 85.1009 43.1303 25.005 13.1489 41.9706
internal_count=956 431 357 243 525 249 146 85 276
cat_boundaries=0 1 2
cat_threshold=8205 363082
is_linear=0
shrinkage=0.02


Tree=92
num_leaves=10
num_cat=1
split_feature=5 0 7 10 11 7 8 5 14
split_gain=6.50386 6.22575 6.17395 5.7386 6.72038 5.69577 5.4723 5.49926 8.62452
threshold=189.50000000000003 0 1.7250000000000003 0.054424375491942449 0.018596919368065377 0.90000000000000013 0.93757909671334272 398.50000000000006 1.0107662355012104
decision_type=2 1 2 2 2 2 2 2 2
left_child=5 2 -2 4 -3 -1 7 8 -4
right_child=1 3 6 -5 -6 -7 -8 -9 -10
leaf_value=0.017530724868954066 0.030491712363288799 0.0091361568008465552 -0.005495327838031634 0.013587534876965226 -0.003004502317389638 -0.011538483089958914 -0.017592729892574259 -0.016389460688732142 0.020680449729597528
leaf_weight=3.0060547441244152 1.8962585777044285 31.836151406168938 15.325946077704435 23.114871494472027 42.697192378342152 26.153537027537823 12.396794214844702 7.7557536512613288 7.4983566403388968
leaf_count=13 9 169 72 173 238 133 62 39 48
internal_value=6.42992e-05 0.00182508 -0.00394615 0.00442785 0.00218126 -0.00854175 -0.00638385 -0.0018399 0.00310407
internal_weight=171.681 142.521 44.8731 97.6482 74.5333 29.1596 42.9769 30.5801 22.8243
internal_count=956 810 230 580 407 146 221 159 120
cat_boundaries=0 1
cat_threshold=41485
is_linear=0
shrinkage=0.02


Tree=93
num_leaves=10
num_cat=1
split_feature=5 0 7 7 8 5 14 6 8
split_gain=6.24977 5.99042 5.97451 5.47082 5.23649 5.25857 8.37205 7.05444 4.9107
threshold=189.50000000000003 0 1.7250000000000003 0.90000000000000013 0.93757909671334272 398.50000000000006 1.0107662355012104 112.6661977798074 0.60838626142371111
decision_type=2 1 2 2 2 2 2 2 2
left_child=3 2 -2 -1 5 6 7 -4 -5
right_child=1 -3 4 8 -6 -7 -8 -9 -10
leaf_value=0.017184127224812044 0.030201889419171006 0.0043508079754557413 -0.01818926077531656 0.015521952370231471 -0.017205576044444063 -0.015982682411440942 0.020506613203370893 0.0089816977558620573 -0.014107735722417582
leaf_weight=3.0053584724664715 1.8763663470745076 97.372671246528625 8.1081356406211906 2.4708779454231289 12.421968609094618 7.7936938107013694 7.411557935178279 7.2308194339275351 23.681311942636967
leaf_count=13 9 580 37 14 62 39 48 35 119
internal_value=6.35693e-05 0.00179296 -0.00386874 -0.0083715 -0.00625704 -0.00180441 0.00305268 -0.00538081 -0.0113083
internal_weight=171.373 142.215 44.8425 29.1575 42.9662 30.5442 22.7505 15.339 26.1522
internal_count=956 810 230 146 221 159 120 72 133
cat_boundaries=0 1
cat_threshold=41485
is_linear=0
shrinkage=0.02


Tree=94
num_leaves=10
num_cat=2
split_feature=10 11 0 8 14 9 0 11 10
split_gain=6.34936 5.52125 8.02286 6.32209 5.52526 4.44385 4.35596 4.66635 7.31727
threshold=0.020083713850837105 0.050344456025390755 0 0.75865334809576523 0.99973459085390448 -0.033650084266281501 1 0.076611752305125444 0.056654221365771501
decision_type=2 2 1 2 2 2 1 2 2
left_child=1 2 4 -4 -1 -5 7 -2 -9
right_child=6 -3 3 5 -6 -7 -8 8 -10
leaf_value=-0.020187322773984894 0.0063874835498574983 -0.014234587006929238 0.016356716230621137 0.019031131447353942 0.0024260536402268616 -0.0026775958323085793 0.0076389377188077695 -0.018302476220395766 0.0033902516885900191
leaf_weight=15.020469427108766 18.037908844649792 16.278703182935715 12.381550282239912 4.2659356594085684 6.0679533034563056 32.563930660486221 41.548653453588486 11.903261177241804 13.026838719844816
leaf_count=84 103 74 69 20 28 156 276 61 85
internal_value=6.77427e-05 -0.0037389 -0.00130851 0.00331885 -0.00928004 -0.000163114 0.00396725 -0.00110403 -0.00696728
internal_weight=171.095 86.5785 70.2998 49.2114 21.0884 36.8299 84.5167 42.968 24.9301
internal_count=956 431 357 245 112 176 525 249 146
cat_boundaries=0 1 2
cat_threshold=12293 363082
is_linear=0
shrinkage=0.02


Tree=95
num_leaves=10
num_cat=1
split_feature=10 11 0 8 14 11 10 8 13
split_gain=6.13986 5.28085 7.72905 6.13103 5.35822 4.30285 6.54545 4.62413 5.78224
threshold=0.020083713850837105 0.050344456025390755 0 0.75865334809576523 0.99973459085390448 0.11449778291883551 0.076188493715554487 1.0061835077982602 0.0098761049639060662
decision_type=2 2 1 2 2 2 2 2 2
left_child=1 2 4 -4 -1 7 -7 -2 -9
right_child=5 -3 3 -5 -6 6 -8 8 -10
leaf_value=-0.019915382748702037 0.010257075364290826 -0.013919551590218612 0.016155592661482129 -0.00015969081643531715 0.0023787748263518964 -0.01147975881074393 0.007174182730302495 0.01089685567925623 -0.017892743823611456
leaf_weight=14.922055318951609 43.049437448382378 16.313828870654106 12.285943679511545 36.835693031549454 6.0648152381181708 15.04330211132765 15.053344056010245 5.3300547003746015 5.8568256720900536
leaf_count=84 273 74 69 176 28 86 105 30 31
internal_value=7.56698e-05 -0.00367068 -0.00128582 0.00325776 -0.00912488 0.00391483 -0.00214968 0.00728013 -0.00417577
internal_weight=170.755 86.4223 70.1085 49.1216 20.9869 84.333 30.0966 54.2363 11.1869
internal_count=956 431 357 245 112 525 191 334 61
cat_boundaries=0 1
cat_threshold=12293
is_linear=0
shrinkage=0.02


Tree=96
num_leaves=10
num_cat=0
split_feature=10 11 8 10 13 8 5 11 10
split_gain=5.94757 6.28627 5.46347 3.98652 9.33493 5.69286 4.87087 3.63693 5.63769
threshold=0.0033551356199747777 -0.012439213085764839 0.51779717839666606 0.082618620215854532 0.017186011786689291 1.1755508030564266 409.50000000000006 0.092907766793759589 0.042938941071629759
decision_type=2 2 2 2 2 2 2 2 2
left_child=2 -2 -1 4 5 7 -5 8 -3
right_child=1 3 -4 6 -6 -7 -8 -9 -10
leaf_value=0.024952603781710853 0.01714598511635234 0.0014075896604140419 -0.0062412341713633992 0.015750346376863726 -0.024112503375903788 -0.017874085867139441 -0.0086418599889773792 -0.0042306405785937978 0.016152791064602066
leaf_weight=2.3375452309846869 11.026401475071905 34.79720988124609 57.28672257065773 13.457681968808176 6.2550741955637923 5.7200568914413443 4.3277035579085341 20.397415347397327 14.776279956102369
leaf_count=13 63 189 282 98 30 27 27 121 106
internal_value=7.45864e-05 0.00281624 -0.00501829 0.00123193 -0.000630928 0.00130958 0.00981501 0.00287783 0.00580267
internal_weight=170.382 110.758 59.6243 99.7314 81.946 75.691 17.7854 69.9709 49.5735
internal_count=956 661 295 598 473 443 125 416 295
is_linear=0
shrinkage=0.02


Tree=97
num_leaves=10
num_cat=1
split_feature=5 0 7 10 11 13 8 8 5
split_gain=5.80674 5.68454 5.79489 5.37324 6.2766 8.72194 4.91977 4.80452 4.96509
threshold=189.50000000000003 0 1.7250000000000003 0.054424375491942449 0.010281331905419522 0.017186011786689291 1.1516449153358705 0.93757909671334272 366.50000000000006
decision_type=2 1 2 2 2 2 2 2 2
left_child=6 2 -2 4 -3 -6 -1 8 -4
right_child=1 3 7 -5 5 -7 -8 -9 -10
leaf_value=-0.0042422651952161066 0.029962456637467275 0.0094967003967237548 0.0038678913160505157 0.013220789217083518 0.0006198671181210395 -0.026965049971726371 -0.025771613292796283 -0.016636927328822149 -0.013326833438546839
leaf_weight=23.72101861983538 1.8554015010595311 28.245206318795681 20.201863951981071 22.595588855445385 40.698243454098701 5.1669877469539633 5.171184614300727 12.385273501276968 10.063566587865351
leaf_count=119 9 152 108 173 232 23 27 62 51
internal_value=7.3656e-05 0.0017451 -0.00378742 0.00424406 0.00207981 -0.00248774 -0.00809563 -0.00614362 -0.00184953
internal_weight=170.104 141.212 44.5061 96.706 74.1104 45.8652 28.8922 42.6507 30.2654
internal_count=956 810 230 580 407 255 146 221 159
cat_boundaries=0 1
cat_threshold=41485
is_linear=0
shrinkage=0.02


Tree=98
num_leaves=10
num_cat=1
split_feature=10 11 8 7 0 10 11 14 8
split_gain=5.6811 6.08847 5.28095 4.58935 5.94018 4.44325 5.30477 5.30213 4.46005
threshold=0.0033551356199747777 -0.012439213085764839 0.51779717839666606 144.05500000000004 0 0.042938941071629759 0.19512195121951217 1.0197131845357656 0.79574173287539007
decision_type=2 2 2 2 1 2 2 2 2
left_child=2 -2 -1 4 5 7 -7 8 -3
right_child=1 3 -4 -5 -6 6 -8 -9 -10
leaf_value=0.024715319570555283 0.016938312682202486 0.0042393051656014914 -0.0061054177194736362 -0.019501119782373458 0.0057928184597728768 0.0069480923548642494 -0.021545496920112411 -0.034771272554511345 -0.015959537261014275
leaf_weight=2.313699096441268 10.916234627366064 8.1832456737756782 57.1996204033494 4.1056785210967055 54.875746369361877 16.541437178850178 3.1039900854229918 3.1394938603043547 9.3903456851840001
leaf_count=13 63 44 282 23 346 109 16 17 43
internal_value=7.25858e-05 0.00276054 -0.0049072 0.00120258 0.00209514 -0.00350058 0.00244609 -0.0108308 -0.00655383
internal_weight=169.769 110.256 59.5133 99.3399 95.2343 40.3585 19.6454 20.7131 17.5736
internal_count=956 661 295 598 575 229 125 104 87
cat_boundaries=0 1
cat_threshold=494089
is_linear=0
shrinkage=0.02


Tree=99
num_leaves=10
num_cat=1
split_feature=5 6 15 0 15 10 14 9 6
split_gain=5.62202 7.1121 6.27886 6.08812 5.26426 10.6896 4.71891 5.11127 5.37031
threshold=176.50000000000003 18.372202825329179 0.98264201580766231 0 0.98264201580766231 0.0033551356199747777 0.99569326172438521 -0.012435567010309215 100.41637382031593
decision_type=2 2 2 1 2 2 2 2 2
left_child=1 2 -1 6 -5 -6 7 8 -2
right_child=3 -3 -4 4 5 -7 -8 -9 -10
leaf_value=-0.021860566742025678 -0.015326422658528087 -0.029760367757695742 0.006239861810926714 0.017689180132607368 -0.011533867826108182 0.0071347872186066329 -0.00021681836125078715 -0.028615415004969495 0.012015076835497842
leaf_weight=4.6684250384569195 7.7966640368103999 5.2954527065157881 9.980349048972128 11.588700376451014 15.559212945401667 58.011180512607098 46.76129961758852 5.3748562932014456 4.5507300645112991
leaf_count=28 42 28 46 58 75 377 258 24 20
internal_value=7.8432e-05 -0.00989625 -0.00271548 0.00140785 0.00461789 0.0031866 -0.00307128 -0.012336 -0.0052495
internal_weight=169.587 19.9442 14.6488 149.643 85.1591 73.5704 64.4836 17.7223 12.3474
internal_count=956 102 74 854 510 452 344 86 62
cat_boundaries=0 1
cat_threshold=238093
is_linear=0
shrinkage=0.02


Tree=100
num_leaves=10
num_cat=1
split_feature=5 0 7 10 10 13 8 5 5
split_gain=5.4294 5.2307 5.65174 5.128 5.81131 7.25719 4.75208 4.70004 4.00027
threshold=189.50000000000003 0 1.7250000000000003 0.054424375491942449 -0.053874031588080407 0.017186011786689291 1.1516449153358705 234.50000000000003 269.50000000000006
decision_type=2 1 2 2 2 2 2 2 2
left_child=6 2 -2 4 -3 -6 -1 -4 -5
right_child=1 3 7 8 5 -7 -8 -9 -10
leaf_value=-0.0040617909988292997 0.029864105008873567 0.02963434131562126 -0.022547117914821474 0.00083574678063442055 0.0027681162488920621 -0.020544918632261839 -0.025333531870636028 -0.003257009981276184 0.01888430916018868
leaf_weight=23.62283002585173 1.8430378437042225 2.9220352694392195 5.8573634773492804 7.320078723132613 65.047048293054104 5.8188980892300597 5.1094749942421904 36.760508760809898 14.932052277028559
leaf_count=119 9 15 30 52 365 27 27 191 121
internal_value=7.71328e-05 0.00169711 -0.00361278 0.00410412 0.00199357 0.000853852 -0.00784455 -0.00590823 0.012947
internal_weight=169.233 140.501 44.4609 96.0401 73.788 70.8659 28.7323 42.6179 22.2521
internal_count=956 810 230 580 407 392 146 221 173
cat_boundaries=0 1
cat_threshold=41485
is_linear=0
shrinkage=0.02


Tree=101
num_leaves=10
num_cat=1
split_feature=10 0 5 11 12 6 11 11 15
split_gain=5.32578 5.46556 9.31619 8.4477 8.22949 9.24608 5.80169 4.09425 7.37788
threshold=0.020083713850837105 0 304.50000000000006 -0.052433863145602617 0.012912672188898947 28450000 0.012184718100890312 0.11449778291883551 1.0600048925618828
decision_type=2 1 2 2 2 2 2 2 2
left_child=1 2 -1 -3 5 -5 -4 -2 -9
right_child=7 3 6 4 -6 -7 -8 8 -10
leaf_value=-0.014712345770082173 0.0069901396524249728 0.02251506736193213 0.022043799194046115 0.0061968560014451961 -0.026409816896936056 -0.023857509833536572 -0.010917496614306757 -0.022202929884214934 0.0027082267514550468
leaf_weight=31.652758188545704 53.45004016906023 6.9020786210894576 5.2067469432950002 28.850890345871449 4.6670416817069045 4.7717179059982291 3.6218637004494667 5.9420046880841282 23.817527405917645
leaf_count=165 334 37 27 140 22 22 18 30 161
internal_value=7.59914e-05 -0.00342421 -0.00773457 0.00175911 -0.00152292 0.00193154 0.0085217 0.00367982 -0.00226572
internal_weight=168.883 85.6731 40.4814 45.1917 38.2896 33.6226 8.82861 83.2096 29.7595
internal_count=956 431 210 221 184 162 45 525 191
cat_boundaries=0 1
cat_threshold=1773709
is_linear=0
shrinkage=0.02


Tree=102
num_leaves=10
num_cat=0
split_feature=5 6 9 10 11 8 2 11 13
split_gain=5.21584 6.91455 5.23011 5.00763 5.19435 5.556 5.78044 4.8286 5.28045
threshold=176.50000000000003 18.372202825329179 0.014204847562721334 0.03671152275468946 0.11449778291883551 0.91434033761596567 1.5000000000000002 0.029868539268478971 0.0079522084147981287
decision_type=2 2 2 2 2 2 2 2 2
left_child=1 2 -1 7 5 -5 -7 -2 -9
right_child=3 -3 -4 4 -6 6 -8 8 -10
leaf_value=-0.010356767327670774 0.0020597560052232756 -0.029237635793053506 0.015759898333154825 0.018693704357259984 -0.00048723905207426806 0.024718780413659373 -0.0096361422030578955 0.0016437185862412942 -0.013953770415017061
leaf_weight=10.152181781828405 61.492525704205036 5.25254052132368 4.3949456512928 18.31830403953791 23.858247466385365 2.7210118323564512 6.9957445934414864 15.288368649780748 20.091992005705833
leaf_count=51 318 28 23 135 160 20 41 81 99
internal_value=7.49794e-05 -0.00956843 -0.00246646 0.00135845 0.00637193 0.0122092 -1.56323e-05 -0.0013272 -0.00721387
internal_weight=168.566 19.7997 14.5471 148.766 51.8933 28.0351 9.71676 96.8729 35.3804
internal_count=956 102 74 854 356 196 61 498 180
is_linear=0
shrinkage=0.02


Tree=103
num_leaves=10
num_cat=1
split_feature=0 8 7 6 3 11 12 14 5
split_gain=5.19507 5.20201 4.93929 7.99029 7.26935 5.16475 4.40335 4.20613 3.96465
threshold=0 0.73539082743374784 35.185000000000009 403.99596004039967 1.5000000000000002 0.13848430525874747 0.0024244293775522491 1.0142125049095707 247.50000000000003
decision_type=1 2 2 2 2 2 2 2 2
left_child=2 7 3 4 8 -6 -3 -2 -1
right_child=1 6 -4 -5 5 -7 -8 -9 -10
leaf_value=-0.025966462597304125 0.004016206245727791 -0.027757492118503063 0.01023120668306653 -0.039340152204478764 0.0041975017632922699 -0.02043217570480579 0.00067738379308084377 0.019430705604061346 0.0026839760253876362
leaf_weight=8.6586614623665792 20.066416271030906 2.2321216464042655 6.2254420518875113 3.1790035963058463 19.865890033543113 4.1101940274238578 90.534089706838131 10.941863380372522 2.4868603497743598
leaf_count=59 115 10 37 14 102 20 489 98 12
internal_value=7.39468e-05 0.00218702 -0.0051374 -0.00897677 -0.00622845 -2.47371e-05 -6.81039e-06 0.00945551 -0.0195738
internal_weight=168.301 123.774 44.5261 38.3006 35.1216 23.9761 92.7662 31.0083 11.1455
internal_count=956 712 244 207 193 122 499 213 71
cat_boundaries=0 1
cat_threshold=33293
is_linear=0
shrinkage=0.02


Tree=104
num_leaves=10
num_cat=0
split_feature=14 5 7 13 12 14 10 11 10
split_gain=5.00714 6.66077 6.07561 4.09777 5.20962 4.29465 5.23418 3.82571 6.07665
threshold=1.0152009255953356 466.50000000000006 55.970000000000006 0.0080924112308221104 0.0064103890735938609 1.0130917218352617 0.06960787264136753 0.0047281588124832392 0.040574424435833152
decision_type=2 2 2 2 2 2 2 2 2
left_child=1 2 3 4 -1 6 -5 -2 -9
right_child=7 -3 -4 5 -6 -7 -8 8 -10
leaf_value=-0.001583917053580499 0.02108864510747531 0.019470236607374087 -0.021707008447048329 -0.0058760085827823947 0.013161905879597429 -0.027663136092095794 0.01735200617858508 -0.010143424497281625 0.007884160483077756
leaf_weight=36.111713863909245 5.6463739499449721 5.4870131239294997 6.6057526320219031 52.77753571420908 13.045751713216303 3.291815258562564 4.188426360487937 9.8656027615070325 30.917902544140816
leaf_count=180 41 32 29 266 70 17 23 61 237
internal_value=7.27103e-05 -0.00206204 -0.00308037 -0.00195582 0.00232943 -0.00545167 -0.00416817 0.0056594 0.00352326
internal_weight=167.938 121.508 116.021 109.415 49.1575 60.2578 56.966 46.4299 40.7835
internal_count=956 617 585 556 250 306 289 339 298
is_linear=0
shrinkage=0.02


Tree=105
num_leaves=10
num_cat=1
split_feature=0 8 7 6 3 12 7 6 14
split_gain=4.99873 5.01679 4.74188 7.55417 7.06859 4.58891 4.46895 4.11972 4.66687
threshold=0 0.74315501593190303 35.185000000000009 403.99596004039967 1.5000000000000002 0.0030175570673852395 120.66500000000001 100.41637382031593 0.99706110641512591
decision_type=1 2 2 2 2 2 2 2 2
left_child=2 6 3 4 -1 -3 -2 -7 -9
right_child=1 5 -4 -5 -6 7 -8 8 -10
leaf_value=-0.019405621889271547 0.011505416048565456 -0.021219326866439261 0.010051032947236273 -0.03823041698872618 -3.3032099400102263e-05 -0.0023425058257148866 -0.014369615402109919 -0.0045975995614190527 0.012025962689802924
leaf_weight=10.994299098849295 29.094926282763481 3.9262825697660437 6.1868425011634818 3.2012683451175681 23.936104565858841 56.347079508006573 2.93972174078226 9.9174423962831515 21.185546725988388
leaf_count=71 205 18 37 14 122 292 15 44 138
internal_value=7.17629e-05 0.0021466 -0.00505065 -0.00882541 -0.00613053 -6.70444e-05 0.00913094 0.000882639 0.0067254
internal_weight=167.73 123.411 44.3185 38.1317 34.9304 91.3764 32.0346 87.4501 31.103
internal_count=956 712 244 207 193 492 220 474 182
cat_boundaries=0 1
cat_threshold=33293
is_linear=0
shrinkage=0.02


Tree=106
num_leaves=10
num_cat=1
split_feature=5 6 15 0 10 13 6 13 15
split_gain=4.82251 6.71255 5.78105 5.45318 4.56554 8.37932 4.67553 3.89196 4.06744
threshold=176.50000000000003 18.372202825329179 0.98264201580766231 0 0.11078237821240397 0.017326288773293525 70.124795521441769 0.014201939675064093 0.98264201580766231
decision_type=2 2 2 1 2 2 2 2 2
left_child=1 2 -1 -2 5 7 -7 8 -5
right_child=3 -3 -4 4 -6 6 -8 -9 -10
leaf_value=-0.021113876141115387 -0.0027719309901389263 -0.0287776670579242 0.006267933607793809 0.01760877806876758 0.024781209836869419 -0.034915027161394073 -0.0032798321860303343 0.022914760013735817 0.0027897009638384713
leaf_weight=4.4728776589036014 67.408170774579048 5.1810419633984557 9.934088431298731 8.5771335363388044 4.4413157403469077 3.0687711983919135 4.7788609936833382 5.1360660791397086 54.382056787610054
leaf_count=28 364 28 46 44 35 14 28 32 337
internal_value=7.06973e-05 -0.00925423 -0.0022332 0.0013066 0.00451047 0.00391892 -0.0156506 0.00617421 0.00480855
internal_weight=167.38 19.588 14.407 147.792 80.3842 75.9429 7.84763 68.0953 62.9592
internal_count=956 102 74 854 490 455 42 413 381
cat_boundaries=0 1
cat_threshold=240141
is_linear=0
shrinkage=0.02


Tree=107
num_leaves=10
num_cat=1
split_feature=14 0 11 6 8 14 15 6 14
split_gain=4.69757 6.30448 6.60025 7.33226 6.02815 5.26893 4.84738 4.64543 5.71885
threshold=1.0152009255953356 0 -0.052433863145602617 68.16646777836992 0.74315501593190303 1.0130917218352617 1.0033788898149369 92.166420778474745 0.9854596771636065
decision_type=2 1 2 2 2 2 2 2 2
left_child=1 2 -1 -4 -3 7 -5 8 -6
right_child=-2 4 3 6 5 -7 -8 -9 -10
leaf_value=0.024706386471071814 0.0055031337386702659 0.0030092064478091612 0.010045478570215139 -0.016091524621493162 -0.028997574611644969 -0.034157431763148005 0.0027297760184128439 -8.4095056460609964e-05 -0.0081665448751475078
leaf_weight=5.517284393310546 46.050779238343239 21.063175790011883 20.507083430886269 10.850178092718126 6.7876608073711422 3.2927271276712409 11.045685887336729 18.390924781560898 23.602958127856255
leaf_count=29 339 117 100 51 44 15 61 91 109
internal_value=6.63103e-05 -0.00200188 0.00341628 0.00145178 -0.00529502 -0.00967076 -0.00659685 -0.00801793 -0.0128191
internal_weight=167.108 121.058 47.9202 42.4029 73.1374 52.0743 21.8959 48.7815 30.3906
internal_count=956 617 241 212 376 259 112 244 153
cat_boundaries=0 1
cat_threshold=290400
is_linear=0
shrinkage=0.02


Tree=108
num_leaves=10
num_cat=1
split_feature=5 13 12 5 7 0 11 10 15
split_gain=4.61719 4.85819 7.23125 4.47062 6.77862 4.53784 6.40845 3.95007 8.75247
threshold=189.50000000000003 0.020158179393801611 0.017948595146896468 466.50000000000006 79.620000000000019 0 0.12126717845819157 -0.0040042145409675822 0.98841835956690682
decision_type=2 2 2 2 2 1 2 2 2
left_child=-1 2 3 4 5 6 -2 8 -7
right_child=1 -3 -4 -5 -6 7 -8 -9 -10
leaf_value=-0.0073117060378266189 -0.000671905204885636 -0.0087687147827443523 0.021541748840376875 0.018743545808998684 -0.022386567911999122 0.0085161333659732191 -0.026674542165271584 0.0098614902365370578 -0.02745919172719127
leaf_weight=28.200450949370861 49.956437654793262 16.083005897700787 7.8116986081004134 5.8132649734616271 4.8431358709931365 8.3196612149476987 4.1025581657886496 37.671943195164204 4.0083893984556189
leaf_count=146 270 89 57 37 23 41 24 251 18
internal_value=6.52406e-05 0.00156609 0.00292265 0.00165476 0.000742544 0.00181902 -0.00223231 0.0055381 -0.00318102
internal_weight=166.811 138.61 122.527 114.715 108.902 104.059 54.059 50 12.3281
internal_count=956 810 721 664 627 604 294 310 59
cat_boundaries=0 1
cat_threshold=755209
is_linear=0
shrinkage=0.02


Tree=109
num_leaves=10
num_cat=1
split_feature=0 8 7 6 3 11 10 11 5
split_gain=4.52898 4.77561 4.48992 7.13616 6.70564 4.92416 4.41956 4.83392 7.22127
threshold=0 0.63856532944244282 35.185000000000009 403.99596004039967 1.5000000000000002 0.13848430525874747 0.080753847491522493 0.087355311440046962 289.50000000000006
decision_type=1 2 2 2 2 2 2 2 2
left_child=2 -2 3 4 -1 -6 7 -3 -9
right_child=1 6 -4 -5 5 -7 -8 8 -10
leaf_value=-0.018979657981507816 0.012659482824571895 0.001941336838195223 0.0099397685000562862 -0.03694623949067919 0.0041827087953523251 -0.019876158660135458 0.013814524671575151 -0.018334360980486037 0.0041692043688891277
leaf_weight=10.73008845746517 15.319758556783198 74.600995272397995 6.1438706219196311 3.2253864854574195 19.809001430869106 4.1086378991603842 9.4076374992728216 13.069467954337599 10.120974771678446
leaf_count=71 111 399 37 14 102 20 73 66 63
internal_value=6.45187e-05 0.00204729 -0.00482366 -0.00849225 -0.00584344 4.98103e-05 0.000721683 -0.000537862 -0.00851316
internal_weight=166.536 122.519 44.017 37.8731 34.6477 23.9176 107.199 97.7914 23.1904
internal_count=956 712 244 207 193 122 601 528 129
cat_boundaries=0 1
cat_threshold=33293
is_linear=0
shrinkage=0.02


Tree=110
num_leaves=10
num_cat=1
split_feature=14 5 0 4 5 5 9 12 13
split_gain=4.42209 6.16846 5.70925 7.61049 6.39856 4.74987 6.48533 6.40105 4.5801
threshold=1.0152009255953356 466.50000000000006 0 4.5000000000000009 258.50000000000006 436.50000000000006 -0.02995598470222988 0.0072115626393963574 0.0080924112308221104
decision_type=2 2 1 2 2 2 2 2 2
left_child=1 2 3 5 8 6 -1 -8 -4
right_child=-2 -3 4 -5 -6 -7 7 -9 -10
leaf_value=0.028404486080023245 0.0053618777459709544 0.019039135739276888 -0.0053486615419123815 0.01172556284623863 -0.00076898014606515829 -0.027436306592127164 0.00494140867808434 -0.01813938398187 -0.019901962184965569
leaf_weight=2.615777447819716 45.687873877584934 5.3543279469013205 16.409924149513245 21.615123957395554 33.530573643743992 3.1447084695100775 11.016160339117052 8.526238486170767 18.29184141010046
leaf_count=13 339 32 79 106 172 14 57 45 99
internal_value=6.35427e-05 -0.00194526 -0.002921 0.00248155 -0.00610488 -0.00443446 -0.00117002 -0.00512861 -0.0130199
internal_weight=166.193 120.505 115.15 46.918 68.2323 25.3029 22.1582 19.5424 34.7018
internal_count=956 617 585 235 350 129 115 102 178
cat_boundaries=0 1
cat_threshold=290416
is_linear=0
shrinkage=0.02


Tree=111
num_leaves=10
num_cat=2
split_feature=10 0 5 11 11 6 15 9 0
split_gain=4.42464 4.73809 8.23442 7.81124 5.61651 5.16247 4.93901 4.7075 3.96139
threshold=0.020083713850837105 0 304.50000000000006 -0.052433863145602617 0.012184718100890312 431.49568504314959 1.0249502631158485 0.016771562181357915 1
decision_type=2 1 2 2 2 2 2 2 1
left_child=1 2 7 -3 -4 6 -5 -1 -2
right_child=8 3 4 5 -6 -7 -8 -9 -10
leaf_value=-0.016552373863596256 -0.0017716722914970723 0.021985077120114355 0.021657317392662575 0.0053671718863262195 -0.010979321821959683 -0.016003158826698023 -0.018853476656051537 0.0088231603940014461 0.006597375151520756
leaf_weight=27.632344044744972 37.068480737507343 6.6899612694978705 5.1010436341166479 26.423378065228466 3.5961190611124039 7.7603882104158393 3.8595618307590476 3.2703897133469573 44.471360988914967
leaf_count=146 223 37 27 129 18 36 19 19 302
internal_value=6.26116e-05 -0.00314932 -0.00720836 0.0016798 0.00816266 -0.00144935 0.00228025 -0.0138669 0.00338458
internal_weight=165.873 84.3332 39.5999 44.7333 8.69716 38.0433 30.2829 30.9027 81.5398
internal_count=956 431 210 221 45 184 148 165 525
cat_boundaries=0 1 2
cat_threshold=1773709 297546
is_linear=0
shrinkage=0.02


Tree=112
num_leaves=10
num_cat=3
split_feature=10 11 0 10 4 1 9 13 0
split_gain=4.27272 4.61046 5.74765 5.06973 5.34975 5.59907 4.82288 3.90372 3.84703
threshold=0.020083713850837105 0.050344456025390755 0 -0.054666938345813577 4.5000000000000009 1 -0.0166206261510129 0.0051773623298583746 2
decision_type=2 2 1 2 2 1 2 2 1
left_child=1 2 6 -4 5 -5 -1 -8 -2
right_child=8 -3 3 4 -6 -7 7 -9 -10
leaf_value=-0.023224473522448146 -0.0017427137499783432 -0.012683817567559048 0.025518497636054287 -0.019490124087106323 0.01023324092397707 0.0014861366704306662 -0.018567688044410363 0.005734707276455542 0.0065082812000495163
leaf_weight=8.3991977348923701 37.096639327704906 16.190530568361282 3.9039575010538092 6.8686071932315826 17.778537318110466 19.656878933310512 4.1904663890600187 7.1635370552539825 44.316998116672039
leaf_count=60 223 74 20 32 90 103 19 33 302
internal_value=6.75332e-05 -0.00309267 -0.000807747 0.00303907 0.0017442 -0.00394553 -0.00779054 -0.00323467 0.00333402
internal_weight=165.565 84.1517 67.9612 48.208 44.304 26.5255 19.7532 11.354 81.4136
internal_count=956 431 357 245 225 135 112 52 525
cat_boundaries=0 1 2 3
cat_threshold=12293 2 297546
is_linear=0
shrinkage=0.02


Tree=113
num_leaves=10
num_cat=1
split_feature=8 8 7 0 11 7 12 13 9
split_gain=4.33848 4.53684 4.55934 3.97908 4.39643 4.82174 7.09314 8.22699 4.1041
threshold=1.1256124372159328 1.2075764028164515 2.4550000000000005 0 -0.052433863145602617 81.855000000000018 0.019141271894501297 0.017186011786689291 0.0020876434386715458
decision_type=2 2 2 1 2 2 2 2 2
left_child=3 -2 -3 8 -5 6 7 -6 -1
right_child=1 2 -4 4 5 -7 -8 -9 -10
leaf_value=-0.012807837102073004 -0.018835916842081808 -0.015411775323775473 0.010197007215009418 0.017829639042214664 0.0035073930977500794 -0.013294352093077022 0.022620377420468293 -0.021894382558287538 0.00087432777898338674
leaf_weight=15.368214443325995 9.3157450184226054 4.6463303044438344 6.9264905899763107 7.8190760463476172 80.788197986781597 7.3859255313873282 7.1598458811640731 5.4436826407909384 20.423162996768951
leaf_count=86 48 23 40 44 485 39 53 26 112
internal_value=7.21345e-05 -0.00844717 -8.45709e-05 0.00130462 0.00309746 0.00226178 0.00349205 0.00190382 -0.00390853
internal_weight=165.277 20.8886 11.5728 144.388 108.597 100.778 93.3917 86.2319 35.7914
internal_count=956 111 63 845 647 603 564 511 198
cat_boundaries=0 1
cat_threshold=37381
is_linear=0
shrinkage=0.02


Tree=114
num_leaves=10
num_cat=1
split_feature=5 6 0 10 13 6 12 13 13
split_gain=4.20316 6.53203 4.82141 4.37006 7.82256 4.52841 3.91468 7.31362 7.21761
threshold=176.50000000000003 18.372202825329179 0 0.11078237821240397 0.017326288773293525 70.124795521441769 0.0099576386569921582 0.0086215491968943212 0.012143271075268747
decision_type=2 2 1 2 2 2 2 2 2
left_child=1 -1 -2 4 6 -6 7 -4 -9
right_child=2 -3 3 -5 5 -7 -8 8 -10
leaf_value=-0.0017485423238860032 -0.0026222564457996978 -0.028250478371854661 0.0078238149662609741 0.024544042546459654 -0.034300249115065552 -0.0030055499337021635 0.01343665693226326 -0.016463772003448163 0.019984633099704992
leaf_weight=14.112619660794737 66.668856739997864 5.0517137572169295 33.756755523383617 4.245279759168624 3.0542781502008429 4.6890124604105949 19.470656037330627 11.222621127963064 2.6950651407241812
leaf_count=74 364 28 201 35 14 28 133 63 16
internal_value=7.10801e-05 -0.00873445 0.00122848 0.00426507 0.00368501 -0.0153495 0.00588011 0.00279395 -0.00940579
internal_weight=164.967 19.1643 145.803 79.1337 74.8884 7.74329 67.1451 47.6744 13.9177
internal_count=956 102 854 490 455 42 413 280 79
cat_boundaries=0 1
cat_threshold=240141
is_linear=0
shrinkage=0.02


Tree=115
num_leaves=10
num_cat=1
split_feature=8 0 12 9 13 11 13 11 6
split_gain=4.13201 6.65942 5.21167 5.16409 5.03143 4.6431 4.49725 3.79259 3.4638
threshold=0.55724408710305851 0 0.016894444689135563 0.0069421973144597809 0.023741734313679801 0.047122942143548861 0.017186011786689291 0.2494962067330489 80.416432153475654
decision_type=2 1 2 2 2 2 2 2 2
left_child=7 3 6 8 -4 -5 -3 -1 -2
right_child=1 2 4 5 -6 -7 -8 -9 -10
leaf_value=0.012750611388596542 -0.027157707097118667 0.00065748297292960269 0.019943121995788366 0.017088321110330259 -0.00552168414181484 -0.012219802736824645 -0.01701044792220904 -0.01773995935224288 -0.0047862249639937038
leaf_weight=15.043653547763826 9.7024877220392245 104.06773772090673 10.368053652346132 3.4230267629027349 4.4296299889683715 5.8700240477919579 6.1006603986024848 1.8303264901041973 3.8735934048891059
leaf_count=105 67 572 74 21 25 36 28 11 17
internal_value=6.69789e-05 -0.00100324 0.00108887 -0.00898332 0.0123203 -0.00142437 -0.000320892 0.00944329 -0.0207746
internal_weight=164.709 147.835 124.966 22.8691 14.7977 9.29305 110.168 16.874 13.5761
internal_count=956 840 699 141 99 57 600 116 84
cat_boundaries=0 1
cat_threshold=163845
is_linear=0
shrinkage=0.02


Tree=116
num_leaves=10
num_cat=1
split_feature=8 8 5 0 5 6 2 5 7
split_gain=4.09039 4.3467 4.49346 3.63508 5.31798 7.79886 5.05523 4.14259 9.68396
threshold=1.1256124372159328 1.2075764028164515 191.00000000000003 0 236.50000000000003 403.99596004039967 2.5000000000000004 466.50000000000006 142.36000000000004
decision_type=2 2 2 1 2 2 2 2 2
left_child=3 -2 -3 4 6 -6 -1 8 -5
right_child=1 2 -4 7 5 -7 -8 -9 -10
leaf_value=-0.0042699733312119162 -0.018389866652961218 -0.020027256913206778 0.0077901440930552715 0.0036133050569095255 0.0043839088292659638 -0.027137791300541055 -0.027976147550163057 0.01791560149107024 -0.036035558189143092
leaf_weight=9.4176126196980459 9.2995619401335734 3.2272922545671454 8.2876367792487127 85.589779898524284 29.100457020103931 3.5192661285400382 5.8228519037365905 7.5420408323407164 2.5371021777391425
leaf_count=49 48 18 45 509 171 16 37 51 12
internal_value=6.58461e-05 -0.00821974 -6.24636e-06 0.00126742 -0.00295618 0.000983106 -0.0133273 0.00334021 0.00247185
internal_weight=164.344 20.8145 11.5149 143.529 47.8602 32.6197 15.2405 95.6689 88.1269
internal_count=956 111 63 845 273 187 86 572 521
cat_boundaries=0 1
cat_threshold=1085957
is_linear=0
shrinkage=0.02


Tree=117
num_leaves=10
num_cat=2
split_feature=8 0 12 14 5 7 5 8 0
split_gain=3.97638 6.34237 5.03852 4.60018 4.17729 6.85561 3.94849 7.61022 3.68884
threshold=0.55724408710305851 0 0.016894444689135563 1.0756462037869878 466.50000000000006 79.620000000000019 247.50000000000003 0.91071928068901764 1
decision_type=2 1 2 2 2 2 2 2 1
left_child=-1 6 4 -4 5 8 -2 -8 -3
right_child=1 2 3 -5 -6 -7 7 -9 -10
leaf_value=0.0093029961372485953 -0.023575447303194903 0.0060125475898434502 0.017529256980455064 -0.011205427391367848 0.018538196196620067 -0.02691422275393578 0.0025742086415081818 -0.030381720917066285 -0.0020887784193609447
leaf_weight=16.735408872365952 8.3888124525547045 19.787443675100803 11.917866356670855 2.7411151602864257 4.5031116530299178 3.9699918776750556 10.428346939384936 3.8329541981220236 81.735098503530025
leaf_count=116 61 115 80 19 27 17 61 19 441
internal_value=6.47577e-05 -0.000984806 0.00105686 0.0121561 -0.000326245 -0.0011315 -0.00880172 -0.00628323 -0.000123282
internal_weight=164.04 147.305 124.655 14.659 109.996 105.493 22.6501 14.2613 101.523
internal_count=956 840 699 99 600 573 141 80 556
cat_boundaries=0 1 2
cat_threshold=163845 8304
is_linear=0
shrinkage=0.02


Tree=118
num_leaves=10
num_cat=1
split_feature=8 8 5 0 9 11 15 5 5
split_gain=3.88781 4.14066 4.34219 3.42848 5.24769 6.39715 6.81682 5.17694 3.94427
threshold=1.1256124372159328 1.2075764028164515 191.00000000000003 0 -0.0012384821920866879 0.099436709752585381 1.0647574381433926 412.00000000000006 466.50000000000006
decision_type=2 2 2 1 2 2 2 2 2
left_child=3 -2 -3 4 -1 -6 -7 -8 -5
right_child=1 2 -4 8 5 6 7 -9 -10
leaf_value=-0.013241088073997627 -0.017930667774501922 -0.019745890342844918 0.0076959238939958031 0.0024182761309254086 0.0080244605878845472 -0.028023512630347552 0.012252246537554703 -0.025319968330550568 0.017614599833373414
leaf_weight=15.047246493399141 9.3039397522807139 3.2005310878157607 8.2563322484493238 87.922694660723209 20.100006371736526 5.0878420174121839 5.3970868140459061 2.0143972337245941 7.4076465070247641
leaf_count=86 48 18 45 521 114 25 38 10 51
internal_value=6.84848e-05 -0.00801911 2.99182e-05 0.00124283 -0.00286934 0.00103789 -0.0101971 0.00204034 0.00325741
internal_weight=163.738 20.7608 11.4569 142.977 47.6466 32.5993 12.4993 7.41148 95.3303
internal_count=956 111 63 845 273 187 73 48 572
cat_boundaries=0 1
cat_threshold=1085957
is_linear=0
shrinkage=0.02


Tree=119
num_leaves=10
num_cat=1
split_feature=8 0 9 12 13 11 13 5 5
split_gain=3.81997 6.03861 4.89338 4.83713 4.81345 4.44099 4.33373 3.85629 4.60792
threshold=0.55724408710305851 0 0.0069421973144597809 0.016894444689135563 0.023741734313679801 0.047122942143548861 0.017186011786689291 189.50000000000003 203.50000000000003
decision_type=2 1 2 2 2 2 2 2 2
left_child=-1 2 -2 6 -5 -4 7 -3 -9
right_child=1 3 5 4 -6 -7 -8 8 -10
leaf_value=0.0091570438669305899 -0.020281573530723868 -0.0075563944374176127 0.016903816187591732 0.01957972287827018 -0.0054242206392424953 -0.01182325683657357 -0.016732207469849849 0.021735487072089762 0.0013289618559247957
leaf_weight=16.614142999053001 13.180171914398672 18.798779539763927 3.3923973143100721 10.102016568183897 4.4301990494132033 5.8898211047053337 6.0801797807216635 4.68441218137741 80.284669503569603
leaf_count=116 84 85 21 74 25 36 28 25 462
internal_value=6.74254e-05 -0.000960997 -0.00861326 0.0010306 0.0119572 -0.0013243 -0.000321103 0.00064049 0.00245399
internal_weight=163.457 146.843 22.4624 124.38 14.5322 9.28222 109.848 103.768 84.9691
internal_count=956 840 141 699 99 57 600 572 487
cat_boundaries=0 1
cat_threshold=163845
is_linear=0
shrinkage=0.02


Tree=120
num_leaves=10
num_cat=0
split_feature=10 11 8 11 15 6 9 10 9
split_gain=3.72993 4.39562 5.44291 3.80909 6.06822 4.8845 3.93172 6.415 3.85027
threshold=0.020083713850837105 0.050344456025390755 0.51779717839666606 0.11449778291883551 1.0600048925618828 103.62476693803067 1.0000000180025095e-35 0.033001940879958669 0.043282271441116252
decision_type=2 2 2 2 2 2 2 2 2
left_child=1 2 -1 6 -5 8 7 -2 -6
right_child=3 -3 -4 4 5 -7 -8 -9 -10
leaf_value=0.025065381333228526 -0.026084773927215706 -0.012297420779503812 -0.0019173337109372399 -0.020785930700118471 -0.016152521971832506 0.012246008807076414 0.0085679007432475449 0.012351050859835207 0.0061869696979305437
leaf_weight=3.1377700269222251 3.6108894497156134 16.079836472868919 63.640875086188316 5.8977320715785053 7.0571866333484667 10.214558392763136 44.62640855461359 3.34687639772892 5.4843164831399918
leaf_count=19 17 74 338 30 42 75 299 18 44
internal_value=6.63938e-05 -0.00290992 -0.00064948 0.00313992 -0.00270688 0.0019787 0.00638767 -0.00759609 -0.00638361
internal_weight=163.096 82.8585 66.7786 80.238 28.6538 22.7561 51.5842 6.95777 12.5415
internal_count=956 431 357 525 191 161 334 35 86
is_linear=0
shrinkage=0.02


Tree=121
num_leaves=10
num_cat=1
split_feature=8 8 7 0 6 6 9 11 7
split_gain=3.70213 3.9552 4.17568 3.2596 5.05466 7.94186 4.35734 4.22664 3.9577
threshold=1.1256124372159328 1.2075764028164515 2.4550000000000005 0 403.99596004039967 107.7996224015652 -1.0000000180025095e-35 0.0087922705314009766 81.855000000000018
decision_type=2 2 2 1 2 2 2 2 2
left_child=3 -2 -3 4 5 6 -1 -8 -5
right_child=1 2 -4 8 -6 -7 7 -9 -10
leaf_value=-0.016834555274573233 -0.017532470457823527 -0.014648427782256413 0.010034885014365962 0.0046958419936788068 -0.0264296986674179 0.010042663820258898 0.013867018888029596 -0.0080139901151572174 -0.010637408848942452
leaf_weight=12.203242607414721 9.2836051657795924 4.6015094816684705 6.7819520011544228 87.593000367283821 3.5282623916864386 15.359657347202299 5.1911109164357248 11.043096818029879 7.2940981462597838
leaf_count=73 48 23 40 533 16 97 27 60 39
internal_value=6.55088e-05 -0.00784404 5.72084e-05 0.00121497 -0.00280764 -0.00154573 -0.00780486 -0.00101724 0.00318183
internal_weight=162.88 20.6671 11.3835 142.212 47.3254 43.7971 28.4375 16.2342 94.8871
internal_count=956 111 63 845 273 257 160 87 572
cat_boundaries=0 1
cat_threshold=1085957
is_linear=0
shrinkage=0.02


Tree=122
num_leaves=10
num_cat=1
split_feature=8 0 12 13 6 8 13 5 6
split_gain=3.58838 5.7545 4.61683 4.64818 4.47079 4.21893 4.12984 3.62501 5.57787
threshold=0.55724408710305851 0 0.016894444689135563 0.023741734313679801 73.999833500379268 0.81944236512627544 0.017186011786689291 189.50000000000003 56.549872775289771
decision_type=2 1 2 2 2 2 2 2 2
left_child=-1 4 6 -4 -2 -6 7 -3 -9
right_child=1 2 3 -5 5 -7 -8 8 -10
leaf_value=0.0089271145446618572 -0.020131454383376959 -0.0073158211165620648 0.019353739472958476 -0.0052810900038291553 0.0066490381411120651 -0.021925608882354654 -0.016354179734725135 0.0097929731505544491 -0.0011628357020573425
leaf_weight=16.427654877305031 12.503737442195417 18.770543366670609 9.9340205043554288 4.4298705384135237 6.7777580767869932 2.9735698774456978 6.0572280287742606 27.539792902767658 57.188012972474098
leaf_count=116 84 85 74 25 42 15 28 156 331
internal_value=6.44551e-05 -0.000931565 0.00101314 0.0117563 -0.00842814 -0.00206451 -0.000302922 0.000636476 0.00239822
internal_weight=162.602 146.175 123.919 14.3639 22.2551 9.75133 109.556 103.498 84.7278
internal_count=956 840 699 99 141 57 600 572 487
cat_boundaries=0 1
cat_threshold=163845
is_linear=0
shrinkage=0.02


Tree=123
num_leaves=10
num_cat=1
split_feature=8 8 5 13 12 12 5 7 0
split_gain=3.50989 3.78045 4.01591 3.12511 4.2604 4.91264 4.1906 6.53287 3.99783
threshold=1.1256124372159328 1.2075764028164515 191.00000000000003 0.017186011786689291 0.016894444689135563 0.016012715558824799 493.50000000000006 120.66500000000001 0
decision_type=2 2 2 2 2 2 2 2 1
left_child=3 -2 -3 4 5 6 7 8 -1
right_child=1 2 -4 -5 -6 -7 -8 -9 -10
leaf_value=0.0064921142608898742 -0.017112812057251774 -0.019072362763884517 0.0074893659646799865 -0.006329539878864629 0.017120629420179185 -0.025100896146690001 0.024572428137565484 -0.025153053107797984 -0.0010142944303490049
leaf_weight=39.33608241379261 9.2795756012201327 3.1542185246944419 8.1853015869855863 19.141220077872276 7.3523977920413008 2.7281073182821265 3.2132414802908889 3.5849036723375312 66.280473910272121
leaf_count=245 48 18 45 115 55 18 23 16 373
internal_value=6.34789e-05 -0.00764608 0.000100914 0.00118582 0.00236018 0.00141765 0.00206121 0.00139882 0.00230006
internal_weight=162.256 20.6191 11.3395 141.636 122.495 115.143 112.415 109.201 105.617
internal_count=956 111 63 845 730 675 657 634 618
cat_boundaries=0 1
cat_threshold=156786
is_linear=0
shrinkage=0.02


Tree=124
num_leaves=10
num_cat=2
split_feature=10 11 8 0 10 8 7 4 0
split_gain=3.47831 4.18788 5.20402 4.45903 4.63782 3.74545 8.69421 5.07312 3.72666
threshold=0.020083713850837105 0.050344456025390755 0.51779717839666606 0 -0.054666938345813577 1.052076730072639 9.1750000000000025 3.5000000000000004 1
decision_type=2 2 2 1 2 2 2 2 1
left_child=1 2 -1 -4 -5 7 -7 -6 -2
right_child=8 -3 3 4 5 6 -8 -9 -10
leaf_value=0.024793248349298129 -0.0019054780311503552 -0.011978019334330627 -0.007170877084157065 0.024759904229520627 -0.0040358539475698072 -0.027364611935309341 0.013519630282854266 0.012980452387390739 0.0062259663202529261
leaf_weight=3.079920381307601 36.417416654527187 16.051012188196182 23.088805429637432 3.576394595205783 14.066209696233274 5.086395710706709 3.5206429436802864 13.966815851628779 43.223520867526531
leaf_count=19 223 74 130 19 73 23 18 75 302
internal_value=6.93175e-05 -0.00281049 -0.000593903 -0.00182904 0.00241929 0.000898933 -0.0106412 0.00444213 0.0030502
internal_weight=162.077 82.4362 66.3852 63.3053 40.2165 36.6401 8.60704 28.033 79.6409
internal_count=956 431 357 338 208 189 41 148 525
cat_boundaries=0 1 2
cat_threshold=12301 297546
is_linear=0
shrinkage=0.02


Tree=125
num_leaves=10
num_cat=1
split_feature=8 0 9 12 13 11 13 11 6
split_gain=3.39919 5.50353 4.57325 4.37555 4.4515 4.2523 3.88332 3.54765 3.42702
threshold=0.55724408710305851 0 0.0069421973144597809 0.016894444689135563 0.023741734313679801 0.047122942143548861 0.017186011786689291 0.2494962067330489 80.416432153475654
decision_type=2 1 2 2 2 2 2 2 2
left_child=7 2 8 6 -5 -4 -3 -1 -2
right_child=1 3 5 4 -6 -7 -8 -9 -10
leaf_value=0.012021234069945892 -0.026483290391726255 0.00063335179583172353 0.01673672625791835 0.019084762417417019 -0.0050690842289834006 -0.01149375616645076 -0.015869811043034993 -0.017690072735807881 -0.0039361875283437028
leaf_weight=14.492699250578882 8.9885907024145144 103.23653166741133 3.3465032055973989 9.7516913563013059 4.4424619004130355 5.8917931616306305 6.0368392020463935 1.8080735206603993 3.8520305156707755
leaf_count=105 67 572 21 74 25 36 28 11 17
internal_value=6.47964e-05 -0.000905196 -0.00825836 0.000997779 0.0115251 -0.00126748 -0.00027837 0.00872567 -0.0197194
internal_weight=161.847 145.546 22.0789 123.468 14.1942 9.2383 109.273 16.3008 12.8406
internal_count=956 840 141 699 99 57 600 116 84
cat_boundaries=0 1
cat_threshold=163845
is_linear=0
shrinkage=0.02


Tree=126
num_leaves=10
num_cat=1
split_feature=0 7 10 13 14 11 15 14 11
split_gain=3.32363 5.03704 5.39565 7.14933 4.30595 5.11535 5.04359 6.83153 5.75084
threshold=0 120.66500000000001 0.11078237821240397 0.017326288773293525 0.99569326172438521 0.0054260903694255116 1.0524622874342922 1.0197131845357656 0.19512195121951217
decision_type=1 2 2 2 2 2 2 2 2
left_child=4 2 3 -2 -1 -6 7 -7 -8
right_child=1 -3 -4 -5 5 6 8 -9 -10
leaf_value=-0.012440651498761078 0.0041245904903963347 -0.015180938073210269 0.024241865744326262 -0.016228539239238858 0.010016077760627245 -0.0062142245750789896 0.012639517745593248 -0.03896918886020604 -0.017475735256456539
leaf_weight=17.032379843294621 83.49649616330862 6.1231412589550009 4.7798767238855353 7.525609463453292 12.825157351791857 13.832280360162263 9.2705319002270681 3.1217897459864608 3.4917385280132285
leaf_count=104 497 32 41 40 69 71 67 16 19
internal_value=6.36847e-05 0.00219055 0.00352949 0.00244182 -0.00337616 -0.000540611 -0.00509673 -0.0122455 0.00440003
internal_weight=161.499 101.925 95.802 91.0221 59.5739 42.5415 29.7163 16.9541 12.7623
internal_count=956 610 578 537 346 242 173 87 86
cat_boundaries=0 1
cat_threshold=229901
is_linear=0
shrinkage=0.02


Tree=127
num_leaves=10
num_cat=2
split_feature=8 0 11 14 8 15 13 1 8
split_gain=3.2825 5.30577 7.13237 4.68592 3.82051 3.54815 8.51157 3.51323 4.541
threshold=0.55724408710305851 0 -0.052433863145602617 0.99179975120196351 0.93059550176220507 1.0911287663551816 0.017326288773293525 1 0.67854803067335567
decision_type=2 1 2 2 2 2 2 1 2
left_child=-1 3 -3 -2 -5 6 7 -4 -9
right_child=1 2 5 4 -6 -7 -8 8 -10
leaf_value=0.0086046191938160717 -0.019806135095113444 0.020288736087816499 0.0064463519993860985 0.0014766317230239835 -0.012957146809960683 0.013729621335451483 -0.025061787927497536 -0.017860293289385338 -7.5267079825303671e-05
leaf_weight=16.188816167414188 9.6979139745235425 7.7122687473893157 28.712316200137138 19.691864416003231 11.689961448311804 7.2740662023425093 5.4302204996347418 6.5171979963779441 48.310284674167633
leaf_count=116 68 44 185 113 57 57 26 34 256
internal_value=6.28642e-05 -0.00089056 0.00162611 -0.00615644 -0.00390006 0.000299588 -0.000798433 0.000778724 -0.00218933
internal_weight=161.225 145.036 103.956 41.0797 31.3818 96.2441 88.97 83.5398 54.8275
internal_count=956 840 602 238 170 558 501 475 290
cat_boundaries=0 1 2
cat_threshold=168077 1
is_linear=0
shrinkage=0.02


Tree=128
num_leaves=10
num_cat=1
split_feature=10 11 8 0 10 14 8 11 10
split_gain=3.21061 3.94147 4.92095 4.05298 4.47132 3.7603 5.59694 3.64039 4.50742
threshold=0.020083713850837105 0.050344456025390755 0.51779717839666606 0 -0.054666938345813577 1.0030125171030779 0.83961806432093222 0.11449778291883551 0.076188493715554487
decision_type=2 2 2 1 2 2 2 2 2
left_child=1 2 -1 -4 -5 6 -3 -2 -9
right_child=7 5 3 4 -6 -7 -8 8 -10
leaf_value=0.024422739194917331 0.0061330822779919825 -0.018697924441271007 -0.0068662793052093668 0.02440710325806026 0.00080880401607927711 -0.025233152448799059 0.010342869266225361 -0.010548353942060973 0.0054436004258161096
leaf_weight=3.0118489935994139 50.848980836570263 5.5143491029739398 22.800134435296059 3.5217509046196929 36.479756534099579 5.3830523341894141 5.1186473965644836 14.59415363520384 13.637973040342329
leaf_count=19 334 25 130 19 189 26 23 86 105
internal_value=6.19165e-05 -0.00271532 -0.000549987 -0.00174763 0.00230914 -0.0116131 -0.0047179 0.00293567 -0.00282319
internal_weight=160.911 81.8295 65.8135 62.8016 40.0015 16.016 10.633 79.0811 28.2321
internal_count=956 431 357 338 208 74 48 525 191
cat_boundaries=0 1
cat_threshold=12301
is_linear=0
shrinkage=0.02


Tree=129
num_leaves=10
num_cat=0
split_feature=5 6 9 7 13 9 13 6 5
split_gain=3.30592 6.38173 4.26171 3.94169 3.38985 5.44485 4.40178 3.79107 3.33484
threshold=176.50000000000003 18.372202825329179 0.014204847562721334 0.90000000000000013 0.017186011786689291 0.049388144921362426 0.015486435880139801 70.124795521441769 466.50000000000006
decision_type=2 2 2 2 2 2 2 2 2
left_child=1 2 3 -1 5 6 8 -6 -2
right_child=4 -3 -4 -5 7 -7 -8 -9 -10
leaf_value=0.014962000412380303 -0.00014847979040799022 -0.027610272156635571 0.01562970484897112 -0.015564457750413442 -0.018210980118990319 0.018466692719351262 0.024654367734124764 -0.00025067902353817723 0.016917575079134776
leaf_weight=2.2086858451366442 105.33338520675898 4.8473965451121321 4.2836205884814254 7.2320958599448204 7.1060973107814815 7.8653055503964415 3.1277485564351073 13.889993064105509 4.7882343605160704
leaf_count=10 607 28 23 41 43 69 19 83 33
internal_value=5.24627e-05 -0.00788311 -0.000915564 -0.00842274 0.00108953 0.00237564 0.00125809 -0.00632932 0.000593575
internal_weight=160.683 18.5718 13.7244 9.44078 142.111 121.115 113.249 20.9961 110.122
internal_count=956 102 74 51 854 728 659 126 640
is_linear=0
shrinkage=0.02


Tree=130
num_leaves=10
num_cat=0
split_feature=8 8 7 13 10 5 7 5 6
split_gain=3.18678 3.62839 3.89409 2.6826 4.5547 4.02529 3.90507 3.17857 5.113
threshold=1.1256124372159328 1.2075764028164515 2.4550000000000005 0.017186011786689291 0.094160272804774181 466.50000000000006 120.66500000000001 176.50000000000003 18.372202825329179
decision_type=2 2 2 2 2 2 2 2 2
left_child=3 -2 -3 4 5 6 7 8 -1
right_child=1 2 -4 -5 -6 -7 -8 -9 -10
leaf_value=-0.00058039900296254221 -0.016640191328267388 -0.013918851737362995 0.01006552117383212 -0.005888459757530844 0.022926402205519766 0.017877493735596651 -0.020203130438668705 0.0025965441779454415 -0.029323619007089751
leaf_weight=9.6455941796302778 9.1993856132030505 4.5659474059939367 6.653471015393734 18.860054261982441 4.1053570955991736 5.7061570212244979 3.4783737808465949 94.896766349673271 3.3301949054002753
leaf_count=47 48 23 40 115 40 41 15 568 19
internal_value=5.16856e-05 -0.0073296 0.000304642 0.00112806 0.00222025 0.00149406 0.000654489 0.00132705 -0.00795725
internal_weight=160.441 20.4188 11.2194 140.022 121.162 117.057 111.351 107.873 12.9758
internal_count=956 111 63 845 730 690 649 634 66
is_linear=0
shrinkage=0.02


Tree=131
num_leaves=10
num_cat=1
split_feature=0 8 9 7 6 3 11 6 5
split_gain=3.148 3.98987 4.16328 3.8742 6.57238 5.18378 4.31624 3.694 5.92124
threshold=0 0.74315501593190303 0.017072193903028127 35.185000000000009 403.99596004039967 1.5000000000000002 0.13848430525874747 52.54988177526927 335.50000000000006
decision_type=1 2 2 2 2 2 2 2 2
left_child=3 2 -2 4 5 -1 7 -7 -9
right_child=1 -3 -4 -5 -6 6 -8 8 -10
leaf_value=-0.017576620177030964 0.0016731535177769306 -0.00026787514815278512 0.01672232470128179 0.0099472608692746552 -0.034846502961498896 0.016396933789761394 -0.018856707181567893 -0.011812705062644717 0.016828663815027713
leaf_weight=9.2314896732568723 17.021345607936386 88.600252874195576 12.945441998541353 5.8675419464707366 3.2193866372108451 6.4425209462642732 3.9737452343106261 8.5533853843808156 4.3585004955530158
leaf_count=71 95 492 125 37 14 31 20 44 27
internal_value=5.09419e-05 0.00172069 0.00817429 -0.00412538 -0.00758623 -0.00489082 0.000129241 0.00402734 -0.0021446
internal_weight=160.214 118.567 29.9668 41.6466 35.779 32.5596 23.3282 19.3544 12.9119
internal_count=956 712 220 244 207 193 122 102 71
cat_boundaries=0 1
cat_threshold=33293
is_linear=0
shrinkage=0.02


Tree=132
num_leaves=10
num_cat=0
split_feature=8 10 13 12 11 13 13 12 7
split_gain=3.03895 3.70705 5.86406 3.93884 3.29057 3.18048 3.47734 8.83794 7.43732
threshold=0.55724408710305851 0.082618620215854532 0.017186011786689291 0.031458163093157847 0.2494962067330489 0.015486435880139801 0.0079522084147981287 0.0064103890735938609 7.120000000000001
decision_type=2 2 2 2 2 2 2 2 2
left_child=4 2 5 -3 -1 6 7 -2 -8
right_child=1 3 -4 -5 -6 -7 8 -9 -10
leaf_value=0.011589486580306028 -0.0029372516531328348 0.016281783476850373 -0.015129307871353605 -0.0077215426885649235 -0.017072702947623249 0.017357600106495456 -0.0098894733007402202 0.015073733039148891 0.003873139630320664
leaf_weight=14.125359877943991 34.056072376668453 9.3196719586849195 12.133294500410555 3.8700989261269561 1.8071607723832119 3.8463707342743865 37.941030368208885 16.025940462946892 26.801077596843243
leaf_count=105 177 81 70 21 11 23 208 98 162
internal_value=5.02277e-05 -0.000866843 -0.00188586 0.00923881 0.00833845 -0.000531802 -0.00113106 0.00282615 -0.00419221
internal_weight=159.926 143.994 130.804 13.1898 15.9325 118.67 114.824 50.082 64.7421
internal_count=956 840 738 102 116 668 645 275 370
is_linear=0
shrinkage=0.02


Tree=133
num_leaves=10
num_cat=2
split_feature=0 1 10 11 7 7 8 12 12
split_gain=3.04113 3.81216 4.12954 5.26944 3.69575 4.12839 5.34341 3.66091 5.99087
threshold=0 1 0.054424375491942449 0.094682918212329978 35.185000000000009 1.7250000000000003 0.93757909671334272 0.016894444689135563 0.014771281876997886
decision_type=1 1 2 2 2 2 2 2 2
left_child=4 2 3 -2 5 -1 -7 8 -3
right_child=1 7 -4 -5 -6 6 -8 -9 -10
leaf_value=0.01572085761276229 0.0076969625076484883 -0.00080730598820105573 0.016202122040656512 -0.010321297610473882 0.0097345233952157283 -0.0045357330872339363 -0.02269890606325559 0.012977751193421606 -0.025043803885837219
leaf_weight=2.8290649801492682 23.20471864938736 62.334091566503048 12.491407610476015 9.0143874585628492 5.816962242126464 23.896725632250309 8.8886677250266057 6.8325843811035147 4.3652191907167426
leaf_count=18 144 333 111 52 37 136 53 49 23
internal_value=4.96554e-05 0.00169195 0.00644039 0.00265574 -0.00406467 -0.0074598 -0.00946007 -0.000965197 -0.00239349
internal_weight=159.674 118.242 44.7105 32.2191 41.4314 35.6145 32.7854 73.5319 66.6993
internal_count=956 712 307 196 244 207 189 405 356
cat_boundaries=0 1 2
cat_threshold=33293 1
is_linear=0
shrinkage=0.02


Tree=134
num_leaves=10
num_cat=0
split_feature=5 6 9 7 13 9 5 7 10
split_gain=2.97479 6.02215 4.04958 3.79693 3.04582 5.20316 3.62082 3.17349 3.09195
threshold=176.50000000000003 18.372202825329179 0.014204847562721334 0.90000000000000013 0.017326288773293525 0.049388144921362426 466.50000000000006 120.66500000000001 0.13422332285652216
decision_type=2 2 2 2 2 2 2 2 2
left_child=1 2 3 -1 5 6 7 -2 -6
right_child=4 -3 -4 -5 8 -7 -8 -9 -10
leaf_value=0.014856232834558281 0.001010344267193503 -0.026813129675380885 0.01547901482173393 -0.015145433258969736 -0.010609526098295343 0.018225270434809111 0.017342087755650576 -0.018002540839301997 0.0075436047860417037
leaf_weight=2.2077826559543627 104.26345720887184 4.7857017070054999 4.2432180121541014 7.1578623354434967 15.260666854679586 7.629189431667327 5.273768223822116 3.633955091238021 4.9771331474184981
leaf_count=10 608 28 23 41 89 69 38 16 34
internal_value=4.90015e-05 -0.00751572 -0.00072958 -0.00807308 0.00103561 0.0022386 0.00116089 0.000369996 -0.00614508
internal_weight=159.433 18.3946 13.6089 9.36564 141.038 120.8 113.171 107.897 20.2378
internal_count=956 102 74 51 854 731 662 624 123
is_linear=0
shrinkage=0.02


Tree=135
num_leaves=10
num_cat=1
split_feature=0 7 10 11 7 7 7 9 7
split_gain=2.94107 4.6639 5.09381 4.30923 5.11566 4.22571 7.3457 4.00257 3.73694
threshold=0 120.66500000000001 0.11078237821240397 0.14300751879699244 9.3850000000000033 2.3200000000000003 2.0350000000000006 0.031400129894665292 35.185000000000009
decision_type=1 2 2 2 2 2 2 2 2
left_child=8 2 3 5 -5 6 -2 -7 -1
right_child=1 -3 -4 4 -6 7 -8 -9 -10
leaf_value=-0.0055011133661406753 0.002230887806423127 -0.014688490405273497 0.024039047544508207 -0.026626797893338609 0.0038527544877053101 0.0045525893640101824 -0.026384841786383739 0.020304000691174492 0.010873885441951264
leaf_weight=52.366402916610241 16.852731525897983 6.0963125824928275 4.5361445173621169 4.2855356335639936 4.5319247990846634 52.347107447683811 4.5589364841580382 7.3603069409728041 6.2387391030788413
leaf_count=306 80 32 41 26 34 304 23 70 40
internal_value=4.82703e-05 0.00206132 0.00336037 0.0023174 -0.0109612 0.00376075 -0.00386193 0.00649431 -0.00321017
internal_weight=159.174 100.569 94.4727 89.9365 8.81746 81.1191 21.4117 59.7074 58.6051
internal_count=956 610 578 537 60 477 103 374 346
cat_boundaries=0 1
cat_threshold=229901
is_linear=0
shrinkage=0.02


Tree=136
num_leaves=10
num_cat=1
split_feature=8 4 5 8 0 13 8 15 14
split_gain=2.92949 4.08556 4.64335 4.03457 2.609 4.2702 5.18093 5.8036 6.60576
threshold=1.1151895994577721 11.500000000000002 189.50000000000003 1.2075764028164515 0 0.0079522084147981287 0.92062356719278149 1.0303877928103971 1.0101563228783217
decision_type=2 2 2 2 1 2 2 2 2
left_child=4 2 -2 -4 5 6 7 8 -1
right_child=1 -3 3 -5 -6 -7 -8 -9 -10
leaf_value=0.0069496358077470498 -0.028353735731402666 0.013478086002975722 -0.016205963926083766 0.0056087714760597344 -0.0014200268896723215 0.00069972365069881739 0.027513105420273822 0.024372611734655804 -0.029022530466315758
leaf_weight=7.5351797714829463 4.4426881000399652 3.3399805799126616 6.486865930259226 7.1062915176153183 75.214606024324894 41.526583917438984 5.9806331470608702 4.5192534849047652 2.801028311252594
leaf_count=42 22 23 33 39 440 272 34 35 16
internal_value=4.77947e-05 -0.00684037 -0.0106031 -0.00480156 0.00111803 0.00379785 0.0117952 0.00546734 -0.00279853
internal_weight=158.953 21.3758 18.0358 13.5932 137.577 62.3627 20.8361 14.8555 10.3362
internal_count=956 117 94 72 839 399 127 93 58
cat_boundaries=0 1
cat_threshold=1002864
is_linear=0
shrinkage=0.02


Tree=137
num_leaves=10
num_cat=1
split_feature=8 0 9 11 12 14 5 7 8
split_gain=2.88734 4.69634 4.14818 4.18203 3.87044 4.25054 3.80128 5.82637 3.76632
threshold=0.55724408710305851 0 0.0069421973144597809 0.047122942143548861 0.016894444689135563 1.0756462037869878 466.50000000000006 55.970000000000006 0.77826876525060695
decision_type=2 1 2 2 2 2 2 2 2
left_child=-1 2 -2 -4 6 -6 7 -3 -5
right_child=1 4 3 8 5 -7 -8 -9 -10
leaf_value=0.0081729284852015988 -0.018917373068640941 0.00011445048054088038 0.016795016111226795 0.0008367724690285397 0.01652449091677121 -0.011511061121282012 0.018188176516107962 -0.02052212907577158 -0.032594243231237677
leaf_weight=15.750123172998427 12.272928610444074 97.879429362714291 3.3192144483327848 3.7022894844412804 10.999476969242094 2.6926908642053595 4.2827518060803405 5.7965468391776076 2.1197335198521614
leaf_count=116 84 547 21 24 80 19 27 26 12
internal_value=4.54083e-05 -0.000849356 -0.00771685 -0.00112095 0.000918378 0.011011 -0.000276584 -0.00103935 -0.0113351
internal_weight=158.815 143.065 21.4142 9.14124 121.651 13.6922 107.959 103.676 5.82202
internal_count=956 840 141 57 699 99 600 573 36
cat_boundaries=0 1
cat_threshold=163845
is_linear=0
shrinkage=0.02


Tree=138
num_leaves=10
num_cat=1
split_feature=5 7 6 15 11 0 9 15 15
split_gain=2.79711 5.79864 3.91332 5.32414 4.07448 3.51682 4.78943 6.23684 6.69536
threshold=176.50000000000003 0.90000000000000013 20.999978787900435 0.98264201580766231 0.050344456025390755 0 0.01864504465152397 0.98264201580766231 0.99763571578191523
decision_type=2 2 2 2 2 1 2 2 2
left_child=1 -1 3 -3 -5 6 7 -2 -9
right_child=5 2 -4 4 -6 -7 -8 8 -10
leaf_value=0.018688619551805504 0.015803442090765969 -0.028010349554288282 -0.034077476070770947 0.017457802151897382 -0.010077351583322259 -0.0018656920196057627 0.012233028281682243 -0.020295977496388402 0.0015487839028892926
leaf_weight=2.8861278593540218 8.666647866368292 3.6288179382681838 2.6981941983103743 3.5260487794876081 5.5066157355904579 76.792179189622402 22.291608609259129 7.2083479240536681 25.346779182553291
leaf_count=13 46 29 16 16 28 445 194 35 134
internal_value=4.47557e-05 -0.00732165 -0.0122091 -0.00754884 0.000671447 0.00100271 0.00411643 0.000725808 -0.00328808
internal_weight=158.551 18.2458 15.3597 12.6615 9.03266 140.306 63.5134 41.2218 32.5551
internal_count=956 102 89 73 44 854 409 215 169
cat_boundaries=0 1
cat_threshold=1332658
is_linear=0
shrinkage=0.02


Tree=139
num_leaves=10
num_cat=1
split_feature=8 4 5 8 0 11 15 9 13
split_gain=2.78846 3.9558 4.46169 3.87962 2.48221 5.07247 8.06518 6.42708 4.74957
threshold=1.1151895994577721 11.500000000000002 189.50000000000003 1.2075764028164515 0 0.094682918212329978 1.0647574381433926 0.0081367018881916137 0.015831260200875243
decision_type=2 2 2 2 1 2 2 2 2
left_child=4 2 -2 -4 5 7 -7 -1 -8
right_child=1 -3 3 -5 -6 6 8 -9 -10
leaf_value=-0.0055948967449588362 -0.02790936502272796 0.013387361893616457 -0.01589180619446123 0.0055141798568761162 0.0029326440556086374 -0.028202797475549157 0.023113105126566939 0.011976147605972123 -0.0099030147443207907
leaf_weight=20.935653388500214 4.39544595032931 3.3130313009023658 6.4920143410563451 7.0803624093532562 87.56265415251255 6.978652171790598 2.6580589264631271 13.825768910348414 5.0618812292814255
leaf_count=118 22 23 33 39 542 35 25 91 28
internal_value=4.17234e-05 -0.00669375 -0.0103964 -0.00472485 0.0010878 -0.00230513 -0.0126209 0.00139369 0.00146479
internal_weight=158.304 21.2809 17.9678 13.5724 137.023 49.46 14.6986 34.7614 7.71994
internal_count=956 117 94 72 839 297 88 209 53
cat_boundaries=0 1
cat_threshold=37511
is_linear=0
shrinkage=0.02


Tree=140
num_leaves=10
num_cat=0
split_feature=10 13 5 10 12 5 7 7 5
split_gain=2.71678 2.58505 6.68779 5.17308 4.32744 3.71751 3.31308 3.72621 3.29014
threshold=0.0033551356199747777 0.020158179393801611 378.50000000000006 0.094160272804774181 0.026977045819086314 466.50000000000006 120.66500000000001 33.945000000000007 392.50000000000006
decision_type=2 2 2 2 2 2 2 2 2
left_child=-1 3 4 5 -3 6 7 8 -2
right_child=1 2 -4 -5 -6 -7 -8 -9 -10
leaf_value=-0.0035402134364449882 0.0016950206045589294 -0.0084897132019130413 -0.02390138687806679 0.022705307867253492 0.022975946816146075 0.019876067441192431 -0.022310871419316692 0.018964142001914951 -0.015571338717800401
leaf_weight=55.085268765687943 69.483049169182777 3.7883545458316785 5.1871779635548592 5.0944901034235945 3.2465837225317955 4.3954007029533377 2.3693139329552642 4.6985090821981421 4.7139025777578345
leaf_count=295 429 21 29 53 22 34 11 31 31
internal_value=4.4839e-05 0.00196259 -0.00667229 0.00312546 0.00603151 0.00196099 0.000992006 0.00169182 0.000598049
internal_weight=158.062 102.977 12.2221 90.7547 7.03494 85.6602 81.2648 78.8955 74.197
internal_count=956 661 72 589 43 536 502 491 460
is_linear=0
shrinkage=0.02


Tree=141
num_leaves=10
num_cat=0
split_feature=8 10 13 12 11 13 13 12 7
split_gain=2.76742 3.26172 5.23779 3.79292 3.08721 3.07259 3.2714 8.43665 6.8522
threshold=0.55724408710305851 0.082618620215854532 0.017186011786689291 0.031458163093157847 0.2494962067330489 0.015486435880139801 0.0079522084147981287 0.0064103890735938609 7.120000000000001
decision_type=2 2 2 2 2 2 2 2 2
left_child=4 2 5 -3 -1 6 7 -2 -8
right_child=1 3 -4 -5 -6 -7 8 -9 -10
leaf_value=0.011253706758151799 -0.0028600597703065983 0.015923375815781703 -0.014430149240584006 -0.0078582535685664152 -0.016661177457417832 0.017257151590831101 -0.009538059374734462 0.014866052402319125 0.0037277321606290566
leaf_weight=13.791837550699709 33.822680130600929 8.9605652987956983 11.896105878055094 3.8288225084543219 1.7904555276036251 3.7710267752408972 37.782168708741665 15.737091816961764 26.498084172606468
leaf_count=105 177 81 70 21 11 23 208 98 162
internal_value=4.44019e-05 -0.000831841 -0.0017834 0.00880375 0.0080462 -0.000504205 -0.00109256 0.00276865 -0.00406954
internal_weight=157.879 142.297 129.507 12.7894 15.5823 117.611 113.84 49.5598 64.2803
internal_count=956 840 738 102 116 668 645 275 370
is_linear=0
shrinkage=0.02


Tree=142
num_leaves=10
num_cat=1
split_feature=0 8 12 12 14 7 7 8 10
split_gain=2.6791 3.59678 3.96498 4.28601 3.84775 3.29453 4.06914 5.10808 3.29013
threshold=0 0.74315501593190303 0.0030175570673852395 0.0035782402891527221 1.0142125049095707 35.185000000000009 1.7250000000000003 0.93757909671334272 -0.072821969696969677
decision_type=1 2 2 2 2 2 2 2 2
left_child=5 4 -3 -4 -2 6 -1 -8 -5
right_child=1 2 3 8 -6 -7 7 -9 -10
leaf_value=0.016063237865631536 0.0027880852459136775 -0.020166087236959288 0.024143698937244964 0.023382942397235568 0.018317306792890779 0.0093749590851535565 -0.0042286657913170617 -0.022119119486239843 -0.00094112384459311418
leaf_weight=2.8032518550753585 19.702969603240494 3.8397025763988486 2.9871936887502661 2.2892121821641913 9.4399359449744207 5.6681940928101531 23.670996494591236 8.7410957589745504 78.491028822958469
leaf_count=18 120 18 15 11 100 37 136 53 448
internal_value=4.39179e-05 0.00159524 -0.000292797 0.000618148 0.00781829 -0.00383766 -0.00705411 -0.00905348 -0.00025181
internal_weight=157.634 116.75 87.6071 83.7674 29.1429 40.8835 35.2153 32.4121 80.7802
internal_count=956 712 492 474 220 244 207 189 459
cat_boundaries=0 1
cat_threshold=33293
is_linear=0
shrinkage=0.02


Tree=143
num_leaves=10
num_cat=1
split_feature=5 6 15 0 14 15 15 4 14
split_gain=2.63561 5.61528 4.62963 3.28081 5.36081 5.43145 5.71434 6.26564 3.93013
threshold=176.50000000000003 18.372202825329179 0.98264201580766231 0 1.0142125049095707 0.98264201580766231 1.0065136337633855 4.5000000000000009 1.0680905575875224
decision_type=2 2 2 1 2 2 2 2 2
left_child=1 2 -1 4 5 -2 7 -7 -5
right_child=3 -3 -4 8 -6 6 -8 -9 -10
leaf_value=-0.019497097728172381 0.015486658328826166 -0.02605724619424429 0.0067222795287315961 -0.0011246788355147206 0.014123233889373919 -0.024329039141170669 0.0035097035019361184 0.0039177464606879337 -0.024611137058235116
leaf_weight=3.7320819273591068 8.4799916446208936 4.6595316901803008 9.6824732571840268 73.458263009786606 17.268528215587139 7.7747730612754804 24.157911732792854 5.2705162838101387 2.9649450853466979
leaf_count=28 45 28 46 427 162 38 137 27 18
internal_value=4.33056e-05 -0.00714233 -0.00057225 0.000975136 0.00399575 0.00104217 -0.00225027 -0.0129169 -0.0018003
internal_weight=157.449 18.0741 13.4146 139.375 62.9517 45.6832 37.2032 13.0453 76.4232
internal_count=956 102 74 854 409 247 202 65 445
cat_boundaries=0 1
cat_threshold=1332658
is_linear=0
shrinkage=0.02


Tree=144
num_leaves=10
num_cat=1
split_feature=0 5 7 8 11 14 10 4 5
split_gain=2.61808 7.23414 5.81586 5.40577 4.51163 7.28475 5.58685 4.49719 4.19613
threshold=0 299.50000000000006 144.05500000000004 0.51779717839666606 0.087355311440046962 0.99140592501579183 0.073543531802392662 11.500000000000002 180.50000000000003
decision_type=1 2 2 2 2 2 2 2 2
left_child=2 3 7 -2 5 -5 -6 8 -1
right_child=1 -3 -4 4 6 -7 -8 -9 -10
leaf_value=-0.013610290943216313 0.019071392118681231 0.0048305303724334595 -0.021800716703671466 -0.019831976500786191 -0.026962315021751095 -0.00038612758305814961 0.0050366302622989354 0.018681798542198275 0.0045796056765802264
leaf_weight=5.6760893762111655 3.0830348357558242 35.422122538089752 3.4881844967603675 10.166684616357086 8.883042633533476 31.83603098988533 2.8933948650956145 8.0503453537821752 47.728640425950289
leaf_count=26 19 230 18 73 45 168 20 48 309
internal_value=4.27907e-05 -0.00204281 0.00287785 -0.00668379 -0.00816027 -0.00509296 -0.0191004 0.00474688 0.0026463
internal_weight=157.228 92.2843 64.9433 56.8622 53.7792 42.0027 11.7764 61.4551 53.4047
internal_count=956 555 401 325 306 241 65 383 335
cat_boundaries=0 1
cat_threshold=814448
is_linear=0
shrinkage=0.02


Tree=145
num_leaves=10
num_cat=1
split_feature=8 4 5 8 11 0 10 15 4
split_gain=2.58555 3.79528 4.26314 3.71978 2.50602 5.57117 6.43878 5.2435 4.96772
threshold=1.1151895994577721 11.500000000000002 189.50000000000003 1.2075764028164515 0.018596919368065377 0 0.0068289766444169274 1.0042457241368952 4.5000000000000009
decision_type=2 2 2 2 2 1 2 2 2
left_child=4 2 -2 -4 5 6 -1 -6 -7
right_child=1 -3 3 -5 7 8 -8 -9 -10
leaf_value=-0.01342696880972347 -0.027357115686664085 0.013398608875232948 -0.01550147718271788 0.0055093781741359519 -0.019834032137211487 0.004002430055196923 0.014870327837208364 0.00023049996901206794 0.019336655959601514
leaf_weight=13.513703383505346 4.3328873664140763 3.2517073303461066 6.4707652404904348 7.0346391722559929 5.5877605006098738 21.600048661231995 4.221104383468627 77.027350094169378 13.881733566522596
leaf_count=83 22 23 33 39 26 126 24 506 74
internal_value=4.21243e-05 -0.00647306 -0.0100954 -0.00455743 0.00105371 0.00443847 -0.00427906 -0.00112659 0.00780266
internal_weight=156.922 21.09 17.8383 13.5054 135.832 53.2166 17.7348 82.6151 35.4818
internal_count=956 117 94 72 839 307 107 532 200
cat_boundaries=0 1
cat_threshold=12421
is_linear=0
shrinkage=0.02


Tree=146
num_leaves=10
num_cat=0
split_feature=8 10 13 12 13 13 12 7 11
split_gain=2.51436 3.0944 4.91577 3.62447 2.98268 3.12016 8.10845 6.47005 5.15779
threshold=0.55724408710305851 0.082618620215854532 0.017186011786689291 0.031458163093157847 0.015486435880139801 0.0079522084147981287 0.0064103890735938609 7.120000000000001 0.08928571428571426
decision_type=2 2 2 2 2 2 2 2 2
left_child=-1 2 4 -3 5 6 8 -7 -2
right_child=1 3 -4 -5 -6 7 -8 -9 -10
leaf_value=0.0077318986421177471 -0.00038346975278505635 0.015724722731046498 -0.014052268334934018 -0.0075627577992868449 0.017125937871049463 -0.0092909350796770082 0.014671867233943345 0.0036318238456084814 -0.028243135594501499
leaf_weight=15.340617284178732 30.793190769851208 8.7996876463294011 11.749556023627518 3.8399731740355483 3.725716106593608 37.660807393491268 15.546578682959078 26.333558708429337 2.9092312827706328
leaf_count=116 161 81 70 21 23 208 98 162 16
internal_value=4.14835e-05 -0.000793103 -0.00172037 0.0086499 -0.000481628 -0.00106092 0.00272337 -0.00397324 -0.00278835
internal_weight=156.699 141.358 128.719 12.6397 116.969 113.243 49.249 63.9944 33.7024
internal_count=956 840 738 102 668 645 275 370 177
is_linear=0
shrinkage=0.02


Tree=147
num_leaves=10
num_cat=2
split_feature=0 1 10 8 10 12 12 5 4
split_gain=2.50675 3.33603 3.81687 3.90203 5.91661 3.3685 5.60315 3.91193 3.77364
threshold=0 1 0.054424375491942449 0.77437618610141734 0.044482496194824965 0.016894444689135563 0.014771281876997886 378.50000000000006 15.500000000000002
decision_type=1 1 2 2 2 2 2 2 2
left_child=-1 2 3 -2 -5 6 8 -7 -3
right_child=1 5 -4 4 -6 7 -8 -9 -10
leaf_value=-0.0037271414727840149 0.010566633109696468 -0.0018910239320409636 0.015727681451066792 0.0013259204910090858 -0.02996400552378355 0.022869576011221228 -0.024281029446828733 -0.010576040447006394 0.02098873340634249
leaf_weight=40.524781104177237 13.493429303169252 58.5149305164814 11.874018110334871 15.219127088785173 2.8736952543258658 4.5886878445744506 4.3380069285631171 2.0123030059039593 3.0329380780458441
leaf_count=244 98 319 111 81 17 34 23 15 14
internal_value=4.1043e-05 0.00154617 0.00606077 0.00242675 -0.00364388 -0.000947313 -0.00231198 0.0126737 -0.000763562
internal_weight=156.472 115.947 43.4603 31.5863 18.0928 72.4869 65.8859 6.60099 61.5479
internal_count=956 712 307 196 98 405 356 49 333
cat_boundaries=0 1 2
cat_threshold=33293 1
is_linear=0
shrinkage=0.02


Tree=148
num_leaves=10
num_cat=1
split_feature=0 7 6 4 15 15 8 7 7
split_gain=2.47076 5.48701 4.62008 4.28551 4.00148 5.43217 5.79435 3.67071 7.5034
threshold=0 144.05500000000004 22.124976093776478 11.500000000000002 1.0524622874342922 1.0413924328522317 0.79663202653027998 2.3200000000000003 2.0350000000000006
decision_type=1 2 2 2 2 2 2 2 2
left_child=1 3 -2 7 5 -4 -7 8 -1
right_child=2 -3 4 -5 -6 6 -8 -9 -10
leaf_value=0.0023418416302167216 -0.013067971801304512 -0.02107224032981582 -0.00051332112246461371 0.01834909791602389 0.0075115521051405919 -0.0022514572389189668 -0.035966025286948151 0.0054282539036393952 -0.033471340294455594
leaf_weight=8.8429292738437635 13.392330072820185 3.513462007045745 50.740172900259495 7.9258765652775756 19.43989834189415 4.3460695743560773 3.8412864506244659 41.079738203436136 3.1821843758225432
leaf_count=44 85 18 275 48 146 30 19 275 16
internal_value=3.58955e-05 0.00279813 -0.00199464 0.00463079 -0.000356819 -0.00295256 -0.0180694 0.00258334 -0.00713534
internal_weight=156.304 64.5442 91.7598 61.0307 78.3674 58.9275 8.18736 53.1049 12.0251
internal_count=956 401 555 383 470 324 49 335 60
cat_boundaries=0 1
cat_threshold=814448
is_linear=0
shrinkage=0.02


Tree=149
num_leaves=10
num_cat=1
split_feature=5 6 7 0 14 14 13 13 8
split_gain=2.45095 5.29646 3.69336 3.08732 5.10523 4.62505 5.52911 9.48669 6.52597
threshold=176.50000000000003 20.999978787900435 0.77000000000000013 0 1.0142125049095707 0.97731820396900215 0.0086215491968943212 0.0090757666765846848 0.96685930580811164
decision_type=2 2 2 1 2 2 2 2 2
left_child=1 2 -1 4 5 -2 -7 -8 -9
right_child=3 -3 -4 -5 -6 6 7 8 -10
leaf_value=0.023035153718932201 0.023662194145279366 -0.033327975233500368 -0.0062513671964238961 -0.0017606499778398609 0.013887112201105315 0.005613696157382434 -0.041996622014293078 0.0063860126419586953 -0.021173344316199282
leaf_weight=1.9802493453025842 3.3407238572835913 2.5999047532677642 13.230591654777525 75.985094584524632 16.902126140892506 23.648606114089489 2.9307902529835728 10.357056342065333 5.1438374370336524
leaf_count=9 18 16 77 445 162 133 14 58 24
internal_value=3.54747e-05 -0.00694769 -0.00243865 0.000934737 0.0038808 0.00101164 -0.000786571 -0.00899838 -0.00275932
internal_weight=156.119 17.8107 15.2108 138.308 62.3231 45.421 42.0803 18.4317 15.5009
internal_count=956 102 86 854 409 247 229 96 82
cat_boundaries=0 1
cat_threshold=1332658
is_linear=0
shrinkage=0.02


end of trees

feature_importances:
current_demand=168
return_30d=141
seriesId=138
cross_market_ratio=128
return_14d=120
volatility_30d=112
price_T=100
demand_to_offer_ratio=92
return_7d=86
sma_7_ratio=84
volatility_14d=61
sma_30_ratio=49
current_offer=22
hype_level=20
age_level=18
rarity=11

parameters:
[boosting: gbdt]
[objective: binary]
[metric: auc]
[tree_learner: serial]
[device_type: cpu]
[data_sample_strategy: bagging]
[data: ]
[valid: ]
[num_iterations: 150]
[learning_rate: 0.02]
[num_leaves: 10]
[num_threads: 0]
[seed: 0]
[deterministic: 0]
[force_col_wise: 0]
[force_row_wise: 0]
[histogram_pool_size: -1]
[max_depth: -1]
[min_data_in_leaf: 15]
[min_sum_hessian_in_leaf: 0.001]
[bagging_fraction: 0.8]
[pos_bagging_fraction: 1]
[neg_bagging_fraction: 1]
[bagging_freq: 0]
[bagging_seed: 3]
[bagging_by_query: 0]
[feature_fraction: 0.8]
[feature_fraction_bynode: 1]
[feature_fraction_seed: 2]
[extra_trees: 0]
[extra_seed: 6]
[early_stopping_round: 0]
[early_stopping_min_delta: 0]
[first_metric_only: 0]
[max_delta_step: 0]
[lambda_l1: 0]
[lambda_l2: 0]
[linear_lambda: 0]
[min_gain_to_split: 0]
[drop_rate: 0.1]
[max_drop: 50]
[skip_drop: 0.5]
[xgboost_dart_mode: 0]
[uniform_drop: 0]
[drop_seed: 4]
[top_rate: 0.2]
[other_rate: 0.1]
[min_data_per_group: 100]
[max_cat_threshold: 32]
[cat_l2: 10]
[cat_smooth: 10]
[max_cat_to_onehot: 4]
[top_k: 20]
[monotone_constraints: ]
[monotone_constraints_method: basic]
[monotone_penalty: 0]
[feature_contri: ]
[forcedsplits_filename: ]
[refit_decay_rate: 0.9]
[cegb_tradeoff: 1]
[cegb_penalty_split: 0]
[cegb_penalty_feature_lazy: ]
[cegb_penalty_feature_coupled: ]
[path_smooth: 0]
[interaction_constraints: ]
[verbosity: -1]
[saved_feature_importance_type: 0]
[use_quantized_grad: 0]
[num_grad_quant_bins: 4]
[quant_train_renew_leaf: 0]
[stochastic_rounding: 1]
[linear_tree: 0]
[max_bin: 255]
[max_bin_by_feature: ]
[min_data_in_bin: 3]
[bin_construct_sample_cnt: 200000]
[data_random_seed: 1]
[is_enable_sparse: 1]
[enable_bundle: 1]
[use_missing: 1]
[zero_as_missing: 0]
[feature_pre_filter: 1]
[pre_partition: 0]
[two_round: 0]
[header: 0]
[label_column: ]
[weight_column: ]
[group_column: ]
[ignore_column: ]
[categorical_feature: 0,1]
[forcedbins_filename: ]
[precise_float_parser: 0]
[parser_config_file: ]
[objective_seed: 5]
[num_class: 1]
[is_unbalance: 0]
[scale_pos_weight: 1]
[sigmoid: 1]
[boost_from_average: 1]
[reg_sqrt: 0]
[alpha: 0.9]
[fair_c: 1]
[poisson_max_delta_step: 0.7]
[tweedie_variance_power: 1.5]
[lambdarank_truncation_level: 30]
[lambdarank_norm: 1]
[label_gain: ]
[lambdarank_position_bias_regularization: 0]
[eval_at: ]
[multi_error_top_k: 1]
[auc_mu_weights: ]
[num_machines: 1]
[local_listen_port: 12400]
[time_out: 120]
[machine_list_filename: ]
[machines: ]
[gpu_platform_id: -1]
[gpu_device_id: -1]
[gpu_use_dp: 0]
[num_gpu: 1]

end of parameters

pandas_categorical:[["ASC", "BLK", "CRI", "DRI", "JTG", "MEG", "MEW", "OBF", "PAF", "PAL", "PAR", "PFL", "POR", "PRE", "SCR", "SFA", "SSP", "SVI", "TEF", "TWM", "WHT"], [2, 3, 4]]
