tree
version=v4
num_class=1
num_tree_per_iteration=1
label_index=0
max_feature_idx=15
objective=binary sigmoid:1
feature_names=seriesId rarity hype_level age_level current_offer current_demand demand_to_offer_ratio price_T cross_market_ratio return_7d return_14d return_30d volatility_14d volatility_30d sma_7_ratio sma_30_ratio
feature_infos=-1:1:20:9:10:0:17:18:5:16:3:19:13:6:15:2:11:14:7:12:4:8 -1:0:1:2 [1:3] [1:3] [0:169] [93:655] [0.70414197016911417:62199999.999999993] [0.60999999999999999:1436.1199999999999] [0.2326438459055791:1.8104419109198984] [-0.28856243441762847:0.45255474452554734] [-0.44607843137254899:0.41637010676156583] [-0.53908905506458193:0.7845043914680051] [0.0012326638377612787:0.10905528755880874] [0.0023946539351209599:0.086307883046103706] [0.84977618621307072:1.3550583657587549] [0.57210361994768377:1.4058636524196395]
tree_sizes=1133 1193 1194 1216 1214 1195 1219 1204 1212 1212 1207 1210 1213 1204 1208 1205 1218 1206 1212 1204 1197 1210 1222 1196 1211 1195 1216 1219 1207 1202 1210 1212 1215 1201 1219 1219 1219 1215 1223 1213 1197 1203 1204 1195 1203 1220 1209 1219 1227 1201 1211 1194 1204 1216 1223 1216 1201 1216 1221 1213 1214 1218 1208 1224 1225 1195 1188 1225 1213 1201 1208 1217 1223 1201 1221 1199 1224 1195 1220 1198 1216 1219 1213 1212 1226 1220 1197 1210 1212 1218 1216 1209 1225 1205 1224 1227 1224 1214 1220 1222 1214 1228 1216 1218 1219 1223 1208 1226 1235 1219 1224 1225 1208 1203 1226 1213 1206 1226 1219 1222 1186 1207 1197 1219 1204 1212 1222 1224 1219 1195 1230 1217 1218 1201 1227 1226 1214 1227 1213 1222 1219 1202 1223 1219 1233 1215 1204 1217 1222 1218

Tree=0
num_leaves=10
num_cat=0
split_feature=11 9 11 8 8 6 14 13 14
split_gain=100.16 55.7169 29.2233 23.4226 16.7803 15.1237 17.626 12.9913 11.5408
threshold=-0.13600904409179257 0.018161765463784719 0.099834219461525459 1.0976891399246107 1.2014833404832206 30.437455599024428 0.99973459085390448 0.02045689664695546 1.0451718057492101
decision_type=2 2 2 2 2 2 2 2 2
left_child=-1 2 3 5 -5 6 -2 -3 -9
right_child=1 7 -4 4 -6 -7 -8 8 -10
leaf_value=0.94494640016150622 0.96946606024215332 1.0248846361923167 0.97171609963778915 0.95594309619767515 1.0026166406711883 1.0129615026490431 1.0113596508942304 0.97493044163155462 1.0177623604010038
leaf_weight=10.195899605751036 7.84299969673157 69.606622308492661 13.333099484443663 6.4704747498035413 5.8822497725486755 55.29314786195755 8.235149681568144 4.1175748407840711 6.4704747498035431
leaf_count=52 40 355 68 33 30 282 42 21 33
internal_value=1.0059 1.00941 0.999217 1.0036 0.978169 1.008 0.990924 1.02175 1.00111
internal_weight=187.448 177.252 97.0571 83.724 12.3527 71.3713 16.0781 80.1947 10.588
internal_count=956 904 495 427 63 364 82 409 54
is_linear=0
shrinkage=1


Tree=1
num_leaves=10
num_cat=0
split_feature=11 9 11 5 6 8 11 5 10
split_gain=93.6838 53.9516 28.956 27.9278 24.0447 15.5495 12.3357 9.58671 10.5545
threshold=-0.13600904409179257 0.020040160642570231 0.099834219461525459 191.00000000000003 18.085698781646318 1.0976891399246107 0.021145466257436258 289.50000000000006 0.044182717334721462
decision_type=2 2 2 2 2 2 2 2 2
left_child=-1 2 3 4 6 -5 -2 -4 -9
right_child=1 -3 7 5 -6 -7 -8 8 -10
leaf_value=-0.058095957872672223 -0.022921637835526809 0.016566423129458736 -0.046073009380823246 0.0070707219965305138 -0.055178254131634116 -0.020853973597631574 0.02734635102854225 -0.041468829477084225 0.0073925382856635949
leaf_weight=10.480963766574858 5.1563180685043317 73.36498136818409 8.1507948935031873 64.343205392360687 6.533351093530654 9.1049621701240522 3.1429777890443802 3.1866743564605704 3.9731115996837616
leaf_count=52 26 377 41 329 33 46 16 16 20
internal_value=2.78951e-06 0.00344392 -0.00584963 -0.0014461 -0.0264782 0.00360905 -0.00388494 -0.0312404 -0.0143547
internal_weight=187.437 176.956 103.591 88.2808 14.8326 73.4482 8.2993 15.3106 7.15979
internal_count=956 904 527 450 75 375 42 77 36
is_linear=0
shrinkage=0.02


Tree=2
num_leaves=10
num_cat=0
split_feature=11 9 11 5 6 8 11 5 10
split_gain=87.8581 52.1605 27.327 26.5206 22.2167 14.8643 11.8542 8.8357 9.91844
threshold=-0.13600904409179257 0.020040160642570231 0.099834219461525459 191.00000000000003 18.085698781646318 1.0976891399246107 0.021145466257436258 289.50000000000006 0.044182717334721462
decision_type=2 2 2 2 2 2 2 2 2
left_child=-1 2 3 4 6 -5 -2 -4 -9
right_child=1 -3 7 5 -6 -7 -8 8 -10
leaf_value=-0.055520226927492457 -0.022230371827544792 0.016364361302233638 -0.04422945388181633 0.0069525051020745115 -0.05274982949338259 -0.020243205602251471 0.027148203653848024 -0.039892770007533718 0.0072693225333429114
leaf_weight=10.745081901550291 5.2097713798284513 72.791246473789215 8.3189643472433072 64.130666062235832 6.6957364082336417 9.1911896765232068 3.1030010282993317 3.2457046508789054 3.9597828984260559
leaf_count=52 26 377 41 329 33 46 16 16 20
internal_value=5.39432e-06 0.00338292 -0.00571569 -0.00141473 -0.025637 0.00354341 -0.00379828 -0.0301871 -0.0139748
internal_weight=187.391 176.646 103.855 88.3304 15.0085 73.3219 8.31277 15.5245 7.20549
internal_count=956 904 527 450 75 375 42 77 36
is_linear=0
shrinkage=0.02


Tree=3
num_leaves=10
num_cat=1
split_feature=14 3 15 13 14 1 14 13 11
split_gain=87.9531 45.3505 18.8272 18.0945 29.3392 19.4919 14.2794 13.1795 12.3056
threshold=1.0003533310824679 1.5000000000000002 0.94595590027022802 0.017186011786689291 1.0142125049095707 0 1.0160160320641285 0.0077839475226418571 0.092907766793759589
decision_type=2 2 2 2 2 1 2 2 2
left_child=1 2 -1 5 -5 -2 8 -3 -7
right_child=3 7 -4 4 -6 6 -8 -9 -10
leaf_value=-0.064275667122356939 0.022406663613062379 0.012617620891921253 -0.024531563378519229 -0.051095137489272358 0.0063775317216289993 0.0022083284800973779 0.016289448899358003 -0.014028757998335802 -0.02945477823861908
leaf_weight=9.9008342027664202 47.079619780182838 9.5654711574316007 9.1956577003002149 4.8197171688079861 13.51762795448303 27.848766818642616 26.236455306410789 33.177028492093086 5.9605231136083594
leaf_count=47 244 49 46 24 70 142 137 167 30
internal_value=7.72727e-06 -0.0195137 -0.0451374 0.00962958 -0.00872836 0.012772 0.00521787 -0.00806549 -0.00337383
internal_weight=187.302 61.839 19.0965 125.463 18.3373 107.125 60.0457 42.7425 33.8093
internal_count=956 309 93 647 94 553 309 216 172
cat_boundaries=0 1
cat_threshold=1
is_linear=0
shrinkage=0.02


Tree=4
num_leaves=10
num_cat=1
split_feature=9 5 0 11 2 9 11 11 6
split_gain=81.062 46.7657 16.3652 18.1068 13.5274 11.8143 21.6356 10.3457 15.3301
threshold=0.0076826850453172489 196.00000000000003 0 0.1445160286336758 1.5000000000000002 0.020040160642570231 0.099834219461525459 -0.11830210977003695 18.085698781646318
decision_type=2 2 1 2 2 2 2 2 2
left_child=1 7 4 -4 -3 6 -2 -1 -9
right_child=5 2 3 -5 -6 -7 -8 8 -10
leaf_value=-0.060479223327530439 0.01019685831988809 -0.063882278057648539 0.0079044159628776506 -0.042467114762942064 -0.017920854625030611 0.015992801899476109 -0.027116411833115039 -0.01075397363063928 -0.052783869807054656
leaf_weight=7.1330233365297344 28.209487766027451 3.0101043879985836 34.95285502076149 3.1083661615848532 17.185665294528008 71.721785798668861 7.9726046174764624 7.2584428638219816 6.6530152559280396
leaf_count=33 145 14 178 15 87 377 39 36 32
internal_value=9.97703e-06 -0.0153418 -0.00611078 0.00300197 -0.0165677 0.0112924 0.001975 -0.0408957 -0.0308543
internal_weight=187.205 79.3015 58.257 38.0612 20.1958 107.904 36.1821 21.0445 13.9115
internal_count=956 395 294 193 101 561 184 101 68
cat_boundaries=0 1
cat_threshold=262669
is_linear=0
shrinkage=0.02


Tree=5
num_leaves=10
num_cat=0
split_feature=14 3 13 14 9 9 13 12 7
split_gain=81.135 39.8073 17.4675 26.6227 16.9831 15.1034 12.3853 9.8994 9.85103
threshold=1.0003533310824679 1.5000000000000002 0.017186011786689291 1.0142125049095707 -0.0166206261510129 0.018161765463784719 0.0077839475226418571 0.010565691305108175 2.0250000000000004
decision_type=2 2 2 2 2 2 2 2 2
left_child=1 4 5 -4 -1 -2 -3 8 -8
right_child=2 6 3 -5 -6 -7 7 -9 -10
leaf_value=-0.055964458824686203 0.0034139298772371748 0.012411014187618561 -0.048203872639901155 0.0060225859649548257 -0.017275866694096937 0.018766905953252269 0.003959348122431104 -0.0010900216442524834 -0.030748427765413075
leaf_weight=12.634166911244394 43.386805683374405 9.4995408505201322 4.9652315378189114 13.381919309496878 7.0828081071376792 62.624068111181259 4.2082747817039516 14.594933316111563 14.687608927488325
leaf_count=58 221 49 24 70 35 332 21 73 73
internal_value=1.19488e-05 -0.0185368 0.00936514 -0.00865255 -0.0420666 0.0124834 -0.0077452 -0.0134624 -0.0230187
internal_weight=187.065 62.7073 124.358 18.3472 19.717 106.011 42.9904 33.4908 18.8959
internal_count=956 309 647 94 93 553 216 167 94
is_linear=0
shrinkage=0.02


Tree=6
num_leaves=10
num_cat=1
split_feature=14 5 13 14 1 9 11 11 13
split_gain=77.676 37.6167 16.8825 25.0409 19.1137 13.7497 20.3098 12.6455 12.4634
threshold=1.0003533310824679 245.50000000000003 0.017186011786689291 1.0142125049095707 0 0.018161765463784719 0.092907766793759589 -0.126453488372093 0.020158179393801611
decision_type=2 2 2 2 1 2 2 2 2
left_child=1 7 4 -4 -2 6 -6 -1 -3
right_child=2 8 3 -5 5 -7 -8 -9 -10
leaf_value=-0.05292880040490261 0.021983605799167499 0.0010077586834884638 -0.046322132712153019 0.0059196021065676934 0.0010362377247529933 0.013636138916575542 -0.050248135640175197 -0.025218049605211505 -0.036701263261159536
leaf_weight=9.8556501567363757 46.019806534051895 29.448188871145248 5.0625767707824734 13.342828571796415 23.547307685017589 32.236649572849274 3.5551892369985572 19.862690657377243 3.9797468036413184
leaf_count=44 244 149 24 70 120 172 17 97 19
internal_value=1.37363e-05 -0.0180364 0.00922316 -0.00844997 0.0123105 0.00480867 -0.00569103 -0.0344079 -0.00348167
internal_weight=186.911 63.1463 123.764 18.4054 105.359 59.3391 27.1025 29.7183 33.4279
internal_count=956 309 647 94 553 309 137 141 168
cat_boundaries=0 1
cat_threshold=1
is_linear=0
shrinkage=0.02


Tree=7
num_leaves=10
num_cat=2
split_feature=9 5 13 0 11 12 1 9 2
split_gain=71.8232 40.6221 15.616 15.4572 16.0073 11.897 11.8365 12.1951 11.1499
threshold=0.0076826850453172489 196.00000000000003 0.02045689664695546 0 0.1445160286336758 0.022613841056960928 1 0.029912759629166355 1.5000000000000002
decision_type=2 2 2 1 2 2 1 2 2
left_child=1 -1 6 8 -5 -4 -2 -8 -3
right_child=2 3 5 4 -6 -7 7 -9 -10
leaf_value=-0.037536654350589303 0.021422803505990476 -0.057834251673344488 -0.039625099413274259 0.0079288309647826093 -0.038506708579205434 0.0029583825445557315 -0.0012417412632285726 0.018397172547487996 -0.017031766380842028
leaf_weight=21.799453675746918 42.324995815753937 3.1654974520206478 3.842045158147811 34.961481600999832 3.2450874149799338 8.2799415290355665 29.571641951799393 22.099505200982094 17.427258238196373
leaf_count=101 227 14 19 178 15 43 153 119 87
internal_value=1.55223e-05 -0.0142176 0.0108259 -0.00557226 0.0031582 -0.0105384 0.0135811 0.00715773 -0.0156864
internal_weight=186.717 80.5988 106.118 58.7993 38.2066 12.122 93.9961 51.6711 20.5928
internal_count=956 395 561 294 193 62 499 272 101
cat_boundaries=0 1 2
cat_threshold=262669 1
is_linear=0
shrinkage=0.02


Tree=8
num_leaves=10
num_cat=2
split_feature=0 10 13 1 5 10 11 8 10
split_gain=67.5823 48.8441 19.4676 21.6502 18.5244 11.1196 22.0455 10.6151 8.56131
threshold=0 -0.012987256371814008 0.015831260200875243 1 250.50000000000003 0.0794214665199032 1.0000000180025095e-35 0.78741271288874481 0.0033551356199747777
decision_type=1 2 2 1 2 2 2 2 2
left_child=1 -1 3 -2 -3 6 -4 -6 -5
right_child=2 4 5 8 7 -7 -8 -9 -10
leaf_value=-0.050449580845008564 0.021184614880868657 -0.033428543359618958 0.021784874222176277 -0.0054490548562510311 0.019801045166185086 0.0059648138848894796 -0.037769814133454649 -0.0093860274015564286 0.0089572094702047769
leaf_weight=16.602253749966621 47.148387715220451 7.8304357081651714 3.3876862078905132 25.936687484383583 8.5201129317283648 10.38295505940914 9.3438046127557737 12.010472699999807 45.354008063673973
leaf_count=75 252 39 17 130 45 54 45 62 237
internal_value=1.71245e-05 -0.0189829 0.00690551 0.0106699 -0.00725586 -0.0093959 -0.0219231 0.00272649 0.00371598
internal_weight=186.517 44.9633 141.554 118.439 28.361 23.1144 12.7315 20.5306 71.2907
internal_count=956 221 735 619 146 116 62 107 367
cat_boundaries=0 1 2
cat_threshold=98317 1
is_linear=0
shrinkage=0.02


Tree=9
num_leaves=10
num_cat=1
split_feature=14 5 13 14 1 3 9 6 13
split_gain=69.6961 32.4993 15.6427 22.6682 18.0099 14.9856 12.7213 11.7913 11.449
threshold=1.0003533310824679 245.50000000000003 0.017186011786689291 1.0142125049095707 0 1.5000000000000002 0.018161765463784719 425.49574504254957 0.010115601341268612
decision_type=2 2 2 2 1 2 2 2 2
left_child=1 5 4 -4 -2 -1 8 -3 -6
right_child=2 7 3 -5 6 -7 -8 -9 -10
leaf_value=-0.04423151564545106 0.021473952210639281 0.003092266625050355 -0.04341248883698428 0.005799058154285385 0.0017331745589865423 -0.016029492765573142 0.013247226704413907 -0.025374222018123893 -0.029006347732739746
leaf_weight=17.080215260386471 44.708860993385315 26.027090162038803 5.2121453434228924 13.292652517557142 20.943806260824207 13.488084778189657 31.755287155508995 7.4969622492790213 6.3057242333888999
leaf_count=76 244 131 24 70 106 65 172 37 31
internal_value=1.88582e-05 -0.0168731 0.00887715 -0.00806209 0.0118995 -0.0317875 0.00464475 -0.00327368 -0.00538016
internal_weight=186.311 64.0924 122.218 18.5048 103.714 30.5683 59.0048 33.5241 27.2495
internal_count=956 309 647 94 553 141 309 168 137
cat_boundaries=0 1
cat_threshold=1
is_linear=0
shrinkage=0.02


Tree=10
num_leaves=10
num_cat=1
split_feature=14 5 14 11 6 1 7 5 10
split_gain=66.8056 30.6965 15.276 13.3978 11.1996 11.007 10.9034 9.06792 8.97987
threshold=1.0003533310824679 245.50000000000003 1.0152009255953356 0.099834219461525459 425.49574504254957 0 2.0250000000000004 193.50000000000003 -0.029642676993670358
decision_type=2 2 2 2 2 1 2 2 2
left_child=1 6 3 5 8 -2 7 -1 -3
right_child=2 4 -4 -5 -6 -7 -8 -9 -10
leaf_value=-0.028554283913705941 0.018743161667309126 -0.018530524546663558 0.01570363696070768 -0.016468552578668305 -0.024596733772724106 -0.0011910552065252033 -0.040039452316232745 0.0084819304216751084 0.0094431067629020381
leaf_weight=7.4981671720743197 18.061813399195671 5.9542595148086574 61.926339477300644 12.959186956286429 7.5784158259630194 28.662163242697716 19.298110589385033 4.0849225223064423 20.03680756688118
leaf_count=34 98 29 339 64 37 146 87 20 102
internal_value=2.02854e-05 -0.0164416 0.00874477 0.00152435 -0.00320321 0.0065148 -0.0308324 -0.015493 0.00303466
internal_weight=186.06 64.4507 121.61 59.6832 33.5695 46.724 30.8812 11.5831 25.9911
internal_count=956 309 647 308 168 244 141 54 131
cat_boundaries=0 1
cat_threshold=1
is_linear=0
shrinkage=0.02


Tree=11
num_leaves=10
num_cat=1
split_feature=14 3 13 14 1 5 9 9 11
split_gain=64.0441 29.2619 15.1857 21.0375 17.4938 14.2753 13.0195 12.0002 18.546
threshold=1.0003533310824679 1.5000000000000002 0.017186011786689291 1.0451718057492101 0 285.50000000000006 -0.0166206261510129 0.018161765463784719 0.092907766793759589
decision_type=2 2 2 2 1 2 2 2 2
left_child=1 6 4 5 -2 -4 -1 8 -6
right_child=2 -3 3 -5 7 -7 -8 -9 -10
leaf_value=-0.047041866937329181 0.021166087222925022 -0.0067096579040870144 -0.055683131596636216 0.014883109249173803 0.0012750850776102191 -0.0071560306099959772 -0.014111563430325505 0.012918480777695042 -0.04704645088345407
leaf_weight=13.604791924357416 43.896696805953979 43.755680918693542 4.2402785271406191 8.5558771789073926 23.663290053606037 5.6634039282798767 7.4225765764713278 31.347610831260681 3.6698112785816184
leaf_count=58 244 216 20 46 120 28 35 172 17
internal_value=2.1418e-05 -0.0160277 0.00861146 -0.00808803 0.0116167 -0.027933 -0.0354176 0.0044731 -0.00521269
internal_weight=185.82 64.783 121.037 18.4596 102.577 9.90368 21.0274 58.6807 27.3331
internal_count=956 309 647 94 553 48 93 309 137
cat_boundaries=0 1
cat_threshold=1
is_linear=0
shrinkage=0.02


Tree=12
num_leaves=10
num_cat=1
split_feature=14 5 13 14 1 3 14 11 11
split_gain=61.429 28.1949 14.6789 20.135 17.1334 12.7249 11.5316 11.1049 10.5523
threshold=1.0003533310824679 245.50000000000003 0.017186011786689291 1.0142125049095707 0 1.5000000000000002 1.0160160320641285 0.10472499381545312 0.092907766793759589
decision_type=2 2 2 2 1 2 2 2 2
left_child=1 5 4 -4 -2 -1 8 -3 -6
right_child=2 7 3 -5 6 -7 -8 -9 -10
leaf_value=-0.04052210940533487 0.020980120044456568 0.0010802439647918296 -0.040588522137923071 0.0054153845002534199 0.0020793913199480991 -0.014843698956232769 0.01480470981143841 -0.035705132430265879 -0.026885556748914428
leaf_weight=17.633641719818119 43.405036643147469 30.046957582235336 5.3567965775728252 13.141885399818419 27.725060746073723 13.729516953229902 24.64688977599144 3.6852664798498145 6.1464032083749762
leaf_count=76 244 151 24 70 142 65 137 17 30
internal_value=2.26639e-05 -0.0156305 0.00848415 -0.0079063 0.0114589 -0.0292811 0.00439677 -0.00293858 -0.00317666
internal_weight=185.517 65.0954 120.422 18.4987 101.923 31.3632 58.5184 33.7322 33.8715
internal_count=956 309 647 94 553 141 309 168 172
cat_boundaries=0 1
cat_threshold=1
is_linear=0
shrinkage=0.02


Tree=13
num_leaves=10
num_cat=2
split_feature=0 10 13 1 12 5 5 3 9
split_gain=60.1407 38.0114 17.5332 19.5264 18.6737 13.6853 9.83139 9.47167 8.75262
threshold=0 0.0027355743143817391 0.015831260200875243 1 0.015547514702106573 259.50000000000006 347.50000000000006 1.5000000000000002 0.018161765463784719
decision_type=1 2 2 1 2 2 2 2 2
left_child=1 7 3 -2 6 -3 -4 -1 -5
right_child=2 5 4 8 -6 -7 -8 -9 -10
leaf_value=-0.049074882504756029 0.02052662453580989 -0.027418852512616675 -0.048872297054765666 -0.0014208101740995822 0.0052273195431729071 0.0061717021642999229 -0.0056829878406375687 -0.020901797512735555 0.0132973287542251
leaf_weight=15.35369683802128 45.283581808209419 6.8915666192770031 5.308090806007387 46.242140769958496 14.455988228321074 16.389494687318802 3.4972959607839584 6.9267252385616294 24.845563560724258
leaf_count=65 252 35 24 229 75 87 17 34 138
internal_value=2.37596e-05 -0.0177474 0.00661934 0.010262 -0.00875819 -0.00377164 -0.0317185 -0.0403162 0.00372326
internal_weight=185.194 45.5615 139.633 116.371 23.2614 23.2811 8.80539 22.2804 71.0877
internal_count=956 221 735 619 116 122 41 99 367
cat_boundaries=0 1 2
cat_threshold=98317 1
is_linear=0
shrinkage=0.02


Tree=14
num_leaves=10
num_cat=2
split_feature=0 10 13 1 14 11 5 14 3
split_gain=57.6269 35.9438 16.9185 19.1006 18.7618 14.3083 12.9967 10.4215 8.97699
threshold=0 0.0027355743143817391 0.015831260200875243 1 1.0354891756725568 1.0000000180025095e-35 259.50000000000006 0.99973459085390448 1.5000000000000002
decision_type=1 2 2 1 2 2 2 2 2
left_child=1 8 3 -2 5 -4 -3 -5 -1
right_child=2 6 4 7 -6 -7 -8 -9 -10
leaf_value=-0.047606195002064845 0.020337730422163788 -0.026543404739820833 0.01518926968535891 -0.0066748708153099934 0.014836078568847522 -0.032709840859897629 0.0060667691913533781 0.0093442137633455123 -0.020303863634761801
leaf_weight=15.509192675352098 44.795014157891273 6.9756154119968441 3.1857431828975704 25.187628105282784 8.6332589834928495 11.497546553611754 16.340016767382622 45.753720968961716 6.9874713569879523
leaf_count=65 252 35 16 123 47 53 87 244 34
internal_value=2.48582e-05 -0.0173122 0.00651331 0.010113 -0.00856088 -0.0223175 -0.0036896 0.00365666 -0.0391261
internal_weight=184.865 45.8123 139.053 115.736 23.3165 14.6833 23.3156 70.9413 22.4967
internal_count=956 221 735 619 116 69 122 367 99
cat_boundaries=0 1 2
cat_threshold=98317 1
is_linear=0
shrinkage=0.02


Tree=15
num_leaves=10
num_cat=2
split_feature=0 10 13 1 12 3 5 4 13
split_gain=55.2404 34.064 16.3249 18.6857 17.3535 10.2225 9.97257 9.80495 7.89471
threshold=0 0.010405838530838587 0.015831260200875243 1 0.022093856619620097 1.5000000000000002 259.50000000000006 4.5000000000000009 0.010115601341268612
decision_type=1 2 2 1 2 2 2 2 2
left_child=1 5 3 -2 -4 -1 -3 -7 -8
right_child=2 6 4 -5 -6 7 8 -9 -10
leaf_value=-0.046420140791660951 0.020151539698954973 -0.023196619240648527 -0.024999578628490182 0.0035910073156887115 0.0095018759711372469 -0.036211688429378643 0.026424700727081613 0.0091426274389533272 -0.0039261957804604623
leaf_weight=15.869512408971786 44.309618100523949 6.6306874305009869 12.100674152374269 70.800358161330223 11.255538105964659 4.9533750414848328 5.1231758445501319 3.0998040288686752 10.361026555299757
leaf_count=66 252 33 57 367 59 24 28 15 55
internal_value=2.59253e-05 -0.0168959 0.00640946 0.0099657 -0.00837306 -0.0371068 -0.00267289 -0.018754 0.00611584
internal_weight=184.504 46.0376 138.466 115.11 23.3562 23.9227 22.1149 8.05318 15.4842
internal_count=956 221 735 619 116 105 116 39 83
cat_boundaries=0 1 2
cat_threshold=98317 1
is_linear=0
shrinkage=0.02


Tree=16
num_leaves=10
num_cat=1
split_feature=14 5 14 13 1 11 3 13 10
split_gain=53.8532 23.6899 13.9252 25.0772 14.5504 10.0157 10.0053 9.59388 8.97281
threshold=1.0003533310824679 245.50000000000003 1.0152009255953356 0.017709976160856355 0 0.10472499381545312 1.5000000000000002 0.010115601341268612 -0.029642676993670358
decision_type=2 2 2 2 1 2 2 2 2
left_child=1 6 3 4 -2 8 -1 -6 -3
right_child=2 5 -4 -5 7 -7 -8 -9 -10
leaf_value=-0.036617788581265548 0.018272935106181699 -0.017500957270268427 0.014895663641474662 -0.040378969003232283 0.0033570970149697493 -0.033537195793648542 -0.01404778969952206 -0.021375129147991358 0.007517322558425135
leaf_weight=18.106747016310695 20.978230759501457 7.7270360887050655 59.608437448740005 5.2859536111354819 24.08923114836216 3.7667384743690482 13.878156363964079 8.4830780178308469 22.233988702297211
leaf_count=76 120 37 339 23 123 17 65 42 114
internal_value=2.68246e-05 -0.0144934 0.0080826 0.00118014 0.00528243 -0.00279936 -0.0268247 -0.00308412 0.00106503
internal_weight=184.158 65.7127 118.445 58.8365 53.5505 33.7278 31.9849 32.5723 29.961
internal_count=956 309 647 308 285 168 141 165 151
cat_boundaries=0 1
cat_threshold=1
is_linear=0
shrinkage=0.02


Tree=17
num_leaves=10
num_cat=2
split_feature=0 5 9 11 1 8 8 8 13
split_gain=52.041 30.9242 15.8662 18.4389 12.3071 10.0626 8.22921 11.4072 7.67049
threshold=0 260.50000000000006 0.019401612411737268 0.099834219461525459 1 0.78741271288874481 1.1112555744495538 1.2014833404832206 0.02045689664695546
decision_type=1 2 2 2 1 2 2 2 2
left_child=1 -1 3 4 -2 -3 -6 -8 -4
right_child=2 5 8 -5 6 -7 7 -9 -10
leaf_value=-0.034856747260911182 0.018401746480561046 0.014881059024270234 0.017627576552572112 -0.020970949637440436 0.0033724543676182358 -0.013318169216457119 -0.038881566354635126 0.0098072640974885307 -0.0036145528485558953
leaf_weight=25.153455659747124 19.795235127210617 8.4489285498857516 49.721622854471207 12.872590869665144 39.313802868127823 12.625554502010344 4.6969013661146155 3.2612210065126419 7.8768540024757376
leaf_count=111 109 46 290 59 197 64 22 16 42
internal_value=2.76096e-05 -0.0163475 0.00626456 0.000953984 0.00516216 -0.00201287 -0.000381944 -0.018929 0.0147226
internal_weight=183.766 46.2279 137.538 79.9398 67.0672 21.0745 47.2719 7.95812 57.5985
internal_count=956 221 735 403 344 110 235 38 332
cat_boundaries=0 1 2
cat_threshold=98317 1
is_linear=0
shrinkage=0.02


Tree=18
num_leaves=10
num_cat=1
split_feature=14 5 8 13 14 1 9 6 3
split_gain=50.383 21.7873 13.2894 13.037 14.395 12.1027 10.3701 10.0583 9.18753
threshold=1.0003533310824679 245.50000000000003 1.1657987217809607 0.017186011786689291 1.0142125049095707 0 0.029912759629166355 425.49574504254957 1.5000000000000002
decision_type=2 2 2 2 2 1 2 2 2
left_child=1 8 3 5 -5 -2 -7 -3 -1
right_child=2 7 -4 4 -6 6 -8 -9 -10
leaf_value=-0.035046986537955516 0.021013572691964667 0.0032538407545793929 -0.015714541816343658 -0.03440135740222753 0.0058709143141319657 -1.9958135924781638e-05 0.018900779417245703 -0.022693424513948197 -0.013506218653721281
leaf_weight=18.269925504922867 40.079810723662376 25.966888889670372 8.8261677175760251 5.1118956655263927 11.621517613530157 34.279649689793587 17.503087535500526 7.7622138708829871 13.981206536293028
leaf_count=76 238 131 46 22 63 177 101 37 65
internal_value=2.85345e-05 -0.0139557 0.00788635 0.00980451 -0.00643187 0.0127621 0.00637544 -0.00271751 -0.0257088
internal_weight=183.402 65.9802 117.422 108.596 16.7334 91.8625 51.7827 33.7291 32.2511
internal_count=956 309 647 601 85 516 278 168 141
cat_boundaries=0 1
cat_threshold=1
is_linear=0
shrinkage=0.02


Tree=19
num_leaves=10
num_cat=2
split_feature=0 14 5 9 11 1 13 15 13
split_gain=49.1058 29.5286 15.176 14.8442 17.3928 11.6694 7.39176 6.99093 10.299
threshold=0 1.0157298975668645 259.50000000000006 0.019401612411737268 0.099834219461525459 1 0.02045689664695546 0.98781084169626532 0.010115601341268612
decision_type=1 2 2 2 2 1 2 2 2
left_child=1 2 -1 4 5 -2 -5 -4 -9
right_child=3 -3 7 6 -6 -7 -8 8 -10
leaf_value=-0.036948112477214357 0.018150762735942422 0.014361876533543337 -0.036778395540813136 0.017304847205206437 -0.020161764926554901 -0.00022617910251549879 -0.0035684149631279088 0.015909442711026553 -0.021933834082882617
leaf_weight=23.083002388477325 19.512865126132965 8.5372021943330747 3.2765889316797248 48.820275336503983 12.982889801263807 47.390245974063873 7.881812557578086 5.5599107891321164 5.9603210538625717
leaf_count=99 109 48 15 290 59 235 42 30 29
internal_value=2.92349e-05 -0.0158294 -0.0268127 0.00612873 0.00102267 0.00513361 0.0144034 -0.0110014 -0.00366986
internal_weight=183.005 46.417 37.8798 136.588 79.886 66.9031 56.7021 14.7968 11.5202
internal_count=956 221 173 735 403 344 332 74 59
cat_boundaries=0 1 2
cat_threshold=98317 1
is_linear=0
shrinkage=0.02


Tree=20
num_leaves=10
num_cat=2
split_feature=0 14 13 1 14 5 11 7 6
split_gain=47.1249 28.1617 14.527 17.3628 16.0724 14.4013 12.682 10.2072 7.00229
threshold=0 1.0157298975668645 0.015831260200875243 1 1.0354891756725568 259.50000000000006 1.0000000180025095e-35 86.310000000000016 386.49613503864964
decision_type=1 2 2 1 2 2 2 2 2
left_child=1 5 3 -2 6 -1 -4 8 -5
right_child=2 -3 4 7 -6 -7 -8 -9 -10
leaf_value=-0.035961723936186782 -0.0018897096406947185 0.014184774808573882 0.015185269062028659 0.019795031443823347 0.014247778968391718 -0.010744272978244705 -0.029832628933278933 -0.01275235592640496 0.0035503667244056935
leaf_weight=23.240182250738144 36.49025160074234 8.4715807288885099 3.1765415817499187 58.153018146753311 8.4183468967676145 14.844784423708914 11.806694269180296 4.9929794520139685 12.983756601810454
leaf_count=99 187 48 16 335 47 74 53 26 71
internal_value=3.00056e-05 -0.0154728 0.00603037 0.00945311 -0.00786465 -0.0261324 -0.0202885 0.0148899 0.0168301
internal_weight=182.578 46.5565 136.022 112.62 23.4016 38.085 14.9832 76.1298 71.1368
internal_count=956 221 735 619 116 173 69 432 406
cat_boundaries=0 1 2
cat_threshold=98317 2
is_linear=0
shrinkage=0.02


Tree=21
num_leaves=10
num_cat=1
split_feature=14 5 8 13 14 1 9 6 7
split_gain=45.7757 19.4137 12.4698 12.2959 12.9389 11.618 9.73313 9.26536 8.1846
threshold=1.0003533310824679 245.50000000000003 1.1657987217809607 0.017186011786689291 1.0142125049095707 0 0.029912759629166355 425.49574504254957 2.0250000000000004
decision_type=2 2 2 2 2 1 2 2 2
left_child=1 8 3 5 -5 -2 -7 -3 -1
right_child=2 7 -4 4 -6 6 -8 -9 -10
leaf_value=-0.011220968164478316 0.020649696081627606 0.0031843521160798338 -0.015138960243049056 -0.032487149997638742 0.0055567349402037263 1.6626351724601992e-05 0.018496383308724062 -0.021600336377714687 -0.03198048559210348
leaf_weight=12.096559748053549 38.973967343568802 25.852752655744553 8.8980896323919279 5.1883891373872784 11.506132781505583 34.255132302641869 17.087149649858475 7.8699291199445716 20.421235039830208
leaf_count=54 238 131 46 22 63 177 101 37 87
internal_value=3.07898e-05 -0.0132319 0.00761023 0.00950186 -0.00626669 0.0124166 0.00616685 -0.0025997 -0.024258
internal_weight=182.149 66.2405 115.909 107.011 16.6945 90.3162 51.3423 33.7227 32.5178
internal_count=956 309 647 601 85 516 278 168 141
cat_boundaries=0 1
cat_threshold=1
is_linear=0
shrinkage=0.02


Tree=22
num_leaves=10
num_cat=1
split_feature=0 10 9 13 5 8 13 15 8
split_gain=44.6479 26.4017 13.7301 15.2587 13.0626 9.00288 7.08467 7.04931 9.28484
threshold=0 -0.014510671525247326 0.019401612411737268 0.0077839475226418571 250.50000000000003 0.74624311332938109 0.02045689664695546 1.0469732216454457 1.0638862363208321
decision_type=1 2 2 2 2 2 2 2 2
left_child=1 -1 3 -2 -3 -6 -4 8 -5
right_child=2 4 6 7 5 -7 -8 -9 -10
leaf_value=-0.037759830665089408 0.01206656155726293 -0.026637286191398168 0.016885019596944283 0.0029707617759886541 0.020500874971103027 -0.0074944826743216647 -0.0036055635670649172 -0.020548016537136986 -0.021471383721524542
leaf_weight=17.399926200509071 30.720581710338593 9.0348907709121722 47.62567837536335 30.709854647517204 7.0640989542007473 13.144893661141394 7.8639707267284384 10.380082547664641 7.7944939583539954
leaf_count=72 164 41 290 156 40 68 42 47 36
internal_value=3.13859e-05 -0.0150304 0.00590705 0.00102098 -0.00664614 0.00229136 0.0139811 -0.00592043 -0.0019771
internal_weight=181.738 46.6438 135.095 79.605 29.2439 20.209 55.4896 48.8844 38.5043
internal_count=956 221 735 403 149 108 332 239 192
cat_boundaries=0 1
cat_threshold=98317
is_linear=0
shrinkage=0.02


Tree=23
num_leaves=10
num_cat=0
split_feature=9 5 13 5 7 8 6 15 11
split_gain=42.8876 29.3144 15.6142 10.144 11.0499 8.31659 7.42424 8.57693 7.05354
threshold=0.014059797380775898 196.00000000000003 0.010452012619905278 336.50000000000006 3.0600000000000001 1.1657987217809607 18.085698781646318 0.94595590027022802 -0.044269499439532699
decision_type=2 2 2 2 2 2 2 2 2
left_child=1 6 -3 4 -4 -2 7 -1 -5
right_child=5 2 3 8 -6 -7 -8 -9 -10
leaf_value=-0.036816395917850596 0.012483197054239677 0.0052596135937517507 -0.0020025696294899988 0.027535103407449461 -0.034848731263599712 -0.011582972895664881 -0.039244148343818945 -0.0044601755262154361 -0.0079366642576646582
leaf_weight=5.4798464179039028 76.325469672679901 43.117642164230347 6.3665083646774354 2.922851786017417 11.491837620735167 6.211093232035636 11.582778021693228 8.151916563510893 9.6310246139764768
leaf_count=22 448 224 30 15 51 33 49 38 46
internal_value=3.18795e-05 -0.00886191 -0.00248063 -0.0134545 -0.0231391 0.0106722 -0.0274708 -0.0174671 0.000322037
internal_weight=181.281 98.7444 73.5299 30.4122 17.8583 82.5366 25.2145 13.6318 12.5539
internal_count=956 475 366 142 81 481 109 60 61
is_linear=0
shrinkage=0.02


Tree=24
num_leaves=10
num_cat=1
split_feature=14 5 14 13 1 13 13 15 3
split_gain=41.333 17.4323 11.5169 20.1765 12.4064 8.7177 8.59745 8.14959 6.74912
threshold=1.0003533310824679 187.50000000000003 1.0152009255953356 0.017709976160856355 0 0.0077839475226418571 0.010115601341268612 1.022013373535124 2.5000000000000004
decision_type=2 2 2 2 1 2 2 2 2
left_child=1 -1 3 4 -2 -3 8 -8 -6
right_child=2 5 -4 -5 6 -7 7 -9 -10
leaf_value=-0.030127852467915241 0.017362565493971967 0.0063836246496742225 0.01375862923546441 -0.035444498650580678 -0.0038007878023610178 -0.01198043257039735 0.0020085116836766159 -0.037077499101228366 0.018914668808053307
leaf_weight=16.790891736745834 19.81862510740757 14.67492616176605 56.37174853682518 5.4825361818075171 16.373262867331508 35.004938498139381 3.8259803056716901 4.8244612812995911 7.6888819932937613
leaf_count=70 120 74 339 23 82 165 19 23 41
internal_value=3.21402e-05 -0.0125103 0.0073207 0.00106498 0.00487537 -0.00655588 -0.00268988 -0.0197903 0.00345777
internal_weight=180.856 66.4708 114.385 58.0137 52.5312 49.6799 32.7126 8.65044 24.0621
internal_count=956 309 647 308 285 239 165 42 123
cat_boundaries=0 1
cat_threshold=1
is_linear=0
shrinkage=0.02


Tree=25
num_leaves=10
num_cat=0
split_feature=9 5 11 8 8 8 6 10 14
split_gain=39.8741 27.0815 12.4397 12.5511 10.732 7.99915 7.03877 8.72384 6.73239
threshold=0.014059797380775898 196.00000000000003 0.10211951921449133 1.1112555744495538 1.2014833404832206 1.1657987217809607 18.085698781646318 -0.045766617017315214 0.99263326455037615
decision_type=2 2 2 2 2 2 2 2 2
left_child=1 6 3 8 -5 -2 7 -1 -3
right_child=5 2 -4 4 -6 -7 -8 -9 -10
leaf_value=-0.034192135368122295 0.01218883550461923 -0.0052226037083806121 -0.023556010580620363 -0.04659944027482401 -0.0020097876195312903 -0.011390680004268348 -0.037735716651326419 -0.0021012850827273129 0.0094648856066995597
leaf_weight=6.1792094558477402 75.305984303355217 19.107501596212387 9.6246956586837751 3.8146374970674497 4.9749463498592377 6.2310254126787177 11.674475118517874 7.5027630329132098 36.009249955415726
leaf_count=25 448 93 42 17 23 33 49 35 191
internal_value=3.25936e-05 -0.00850498 -0.00235881 0.000833626 -0.0213615 0.0103869 -0.0263282 -0.0165945 0.00437313
internal_weight=180.424 98.8875 73.531 63.9063 8.78958 81.537 25.3564 13.682 55.1168
internal_count=956 475 366 324 40 481 109 60 284
is_linear=0
shrinkage=0.02


Tree=26
num_leaves=10
num_cat=2
split_feature=0 10 13 1 12 9 11 8 9
split_gain=40.7574 22.9308 12.8329 15.8859 14.4281 10.0393 8.30792 7.42468 5.92994
threshold=0 -0.014510671525247326 0.015831260200875243 1 0.022093856619620097 0.026561345158906204 0.068753375821026974 0.73427212304637202 0.018161765463784719
decision_type=1 2 2 1 2 2 2 2 2
left_child=1 -1 3 -2 7 6 -3 -4 -5
right_child=2 5 4 8 -6 -7 -8 -9 -10
leaf_value=-0.035569788352638979 0.018915329255756258 -0.0055817191830177431 0.0018467013600901236 -0.00093722379899678718 0.0093163891658941504 0.012821641167272088 -0.032937625352824691 -0.032205262269112446 0.011481942190453252
leaf_weight=17.436541706323624 40.630462393164635 14.998916119337087 3.6280739903450039 46.48447759449482 10.991414934396742 7.8139804601669303 6.3083925247192374 8.7104595899581891 22.982409417629242
leaf_count=72 252 74 18 229 59 46 29 39 138
internal_value=3.27988e-05 -0.0143487 0.00569928 0.00898164 -0.00734774 -0.0065696 -0.0136809 -0.0221925 0.00317153
internal_weight=179.985 46.5578 133.427 110.097 23.3299 29.1213 21.3073 12.3385 69.4669
internal_count=956 221 735 619 116 149 103 57 367
cat_boundaries=0 1 2
cat_threshold=98317 1
is_linear=0
shrinkage=0.02


Tree=27
num_leaves=10
num_cat=1
split_feature=0 14 13 12 14 10 6 8 8
split_gain=39.1548 22.7293 12.3842 13.7858 13.5298 11.4005 8.01883 7.0899 7.03233
threshold=0 1.0157298975668645 0.015831260200875243 0.022093856619620097 0.99973459085390448 -0.014510671525247326 431.49568504314959 1.1112555744495538 0.73427212304637202
decision_type=1 2 2 2 2 2 2 2 2
left_child=1 5 4 8 6 -1 7 -2 -4
right_child=2 -3 3 -5 -6 -7 -8 -9 -10
leaf_value=-0.035550487671861204 0.0063503421746267307 0.013313041151748693 0.0018110626892872338 0.0091707163538880063 0.013573750344848012 -0.013663477945945253 -0.025576558289230073 -0.021705217675657872 -0.031296844649329733
leaf_weight=17.25725531578064 25.063695549964908 8.1372203379869443 3.625504910945895 10.943178653717039 75.44499009847641 21.230730757117271 4.7981934398412696 4.2078759968280783 8.7832672595977765
leaf_count=71 127 48 18 59 450 102 23 19 39
internal_value=3.31842e-05 -0.0140442 0.00560813 -0.00719279 0.00884977 -0.0234772 -0.00161114 0.00231727 -0.0216236
internal_weight=179.492 46.6252 132.867 23.352 109.515 38.488 34.0698 29.2716 12.4088
internal_count=956 221 735 116 619 173 169 146 57
cat_boundaries=0 1
cat_threshold=98317
is_linear=0
shrinkage=0.02


Tree=28
num_leaves=10
num_cat=2
split_feature=0 5 13 1 12 14 14 14 13
split_gain=37.6209 22.4783 11.9501 15.5413 13.1779 8.43628 7.85758 7.31449 7.06333
threshold=0 283.50000000000006 0.015831260200875243 1 0.022093856619620097 1.0155969221819723 1.0122070068774904 0.99973459085390448 0.010115601341268612
decision_type=1 2 2 1 2 2 2 2 2
left_child=1 6 3 -2 -4 8 -1 -5 -3
right_child=2 5 4 7 -6 -7 -8 -9 -10
leaf_value=-0.031307345560956754 0.018654786420700901 0.010396071448462328 -0.021078964192559353 -0.0055036942335436505 0.0090269695592534779 0.021770396595852733 -0.0018183933874546785 0.0079732508092056134 -0.021691818742110187
leaf_weight=25.587760210037235 39.904379799962044 4.7254962027072924 12.473797589540483 25.601521074771881 10.895573958754538 5.6148508191108695 4.2088640183210364 43.44435453414917 6.544027253985405
leaf_count=109 252 25 57 123 59 34 23 244 30
internal_value=3.34681e-05 -0.0137493 0.00551798 0.00871863 -0.00704258 0.00174198 -0.0271419 0.00297613 -0.00823684
internal_weight=179.001 46.681 132.32 108.95 23.3694 16.8844 29.7966 69.0459 11.2695
internal_count=956 221 735 619 116 89 132 367 55
cat_boundaries=0 1 2
cat_threshold=98317 1
is_linear=0
shrinkage=0.02


Tree=29
num_leaves=10
num_cat=2
split_feature=0 5 13 1 12 9 10 8 11
split_gain=36.1547 21.4682 11.532 15.2012 12.5904 7.55846 7.01921 6.6472 6.62665
threshold=0 283.50000000000006 0.015831260200875243 1 0.022093856619620097 0.026561345158906204 0.010405838530838587 0.73427212304637202 0.076043353989119808
decision_type=1 2 2 1 2 2 2 2 2
left_child=1 6 3 -2 7 -3 -1 -4 -8
right_child=2 5 4 -5 -6 -7 8 -9 -10
leaf_value=-0.033222952188669434 0.018488381786960984 -0.007416996737167455 0.0021817968540751927 0.00292217412559951 0.0088851243625115289 0.021380180535604976 0.00059339250035753469 -0.02986448156935639 -0.033471034927074726
leaf_weight=20.223964482545856 39.462724551558495 11.49856446683407 3.6521648615598705 68.920406877994537 10.848600909113882 5.3384416550397864 5.9450925290584546 8.8944754898548108 3.709664449095726
leaf_count=84 252 56 18 367 59 33 31 39 17
internal_value=3.38588e-05 -0.0134652 0.00542911 0.00858989 -0.00689326 0.00171361 -0.0265252 -0.0205362 -0.0124952
internal_weight=178.494 46.7157 131.778 108.383 23.3952 16.837 29.8787 12.5466 9.65476
internal_count=956 221 735 619 116 89 132 57 48
cat_boundaries=0 1 2
cat_threshold=98317 1
is_linear=0
shrinkage=0.02


Tree=30
num_leaves=10
num_cat=2
split_feature=0 14 13 12 1 8 8 14 9
split_gain=34.9122 19.2589 12.2104 17.951 7.94248 7.77778 7.24932 6.43832 5.80477
threshold=0 1.0104704648255576 0.010548277718961557 0.011441222722600604 1 0.53587497339654999 0.70552030863388782 1.0275061656260169 0.0058043946516690053
decision_type=1 2 2 2 1 2 2 2 2
left_child=1 5 4 6 -2 -1 -4 -5 -6
right_child=2 -3 3 7 8 -7 -8 -9 -10
leaf_value=0.0081462537595427022 0.022328975880477553 0.0030945619886826106 0.010138178002875245 0.00082582669141808467 -0.00085969266471364785 -0.021546984370948451 -0.022029597004103656 0.01946839019240278 0.015290395402044028
leaf_weight=3.8472115844488135 24.573809832334518 23.614502757787704 3.4772855043411282 15.826675072312357 17.091011598706245 42.605656370520592 14.436565384268759 13.933915749192236 18.579762369394302
leaf_count=20 161 139 19 80 84 191 70 86 106
internal_value=3.40645e-05 -0.0101615 0.00695112 3.27769e-05 0.0135798 -0.0190878 -0.0157855 0.00955428 0.00755237
internal_weight=177.986 70.0674 107.919 47.6744 60.2446 46.4529 17.9139 29.7606 35.6708
internal_count=956 350 606 255 351 211 89 166 190
cat_boundaries=0 1 2
cat_threshold=101005 1
is_linear=0
shrinkage=0.02


Tree=31
num_leaves=10
num_cat=1
split_feature=0 5 5 6 7 15 14 14 11
split_gain=33.6254 20.3436 11.3527 9.84413 9.29986 8.46461 7.77603 7.07803 6.67054
threshold=0 283.50000000000006 183.50000000000003 403.99596004039967 2.0350000000000006 0.99412326747417346 1.0155969221819723 1.0122070068774904 0.10472499381545312
decision_type=1 2 2 2 2 2 2 2 2
left_child=1 7 4 -4 -2 -5 -3 -1 -7
right_child=2 6 3 5 -6 8 -8 -9 -10
leaf_value=-0.029562950995435693 0.00014909131484550341 -0.0075691941262051631 0.010506874607098697 -0.03133797676609805 -0.032075437018801542 0.01368797821599306 0.021448707563945856 -0.0016337413710420324 -0.014161260427052094
leaf_weight=25.717093542218212 11.888209268450739 11.377400979399683 95.731797382235527 3.9835909157991436 5.1273516565561286 7.9895261824130994 5.4697842001914969 4.2260060459375373 6.0419426560401917
leaf_count=109 61 55 553 19 24 46 34 23 32
internal_value=3.45717e-05 -0.0129595 0.0052721 0.00795453 -0.00956123 -0.00560857 0.00185206 -0.0256212 0.00169611
internal_weight=177.553 46.7903 130.762 113.747 17.0156 18.0151 16.8472 29.9431 14.0315
internal_count=956 221 735 650 85 97 89 132 78
cat_boundaries=0 1
cat_threshold=98317
is_linear=0
shrinkage=0.02


Tree=32
num_leaves=10
num_cat=1
split_feature=0 14 14 5 11 7 8 10 5
split_gain=32.6597 17.657 11.86 9.80262 8.54405 10.2101 11.2985 10.5024 8.14526
threshold=0 1.0104704648255576 1.0152009255953356 183.50000000000003 0.12791421443027887 81.855000000000018 1.0014540881560101 -0.0040042145409675822 282.50000000000006
decision_type=1 2 2 2 2 2 2 2 2
left_child=1 8 3 -2 5 6 -5 -8 -1
right_child=2 -3 -4 4 -6 -7 7 -9 -10
leaf_value=-0.023626268580514302 -0.014766835023820224 0.0029386592147115269 0.016464991019499383 0.016505137303871473 -0.014807041169198606 -0.022408264171394708 -0.026447057978771473 0.012851206135091855 -0.0051476074810899962
leaf_weight=33.261816427111626 11.048703923821448 23.485299244523048 37.502945557236671 36.554502248764038 7.088895082473754 3.9192140549421302 5.4163835942745209 5.4646352380514127 13.379886671900747
leaf_count=145 51 139 240 208 33 19 26 29 66
internal_value=3.47106e-05 -0.00980583 0.00676831 0.00250926 0.00577528 0.00861642 0.0111797 -0.00671079 -0.0183254
internal_weight=177.122 70.127 106.995 69.4923 58.4436 51.3547 47.4355 10.881 46.6417
internal_count=956 350 606 366 315 282 263 55 211
cat_boundaries=0 1
cat_threshold=101005
is_linear=0
shrinkage=0.02


Tree=33
num_leaves=10
num_cat=0
split_feature=9 13 3 15 13 14 8 14 6
split_gain=31.5921 15.7919 10.6822 9.59964 9.38309 7.98831 7.04218 6.29639 5.74992
threshold=0.018161765463784719 0.010452012619905278 1.5000000000000002 0.943818703598022 0.02045689664695546 0.99973459085390448 1.2014833404832206 1.0451718057492101 29.833300185222019
decision_type=2 2 2 2 2 2 2 2 2
left_child=1 5 -3 -4 6 8 -2 -6 -1
right_child=4 2 3 -5 7 -7 -8 -9 -10
leaf_value=-0.020938795945622736 0.016027915589488632 -0.032032690584226232 0.019417043338171288 -0.013577125542993474 -0.02464132314322999 0.0065075137128221619 -0.016483699058686251 0.0074148365511657868 -0.0019182999049088794
leaf_weight=9.0050239264965075 52.157023951411247 11.511540710926054 3.9806721061468116 30.969125524163246 4.3915660232305509 34.663720220327377 2.8084534704685202 5.5462658852338791 21.622428625822067
leaf_count=39 339 48 19 144 21 188 16 33 109
internal_value=3.51127e-05 -0.00641044 -0.0153229 -0.00981919 0.0111333 -6.82792e-05 0.0143667 -0.0067509 -0.00751067
internal_weight=176.656 111.753 46.4613 34.9498 64.9033 65.2912 54.9655 9.93783 30.6275
internal_count=956 547 211 163 409 336 355 54 148
is_linear=0
shrinkage=0.02


Tree=34
num_leaves=10
num_cat=1
split_feature=0 14 13 12 5 4 5 5 7
split_gain=30.9798 16.2542 11.6426 16.9118 8.30306 11.8623 7.67346 7.43495 7.29557
threshold=0 1.0104704648255576 0.010548277718961557 0.011441222722600604 183.50000000000003 9.5000000000000018 282.50000000000006 289.50000000000006 3.1550000000000007
decision_type=1 2 2 2 2 2 2 2 2
left_child=1 6 4 7 5 -2 8 -4 -1
right_child=2 -3 3 -5 -6 -7 -8 -9 -10
leaf_value=-0.014027846059539733 -0.033599334987411224 0.0027327813635270926 -0.027637334552535666 0.0092208379046933315 0.01619853170396475 0.015114932453752422 -0.0049369561743844489 -0.0018380970632089757 -0.032779085392715936
leaf_weight=17.635871320962906 3.4666480720043165 23.324600324034691 9.4551140666008013 29.274814158678055 50.745050460100174 4.724382758140564 13.413578152656553 8.4713411033153516 15.677764818072317
leaf_count=78 17 139 45 166 309 25 66 44 67
internal_value=3.52047e-05 -0.00954104 0.00662991 -0.000147178 0.0131825 -0.00550216 -0.0177096 -0.0154456 -0.0228524
internal_weight=176.189 70.0518 106.137 47.2013 58.9361 8.19103 46.7272 17.9265 33.3136
internal_count=956 350 606 255 351 42 211 89 145
cat_boundaries=0 1
cat_threshold=101005
is_linear=0
shrinkage=0.02


Tree=35
num_leaves=10
num_cat=1
split_feature=0 14 13 12 5 4 6 6 5
split_gain=29.7983 15.5591 11.3102 16.2207 8.07684 11.2986 7.39503 7.37434 7.35485
threshold=0 1.0104704648255576 0.010548277718961557 0.011441222722600604 183.50000000000003 9.5000000000000018 403.99596004039967 62.70825929985623 282.50000000000006
decision_type=1 2 2 2 2 2 2 2 2
left_child=1 8 4 -4 5 -2 -3 -5 -1
right_child=2 6 3 7 -6 -7 -8 -9 -10
leaf_value=-0.022352019715261458 -0.032533974797370628 0.0075200901743859181 -0.015064771426327974 -0.0043369399415970787 0.016022706047471018 0.014915890730588074 -0.023571347468787029 0.016624149752656938 -0.0048290378323028009
leaf_weight=33.377590045332909 3.508133649826048 19.665495857596401 18.010621041059494 10.489561334252359 50.280560344457626 4.6920055747032166 3.6238538175821295 18.650252610445023 13.438816532492636
leaf_count=145 17 118 89 57 309 25 21 109 66
internal_value=3.54094e-05 -0.00934372 0.00652686 -0.000143666 0.0130211 -0.00538382 0.00268222 0.00907871 -0.017322
internal_weight=175.737 70.1058 105.631 47.1504 58.4807 8.20014 23.2893 29.1398 46.8164
internal_count=956 350 606 255 351 42 139 166 211
cat_boundaries=0 1
cat_threshold=101005
is_linear=0
shrinkage=0.02


Tree=36
num_leaves=10
num_cat=1
split_feature=9 0 5 13 8 11 8 10 8
split_gain=29.3732 19.5698 16.2762 11.3608 10.1622 6.83506 6.54636 5.40893 5.20148
threshold=0.018161765463784719 0 257.50000000000006 0.032704546029436135 0.86619918696766673 0.099834219461525459 1.1657987217809607 -1.0000000180025095e-35 1.1112555744495538
decision_type=2 1 2 2 2 2 2 2 2
left_child=1 2 -1 6 7 8 -2 -4 -3
right_child=3 5 4 -5 -6 -7 -8 -9 -10
leaf_value=-0.026142549177768839 0.014210659554593314 0.0081063500420736137 -0.011873852974344644 -0.033148618535075711 -0.01704872379815155 -0.013192270091026288 -0.011819271778764221 0.019094393210758901 -0.010604981121599064
leaf_weight=29.576462388038635 57.496562704443932 43.819836214184761 3.1693895310163498 2.2647794485092154 10.950079441070555 9.173123285174368 4.1431697607040396 7.8280971944332141 6.8749622851610175
leaf_count=129 374 235 15 12 51 41 23 44 32
internal_value=3.57519e-05 -0.0061652 -0.013784 0.0108446 -0.00341017 0.00230858 0.012461 0.0101696 0.00556882
internal_weight=175.296 111.392 51.524 63.9045 21.9476 59.8679 61.6397 10.9975 50.6948
internal_count=956 547 239 409 110 308 397 59 267
cat_boundaries=0 1
cat_threshold=1409165
is_linear=0
shrinkage=0.02


Tree=37
num_leaves=10
num_cat=1
split_feature=0 14 14 13 12 6 5 6 8
split_gain=27.9322 14.2298 11.1023 13.3526 7.13039 7.35447 7.08933 7.08743 7.34667
threshold=0 1.0104704648255576 1.0152009255953356 0.010548277718961557 0.011506108694701976 63.349857425324849 183.50000000000003 403.99596004039967 0.79663202653027998
decision_type=1 2 2 2 2 2 2 2 2
left_child=1 -1 3 6 -5 -6 -2 8 -3
right_child=2 7 -4 4 5 -7 -8 -9 -10
leaf_value=-0.01665678311735597 -0.0097819299153344506 0.018041786755052375 0.015927468577504992 -0.019232092926041638 -0.01666459948287654 0.013263465449032046 0.012894389514344878 -0.023058020230546258 -0.0067355605817723489
leaf_weight=46.90549348294735 6.5427791178226462 11.040437638759618 36.186692655086517 13.206401631236078 5.4537101387977591 8.2569862157106382 35.095168590545654 3.6527924984693518 8.45067650079727
leaf_count=211 31 70 240 61 25 43 206 21 48
internal_value=3.59639e-05 -0.00903507 0.00635809 0.00223434 -0.00874368 0.00135896 0.00933115 0.00250792 0.00729918
internal_weight=174.791 70.0494 104.742 68.555 26.9171 13.7107 41.6379 23.1439 19.4911
internal_count=956 350 606 366 129 68 237 139 118
cat_boundaries=0 1
cat_threshold=101005
is_linear=0
shrinkage=0.02


Tree=38
num_leaves=10
num_cat=1
split_feature=9 0 13 10 13 11 11 3 4
split_gain=27.5219 23.8739 11.3467 8.91805 16.643 7.87802 6.53178 6.44063 7.56717
threshold=0.020040160642570231 0 0.032704546029436135 0.0027355743143817391 0.01181130353177475 0.076611752305125444 0.099834219461525459 1.5000000000000002 5.5000000000000009
decision_type=2 1 2 2 2 2 2 2 2
left_child=1 3 -2 7 5 -5 -3 -1 -9
right_child=2 6 -4 4 -6 -7 -8 8 -10
leaf_value=-0.033035408833802134 0.013184798391729089 0.0062923710607505935 -0.032282118066360395 0.012578539510920752 -0.030046118033905937 -0.019886945227604896 -0.011596949038667703 -0.026160981614114703 0.0058877435623129184
leaf_weight=15.583782345056536 55.141279026865959 54.792771890759468 2.2865600883960715 11.760095164179804 8.7687443494796735 4.0089166760444632 9.593415901064871 7.5942329913377744 4.8156636208295822
leaf_count=65 365 294 12 62 38 20 44 34 22
internal_value=3.63124e-05 -0.00553279 0.0113745 -0.0140794 -0.00795782 0.00432492 0.00313932 -0.0244747 -0.0137245
internal_weight=174.345 116.918 57.4278 52.5314 24.5378 15.769 64.3862 27.9937 12.4099
internal_count=956 579 377 241 120 82 338 121 56
cat_boundaries=0 1
cat_threshold=360591
is_linear=0
shrinkage=0.02


Tree=39
num_leaves=10
num_cat=1
split_feature=14 8 13 3 14 13 12 7 1
split_gain=26.3916 10.9596 11.5099 10.7095 9.06366 6.80863 7.38763 9.15254 6.77689
threshold=1.0003533310824679 0.79574173287539007 0.017186011786689291 1.5000000000000002 1.0547346114007443 0.0077839475226418571 0.010565691305108175 2.0250000000000004 0
decision_type=2 2 2 2 2 2 2 2 1
left_child=3 -2 8 -1 -4 -5 7 -7 -3
right_child=1 2 4 5 -6 6 -8 -9 -10
leaf_value=-0.021506141102514417 0.012839737287308611 0.015129280057231263 -0.040746414909556779 0.011292312533883931 0.0022067887223541785 0.0087219749488189734 0.0022711869456044716 -0.023354234280371155 -0.0011770745502189446
leaf_weight=21.499971151351929 51.238219648599625 14.589994445443155 4.5396582782268506 8.933145657181738 3.4648462682962418 4.5944330096244839 15.296984121203421 15.77710275352001 33.841465473175049
leaf_count=93 319 99 20 49 21 21 73 73 188
internal_value=3.62881e-05 0.00614315 6.33208e-05 -0.0099113 -0.0221536 -0.00432207 -0.00823267 -0.01612 0.00373522
internal_weight=173.776 107.674 56.436 66.1016 8.0045 44.6017 35.6685 20.3715 48.4315
internal_count=956 647 328 309 41 216 167 94 287
cat_boundaries=0 1
cat_threshold=1
is_linear=0
shrinkage=0.02


Tree=40
num_leaves=10
num_cat=0
split_feature=9 5 13 13 6 10 8 7 8
split_gain=26.02 16.4653 12.3706 10.8095 8.00725 8.60898 7.39322 7.32409 6.54787
threshold=0.020040160642570231 196.00000000000003 0.015831260200875243 0.032704546029436135 18.085698781646318 -0.045766617017315214 1.0976891399246107 120.66500000000001 1.1943230455150975
decision_type=2 2 2 2 2 2 2 2 2
left_child=1 4 6 -2 5 -1 7 -3 -8
right_child=3 2 -4 -5 -6 -7 8 -9 -10
leaf_value=-0.028196547360517712 0.012946319140600437 0.0061612793395380587 -0.018337717729525176 -0.031178168917625364 -0.030955393301042085 0.0025929513776719935 -0.0321278608436779 -0.023794449742623427 0.00010007846956090435
leaf_weight=5.9050737023353568 54.417308107018471 61.151012629270554 14.149776890873907 2.3152654469013205 12.219851076602934 9.4387790262699145 4.4056757986545545 3.4489138424396506 5.8970341384410858
leaf_count=25 365 332 61 12 52 45 20 17 27
internal_value=3.63054e-05 -0.00536825 -0.00118723 0.0111456 -0.0188762 -0.00925637 0.00205265 0.00456198 -0.0136813
internal_weight=173.349 116.616 89.0524 56.7326 27.5637 15.3439 74.9026 64.5999 10.3027
internal_count=956 579 457 377 122 70 396 349 47
is_linear=0
shrinkage=0.02


Tree=41
num_leaves=10
num_cat=2
split_feature=0 14 13 12 6 6 8 8 1
split_gain=25.7275 12.1633 10.5373 14.2831 7.14661 6.82938 7.09569 6.55755 5.89458
threshold=0 1.0104704648255576 0.0096297940721040472 0.01163219512859678 62.70825929985623 403.99596004039967 0.79663202653027998 0.53587497339654999 1
decision_type=1 2 2 2 2 2 2 2 1
left_child=1 7 8 -4 -5 6 -3 -1 -2
right_child=2 5 3 4 -6 -7 -8 -9 -10
leaf_value=0.0091580790343993978 0.021370293572174411 0.01763148190652998 -0.011547186903027123 -0.0036344985464078182 0.016747700845888829 -0.023008778345750637 -0.0069133331194905587 -0.018016763339938551 0.0075227546063262119
leaf_weight=3.8724723458290091 20.99338786303997 10.715471312403684 22.557517141103745 10.669907987117769 19.378323867917061 3.6516031771898261 8.4079254716634733 42.914523750543594 29.68024754524231
leaf_count=20 150 70 116 59 117 21 48 191 164
internal_value=3.62548e-05 -0.0086842 0.00615468 0.000480684 0.00951013 0.00205418 0.00683994 -0.0157676 0.0132596
internal_weight=172.841 69.562 103.279 52.6057 30.0482 22.775 19.1234 46.787 50.6736
internal_count=956 350 606 292 176 139 118 211 314
cat_boundaries=0 1 2
cat_threshold=101005 1
is_linear=0
shrinkage=0.02


Tree=42
num_leaves=10
num_cat=2
split_feature=9 0 5 11 13 8 7 1 7
split_gain=24.6296 21.7846 12.0401 10.9503 10.3296 10.3107 6.3447 6.18865 6.06521
threshold=0.020040160642570231 0 244.50000000000003 0.099834219461525459 0.032704546029436135 0.71895787768848618 81.855000000000018 1 1.9200000000000002
decision_type=2 1 2 2 2 2 2 1 2
left_child=1 2 -1 6 -2 -4 7 8 -3
right_child=4 3 5 -5 -6 -7 -8 -9 -10
leaf_value=-0.027127611281463588 0.01271814116253283 0.012771096200086141 0.015191496576072404 -0.014075066410951784 -0.030200881765302844 -0.015139948842908537 -0.020590613952752319 0.014127428774734224 -0.0078080994999497767
leaf_weight=23.992532774806023 53.723875358700752 9.6071383655071276 6.2021628767251995 12.62313438951969 2.340814769268035 16.172087118029594 3.2613768875598899 30.305801078677177 14.189808785915373
leaf_count=103 365 46 33 57 12 74 16 180 70
internal_value=3.65663e-05 -0.00521055 -0.0142191 0.00244059 0.0109262 -0.00673204 0.00650036 0.00813344 0.000499991
internal_weight=172.419 116.354 46.3668 69.9873 56.0647 22.3742 57.3641 54.1027 23.7969
internal_count=956 579 210 369 377 107 312 296 116
cat_boundaries=0 1 2
cat_threshold=360589 2
is_linear=0
shrinkage=0.02


Tree=43
num_leaves=10
num_cat=0
split_feature=9 5 13 13 8 11 6 10 8
split_gain=23.7991 15.04 9.50476 9.31551 7.87428 11.4243 7.322 7.88266 6.33377
threshold=0.018161765463784719 196.00000000000003 0.032704546029436135 0.010452012619905278 1.0784504671733683 0.099834219461525459 18.085698781646318 -0.045766617017315214 1.2014833404832206
decision_type=2 2 2 2 2 2 2 2 2
left_child=1 6 8 -3 5 -5 7 -1 -2
right_child=2 3 -4 4 -6 -7 -8 -9 -10
leaf_value=-0.027351274293907692 0.0132254183478927 0.004250200410897677 -0.029250229818479422 0.0040001307080800462 -0.031096550583731342 -0.022881784982682462 -0.029933019489971294 0.0023364131626704876 -0.015075700382208002
leaf_weight=5.8163504749536505 55.555088825523853 49.457026913762093 2.3682706654071799 18.712512627243999 5.5727414637804022 9.5514441430568677 12.174927964806555 9.2940611988306063 3.3540868163108817
leaf_count=25 378 269 12 92 24 41 52 44 19
internal_value=3.66997e-05 -0.0055037 0.0100347 -0.00128212 -0.00936837 -0.00508427 -0.0183909 -0.00909107 0.011614
internal_weight=171.857 110.579 61.2774 83.2937 33.8367 28.264 27.2853 15.1104 58.9092
internal_count=956 547 409 426 157 133 121 69 397
is_linear=0
shrinkage=0.02


Tree=44
num_leaves=10
num_cat=0
split_feature=9 5 13 13 6 10 7 5 13
split_gain=23.0404 14.734 11.1094 9.52207 7.22949 7.81964 5.76509 6.07862 6.75929
threshold=0.020040160642570231 196.00000000000003 0.015831260200875243 0.032704546029436135 18.085698781646318 -0.045766617017315214 120.66500000000001 286.50000000000006 0.0093081095901258199
decision_type=2 2 2 2 2 2 2 2 2
left_child=1 4 6 -2 5 -1 7 8 -3
right_child=3 2 -4 -5 -6 -7 -8 -9 -10
leaf_value=-0.026958752549798973 0.012427461272534662 0.0036461585968262534 -0.017295124651933027 -0.028348851842648341 -0.029336943937838381 0.0025875338856595864 -0.021466351405835513 0.0097066175015408825 -0.014472219087194333
leaf_weight=5.7833482325077048 52.897594913840294 26.086587443947792 14.175105988979338 2.3944298923015586 12.173858493566511 9.4171383827924746 3.9578834325075141 32.415516898036003 12.036218076944349
leaf_count=25 365 140 61 12 52 45 19 181 56
internal_value=3.65565e-05 -0.00502595 -0.00106631 0.0106616 -0.0178521 -0.00865398 0.0020217 0.0033396 -0.00207422
internal_weight=171.338 116.046 88.6713 55.292 27.3743 15.2005 74.4962 70.5383 38.1228
internal_count=956 579 457 377 122 70 396 377 196
is_linear=0
shrinkage=0.02


Tree=45
num_leaves=10
num_cat=1
split_feature=0 14 14 5 6 6 11 6 11
split_gain=23.5615 10.3844 9.53409 7.55529 7.09106 6.58741 6.51925 8.32183 6.19585
threshold=0 1.0104704648255576 1.0152009255953356 183.50000000000003 19.055537021623337 403.99596004039967 0.12791421443027887 326.49673503264972 -0.13600904409179257
decision_type=1 2 2 2 2 2 2 2 2
left_child=1 8 3 4 -2 -3 7 -5 -1
right_child=2 5 -4 6 -6 -7 -8 -9 -10
leaf_value=-0.028611443643655254 -0.0017923086409511819 0.0064299282253825361 0.015122890938369259 0.012414757189873553 -0.035768622928320983 -0.022932130247123719 -0.01288073460716866 -0.0066507119549440883 -0.011030845915260356
leaf_weight=10.291064187884329 7.5595899224281293 18.775835141539577 34.240272790193558 37.165481455624104 3.6402651518583298 3.6505848169326773 7.0214543789625159 12.151893146336077 36.311152830719948
leaf_count=45 36 118 240 218 15 21 33 64 166
internal_value=3.64291e-05 -0.00832576 0.00594205 0.00216741 -0.0128356 0.00165036 0.00514992 0.00771699 -0.0149131
internal_weight=170.808 69.0286 101.779 67.5387 11.1999 22.4264 56.3388 49.3174 46.6022
internal_count=956 350 606 366 51 139 315 282 211
cat_boundaries=0 1
cat_threshold=101005
is_linear=0
shrinkage=0.02


Tree=46
num_leaves=10
num_cat=1
split_feature=0 9 7 5 3 7 11 10 6
split_gain=22.4298 18.1464 8.13437 9.36504 7.6183 7.08107 6.76996 6.60557 7.43287
threshold=0 0.007209839065164046 120.66500000000001 191.00000000000003 1.5000000000000002 1.7550000000000001 0.22217072261874057 0.029041931043286 403.99596004039967
decision_type=1 2 2 2 2 2 2 2 2
left_child=1 4 3 5 -1 -2 -5 -3 -9
right_child=2 7 -4 6 -6 -7 -8 8 -10
leaf_value=-0.028287616356535209 0.0061237997763740138 0.015470531538632322 -0.016068571912262217 0.012650920661664769 -0.010668941182354112 -0.019975961287614731 -0.013360892613039561 0.0013397454707830816 -0.030581070919855541
leaf_weight=16.259207263588905 9.4889644086360949 10.501183182001116 5.9107583314180365 70.557453744113445 24.775698408484459 7.4011535793542853 4.242929980158805 17.667247034609321 3.4951398223638526
leaf_count=71 49 60 32 445 112 36 21 110 20
internal_value=3.63596e-05 -0.00779968 0.0060521 0.00813815 -0.01765 -0.00531297 0.0111754 0.00250267 -0.00393224
internal_weight=170.3 72.6985 97.6013 91.6905 41.0349 16.8901 74.8004 31.6636 21.1624
internal_count=956 373 583 551 183 85 466 190 130
cat_boundaries=0 1
cat_threshold=361101
is_linear=0
shrinkage=0.02


Tree=47
num_leaves=10
num_cat=1
split_feature=0 13 12 5 5 4 8 14 4
split_gain=21.8869 9.93851 13.4961 10.4191 9.9158 9.69711 8.47374 6.80045 5.82014
threshold=0 0.0096297940721040472 0.01163219512859678 183.50000000000003 283.50000000000006 9.5000000000000018 0.5077777450042007 1.0117707930558721 6.5000000000000009
decision_type=1 2 2 2 2 2 2 2 2
left_child=4 3 -3 5 6 -2 -1 -8 -9
right_child=1 2 -4 -5 -6 -7 7 8 -10
leaf_value=0.022642226187011283 -0.035166389790531924 -0.011492572426297698 0.0091280617836426714 0.016531599101732252 0.00034925306721247571 0.012027871576502709 -0.021185604027074156 -0.013050286412535915 0.024677922326007965
leaf_weight=2.2394314855337134 3.2413491904735556 22.358437359333038 29.377782188355923 42.131217546761036 26.746482044458389 3.7635894492268562 32.822653651237488 4.6047905534505835 2.5364390313625336
leaf_count=12 15 116 176 279 149 20 145 27 17
internal_value=3.62941e-05 0.00576324 0.000216604 0.0127763 -0.00801548 -0.00981002 -0.0152159 -0.0173373 0.000350109
internal_weight=169.822 100.872 51.7362 49.1362 68.9498 7.00494 42.2033 39.9639 7.14123
internal_count=956 606 292 314 350 35 201 189 44
cat_boundaries=0 1
cat_threshold=101005
is_linear=0
shrinkage=0.02


Tree=48
num_leaves=10
num_cat=1
split_feature=0 9 13 12 3 11 10 10 13
split_gain=20.9215 17.0919 8.29425 11.2304 7.35602 6.47066 6.43961 7.27484 6.53347
threshold=0 0.007209839065164046 0.0096297940721040472 0.01163219512859678 1.5000000000000002 -0.033538871349644901 0.029041931043286 0.071315551537070518 0.02045689664695546
decision_type=1 2 2 2 2 2 2 2 2
left_child=1 4 -2 -4 -1 -6 -3 -8 -9
right_child=2 6 3 -5 5 -7 7 8 -10
leaf_value=-0.027620783525691448 0.012211929716230275 0.015350639239656636 -0.010724509138485194 0.0089617364479397978 0.0052030493854684111 -0.016994388392764573 -0.014522072762526612 0.021497342251680106 -0.012785433644416597
leaf_weight=16.099507108330727 49.47440580278635 10.429310232400896 20.332454599440098 26.961420126259327 7.5357506424188641 17.340435236692429 11.579308904707434 6.1096930056810361 3.4958682507276535
leaf_count=71 315 60 105 163 34 78 69 41 20
internal_value=3.64215e-05 -0.00752605 0.00587949 0.000498279 -0.0170873 -0.0102701 0.00248581 -0.00384754 0.0090204
internal_weight=169.358 72.5899 96.7683 47.2939 40.9757 24.8762 31.6142 21.1849 9.60556
internal_count=956 373 583 268 183 112 190 130 61
cat_boundaries=0 1
cat_threshold=361101
is_linear=0
shrinkage=0.02


Tree=49
num_leaves=10
num_cat=2
split_feature=9 0 5 8 11 13 8 7 1
split_gain=20.4987 17.9479 10.4801 9.66898 9.60689 9.06707 5.92859 5.8302 5.45117
threshold=0.020040160642570231 0 244.50000000000003 0.71895787768848618 0.099834219461525459 0.032704546029436135 0.91071928068901764 81.855000000000018 1
decision_type=2 1 2 2 2 2 2 2 1
left_child=1 2 -1 -4 7 6 -2 8 -3
right_child=5 4 3 -5 -6 -7 -8 -9 -10
leaf_value=-0.025079066956969039 0.016694426011996274 0.00059891010408222734 0.015329396969903038 -0.014057484503460921 -0.013164806688165559 -0.027746542549139042 0.0022263120299431463 -0.019654575367609041 0.013496615491269464
leaf_weight=23.499307200312614 34.741594620049 23.690479531884193 6.1783396229147938 16.277957051992416 12.638153359293936 2.4057474732398978 16.8107088804245 3.3022112697362891 29.3425307944417
leaf_count=103 252 116 33 74 57 12 113 16 180
internal_value=3.63497e-05 -0.00473794 -0.0129291 -0.00597235 0.00226571 0.0102054 0.0119765 0.00612955 0.00773506
internal_weight=168.887 114.929 45.9556 22.4563 68.9734 53.9581 51.5523 56.3352 53.033
internal_count=956 579 210 107 369 377 365 312 296
cat_boundaries=0 1 2
cat_threshold=360589 2
is_linear=0
shrinkage=0.02


Tree=50
num_leaves=10
num_cat=1
split_feature=0 13 14 5 4 5 8 7 5
split_gain=19.9208 9.31778 11.767 10.1413 9.23923 9.06229 8.06348 9.02616 6.9937
threshold=0 0.0096297940721040472 1.0343920891387837 183.50000000000003 9.5000000000000018 283.50000000000006 0.5077777450042007 2.9450000000000007 288.50000000000006
decision_type=1 2 2 2 2 2 2 2 2
left_child=5 3 8 4 -2 6 -1 -8 -3
right_child=1 2 -4 -5 -6 -7 7 -9 -10
leaf_value=0.022650929393305288 -0.034476921476616795 -0.012566658624431253 0.0187379141689945 0.016192780256449088 0.011655116757471662 0.00035424125422324509 -0.007767128235723713 -0.026876171181274274 0.0040436455984806732
leaf_weight=2.2071906775236121 3.2571428567171088 21.530454441905022 10.801523298025129 41.20801766961813 3.7197848260402679 26.656237177550793 21.335467234253883 18.427130416035652 19.164661251008511
leaf_count=12 15 109 76 279 20 149 101 88 107
internal_value=3.64186e-05 0.0055402 0.000181123 0.0124174 -0.00988139 -0.0076505 -0.0145574 -0.0166228 -0.00474432
internal_weight=168.308 99.6816 51.4966 48.1849 6.97693 68.626 41.9698 39.7626 40.6951
internal_count=956 606 292 314 35 350 201 189 216
cat_boundaries=0 1
cat_threshold=101005
is_linear=0
shrinkage=0.02


Tree=51
num_leaves=10
num_cat=0
split_feature=9 5 11 8 11 6 10 8 8
split_gain=19.4512 12.1652 8.3027 8.96757 6.84305 6.41083 6.80776 6.35572 4.96384
threshold=0.020040160642570231 196.00000000000003 0.099834219461525459 1.0976891399246107 0.27905094705174766 18.085698781646318 -0.045766617017315214 1.2189496671124609 1.2014833404832206
decision_type=2 2 2 2 2 2 2 2 2
left_child=1 5 3 -3 8 6 -1 -5 -2
right_child=4 2 -4 7 -6 -7 -8 -9 -10
leaf_value=-0.025227296541591115 0.013369000319289639 0.0047693810750259313 -0.014857362212482675 -0.026725914495177062 -0.0191755739175518 -0.027268341504345692 0.002735881691674524 0.0034968904410890801 -0.012834064885168913
leaf_weight=5.5330957770347586 47.257955133914948 61.598052196204662 14.438766464591025 6.8486872017383558 3.0313244611024848 11.98247469961643 9.3967772871255892 4.6887547820806503 3.0803294330835334
leaf_count=25 342 340 65 31 17 52 45 21 18
internal_value=3.65404e-05 -0.00461187 -0.000997768 0.00173846 0.0100082 -0.0163724 -0.00762743 -0.0144435 0.0117656
internal_weight=167.856 114.487 87.5743 73.1355 53.3696 26.9123 14.9299 11.5374 50.3383
internal_count=956 579 457 392 377 122 70 52 360
is_linear=0
shrinkage=0.02


Tree=52
num_leaves=10
num_cat=0
split_feature=14 11 11 8 8 10 11 11 6
split_gain=18.8951 11.055 8.55281 10.7135 7.70549 7.21472 7.00796 6.73125 5.72591
threshold=1.0152009255953356 -0.13600904409179257 0.099834219461525459 1.0976891399246107 1.2014833404832206 0.0051483574708583784 0.27905094705174766 0.028328013660196553 431.49568504314959
decision_type=2 2 2 2 2 2 2 2 2
left_child=1 -1 3 5 -5 7 -2 8 -3
right_child=6 2 -4 4 -6 -7 -8 -9 -10
leaf_value=-0.023163028326389959 0.012671037567134669 0.0045767321626788626 -0.014309685605742545 -0.027446821931771025 0.00022476406609592983 0.010127774172204226 -0.018613419569150608 -0.020453323838765265 -0.022691063050142238
leaf_weight=11.16261465847492 44.721564464271069 27.393717125058178 19.356593914330006 8.5243209451437014 7.6265502721071234 35.240473344922066 3.0601207613944998 6.8134650588035575 3.4706479758024207
leaf_count=51 322 140 92 38 35 210 17 34 17
internal_value=3.63374e-05 -0.00421134 -0.00226023 0.000358364 -0.0143801 0.00362283 0.0106675 -0.00246131 0.00151051
internal_weight=167.37 119.588 108.426 89.0692 16.1509 72.9183 47.7817 37.6778 30.8644
internal_count=956 617 566 474 73 401 339 191 157
is_linear=0
shrinkage=0.02


Tree=53
num_leaves=10
num_cat=1
split_feature=0 5 7 5 8 7 5 14 11
split_gain=18.8197 8.73477 8.52641 8.50786 7.69322 8.74561 6.78655 6.25345 9.79906
threshold=0 245.50000000000003 81.855000000000018 283.50000000000006 0.5077777450042007 2.9450000000000007 187.50000000000003 0.99502293247870222 0.057239341834106151
decision_type=1 2 2 2 2 2 2 2 2
left_child=3 -2 7 4 -1 6 -6 8 -3
right_child=1 2 -4 -5 5 -7 -8 -9 -10
leaf_value=0.022475851318237185 -0.0022458475025645508 0.012184256321861835 -0.011179571523354467 0.00031650196971243726 -0.020718190543407903 -0.026316859398961522 0.002172862967278534 0.016054296601113575 -0.026930464752531372
leaf_weight=2.1726022288203231 33.962517008185387 8.0594916790723783 6.6456677094101897 26.546574078500271 8.9411015957593936 18.294567555189133 12.317417874932287 46.235378406941891 3.7557785063982001
leaf_count=12 189 44 37 149 42 88 59 318 18
internal_value=3.62926e-05 0.00541843 0.0102793 -0.00744455 -0.0141664 -0.0161791 -0.00745486 0.012736 -0.000249334
internal_weight=166.931 98.6588 64.6963 68.2723 41.7257 39.5531 21.2585 58.0506 11.8153
internal_count=956 606 417 350 201 189 101 380 62
cat_boundaries=0 1
cat_threshold=101005
is_linear=0
shrinkage=0.02


Tree=54
num_leaves=10
num_cat=1
split_feature=14 0 6 8 13 11 6 7 11
split_gain=17.9959 15.8064 8.23495 9.91502 6.84966 7.08028 7.36944 9.95035 6.74764
threshold=1.0152009255953356 0 28.801550742047642 0.86216790542243615 0.0077839475226418571 -0.05702041097186495 311.4968850311497 10.030000000000003 0.27905094705174766
decision_type=2 1 2 2 2 2 2 2 2
left_child=1 2 -1 -4 -3 -6 7 -7 -2
right_child=8 4 3 -5 5 6 -8 -9 -10
leaf_value=-0.025479067319013671 0.012471882125415577 0.010935556267333311 0.0035418315332615626 -0.018651520261942067 0.017092420102294698 -0.0062072916799483756 -0.020875692779325338 0.023163238290949281 -0.01811659130032376
leaf_weight=16.445307865738869 44.205216161906719 25.70948176831007 15.361396767199038 16.922379232943058 6.6113571971654883 23.174885362386707 9.2398519888520223 5.7609382793307296 3.0860562622547141
leaf_count=76 322 154 82 77 33 117 45 33 17
internal_value=3.62346e-05 -0.00410465 -0.0115825 -0.00809139 0.00237093 -0.00201611 -0.00532537 -0.000359806 0.0104758
internal_weight=166.517 119.226 48.7291 32.2838 70.4965 44.787 38.1757 28.9358 47.2913
internal_count=956 617 235 159 382 228 195 150 339
cat_boundaries=0 1
cat_threshold=1147021
is_linear=0
shrinkage=0.02


Tree=55
num_leaves=10
num_cat=1
split_feature=0 9 15 7 5 13 12 7 6
split_gain=17.4389 14.1698 8.04515 7.702 8.52583 11.1233 8.67991 7.13487 8.95851
threshold=0 0.007209839065164046 1.0116116134202724 120.66500000000001 288.50000000000006 0.01082123455903986 0.011441222722600604 3.5150000000000001 403.99596004039967
decision_type=1 2 2 2 2 2 2 2 2
left_child=1 -1 -3 4 5 -2 -7 -4 -9
right_child=3 2 7 -5 -6 6 -8 8 -10
leaf_value=-0.015658345746358132 0.0091721937564856072 0.023390230113124844 -0.02116005816106107 -0.016169618970858765 0.014804413081231567 -0.026811526193784196 0.0011513188495003643 0.010532083349631339 -0.023104922904092197
leaf_weight=40.473083943128586 32.983487822115421 5.8632142096757915 6.2469672709703472 5.8639895170927039 37.102929495275021 7.4921965003013637 10.900656051933764 15.074603013694288 4.0094629973173133
leaf_count=183 205 33 33 32 249 35 62 101 23
internal_value=3.62345e-05 -0.00688962 0.00227877 0.00545002 0.00749883 0.00222289 -0.0102391 -0.00260777 0.00346512
internal_weight=166.011 71.6673 31.1942 94.3433 88.4793 51.3763 18.3929 25.331 19.0841
internal_count=956 373 190 583 551 302 97 157 124
cat_boundaries=0 1
cat_threshold=361101
is_linear=0
shrinkage=0.02


Tree=56
num_leaves=10
num_cat=0
split_feature=9 5 13 13 6 10 8 8 8
split_gain=17.1099 10.9843 8.85002 8.43621 6.16992 6.28148 5.82673 5.22106 5.82746
threshold=0.020040160642570231 196.00000000000003 0.017709976160856355 0.032704546029436135 18.085698781646318 -0.045766617017315214 0.91071928068901764 1.0976891399246107 1.2014833404832206
decision_type=2 2 2 2 2 2 2 2 2
left_child=1 4 7 6 5 -1 -2 -3 -9
right_child=3 2 -4 -5 -6 -7 -8 8 -10
leaf_value=-0.024229333908587822 0.016128845792366252 0.0038289450531203808 -0.016659097748911219 -0.026956550751293475 -0.026338772363591501 0.0029204212849799306 0.0015544007156209577 -0.027224305117949602 0.0027064586582456495
leaf_weight=5.3529958575963965 33.212101973593235 64.341512657701969 12.218520581722258 2.4162364304065695 11.818387016654013 9.3848361968994158 16.385791502892971 4.9272356778383237 5.5136085599660873
leaf_count=25 252 357 53 12 52 45 113 22 25
internal_value=3.6409e-05 -0.00431485 -0.00087824 0.00953605 -0.0155735 -0.00694077 0.0113138 0.00170016 -0.0114184
internal_weight=165.571 113.557 87.0009 52.0141 26.5562 14.7378 49.5979 74.7824 10.4408
internal_count=956 579 457 377 122 70 365 404 47
is_linear=0
shrinkage=0.02


Tree=57
num_leaves=10
num_cat=1
split_feature=0 13 12 11 6 14 6 8 14
split_gain=16.8959 8.55204 11.7566 7.837 6.5139 5.69298 5.62012 7.51814 4.91007
threshold=0 0.0096297940721040472 0.01163219512859678 -0.13600904409179257 62.70825929985623 0.99973459085390448 336.99663003369966 0.97037430120153034 1.0273061848184997
decision_type=1 2 2 2 2 2 2 2 2
left_child=3 5 -3 -1 8 6 7 -2 -4
right_child=1 2 4 -5 -6 -7 -8 -9 -10
leaf_value=-0.024821852523811815 0.019696809567448296 -0.010857545977594887 -0.014602146017811329 -0.005338965910545999 0.01581063239941926 0.016345559833653423 -0.025213889729018658 -0.015231841563736612 0.013928857706336086
leaf_weight=9.624617785215376 6.9563154876232129 22.261047996580601 6.5438850596547145 58.184838607907295 18.046397127211094 33.161730714142323 2.6453851312398902 3.817745715379715 3.8219119310379028
leaf_count=46 43 116 32 304 117 239 14 18 27
internal_value=3.61649e-05 0.00517943 2.57473e-05 -0.00706274 0.00855284 0.0118978 0.000906556 0.00731998 -0.00408265
internal_weight=165.064 97.2544 50.6732 67.8095 28.4122 46.5812 13.4194 10.7741 10.3658
internal_count=956 606 292 350 176 314 75 61 59
cat_boundaries=0 1
cat_threshold=101005
is_linear=0
shrinkage=0.02


Tree=58
num_leaves=10
num_cat=1
split_feature=0 14 13 14 5 5 11 10 7
split_gain=16.3248 11.8184 7.96921 8.9786 8.27198 7.24539 5.98224 9.39621 5.91439
threshold=0 1.0003533310824679 0.0096297940721040472 1.0343920891387837 189.50000000000003 289.50000000000006 0.055281596208768803 0.076188493715554487 1.7550000000000001
decision_type=1 2 2 2 2 2 2 2 2
left_child=1 5 4 6 8 -1 -4 -8 -2
right_child=2 -3 3 -5 -6 -7 7 -9 -10
leaf_value=-0.02210818533949277 0.0084510154096498671 -0.00022959457114326843 0.0040506547222045296 0.016511631402153577 0.015391925215617464 0.0010798817914685253 -0.018852444124214635 0.012270821597261344 -0.027446528559289904
leaf_weight=24.369058445096019 4.0887592807412139 36.512349173426628 18.890757635235786 10.645980857312678 38.551332101225853 6.9208200573921195 16.217890866100792 5.1003406047821036 3.3318943083286285
leaf_count=111 22 207 103 79 275 31 80 32 16
internal_value=3.62048e-05 -0.00693637 0.00510756 0.000179745 0.0116698 -0.0169794 -0.00414439 -0.0114063 -0.00766708
internal_weight=164.629 67.8022 96.827 50.855 45.972 31.2899 40.209 21.3182 7.42065
internal_count=956 349 607 294 313 142 215 112 38
cat_boundaries=0 1
cat_threshold=103053
is_linear=0
shrinkage=0.02


Tree=59
num_leaves=10
num_cat=1
split_feature=14 0 6 8 13 6 7 4 7
split_gain=15.9508 13.9657 7.57409 9.05119 6.16255 6.15859 8.05848 5.73387 7.93222
threshold=1.0152009255953356 0 28.801550742047642 0.86216790542243615 0.0077839475226418571 431.49568504314959 9.240000000000002 2.5000000000000004 7.7350000000000003
decision_type=2 1 2 2 2 2 2 2 2
left_child=1 2 -1 7 -3 6 -6 -4 -9
right_child=-2 4 3 -5 5 -7 -8 8 -10
leaf_value=-0.024376548465054614 0.010016138976910203 0.010498572288102415 0.020157097426898359 -0.0176244778753584 -0.004121405183380342 -0.018431697096649987 0.017029272311257133 0.010204190645553611 -0.026030673773800098
leaf_weight=16.082682937383652 46.075330697000027 25.163516998291016 5.4065864756703368 16.959111668169498 27.317656069993973 7.4834002256393424 9.7870029881596547 5.5833826437592489 4.2606680616736412
leaf_count=76 339 154 31 77 137 35 56 30 21
internal_value=3.6167e-05 -0.00385925 -0.0109086 -0.00757064 0.00226112 -0.00188062 0.00145746 0.00360948 -0.00547886
internal_weight=164.119 118.044 48.2924 32.2097 69.7516 44.5881 37.1047 15.2506 9.84405
internal_count=956 617 235 159 382 228 193 82 51
cat_boundaries=0 1
cat_threshold=1147021
is_linear=0
shrinkage=0.02


Tree=60
num_leaves=10
num_cat=1
split_feature=14 0 6 8 13 6 7 4 7
split_gain=15.4002 13.4267 7.34222 8.65907 5.95404 5.88397 7.7963 5.55693 7.58614
threshold=1.0152009255953356 0 28.801550742047642 0.86216790542243615 0.0077839475226418571 431.49568504314959 9.240000000000002 2.5000000000000004 7.7350000000000003
decision_type=2 1 2 2 2 2 2 2 2
left_child=1 2 -1 7 -3 6 -6 -4 -9
right_child=-2 4 3 -5 5 -7 -8 8 -10
leaf_value=-0.023988123992683869 0.0098808757290247962 0.01034754190271262 0.019948304719944004 -0.017222798102060632 -0.0040332950170205431 -0.017971563216413865 0.016831374295919906 0.010036090168815166 -0.025373629044914806
leaf_weight=16.01690149307251 45.774998031556606 25.021621353924274 5.3544385805726042 17.007054835557938 27.355751216411591 7.5211129859089842 9.7048646211624128 5.5635654926300031 4.2833431139588356
leaf_count=76 339 154 31 77 137 35 56 30 21
internal_value=3.60355e-05 -0.00378857 -0.0107026 -0.0074187 0.00222049 -0.00184277 0.00143042 0.00354998 -0.00536691
internal_weight=163.604 117.829 48.2253 32.2084 69.6034 44.5817 37.0606 15.2013 9.84691
internal_count=956 617 235 159 382 228 193 82 51
cat_boundaries=0 1
cat_threshold=1147021
is_linear=0
shrinkage=0.02


Tree=61
num_leaves=10
num_cat=1
split_feature=0 13 12 5 4 11 6 7 5
split_gain=14.9398 7.9211 10.8398 9.19017 8.33478 7.18159 6.33543 5.05244 4.63393
threshold=0 0.0096297940721040472 0.01163219512859678 183.50000000000003 9.5000000000000018 -0.13600904409179257 62.70825929985623 56.925000000000004 289.50000000000006
decision_type=1 2 2 2 2 2 2 2 2
left_child=5 3 8 4 -2 -1 -4 -5 -3
right_child=1 2 6 7 -6 -7 -8 -9 -10
leaf_value=-0.023960684917344707 -0.032973498586975208 -0.018688431790522091 -0.0042305300379101634 0.017215606559152902 0.011084558801076724 -0.005022059221394308 0.015519464348211222 -0.01174860580832446 -0.00036691328182722574
leaf_weight=9.2906276285648328 3.2653692513704291 12.261153824627401 10.274074174463751 36.010319486260414 3.6233422011137009 58.063157394528389 17.671429038047791 2.5817174762487403 10.046252630650995
leaf_count=46 15 61 59 265 20 304 117 14 55
internal_value=3.58856e-05 0.00491857 -4.06247e-05 0.0114796 -0.00979973 -0.00664746 0.00825844 0.015278 -0.0104372
internal_weight=163.087 95.7337 50.2529 45.4807 6.88871 67.3538 27.9455 38.592 22.3074
internal_count=956 606 292 314 35 350 176 279 116
cat_boundaries=0 1
cat_threshold=101005
is_linear=0
shrinkage=0.02


Tree=62
num_leaves=10
num_cat=1
split_feature=14 0 5 8 11 11 8 7 8
split_gain=14.7164 12.5513 7.0558 7.27801 6.34768 5.903 8.93701 7.48686 5.33731
threshold=1.0152009255953356 0 244.50000000000003 0.71895787768848618 0.27905094705174766 0.099834219461525459 1.1112555744495538 81.855000000000018 1.2014833404832206
decision_type=2 1 2 2 2 2 2 2 2
left_child=1 2 -1 -4 -2 6 7 -3 -8
right_child=4 5 3 -5 -6 -7 8 -9 -10
leaf_value=-0.022179196849145467 0.011729490916961512 0.0098222698954981372 0.014196145898432176 -0.013007814940247569 -0.018015364329039902 -0.00947764431468885 -0.025348357808496879 -0.022175478001924459 0.0036815556613445295
leaf_weight=20.825110465288162 42.276059001684189 48.383454218506813 5.4420622289180782 14.193356826901434 3.0787909626960746 15.052577272057531 5.741938151419161 3.1131689250469199 4.533480167388916
leaf_count=96 322 292 29 63 17 74 26 15 22
internal_value=3.58863e-05 -0.00370528 -0.0112811 -0.00546809 0.00971034 0.00155115 0.00448975 0.00788788 -0.0125405
internal_weight=162.64 117.285 40.4605 19.6354 45.3548 76.8246 61.772 51.4966 10.2754
internal_count=956 617 188 92 339 429 355 307 48
cat_boundaries=0 1
cat_threshold=98445
is_linear=0
shrinkage=0.02


Tree=63
num_leaves=10
num_cat=1
split_feature=9 0 5 8 13 11 12 8 10
split_gain=14.2793 12.3357 8.44363 8.12957 7.99386 7.2476 5.95958 5.81201 4.46889
threshold=0.020040160642570231 0 244.50000000000003 0.71895787768848618 0.032704546029436135 0.099834219461525459 0.0074944752161744234 0.91071928068901764 -0.016805198973042324
decision_type=2 1 2 2 2 2 2 2 2
left_child=1 2 -1 -4 7 -3 -7 -2 -5
right_child=4 5 3 8 -6 6 -8 -9 -10
leaf_value=-0.021884590760573128 0.01562067390870955 0.0054197366244658632 0.015253797824188974 -0.028702665526775792 -0.02665217834778098 -0.02813015957721968 -0.00012939998644732637 0.00082913159284620592 -0.0053875668314434626
leaf_weight=22.370067313313484 31.862151689827442 54.367869578301907 6.0665095075964954 4.5458471924066606 2.4088994711637488 5.0856491178274137 7.560380145907402 15.94237384945154 11.888062655925745
leaf_count=103 252 312 33 19 12 23 34 113 55
internal_value=3.57634e-05 -0.00394092 -0.0107808 -0.00453273 0.00889651 0.00195577 -0.01139 0.0106878 -0.0118368
internal_weight=162.098 111.884 44.8705 22.5004 50.2134 67.0139 12.646 47.8045 16.4339
internal_count=956 579 210 107 377 369 57 365 74
cat_boundaries=0 1
cat_threshold=360589
is_linear=0
shrinkage=0.02


Tree=64
num_leaves=10
num_cat=1
split_feature=9 0 5 13 8 8 11 13 10
split_gain=13.8066 9.14471 9.97927 7.50836 6.88178 6.06282 5.44127 5.35759 4.4034
threshold=0.018161765463784719 0 257.50000000000006 0.02045689664695546 0.71895787768848618 1.2014833404832206 -0.06896551724137924 0.0077839475226418571 0.0027355743143817391
decision_type=2 1 2 2 2 2 2 2 2
left_child=1 2 -1 5 -4 -2 -3 -8 -6
right_child=3 6 4 -5 8 -7 7 -9 -10
leaf_value=-0.019388579497889673 0.013275858453166277 0.018515385681436285 0.018961944638018171 -0.0082293347323520571 -0.019163363457753373 -0.017512161509220994 0.0075923382556344577 -0.0057360480494935149 0.0015580081795049361
leaf_weight=27.521807476878166 43.27323517203331 7.0400219410657874 5.1378196254372623 9.3214906603097898 7.296250224113467 2.719178043305873 20.455642588436604 29.404665581882 9.3704628124833089
leaf_count=129 339 35 30 54 33 16 126 147 47
internal_value=3.55462e-05 -0.00418368 -0.00946303 0.0081383 -0.00127489 0.0114556 0.0017487 -0.000267957 -0.00751327
internal_weight=161.541 106.227 49.3263 55.3139 21.8045 45.9924 56.9003 49.8603 16.6667
internal_count=956 547 239 409 110 355 308 273 80
cat_boundaries=0 1
cat_threshold=1409165
is_linear=0
shrinkage=0.02


Tree=65
num_leaves=10
num_cat=0
split_feature=5 13 14 6 6 7 6 13 10
split_gain=13.4979 10.1928 7.78985 7.40821 6.38599 5.5433 9.04204 6.39115 4.89151
threshold=245.50000000000003 0.020158179393801611 1.0152009255953356 308.49691503084972 100.41637382031593 1.5050000000000001 16.755230690510206 0.007808158275075504 -0.021038697814752923
decision_type=2 2 2 2 2 2 2 2 2
left_child=2 3 5 4 8 6 -1 -7 -2
right_child=1 -3 -4 -5 -6 7 -8 -9 -10
leaf_value=-0.011348417398202843 -0.01384239058220102 -0.011026490616758795 0.007457151662356898 -0.0020712285997685148 0.018072661894254171 -0.0047666239112235846 0.026494183765386887 -0.021061796003613367 0.0082009724635974633
leaf_weight=7.266817092895506 4.7070282548665991 14.230662375688551 11.691983774304388 24.23084033280611 27.744493372738361 16.67733596265316 3.8709636330604553 22.776094645261765 27.859060160815716
leaf_count=34 25 73 86 145 198 85 18 108 184
internal_value=3.54526e-05 0.00463319 -0.00725589 0.00726915 0.0110218 -0.0106562 0.00180387 -0.0141737 0.00501487
internal_weight=161.055 98.7721 62.2832 84.5414 60.3106 50.5912 11.1378 39.4534 32.5661
internal_count=956 625 331 552 407 245 52 193 209
is_linear=0
shrinkage=0.02


Tree=66
num_leaves=10
num_cat=0
split_feature=14 13 5 6 11 3 4 7 5
split_gain=13.119 10.96 12.5064 6.30638 5.89851 4.59474 4.52546 4.2571 4.1564
threshold=1.0152009255953356 0.017709976160856355 245.50000000000003 308.49691503084972 0.27905094705174766 2.5000000000000004 15.500000000000002 144.05500000000004 283.50000000000006
decision_type=2 2 2 2 2 2 2 2 2
left_child=1 2 6 -4 7 -3 -1 8 -2
right_child=4 5 3 -5 -6 -7 -8 -9 -10
leaf_value=-0.011191650280837096 0.0051623924965385941 -0.026230139329730617 0.0095285914053250976 -0.0050206265566321807 -0.017249137928006263 -0.0023638852903321715 0.010057376387975365 -0.018158454459401192 0.018307216616517973
leaf_weight=39.800758332014084 16.775835998356342 10.895151644945143 39.522162683308125 17.061179496347904 3.1136591136455527 4.5843244045972815 4.4581377804279319 1.8731629922986019 22.564023844897747
leaf_count=192 126 50 243 90 17 20 22 13 183
internal_value=3.5368e-05 -0.00349277 -0.0010875 0.00514167 0.00929387 -0.019162 -0.00905127 0.0112992 0.0127018
internal_weight=160.648 116.322 100.842 56.5833 44.3267 15.4795 44.2589 41.213 39.3399
internal_count=956 617 547 333 339 70 214 322 309
is_linear=0
shrinkage=0.02


Tree=67
num_leaves=10
num_cat=1
split_feature=0 14 13 12 5 5 11 10 11
split_gain=13.1662 9.13597 7.03896 11.5445 7.46257 6.69666 5.31108 7.13606 9.16936
threshold=0 1.0003533310824679 0.0096297940721040472 0.01163219512859678 189.50000000000003 289.50000000000006 0.043410993346658412 0.06838947403073399 0.23532224406877317
decision_type=1 2 2 2 2 2 2 2 2
left_child=1 5 4 -4 -2 -1 -3 -8 -9
right_child=2 6 3 -5 -6 -7 7 8 -10
leaf_value=-0.020363774145075952 -0.0073590210933818755 0.007301089352312635 -0.010923131107796708 0.0084892648174875185 0.014686520811970055 0.0020082674773438222 -0.019253785477255297 0.020765368700528128 -0.025753033150031471
leaf_weight=23.530252724885944 7.3787299171090117 17.969313651323318 21.747064754366875 28.071871317923069 36.64368512481451 6.9275386333465567 10.051571168005468 5.4033140614628783 2.4695844054222107
leaf_count=111 38 98 114 180 275 31 57 39 13
internal_value=3.52476e-05 -0.00627341 0.00466704 1.53257e-05 0.0109914 -0.0152753 -0.000382593 -0.0080855 0.0061734
internal_weight=160.193 66.3516 93.8414 49.8189 44.0224 30.4578 35.8938 17.9245 7.8729
internal_count=956 349 607 294 313 142 207 109 52
cat_boundaries=0 1
cat_threshold=103053
is_linear=0
shrinkage=0.02


Tree=68
num_leaves=10
num_cat=2
split_feature=0 1 13 12 10 6 7 5 10
split_gain=12.7441 8.85728 14.6317 12.5493 7.54085 7.83287 6.1038 9.38598 7.43415
threshold=0 1 0.017186011786689291 0.022613841056960928 -0.037914803262054146 403.99596004039967 81.855000000000018 253.50000000000003 -0.0057595661043936307
decision_type=1 1 2 2 2 2 2 2 2
left_child=4 2 -2 -4 -1 -6 7 -3 -9
right_child=1 6 3 -5 5 -7 -8 8 -10
leaf_value=-0.024227209508966334 0.018066920235190957 -0.0048482643827113918 -0.028615608747522465 0.015274394761193509 -0.0012262321142160939 -0.02802970132064727 -0.017899222046215243 -0.0051866631455716504 0.01758803306549328
leaf_weight=10.797127842903135 31.434961222112179 37.68579027056694 5.8742855042219144 4.6834415644407272 30.042330905795097 5.1017240285873404 7.1310094222426406 8.2676289826631564 18.700923919677734
leaf_count=56 251 196 27 29 163 25 38 44 127
internal_value=3.52577e-05 0.00361174 0.0112251 -0.00914586 -0.00789084 -0.00511719 -0.000338776 0.00159804 0.0106061
internal_weight=159.719 113.778 41.9927 10.5577 45.9412 35.1441 71.7854 64.6543 26.9686
internal_count=956 712 307 56 244 188 405 367 171
cat_boundaries=0 1 2
cat_threshold=33293 1
is_linear=0
shrinkage=0.02


Tree=69
num_leaves=10
num_cat=0
split_feature=9 5 13 13 6 8 10 10 6
split_gain=12.247 8.10298 7.15593 6.64133 5.88048 5.69128 5.26548 4.35814 4.12839
threshold=0.020040160642570231 196.00000000000003 0.032704546029436135 0.017709976160856355 18.085698781646318 0.91071928068901764 -0.045766617017315214 0.016199625965250892 308.49691503084972
decision_type=2 2 2 2 2 2 2 2 2
left_child=1 4 5 8 6 -2 -1 -8 -3
right_child=2 3 -4 -5 -6 -7 7 -9 -10
leaf_value=-0.021944138177837885 0.01516265681193012 0.0041950034237349032 -0.024976302819859641 -0.014477805135245039 -0.024301796583923674 0.00033359436241152266 0.014692164511810222 -0.013195657680228344 -0.0070862174677958
leaf_weight=4.8317554444074622 30.632566176354885 56.117237098515034 2.4421476274728766 11.984211236238478 11.297219961881636 15.637083627283571 5.7104454636573809 3.6897787898778915 16.878282964229584
leaf_count=25 252 317 12 53 52 113 27 18 87
internal_value=3.53833e-05 -0.00364729 0.00838999 -0.000678941 -0.0135281 0.0101511 -0.00497604 0.00374563 0.00158652
internal_weight=159.221 110.509 48.7118 84.9797 25.5292 46.2696 14.232 9.40022 72.9955
internal_count=956 579 377 457 122 365 70 45 404
is_linear=0
shrinkage=0.02


Tree=70
num_leaves=10
num_cat=2
split_feature=0 8 13 9 9 5 1 8 7
split_gain=12.7596 8.49072 9.00012 8.7797 8.07388 7.33387 6.27664 4.78889 6.01813
threshold=0 0.76576556102950677 0.015831260200875243 -0.011047330360694789 0.062693197818381896 287.50000000000006 1 0.53587497339654999 2.0250000000000004
decision_type=1 2 2 2 2 2 1 2 2
left_child=5 -2 6 -4 -5 7 -3 -1 -9
right_child=1 2 3 4 -6 -7 -8 8 -10
leaf_value=0.01080521778322413 0.012753487697553374 0.015834998278709198 0.018739089399803587 -0.036996466817065463 -0.00030739810336010212 0.00054461936182396043 0.00021360664059444153 -0.0012830232800080286 -0.021805065062755237
leaf_weight=2.7879603058099738 33.557044304907322 13.461500316858293 2.5138129144907007 6.2903557568788493 3.8785305470228195 22.470779046416283 43.64723813533783 7.6623843908309963 22.499872699379921
leaf_count=15 243 108 11 27 25 128 249 37 113
internal_value=3.50775e-05 0.00409047 0.000511231 -0.0147292 -0.0230028 -0.00700203 0.00389583 -0.0142736 -0.0165917
internal_weight=158.769 103.348 69.7914 12.6827 10.1689 55.421 57.1087 32.9502 30.1623
internal_count=956 663 420 63 52 293 357 165 150
cat_boundaries=0 1 2
cat_threshold=98829 1
is_linear=0
shrinkage=0.02


Tree=71
num_leaves=10
num_cat=1
split_feature=0 8 5 7 14 15 14 7 11
split_gain=12.2755 8.23516 7.05111 6.15376 6.22168 6.43006 5.12619 5.51581 5.08978
threshold=0 0.76576556102950677 287.50000000000006 86.310000000000016 1.023936046185818 1.073164649137142 1.0003533310824679 1.7250000000000003 0.0066904274991537623
decision_type=1 2 2 2 2 2 2 2 2
left_child=2 -2 6 4 5 -3 7 -1 -8
right_child=1 3 -4 -5 -6 -7 8 -9 -10
leaf_value=0.0021607688924392097 0.012594191198725473 0.00077646938970911958 0.00053385336506562458 -0.026405834905008283 0.015454199382497398 -0.028170865832327856 0.012273762113416735 -0.026103977986473098 -0.013212763288581909
leaf_weight=3.3771026134490993 33.304417341947556 51.998354934155941 22.46551863104105 3.2413686737418166 11.135946772992609 3.2619832530617705 4.612779736518859 15.155679836869238 9.7786729931831342
leaf_count=16 243 296 128 19 89 16 24 74 51
internal_value=3.48022e-05 0.00402357 -0.0068653 0.000502434 0.00181606 -0.000932274 -0.0139992 -0.0209535 -0.00504377
internal_weight=158.332 102.942 55.3898 69.6377 66.3963 55.2603 32.9242 18.5328 14.3915
internal_count=956 663 293 420 401 312 165 90 75
cat_boundaries=0 1
cat_threshold=98829
is_linear=0
shrinkage=0.02


Tree=72
num_leaves=10
num_cat=1
split_feature=0 8 13 9 15 11 10 11 8
split_gain=11.8145 7.9898 8.5829 8.4678 7.77054 6.30352 6.12569 4.87839 5.19434
threshold=0 0.76576556102950677 0.015831260200875243 -0.011047330360694789 1.0871286214724079 -0.13600904409179257 0.027629080430156803 0.036461425276048641 1.1135795367769739
decision_type=1 2 2 2 2 2 2 2 2
left_child=5 -2 6 -4 -5 -1 7 8 -3
right_child=1 2 3 4 -6 -7 -8 -9 -10
leaf_value=-0.024144671812995431 0.012436200104229895 0.0078111326983747089 0.018530590794019058 -0.039771221261755273 -0.0047622302984424124 -0.0051395311176734831 0.012580511294377096 -0.01384384069238195 -0.012950678837939775
leaf_weight=8.1952714473009092 33.055492274463177 21.218442827463154 2.5040807425975808 5.151266954839226 4.9952031746506691 47.103355690836906 20.410056419670582 9.0407004430890066 6.2369760721921912
leaf_count=45 243 123 11 23 29 248 153 52 29
internal_value=3.44685e-05 0.0039552 0.000493404 -0.0144072 -0.022536 -0.00673768 0.00380588 -0.00110124 0.00309473
internal_weight=157.911 102.612 69.5567 12.6506 10.1465 55.2986 56.9062 36.4961 27.4554
internal_count=956 663 420 63 52 293 357 204 152
cat_boundaries=0 1
cat_threshold=98829
is_linear=0
shrinkage=0.02


Tree=73
num_leaves=10
num_cat=2
split_feature=0 8 13 14 9 14 5 1 15
split_gain=11.3658 7.78947 8.33726 7.64233 7.1127 10.0169 6.76227 6.25714 5.17015
threshold=0 0.70552030863388782 0.015831260200875243 1.0222637559808614 -0.011047330360694789 1.0371378674958158 287.50000000000006 1 1.0510770543648242
decision_type=1 2 2 2 2 2 2 1 2
left_child=6 -2 3 7 -4 -6 -1 -3 -9
right_child=1 2 4 -5 5 -7 -8 8 -10
leaf_value=-0.013598021085623009 0.01428248907453716 0.013830782074100129 0.018227690020858743 0.02085464326167185 -0.032447757926302154 0.0058218621686427045 0.0006394699701731799 6.1313057220831074e-05 -0.023402828900611183
leaf_weight=32.767678201198578 23.837306879460812 12.534434705972673 2.494871824979783 9.5249431878328306 7.7261685878038371 4.2356087639927864 22.511268012225628 37.688290469348431 4.1720566451549521
leaf_count=165 180 96 11 87 34 29 128 204 22
internal_value=3.42047e-05 0.0038905 0.00122628 0.00432845 -0.0124899 -0.0188967 -0.0066052 0.00143458 -0.00227727
internal_weight=157.493 102.214 78.3764 63.9197 14.4566 11.9618 55.2789 54.3948 41.8603
internal_count=956 663 483 409 74 63 293 322 226
cat_boundaries=0 1 2
cat_threshold=98829 1
is_linear=0
shrinkage=0.02


Tree=74
num_leaves=10
num_cat=1
split_feature=14 0 8 13 3 13 6 13 10
split_gain=11.1085 9.7534 8.11655 6.932 6.3943 4.96817 4.38301 3.80927 4.01677
threshold=1.0152009255953356 0 0.79423268566350236 0.037392369044833229 1.5000000000000002 0.012694290039116837 16.755230690510206 0.015114566481851695 0.0027355743143817391
decision_type=2 1 2 2 2 2 2 2 2
left_child=1 2 4 -2 -1 -6 -4 8 -8
right_child=3 -3 6 -5 5 -7 7 -9 -10
leaf_value=-0.013843397386506768 0.01033237272120816 0.0029039416618133387 -0.031750993339949116 -0.031716567527024439 0.017099525636178236 -0.012062244895022306 -0.017151171113780121 -0.02309059640877369 -0.00084919128780825987
leaf_weight=7.3289112448692348 41.135574236512184 55.530597634613514 5.268806740641593 1.6303808987140644 9.2467374801635724 3.1271237730979911 10.791752718389036 9.2301411628723127 13.747596323490141
leaf_count=38 331 312 27 8 60 14 49 43 74
internal_value=3.41819e-05 -0.00321996 -0.00812101 0.00872933 0.000961167 0.00972976 -0.0147851 -0.012138 -0.00801837
internal_weight=157.038 114.272 58.7411 42.766 19.7028 12.3739 39.0383 33.7695 24.5393
internal_count=956 617 305 339 112 74 193 166 123
cat_boundaries=0 1
cat_threshold=1409167
is_linear=0
shrinkage=0.02


Tree=75
num_leaves=10
num_cat=3
split_feature=5 0 13 11 1 1 13 13 15
split_gain=10.7197 10.1701 6.86939 7.1435 10.0534 6.35048 6.27309 6.13318 4.32645
threshold=286.50000000000006 0 0.0091995450278026802 -0.036420839051708211 1 2 0.019226766915215385 0.028540960894616548 1.0658826028695556
decision_type=2 1 2 2 1 1 2 2 2
left_child=1 2 3 -1 -5 6 8 -7 -2
right_child=5 -3 -4 4 -6 7 -8 -9 -10
leaf_value=-0.023143542703048841 -0.00024511409693742895 0.0021158820597404165 -0.02149895065775705 -0.021140300887105869 0.015561955431547392 0.014210095637070111 -0.025509687643271869 -0.016384430137521052 0.023668215471680267
leaf_weight=5.9066761583089855 24.818390466272838 49.259211964905262 20.231960296630859 4.4907016828656197 8.9052875712513906 33.103270620107651 3.557352937757968 2.8463010117411605 3.4465622603893271
leaf_count=28 144 285 107 21 64 247 18 14 28
internal_value=3.7533e-05 -0.00453447 -0.0106596 -0.00482071 0.00325836 0.00602771 -0.000479422 0.0117878 0.00267082
internal_weight=156.566 88.7938 39.5346 19.3027 13.396 67.7719 31.8223 35.9496 28.265
internal_count=956 505 220 113 85 451 190 261 172
cat_boundaries=0 1 2 3
cat_threshold=1114255 2 4
is_linear=0
shrinkage=0.02


Tree=76
num_leaves=10
num_cat=1
split_feature=14 0 8 13 6 6 11 12 10
split_gain=10.5741 9.14878 7.6297 6.48706 6.03286 4.17016 3.77401 4.38249 3.67984
threshold=1.0152009255953356 0 0.79423268566350236 0.037392369044833229 31.535665484769847 16.755230690510206 -0.06896551724137924 0.014667193146510557 -0.01822753804461115
decision_type=2 1 2 2 2 2 2 2 2
left_child=1 2 4 -2 -1 -4 -3 8 -8
right_child=3 6 5 -5 -6 -7 7 -9 -10
leaf_value=-0.014593691366554447 0.010149133455037714 0.017612116837784776 -0.031014316125931685 -0.030189534404429785 0.0089018883496961125 -0.011792304164620213 0.016063384753529718 -0.015328731073133326 0.00083227488229555002
leaf_weight=6.6063907518982914 40.706540271639824 6.5138817131519309 5.2136961966752997 1.6596636623144139 12.920518934726713 33.666597634553909 7.7233391404151908 5.5488404855132094 35.550955936312675
leaf_count=35 331 33 27 8 77 166 43 27 209
internal_value=4.00277e-05 -0.00313671 -0.00789538 0.0085689 0.000952808 -0.0143699 0.00280572 0.00140496 0.00355063
internal_weight=156.11 113.744 58.4072 42.3662 19.5269 38.8803 55.337 48.8231 43.2743
internal_count=956 617 305 339 112 193 312 279 252
cat_boundaries=0 1
cat_threshold=1409167
is_linear=0
shrinkage=0.02


Tree=77
num_leaves=10
num_cat=0
split_feature=9 5 13 11 8 8 8 6 7
split_gain=10.2471 7.01687 6.73397 5.19118 5.83693 8.44033 5.12452 5.11348 4.90493
threshold=0.018161765463784719 191.00000000000003 0.036609152614105793 0.099834219461525459 1.0976891399246107 1.2014833404832206 1.2014833404832206 18.085698781646318 1.7150000000000001
decision_type=2 2 2 2 2 2 2 2 2
left_child=1 7 6 4 8 -6 -2 -1 -3
right_child=2 3 -4 -5 5 -7 -8 -9 -10
leaf_value=-0.0051279202990007723 0.010327071565989205 0.030328142292065662 -0.029592309026527455 -0.012589914205188513 -0.031341496828058792 0.0039181255543948544 -0.015608472170629668 -0.024075699691855138 0.0026655434721979793
leaf_weight=13.231124445796015 47.141500748693943 2.6919762790203086 1.9116083830595005 12.600306823849676 4.9398593604564649 6.0310247987508774 3.2579533234238616 10.005405530333517 53.904269717633724
leaf_count=66 381 13 9 57 22 28 19 47 314
internal_value=3.96592e-05 -0.00360951 0.00725302 -0.000804594 0.0013932 -0.0119582 0.00865053 -0.0132866 0.0039813
internal_weight=155.715 103.404 52.3111 80.1674 67.5671 10.9709 50.3995 23.2365 56.5962
internal_count=956 547 409 434 377 50 400 113 327
is_linear=0
shrinkage=0.02


Tree=78
num_leaves=10
num_cat=1
split_feature=0 7 5 11 13 5 13 11 3
split_gain=10.2191 7.03091 8.92033 8.47245 6.65235 6.05267 6.02818 5.68902 7.31521
threshold=0 81.855000000000018 245.50000000000003 0.11692258867758699 0.007808158275075504 301.50000000000006 0.02265876312073916 0.060957580949987086 2.5000000000000004
decision_type=1 2 2 2 2 2 2 2 2
left_child=5 2 4 -3 -2 -1 -4 -7 -9
right_child=1 3 6 -5 -6 7 -8 8 -10
leaf_value=-0.012526521455112951 0.0098456589727179272 -0.030933963091061209 0.013028139590748998 0.014203834865271383 -0.0075331202664736946 0.011263448714551663 -0.0095526576471950762 0.0026872907768421567 -0.034401777476288795
leaf_weight=34.471664071083069 13.295249074697493 4.6743097230792037 48.818717397749424 2.5822793319821358 26.118394590914249 10.693745620548727 5.2362074926495543 6.1973948031663877 3.2387802004814148
leaf_count=177 78 25 370 16 146 57 28 38 21
internal_value=3.92786e-05 0.00372299 0.00556492 -0.0148715 -0.00167081 -0.00628664 0.0108408 0.00127586 -0.0100428
internal_weight=155.327 100.725 93.4686 7.25659 39.4136 54.6016 54.0549 20.1299 9.43618
internal_count=956 663 622 41 224 293 398 116 59
cat_boundaries=0 1
cat_threshold=98829
is_linear=0
shrinkage=0.02


Tree=79
num_leaves=10
num_cat=0
split_feature=14 8 13 12 5 10 6 6 7
split_gain=9.9753 7.88112 7.93037 5.85113 5.34211 5.0563 4.51338 5.26981 5.36998
threshold=1.0003533310824679 0.79574173287539007 0.017186011786689291 0.022093856619620097 187.50000000000003 0.082618620215854532 386.49613503864964 219.74890125549373 2.9450000000000007
decision_type=2 2 2 2 2 2 2 2 2
left_child=4 -2 5 -4 -1 -3 7 8 -6
right_child=1 2 3 -5 6 -7 -8 -9 -10
leaf_value=-0.01707537160084199 0.010428667557071327 6.6899932287319727e-06 -0.039872606478233999 -0.0045846583172824244 0.0085970164085083182 0.024149541055941193 -0.015459480220290154 0.018957307584351209 -0.0087056421610812538
leaf_weight=14.088263109326361 42.979706540703773 39.857840038836002 3.3334165662527075 4.3092594966292381 10.793251082301138 3.8007747009396544 9.3350646644830686 5.1104033365845671 21.400842115283012
leaf_count=70 319 257 15 26 50 30 43 30 116
internal_value=3.92867e-05 0.00411118 -0.00118155 -0.0199758 -0.0062824 0.00210849 -0.0030222 9.0101e-05 -0.00290483
internal_weight=155.009 94.281 51.3013 7.64268 60.7278 43.6586 46.6396 37.3045 32.1941
internal_count=956 647 328 41 309 287 239 196 166
is_linear=0
shrinkage=0.02


Tree=80
num_leaves=10
num_cat=1
split_feature=0 8 5 11 3 7 14 11 8
split_gain=9.82998 7.09579 5.72986 5.55658 6.90831 5.32961 6.08161 6.24042 6.08582
threshold=0 0.70552030863388782 301.50000000000006 0.060957580949987086 2.5000000000000004 86.310000000000016 1.023936046185818 0.12308248692521322 0.98776822863000613
decision_type=1 2 2 2 2 2 2 2 2
left_child=2 -2 -1 -4 -5 6 7 8 -3
right_child=1 5 3 4 -6 -7 -8 -9 -10
leaf_value=-0.012261377179786044 0.013781983133776272 0.0080409451773413576 0.011103549415287498 0.0025068940158789782 -0.033431396649677307 -0.018988343370068911 0.015738310887568389 -0.01743767964358487 -0.0056524535448649214
leaf_weight=34.375029139220715 22.990129962563515 31.085002861917019 10.630675777792932 6.1562630981206876 3.2791419252753258 4.9333664625883094 11.640187487006186 7.2630461305379859 22.292967259883881
leaf_count=177 180 203 57 38 21 28 99 37 116
internal_value=3.89408e-05 0.00366284 -0.0061706 0.00118833 -0.00998295 0.0011243 0.00249704 -4.46534e-05 0.00232198
internal_weight=154.646 100.205 54.4411 20.0661 9.43541 77.2146 72.2812 60.641 53.378
internal_count=956 663 293 116 59 483 455 356 319
cat_boundaries=0 1
cat_threshold=98829
is_linear=0
shrinkage=0.02


Tree=81
num_leaves=10
num_cat=1
split_feature=14 13 13 1 8 14 10 3 7
split_gain=9.51486 8.3139 5.81354 5.81289 7.92622 5.9485 4.41292 4.14395 4.13487
threshold=1.0152009255953356 0.017709976160856355 0.037392369044833229 0 1.0014540881560101 0.99973459085390448 -0.0040042145409675822 2.5000000000000004 1.9200000000000002
decision_type=2 2 2 1 2 2 2 2 2
left_child=1 3 -2 8 5 -5 -6 -3 -1
right_child=2 7 -4 4 6 -7 -8 -9 -10
leaf_value=0.00042363591517340196 0.0097736917867848813 -0.024111859084241606 -0.027984834801918722 -0.0012145254049387142 -0.024311427171047579 0.013206009066991551 -2.728613929425394e-05 -0.0010603724071984141 -0.012572155571612318
leaf_weight=17.648467570543289 39.802725523710251 10.148741513490675 1.700755938887595 20.389855735003948 5.602649986743927 26.073749765753746 6.426744192838667 4.5037745088338843 22.001463778316975
leaf_count=84 331 50 8 115 25 181 33 20 109
internal_value=3.88635e-05 -0.00297377 0.0082264 -0.000875732 0.0031317 0.00687777 -0.0113375 -0.0170265 -0.00678764
internal_weight=154.299 112.795 41.5035 98.1429 58.493 46.4636 12.0294 14.6525 39.6499
internal_count=956 617 339 547 354 296 58 70 193
cat_boundaries=0 1
cat_threshold=2
is_linear=0
shrinkage=0.02


Tree=82
num_leaves=10
num_cat=1
split_feature=0 11 13 12 7 8 8 7 10
split_gain=9.19453 6.791 6.11144 10.1469 4.5962 4.33623 5.3981 4.80884 3.71683
threshold=0 -0.13600904409179257 0.0096297940721040472 0.01163219512859678 120.66500000000001 1.1135795367769739 1.2154274951333419 109.68000000000002 0.027629080430156803
decision_type=1 2 2 2 2 2 2 2 2
left_child=1 -1 5 -4 8 7 -7 -2 -5
right_child=2 -3 3 4 -6 6 -8 -9 -10
leaf_value=-0.023592211004897251 0.014691054252491802 -0.0036872395319913036 -0.010751949482960019 0.00021123322721108704 -0.016555603451764 -0.020088364911453455 0.01543256368299689 -0.019948711014862234 0.016564723946261305
leaf_weight=7.7981251925230017 32.792298175394535 56.74784517288208 21.143157318234444 8.7482207641005569 2.7813727483153334 3.858945094048976 3.0749911665916443 1.6854566559195507 15.250087834894655
leaf_count=46 267 303 114 47 17 20 17 9 116
internal_value=3.85486e-05 -0.00527484 0.00401824 -0.000394719 0.00778255 0.0100954 -0.00433591 0.0129977 0.0106033
internal_weight=153.881 64.546 89.3345 47.9228 26.7797 41.4117 6.93394 34.4778 23.9983
internal_count=956 349 607 294 180 313 37 276 163
cat_boundaries=0 1
cat_threshold=103053
is_linear=0
shrinkage=0.02


Tree=83
num_leaves=10
num_cat=2
split_feature=5 0 10 8 13 1 13 13 4
split_gain=9.28188 9.03251 6.43371 9.62749 7.58721 5.90149 5.56889 5.54282 4.26222
threshold=286.50000000000006 0 0.0051483574708583784 1.1151895994577721 0.010931840741410686 1 0.019226766915215385 0.028540960894616548 9.5000000000000018
decision_type=2 1 2 2 2 1 2 2 2
left_child=1 2 -1 4 -4 6 -2 -7 -3
right_child=5 8 3 -5 -6 7 -8 -9 -10
leaf_value=-0.020754358535969551 0.0024205611396135476 -0.00098208438090055701 0.009806046972404437 -0.038949906547709634 -0.020694061868175819 0.013755892838047061 -0.024103915822885499 -0.015296285889856733 0.012636392179488403
leaf_weight=19.540344074368477 27.842511706054214 36.356245264410973 11.843297608196741 2.7647872865200034 4.5027752369642249 31.906458452343941 3.5724225416779509 2.8625088185071936 12.303549967706202
leaf_count=101 172 215 84 12 23 247 18 14 70
internal_value=3.83628e-05 -0.0042436 -0.0100775 -0.00443376 0.00140433 0.0056872 -0.000595732 0.011364 0.00204173
internal_weight=153.495 87.311 38.6512 19.1109 16.3461 66.1839 31.4149 34.769 48.6598
internal_count=956 505 220 119 107 451 190 261 285
cat_boundaries=0 1 2
cat_threshold=1114255 4
is_linear=0
shrinkage=0.02


Tree=84
num_leaves=10
num_cat=1
split_feature=5 0 10 8 13 13 6 12 5
split_gain=8.94481 8.70033 6.22611 9.22898 7.28251 4.591 6.10705 4.47141 5.35322
threshold=286.50000000000006 0 0.0051483574708583784 1.1151895994577721 0.010931840741410686 0.020158179393801611 308.49691503084972 0.016441988080612473 388.50000000000006
decision_type=2 1 2 2 2 2 2 2 2
left_child=1 2 -1 4 -4 6 -2 8 -8
right_child=5 -3 3 -5 -6 -7 7 -9 -10
leaf_value=-0.020436409114376386 0.013249595177051928 0.0020028030323120212 0.0096622318376218472 -0.038111428565647504 -0.020197797466417998 -0.0061594779074969344 0.0038310364202085588 0.025334688174083891 -0.018822780221491444
leaf_weight=19.448396138846874 33.72282475233078 48.608249433338642 11.7798292785883 2.769055724143981 4.5209541991353026 11.057146884500979 12.477450855076318 2.3841654062271109 6.2687267363071433
leaf_count=101 260 285 84 12 23 60 79 17 35
internal_value=3.79985e-05 -0.00416752 -0.00990312 -0.00435381 0.00138068 0.00559725 0.00796713 -0.000463372 -0.00374441
internal_weight=153.037 87.1265 38.5182 19.0698 16.3008 65.9103 54.8532 21.1303 18.7462
internal_count=956 505 220 119 107 451 391 131 114
cat_boundaries=0 1
cat_threshold=1114255
is_linear=0
shrinkage=0.02


Tree=85
num_leaves=10
num_cat=1
split_feature=9 0 13 13 15 8 15 7 5
split_gain=8.8151 8.23471 6.03715 5.96364 5.7767 4.70695 3.93855 3.86903 4.65566
threshold=0.020040160642570231 0 0.01181130353177475 0.036609152614105793 0.99882128259481961 0.91071928068901764 1.0381354635746411 120.66500000000001 192.50000000000003
decision_type=2 1 2 2 2 2 2 2 2
left_child=1 2 4 5 -1 -2 -6 8 -3
right_child=3 7 -4 -5 6 -7 -8 -9 -10
leaf_value=-0.013963496921073536 0.013753731011235351 -0.0074716128322089206 -0.020658487886961081 -0.026880456905851662 0.012374576150854836 8.4332598367183193e-06 -0.014830708061786558 -0.018221540481445916 0.0058803565821994724
leaf_weight=13.126311562955381 28.344865724444389 13.250690162181852 16.276135593652725 1.9438353329896916 8.4697306677699071 15.368484817445276 2.8430901244282714 3.6164380460977545 49.352432556450367
leaf_count=64 253 61 81 9 49 115 15 17 292
internal_value=4.0301e-05 -0.00310073 -0.00900883 0.007397 -0.00493655 0.00892124 0.00553746 0.00164405 0.00305425
internal_weight=152.592 106.935 40.7153 45.6572 24.4391 43.7134 11.3128 66.2196 62.6031
internal_count=956 579 209 377 128 368 64 370 353
cat_boundaries=0 1
cat_threshold=295055
is_linear=0
shrinkage=0.02


Tree=86
num_leaves=10
num_cat=0
split_feature=14 13 5 6 13 7 6 6 10
split_gain=8.55192 7.47448 8.61633 5.61584 5.1371 4.58514 7.15646 6.06957 4.37719
threshold=1.0152009255953356 0.017709976160856355 245.50000000000003 308.49691503084972 0.037392369044833229 1.5050000000000001 16.755230690510206 17.378556529604968 0.010405838530838587
decision_type=2 2 2 2 2 2 2 2 2
left_child=1 2 5 -4 -2 6 -1 -7 -9
right_child=4 -3 3 -5 -6 7 -8 8 -10
leaf_value=-0.0079644368300997356 0.009395827724206704 -0.016291961872211259 0.0087946655489369932 -0.0051341884916827254 -0.02575553408920726 0.0068416163865885051 0.026751561077799177 -0.022659812963360712 -0.0062763185629171638
leaf_weight=6.9229618608951551 38.907782971858978 14.358473926782606 37.351287983357906 16.779705353081226 1.7372605204582203 6.0448680743575087 3.6156996786594391 14.668535955250265 11.746428593993185
leaf_count=33 331 70 243 90 8 32 17 73 59
internal_value=3.99331e-05 -0.00282319 -0.000832125 0.00447695 0.00789338 -0.00751575 0.00394624 -0.0112371 -0.0153743
internal_weight=152.133 111.488 97.1295 54.131 40.645 42.9985 10.5387 32.4598 26.415
internal_count=956 617 547 333 339 214 50 164 132
is_linear=0
shrinkage=0.02


Tree=87
num_leaves=10
num_cat=2
split_feature=0 1 13 12 9 7 5 11 14
split_gain=8.37025 7.29617 11.9968 10.4373 5.54313 5.03322 7.48926 4.81222 4.41785
threshold=0 1 0.017186011786689291 0.022613841056960928 -0.025919585231037254 81.855000000000018 253.50000000000003 -0.06896551724137924 0.99432726483802136
decision_type=1 1 2 2 2 2 2 2 2
left_child=4 2 -2 -4 -1 6 7 -3 -8
right_child=1 5 3 -5 -6 -7 8 -9 -10
leaf_value=-0.021966940644524948 0.017056496157380016 0.019611121131402905 -0.026318937853083479 0.014787378893089698 -0.0043640295358682466 -0.016411574796527193 -0.0037077189530938448 -0.0066011144147490311 0.014851886124392229
leaf_weight=9.0031226724386197 28.050229460000992 3.0523110404610625 5.67138424515724 4.3781075477600098 34.869705177843571 7.1740435734391204 7.1320674568414715 34.100315868854523 18.277275644242764
leaf_count=54 251 14 27 29 190 38 37 182 134
internal_value=3.95574e-05 0.00302069 0.010339 -0.00841078 -0.00649573 -0.00054448 0.00127502 -0.00444762 0.00964245
internal_weight=151.709 107.836 38.0997 10.0495 43.8728 69.736 62.562 37.1526 25.4093
internal_count=956 712 307 56 244 405 367 196 171
cat_boundaries=0 1 2
cat_threshold=33293 1
is_linear=0
shrinkage=0.02


Tree=88
num_leaves=10
num_cat=1
split_feature=14 0 8 6 13 6 7 13 8
split_gain=8.11823 7.38784 6.64411 5.15242 4.85484 3.90421 4.63574 3.67095 3.96496
threshold=1.0152009255953356 0 0.79423268566350236 31.535665484769847 0.037392369044833229 16.755230690510206 1.5050000000000001 0.006309457294703758 1.1657987217809607
decision_type=2 1 2 2 2 2 2 2 2
left_child=1 2 3 -1 7 -4 -7 -2 -9
right_child=4 -3 5 -5 -6 6 -8 8 -10
leaf_value=-0.013412102500798318 -0.013416708205762929 0.002607780150900265 -0.029784039238165697 0.0087717740296013366 -0.024821082474388526 0.02258171169055722 -0.012386837629851748 0.012738078665270188 -0.01318949359469624
leaf_weight=6.2888382524251965 2.6680259406566611 54.335179463028908 4.9266027957200995 12.535831607878206 1.752555951476096 1.593587040901183 31.322130277752876 33.293635629117489 2.5391898304224005
leaf_count=35 24 312 27 77 8 7 159 291 16
internal_value=3.94462e-05 -0.00275079 -0.0070967 0.00136071 0.00773375 -0.0131792 -0.0106939 0.00921565 0.0109008
internal_weight=151.256 111.002 56.667 18.8247 40.2534 37.8423 32.9157 38.5009 35.8328
internal_count=956 617 305 112 339 193 166 331 307
cat_boundaries=0 1
cat_threshold=1409167
is_linear=0
shrinkage=0.02


Tree=89
num_leaves=10
num_cat=2
split_feature=0 1 13 12 9 6 7 14 11
split_gain=7.92487 7.0665 11.6962 9.96303 5.31703 8.65017 4.83258 7.08372 5.59748
threshold=0 1 0.017186011786689291 0.022613841056960928 -0.025919585231037254 403.99596004039967 81.855000000000018 1.0249819702004075 -1.0000000180025095e-35
decision_type=1 1 2 2 2 2 2 2 2
left_child=4 2 -2 -4 -1 -6 7 8 -3
right_child=1 6 3 -5 5 -7 -8 -9 -10
leaf_value=-0.021631331544244063 0.016906563311101713 0.0068611291960729726 -0.025806543649423048 0.014516178152964972 -5.3352697629737832e-05 -0.027862713907008591 -0.016060476818514167 0.020388537447943333 -0.0061796942300126334
leaf_weight=8.8366833925247175 27.656880736351013 21.482804454863071 5.6609255969524366 4.3226563036441803 29.569184698164463 5.2717243432998648 7.2025550529360762 6.8770250231027594 34.006313346326351
leaf_count=54 251 116 27 29 164 26 38 61 190
internal_value=4.2513e-05 0.00295221 0.0102082 -0.00834775 -0.00632687 -0.00426114 -0.000549332 0.00124202 -0.00113089
internal_weight=150.887 107.209 37.6405 9.98358 43.6776 34.8409 69.5687 62.3661 55.4891
internal_count=956 712 307 56 244 190 405 367 306
cat_boundaries=0 1 2
cat_threshold=33293 1
is_linear=0
shrinkage=0.02


Tree=90
num_leaves=10
num_cat=2
split_feature=5 0 13 1 5 13 13 12 4
split_gain=8.08512 7.8673 5.35935 5.31991 5.31746 4.93327 4.84753 4.1264 4.09066
threshold=286.50000000000006 0 0.0091995450278026802 1 210.50000000000003 0.019226766915215385 0.028540960894616548 0.016748010697823491 9.5000000000000018
decision_type=2 1 2 1 2 2 2 2 2
left_child=1 2 4 5 -1 7 -5 -2 -3
right_child=3 8 -4 6 -6 -7 -8 -9 -10
leaf_value=-0.021686348109493027 -0.00042452086938449458 -0.0010843999947764641 -0.019472651961420357 0.013239575235629207 0.0022528103447650269 -0.022669166677329575 -0.01386702860537096 0.024335918247018161 0.012340826185230483
leaf_weight=5.1314105689525631 24.500533692538745 36.056938901543617 19.065114989876747 30.664697639644146 13.412689894437788 3.5775389671325675 2.8874283581972113 3.0246063023805609 12.133371613919733
leaf_count=27 148 215 107 247 86 18 14 24 70
internal_value=4.23737e-05 -0.00398228 -0.00950055 0.00538325 -0.00437149 -0.000575328 0.0109068 0.00229629 0.00190127
internal_weight=150.454 85.7995 37.6092 64.6548 18.5441 31.1027 33.5521 27.5251 48.1903
internal_count=956 505 220 451 113 190 261 172 285
cat_boundaries=0 1 2
cat_threshold=1114255 4
is_linear=0
shrinkage=0.02


Tree=91
num_leaves=10
num_cat=2
split_feature=9 0 13 10 13 15 8 11 1
split_gain=7.62527 7.13149 5.5251 7.40282 5.04846 4.93267 4.53303 4.40788 5.77807
threshold=0.020040160642570231 0 0.01181130353177475 0.0058727776451281506 0.036609152614105793 1.0381354635746411 0.91071928068901764 0.06007326007326013 1
decision_type=2 1 2 2 2 2 2 2 1
left_child=1 2 3 -1 6 -5 -2 8 -3
right_child=4 7 -4 5 -6 -7 -8 -9 -10
leaf_value=-0.014388204601457288 0.01330687931851505 0.018707371779850105 -0.019696547023459295 0.01605817625206624 -0.02422730465895799 -0.014746261119150514 -0.00033443653047132623 -0.0060254659976995122 0.0014584050208735597
leaf_weight=13.431450083851816 27.340256415307522 9.9370943531394005 15.874233737587927 7.8652821853756887 1.979879394173621 2.8265228196978569 15.139719903469084 20.079771175980568 35.589699499309063
leaf_count=67 253 76 81 46 9 15 115 107 187
internal_value=4.19396e-05 -0.00288331 -0.00842644 -0.00450325 0.0069902 0.00791461 0.00844516 0.00154499 0.00522332
internal_weight=150.064 105.604 39.9975 24.1233 44.4599 10.6918 42.48 65.6066 45.5268
internal_count=956 579 209 128 377 61 368 370 263
cat_boundaries=0 1 2
cat_threshold=295055 1
is_linear=0
shrinkage=0.02


Tree=92
num_leaves=10
num_cat=1
split_feature=5 0 10 8 11 7 11 11 9
split_gain=7.68897 7.47185 5.29062 8.37458 5.10561 4.06899 7.77262 5.47967 5.38547
threshold=286.50000000000006 0 0.0051483574708583784 1.1151895994577721 0.092907766793759589 79.620000000000019 0.12612942612942615 0.27905094705174766 0.033104754747702456
decision_type=2 1 2 2 2 2 2 2 2
left_child=1 2 -1 4 -4 7 -7 8 -2
right_child=5 -3 3 -5 -6 6 -8 -9 -10
leaf_value=-0.019304811265729908 0.0053708091443818128 0.0018514492871581178 0.0095162475693429966 -0.036426023424380019 -0.014294300174396904 -0.015932747337851869 0.022680768764330558 -0.024926811898693137 0.021014199937158296
leaf_weight=18.652837224304676 40.048085495829582 48.061901770532131 10.454749248921873 2.7589576542377463 5.4957936480641356 8.0232284814119321 2.8174503147602072 2.000928282737731 11.28286551684141
leaf_count=101 267 285 73 12 34 42 19 10 113
internal_value=4.16245e-05 -0.00388833 -0.00928282 -0.00425273 0.00131227 0.00527303 -0.00589724 0.0075436 0.00880932
internal_weight=149.597 85.4242 37.3623 18.7095 15.9505 64.1726 10.8407 53.3319 51.331
internal_count=956 505 220 119 107 451 61 390 380
cat_boundaries=0 1
cat_threshold=1114255
is_linear=0
shrinkage=0.02


Tree=93
num_leaves=10
num_cat=2
split_feature=5 0 1 13 5 6 6 6 13
split_gain=7.40261 7.20714 5.07665 4.98191 4.94255 4.79153 9.76338 5.1246 4.54278
threshold=286.50000000000006 0 1 0.0091995450278026802 210.50000000000003 98.416379653631907 259.99740002599975 457.49542504574953 0.028540960894616548
decision_type=2 1 1 2 2 2 2 2 2
left_child=1 3 5 4 -1 -2 -7 -8 -4
right_child=2 -3 8 -5 -6 6 7 -9 -10
leaf_value=-0.020982484966732762 -0.019298577860715621 0.001821983984350381 0.012952401783361309 -0.018796027630313777 0.0022294890455397108 0.022544272177029003 -0.017434835479790928 0.0037091974710488558 -0.013258150842824451
leaf_weight=5.0641885101795223 4.6697499006986645 48.024481922388077 30.083784319460392 18.850489377975464 13.321886360645292 7.1922524496912983 7.6744763702154186 11.389792077243326 2.899994693696498
leaf_count=27 29 285 247 107 86 54 43 64 14
internal_value=4.37358e-05 -0.00381362 0.00518975 -0.00912159 -0.00416393 -0.000631556 0.00268839 -0.00480251 0.0106479
internal_weight=149.171 85.261 63.91 37.2366 18.3861 30.9263 26.2565 19.0643 32.9838
internal_count=956 505 451 220 113 190 161 107 261
cat_boundaries=0 1 2
cat_threshold=1114255 4
is_linear=0
shrinkage=0.02


Tree=94
num_leaves=10
num_cat=1
split_feature=0 13 14 15 6 6 13 11 15
split_gain=7.28283 9.02442 9.146 4.80521 4.90077 5.99721 4.32495 4.2763 4.14026
threshold=0 0.0077839475226418571 1.0163101368599634 0.943818703598022 72.299837400370208 326.49673503264972 0.017186011786689291 -0.13600904409179257 0.99412326747417346
decision_type=1 2 2 2 2 2 2 2 2
left_child=7 -2 3 -3 -5 6 -6 -1 -7
right_child=1 2 -4 4 5 8 -8 -9 -10
leaf_value=-0.02004444612275345 0.015285954998746316 0.021493653221060047 0.010626667703006637 -0.014264713195486457 0.016234535063842096 -0.028759235141626475 -0.014230472194870709 -0.0036086275807316265 -0.0013801449943187669
leaf_weight=7.1431904733180991 21.564303413033485 2.5358864441514006 22.475830145180225 18.861932404339314 8.7794217467308062 3.6045967265963537 2.3663780689239493 55.764006935060024 5.7073159441351891
leaf_count=47 175 13 203 93 63 17 11 303 31
internal_value=4.58292e-05 0.00366265 0.000335783 -0.00519028 -0.00691123 -0.000131355 0.00976647 -0.00472399 -0.0119785
internal_weight=148.803 85.8957 64.3314 41.8555 39.3196 20.4577 11.1458 62.9072 9.31191
internal_count=956 606 431 228 215 122 74 350 48
cat_boundaries=0 1
cat_threshold=104973
is_linear=0
shrinkage=0.02


Tree=95
num_leaves=10
num_cat=1
split_feature=0 13 14 9 6 6 11 7 11
split_gain=7.00986 8.77311 8.82998 5.19937 4.31485 5.68057 4.17779 4.11565 3.95454
threshold=0 0.0077839475226418571 1.0163101368599634 -0.060854231974921603 72.299837400370208 326.49673503264972 -0.13600904409179257 86.310000000000016 -0.015384615384615363
decision_type=1 2 2 2 2 2 2 2 2
left_child=6 -2 3 -3 -5 -6 -1 -4 -8
right_child=1 2 7 4 5 -7 8 -9 -10
leaf_value=-0.019852891005930899 0.015131707609024563 0.028862373823734588 0.013143912733487435 -0.013413870037044069 0.0090292224227692605 -0.011925413334497731 0.0032950617269846202 -0.017336464046284451 -0.0076828650343590569
leaf_weight=7.0686239749193183 21.35060016810894 1.7298105359077443 20.369184069335464 19.151488900184631 11.646746754646303 9.3123511075973493 21.103689402341843 1.9408126473426808 34.719175197184086
leaf_count=47 175 9 188 94 77 48 106 15 197
internal_value=4.55271e-05 0.00360513 0.00033082 -0.00508747 -0.00655159 -0.000281146 -0.00463068 0.0104923 -0.00353269
internal_weight=148.392 85.501 64.1504 41.8404 40.1106 20.9591 62.8915 22.31 55.8229
internal_count=956 606 431 228 219 125 350 203 303
cat_boundaries=0 1
cat_threshold=104973
is_linear=0
shrinkage=0.02


Tree=96
num_leaves=10
num_cat=1
split_feature=5 8 13 9 11 10 1 13 8
split_gain=7.00829 5.39108 5.50305 7.47862 5.56254 5.77584 4.81759 4.57189 4.43875
threshold=286.50000000000006 1.1589706513303153 0.015831260200875243 0.0089157967251338472 0.056693538719731436 0.022136291204087846 0 0.019226766915215385 1.2075764028164515
decision_type=2 2 2 2 2 2 1 2 2
left_child=1 2 3 4 5 -1 7 -2 -3
right_child=6 8 -4 -5 -6 -7 -8 -9 -10
leaf_value=-0.0046916445405994897 0.0021975070406199198 -0.034807992423881801 -0.0154686371285519 0.0088569983628621757 -0.021187770020582357 0.022252979716705319 0.010445978710814941 -0.02188168523154459 -0.0082231479032130982
leaf_weight=26.475774064660076 27.263496369123462 3.5732804685831061 9.9676310718059522 25.555788457393646 7.0519095212221137 3.6169631779193869 32.524972960352898 3.5666991248726836 8.4599188417196256
leaf_count=137 172 18 54 199 33 20 261 18 44
internal_value=4.523e-05 -0.00371807 -0.00166482 0.000529608 -0.0051997 -0.00145307 0.00507648 -0.000588179 -0.0161176
internal_weight=148.056 84.7013 72.6681 62.7004 37.1446 30.0927 63.3552 30.8302 12.0332
internal_count=956 505 443 389 190 157 451 190 62
cat_boundaries=0 1
cat_threshold=4
is_linear=0
shrinkage=0.02


Tree=97
num_leaves=10
num_cat=2
split_feature=5 0 10 8 13 1 13 13 4
split_gain=6.74878 6.89028 4.84224 7.72159 5.86097 4.66636 4.3785 4.35256 4.00654
threshold=286.50000000000006 0 0.0051483574708583784 1.1151895994577721 0.010931840741410686 1 0.019226766915215385 0.028540960894616548 9.5000000000000018
decision_type=2 1 2 2 2 1 2 2 2
left_child=1 2 -1 4 -4 6 -2 -7 -3
right_child=5 8 3 -5 -6 7 -8 -9 -10
leaf_value=-0.018605022625047433 0.0021558778559226015 -0.0011236218397869631 0.0089873237981747938 -0.034972214907180457 -0.018015534125361249 0.012604824527567929 -0.021378401365201732 -0.013076010882186009 0.012227475493713653
leaf_weight=18.239505015313625 27.234440177679065 35.772523947060108 11.294894471764566 2.7574403434991828 4.4946677237749091 29.425424352288246 3.5775402933359137 2.9000735208392134 12.008962906897066
leaf_count=101 172 215 84 12 23 247 18 14 70
internal_value=4.47803e-05 -0.00364912 -0.00887528 -0.00409213 0.00130067 0.00499249 -0.000576658 0.0103009 0.00184565
internal_weight=147.705 84.568 36.7865 18.547 15.7896 63.1375 30.812 32.3255 47.7815
internal_count=956 505 220 119 107 451 190 261 285
cat_boundaries=0 1 2
cat_threshold=1114255 4
is_linear=0
shrinkage=0.02


Tree=98
num_leaves=10
num_cat=1
split_feature=0 9 11 8 8 7 9 9 11
split_gain=6.59989 6.17472 5.05613 5.99599 4.672 4.31944 4.59761 4.82481 4.05879
threshold=0 0.019887957196484892 0.099834219461525459 1.0638862363208321 0.91071928068901764 81.855000000000018 -0.0072329459969909067 0.01756715238764044 0.0075419039803703508
decision_type=1 2 2 2 2 2 2 2 2
left_child=-1 2 3 5 -3 6 8 -8 -2
right_child=1 4 -4 -5 -6 -7 7 -9 -10
leaf_value=-0.0045003742080938561 0.007857213564098851 0.017478928791398698 -0.011764480762398249 -0.01232574584932278 0.0011980864526988811 -0.01645062533642621 0.017617841470841465 -0.014795633098806693 -0.016794395057062664
leaf_weight=62.552650466561317 7.1284609884023613 18.431779906153682 11.619905285537241 8.1788094788789731 11.417682878673075 2.9546425938606253 18.685072578489788 2.0371894016861907 4.2729595825076103
leaf_count=350 42 191 55 40 93 14 130 17 24
internal_value=4.42186e-05 0.00351566 -5.13983e-05 0.00309502 0.0112514 0.0066905 0.00881895 0.0144313 -0.00138158
internal_weight=147.279 84.7265 54.877 43.2571 29.8495 35.0783 32.1237 20.7223 11.4014
internal_count=956 606 322 267 284 227 213 147 66
cat_boundaries=0 1
cat_threshold=104973
is_linear=0
shrinkage=0.02


Tree=99
num_leaves=10
num_cat=1
split_feature=5 7 7 14 0 10 11 6 8
split_gain=6.50478 6.3687 9.65087 7.27684 6.16426 8.09109 7.33487 6.14507 7.84072
threshold=245.50000000000003 1.9850000000000001 2.1400000000000001 0.99973459085390448 0 0.0033551356199747777 0.06007326007326013 403.99596004039967 0.75049069904729471
decision_type=2 2 2 2 1 2 2 2 2
left_child=1 -1 -3 -4 7 6 -6 -2 -9
right_child=4 2 3 -5 5 -7 -8 8 -10
leaf_value=0.0030429446205753252 0.0010046880488863011 -0.046051298762847317 -0.018696037933137694 0.00061863611348691495 0.0022032822849560223 0.012714782705545855 -0.032267636884007397 -0.041840190190584298 -0.0037088792494390163
leaf_weight=22.697356931865215 21.434039987623695 2.8183097690343848 13.400017663836477 18.677965603768826 15.63511833548546 40.323459021747112 2.9322069585323325 3.5464074909687024 5.5057367831468582
leaf_count=121 131 14 75 121 96 338 15 18 27
internal_value=3.79454e-05 -0.00520357 -0.0105673 -0.00744973 0.00341552 0.00656891 -0.00324047 -0.00363749 -0.0186478
internal_weight=146.971 57.5936 34.8963 32.078 89.377 58.8908 18.5673 30.4862 9.05214
internal_count=956 331 210 196 625 449 111 176 45
cat_boundaries=0 1
cat_threshold=59912
is_linear=0
shrinkage=0.02


Tree=100
num_leaves=10
num_cat=2
split_feature=5 0 10 8 13 1 13 13 12
split_gain=6.34242 6.67829 4.4736 7.3621 5.59184 4.42752 4.14812 4.11337 3.96589
threshold=286.50000000000006 0 0.0051483574708583784 1.1151895994577721 0.010931840741410686 1 0.028540960894616548 0.019226766915215385 0.016748010697823491
decision_type=2 1 2 2 2 1 2 2 2
left_child=1 2 -1 4 -4 7 -7 8 -2
right_child=5 -3 3 -5 -6 6 -8 -9 -10
leaf_value=-0.018194185190970429 -0.00054398268429006139 0.0018491707583052151 0.0087196952171435908 -0.034327644073526654 -0.017706708001736751 0.012365602421173327 -0.012706424512938476 -0.020715293498446533 0.024233649528437904
leaf_weight=18.04062907397747 24.234988123178489 47.646334879100323 11.151987493038179 2.7547127306461325 4.493366912007331 28.965694963932041 2.9042189866304389 3.5785179510712615 2.8923073858022681
leaf_count=101 148 285 84 12 23 247 14 18 24
internal_value=3.77294e-05 -0.00355013 -0.00872334 -0.00417844 0.00113 0.00485897 0.0100809 -0.000560881 0.0020978
internal_weight=146.663 84.087 36.4407 18.4001 15.6454 62.5757 31.8699 30.7058 27.1273
internal_count=956 505 220 119 107 451 261 190 172
cat_boundaries=0 1 2
cat_threshold=1114255 4
is_linear=0
shrinkage=0.02


Tree=101
num_leaves=10
num_cat=1
split_feature=0 8 13 12 8 10 6 12 14
split_gain=6.18277 6.27273 6.61675 7.73767 5.46655 4.77712 6.69774 4.65619 4.11427
threshold=0 0.76576556102950677 0.015831260200875243 0.018919755226904405 1.1305822485609691 -0.037914803262054146 403.99596004039967 0.011441222722600604 1.0062889126718766
decision_type=1 2 2 2 2 2 2 2 2
left_child=5 8 4 -4 7 -1 -7 -3 -2
right_child=1 2 3 -5 -6 6 -8 -9 -10
leaf_value=-0.020690048438213711 0.0024191670042075699 0.0021808039622214339 -0.029260770771159461 0.0014946051652153156 -0.010247365871708523 7.0750342247528751e-05 -0.024492077996017457 0.017076817270285722 0.017343747047240784
leaf_weight=8.2013229206204397 13.406918287277223 39.229735106229782 6.2257010787725431 6.8970886915922165 10.931667841970919 28.967331804335117 5.2444311380386344 10.678416162729262 16.45836066454649
leaf_count=56 87 257 28 40 57 163 25 80 163
internal_value=3.98275e-05 0.00265232 -0.000215994 -0.0130963 0.00256222 -0.00564903 -0.00369456 0.00536798 0.0106439
internal_weight=146.241 103.828 73.9626 13.1228 60.8398 42.4131 34.2118 49.9082 29.8653
internal_count=956 712 462 68 394 244 188 337 250
cat_boundaries=0 1
cat_threshold=33293
is_linear=0
shrinkage=0.02


Tree=102
num_leaves=10
num_cat=1
split_feature=5 8 13 9 8 1 6 6 6
split_gain=6.06646 4.6852 5.01392 6.32818 4.2743 4.23235 4.51964 9.19116 4.79916
threshold=286.50000000000006 1.1589706513303153 0.01696652869854998 0.0089157967251338472 1.2075764028164515 0 98.416379653631907 259.99740002599975 457.49542504574953
decision_type=2 2 2 2 2 1 2 2 2
left_child=1 2 3 -1 -3 6 -2 -8 -9
right_child=5 4 -4 -5 -6 -7 7 8 -10
leaf_value=-0.004828698135927758 -0.018700736816922282 -0.033461466884295181 -0.016758668437648352 0.0080151782756181372 -0.0072938260207576298 0.0099176820853241459 0.022398178676336526 -0.016620522739981991 0.0038327539075910413
leaf_weight=38.470573596656322 4.6414817422628429 3.551681086421012 7.7297635152935973 25.525213830173016 8.4072396382689458 31.520224452018738 6.9564324095845249 7.7217937409877804 11.309889920055864
leaf_count=198 29 18 43 202 44 261 54 43 64
internal_value=3.94148e-05 -0.00347591 -0.00154358 0.000294181 -0.0150654 0.00477278 -0.000521716 0.00272506 -0.00446583
internal_weight=145.834 83.6845 71.7256 63.9958 11.9589 62.1498 30.6296 25.9881 19.0317
internal_count=956 505 443 400 62 451 190 161 107
cat_boundaries=0 1
cat_threshold=4
is_linear=0
shrinkage=0.02


Tree=103
num_leaves=10
num_cat=1
split_feature=8 5 7 0 8 10 8 6 6
split_gain=5.97099 6.65245 8.39391 6.13349 4.65467 10.3267 4.25747 4.43168 9.14597
threshold=0.54226717978903016 183.50000000000003 2.0350000000000006 0 0.98101292527324391 -0.0040042145409675822 0.67854803067335567 341.49658503414969 112.6661977798074
decision_type=2 2 2 1 2 2 2 2 2
left_child=-1 2 -2 6 -5 -6 7 8 -3
right_child=1 3 -4 4 5 -7 -8 -9 -10
leaf_value=0.013069744436908773 -0.0013281779110664528 -0.024734200753036159 -0.026723482085857397 0.0095368030479534415 -0.024685517704466142 0.009200594018288254 -0.001696207718682895 -0.03859288234387314 0.020614355778839192
leaf_weight=12.826400101184843 13.238483123481275 4.9201747030019742 8.5805419012904149 39.716460421681404 5.7319044843316087 9.6597541198134387 45.468118526041508 2.586545966565609 2.7864016741514206
leaf_count=104 73 30 49 309 29 69 260 14 19
internal_value=3.91638e-05 -0.00122044 -0.0113151 0.000766182 0.00500934 -0.00341871 -0.00366785 -0.0159406 -0.00833791
internal_weight=145.515 132.688 21.819 110.869 55.1081 15.3917 55.7612 10.2931 7.70658
internal_count=956 852 122 730 407 98 323 63 49
cat_boundaries=0 1
cat_threshold=240157
is_linear=0
shrinkage=0.02


Tree=104
num_leaves=10
num_cat=1
split_feature=8 5 7 13 12 13 1 14 11
split_gain=5.77597 6.40248 8.12652 4.82599 6.95601 6.32747 5.3271 5.05245 4.92187
threshold=0.54226717978903016 183.50000000000003 2.0350000000000006 0.020158179393801611 0.018919755226904405 0.015831260200875243 0 0.99973459085390448 0.099834219461525459
decision_type=2 2 2 2 2 2 1 2 2
left_child=-1 2 -2 4 5 6 7 -3 -8
right_child=1 3 -4 -5 -6 -7 8 -9 -10
leaf_value=0.012907356999472583 -0.0013012905004874706 -0.0039648151533602603 -0.026327181238524223 -0.010264804217443203 0.025050887995663639 -0.023376094159823634 0.0011301664284725794 0.015334909719746952 -0.015883460547708776
leaf_weight=12.729000374674795 13.241744175553324 7.6486678794026401 8.5359610170125944 13.906365700066088 5.1076202839612952 4.0483011230826369 53.552142754197121 18.66903904825449 7.7908424064517012
leaf_count=104 73 49 49 75 40 21 312 183 50
internal_value=3.88984e-05 -0.00119734 -0.0111104 0.000752424 0.0023349 0.00106976 0.0021987 0.00972587 -0.00103064
internal_weight=145.23 132.501 21.7777 110.723 96.8166 91.709 87.6607 26.3177 61.343
internal_count=956 852 122 730 655 615 594 232 362
cat_boundaries=0 1
cat_threshold=1
is_linear=0
shrinkage=0.02


Tree=105
num_leaves=10
num_cat=1
split_feature=0 8 7 5 15 15 8 6 10
split_gain=5.81182 5.79463 5.04297 5.38128 6.707 5.60128 6.24419 5.35138 4.57901
threshold=0 0.76576556102950677 120.66500000000001 288.50000000000006 0.97603382873092415 0.99882128259481961 0.93059550176220507 9.8249934208380143 0.0033551356199747777
decision_type=1 2 2 2 2 2 2 2 2
left_child=-1 -2 3 4 -3 6 -5 -6 -9
right_child=1 2 -4 5 7 -7 -8 8 -10
leaf_value=-0.0054974895243134047 0.01035909308598507 0.014769247851164806 -0.026628202915497674 0.011341405441064217 0.023291981083823465 0.015382173501187193 -0.027577905069714664 -0.019204125527090912 -0.0036549955934082347
leaf_weight=42.010724641382694 29.281533293426037 7.2986218482255927 2.7710150927305213 3.6001958101987865 2.3452803492546073 15.907648026943205 3.0424149185419083 10.350043460726736 28.261392034590244
leaf_count=244 250 33 15 22 13 131 15 50 183
internal_value=3.86501e-05 0.00258313 -0.000160411 0.00087542 -0.00289372 0.00894101 -0.00648422 -0.00604132 -0.00782304
internal_weight=144.869 102.858 73.5766 70.8056 48.2553 22.5503 6.64261 40.9567 38.6114
internal_count=956 712 462 447 279 168 37 246 233
cat_boundaries=0 1
cat_threshold=33293
is_linear=0
shrinkage=0.02


Tree=106
num_leaves=10
num_cat=2
split_feature=0 8 13 9 15 1 10 6 9
split_gain=5.61414 5.60802 6.23218 6.869 6.10776 5.54734 4.51832 6.18697 4.27934
threshold=0 0.76576556102950677 0.015831260200875243 -0.011047330360694789 1.0871286214724079 1 -0.037914803262054146 403.99596004039967 0.016771562181357915
decision_type=1 2 2 2 2 1 2 2 2
left_child=6 8 5 -4 -5 -3 -1 -8 -2
right_child=1 2 3 4 -6 -7 7 -9 -10
leaf_value=-0.020282401156964256 0.0032949802737294175 0.014229858595544674 0.015525629567799633 -0.034466689007661623 -0.0036371409601868281 -0.0005924420595283846 0.0001286130049763667 -0.023371510957065671 0.018715769604956203
leaf_weight=7.9368277415633193 16.036150075495247 12.817954361438753 2.7311437278985986 5.5307258740067446 4.8023721277713776 47.627846457064152 28.798784323036671 5.3070404827594748 13.060849554836748
leaf_count=56 108 118 12 26 30 276 163 25 142
internal_value=3.08747e-05 0.0025378 -0.000156564 -0.0126827 -0.0201385 0.00255073 -0.00540533 -0.00352813 0.010217
internal_weight=144.65 102.607 73.51 13.0642 10.3331 60.4458 42.0427 34.1058 29.097
internal_count=956 712 462 68 56 394 244 188 250
cat_boundaries=0 1 2
cat_threshold=33293 1
is_linear=0
shrinkage=0.02


Tree=107
num_leaves=10
num_cat=1
split_feature=14 0 6 8 11 15 10 10 8
split_gain=5.54553 6.25728 7.64121 6.77674 5.49997 4.93248 4.43874 5.65946 8.64653
threshold=1.0160160320641285 0 103.62476693803067 0.98776822863000613 -0.06896551724137924 0.96570683139732394 -0.01822753804461115 -0.0049635432062272722 0.93059550176220507
decision_type=2 1 2 2 2 2 2 2 2
left_child=1 2 -1 -4 -3 -6 -7 8 -8
right_child=-2 4 3 -5 5 6 7 -9 -10
leaf_value=-0.015474597230685882 0.0068686266483107003 0.017969000701506841 0.013086680270400377 -0.01946816624555929 -0.029525779434905926 0.014293870003774158 0.0041037942159581906 0.0017018178101593086 -0.03676977349046294
leaf_weight=26.889807067811489 35.700597535818815 7.5869642794132224 8.7182152792811376 3.6195929497480384 2.1939591169357291 8.6071693003177625 4.1338974535465223 42.674224264919758 4.1470034122467041
leaf_count=159 323 39 60 16 10 48 25 257 19
internal_value=3.06119e-05 -0.00221789 -0.00756655 0.00353593 0.0016597 -7.52078e-05 0.0010096 -0.00123434 -0.0163653
internal_weight=144.271 108.571 39.2276 12.3378 69.3432 61.7563 59.5623 50.9551 8.2809
internal_count=956 633 235 76 398 359 349 301 44
cat_boundaries=0 1
cat_threshold=1278085
is_linear=0
shrinkage=0.02


Tree=108
num_leaves=10
num_cat=1
split_feature=5 0 13 11 10 10 11 11 9
split_gain=5.37303 6.28032 4.02976 4.42871 3.82642 4.90043 3.93954 3.39262 4.90111
threshold=286.50000000000006 0 0.0091995450278026802 -0.036420839051708211 -0.01822753804461115 -0.0040042145409675822 0.12479917886469113 0.034368649342876138 0.02412872968383601
decision_type=2 1 2 2 2 2 2 2 2
left_child=1 2 3 -1 -3 -6 -7 -5 -9
right_child=-2 4 -4 7 5 6 -8 8 -10
leaf_value=-0.019379039980525547 0.004528366442396195 0.013851353853487765 -0.01743651378334227 0.013669676109987523 -0.019193761899067088 0.0057195939685254996 -0.011479681560739348 -0.017328386672468291 0.022309764192246395
leaf_weight=5.2427270486950901 61.122361272573471 9.2453176379203779 17.874276585876942 5.8216104954481107 4.8856003582477561 26.493970945477486 6.6676786616444579 4.9223232194781303 1.671442352235317
leaf_count=28 451 45 107 35 25 173 42 30 20
internal_value=3.03757e-05 -0.00328901 -0.00838285 -0.00396565 0.00190739 -0.000493626 0.00226141 0.00254306 -0.00728058
internal_weight=143.947 82.8249 35.5324 17.6581 47.2926 38.0472 33.1616 12.4154 6.59377
internal_count=956 505 220 113 285 240 215 85 50
cat_boundaries=0 1
cat_threshold=1114255
is_linear=0
shrinkage=0.02


Tree=109
num_leaves=10
num_cat=1
split_feature=8 5 7 0 4 8 10 8 6
split_gain=5.4317 5.9371 7.74291 5.61957 4.52639 4.23494 9.54343 4.09712 4.78267
threshold=0.54226717978903016 183.50000000000003 2.0350000000000006 0 7.5000000000000009 0.98101292527324391 -0.0040042145409675822 0.67854803067335567 386.49613503864964
decision_type=2 2 2 1 2 2 2 2 2
left_child=4 2 -2 7 -1 -5 -7 8 -3
right_child=1 3 -4 5 -6 6 -8 -9 -10
leaf_value=0.018544504901935606 -0.0012027593690000728 -0.007778206640425527 -0.025817837994951482 0.0092142405884581696 -0.011950722686551934 -0.023411213028493565 0.0091285711369975073 -0.0015702301976395115 -0.039480289410376582
leaf_weight=10.058879893273113 13.141365803778173 7.7531316131353361 8.3657089844346029 38.886440943926573 2.4141959249973288 5.8046905323863038 9.5148320123553241 45.17947643995285 2.5229201912879944
leaf_count=89 73 50 49 309 15 29 69 260 13
internal_value=3.00253e-05 -0.00116928 -0.0107774 0.000715089 0.0126421 0.00481686 -0.00320102 -0.00352687 -0.0155615
internal_weight=143.642 131.169 21.5071 109.661 12.4731 54.206 15.3195 55.4555 10.2761
internal_count=956 852 122 730 104 407 98 323 63
cat_boundaries=0 1
cat_threshold=240157
is_linear=0
shrinkage=0.02


Tree=110
num_leaves=10
num_cat=1
split_feature=14 0 6 13 3 12 13 6 13
split_gain=5.22134 5.8853 7.15255 4.15289 4.42731 4.14654 4.48401 3.99824 3.94071
threshold=1.0160160320641285 0 103.62476693803067 0.0068743638448810094 1.5000000000000002 0.010115194387854753 0.0095740705602374142 277.49722502774972 0.037392369044833229
decision_type=2 1 2 2 2 2 2 2 2
left_child=1 2 3 4 -1 6 -4 -3 -2
right_child=8 7 5 -5 -6 -7 -8 -9 -10
leaf_value=-0.020506625643386164 0.0082302721247949889 0.0046671623707770565 0.0087866972361513203 -0.020322862791631466 0.0092583087308483157 0.028358517356840245 -0.018529336455268133 -0.006358206708044694 -0.022366760071354914
leaf_weight=3.4428640305995959 33.611143786460161 51.381129499524832 6.0729763023555261 18.46497704833746 4.765982061624527 2.1876671910285941 3.9784990251064301 17.684915706515312 1.7725376337766636
leaf_count=19 315 297 42 109 31 14 20 101 8
internal_value=2.98985e-05 -0.00215502 -0.00736116 -0.0150611 -0.00322537 0.00340559 -0.00202533 0.0016108 0.00669752
internal_weight=143.363 107.979 38.913 26.6738 8.20885 12.2391 10.0515 69.066 35.3837
internal_count=956 633 235 159 50 76 62 398 323
cat_boundaries=0 1
cat_threshold=1278085
is_linear=0
shrinkage=0.02


Tree=111
num_leaves=10
num_cat=1
split_feature=8 5 7 0 13 10 11 8 10
split_gain=5.24251 5.67522 7.50392 5.33635 6.77091 7.42893 9.12094 7.43942 4.01561
threshold=0.54226717978903016 183.50000000000003 2.0350000000000006 0 0.0096297940721040472 0.07914470033296335 0.057239341834106151 0.98101292527324391 0.0091572021289971182
decision_type=2 2 2 1 2 2 2 2 2
left_child=-1 2 -2 -3 -5 6 7 -6 -8
right_child=1 3 -4 4 5 -7 8 -9 -10
leaf_value=0.01249957880409369 -0.0011566743736300669 -0.0034333531449970522 -0.025485304043884778 0.013076029703781538 0.018062479668980305 0.016852153304740623 -0.04054359373483548 -0.017688930498090946 -0.012680773184101365
leaf_weight=12.323162503540514 13.10545337200165 55.418984312564135 8.2722039297223073 25.451154790818691 7.0853465050458961 6.9457050822675219 2.7737893760204306 3.4675578325986862 8.1428871192038041
leaf_count=104 73 323 49 220 46 58 13 18 52
internal_value=2.9539e-05 -0.00114654 -0.0105708 0.000696961 0.00470942 -0.00112706 -0.00694359 0.00631499 -0.0197604
internal_weight=142.986 130.663 21.3777 109.285 53.8664 28.4153 21.4696 10.5529 10.9167
internal_count=956 852 122 730 407 187 129 64 65
cat_boundaries=0 1
cat_threshold=240157
is_linear=0
shrinkage=0.02


Tree=112
num_leaves=10
num_cat=2
split_feature=0 7 1 13 12 12 14 12 13
split_gain=4.95903 5.21127 7.17216 10.1422 8.93057 6.11943 5.91236 6.808 6.19521
threshold=0 120.66500000000001 1 0.017186011786689291 0.022613841056960928 0.016894444689135563 0.99622310963215599 0.011047291547560309 0.0089252052165030935
decision_type=1 2 1 2 2 2 2 2 2
left_child=-1 2 5 6 -5 -2 7 8 -4
right_child=1 -3 3 4 -6 -7 -8 -9 -10
leaf_value=-0.0051145537358284207 -0.0057169758926179518 -0.015363434597405252 0.0062381997590521196 -0.024974192605499761 0.011941781215418374 0.020213744389448424 0.015966475753275419 0.026861850072497147 -0.031184056286717436
leaf_weight=41.417522318661213 34.017546899616718 6.051100179553031 3.7013152465224248 6.1592843979597074 4.5633135363459587 4.0765857771039 36.762391157448292 2.4770657643675804 3.3904048651456833
leaf_count=244 186 33 24 31 33 25 348 16 16
internal_value=2.46851e-05 0.00239659 0.00377795 0.0082648 -0.00926353 -0.00294204 0.0123215 -0.00168239 -0.0116526
internal_weight=142.617 101.199 95.1479 57.0538 10.7226 38.0941 46.3312 9.56879 7.09172
internal_count=956 712 679 468 64 211 404 56 40
cat_boundaries=0 1 2
cat_threshold=33293 2
is_linear=0
shrinkage=0.02


Tree=113
num_leaves=10
num_cat=2
split_feature=8 0 14 11 4 14 13 1 6
split_gain=5.0455 5.46292 5.86587 4.75952 4.40123 4.12105 6.23886 6.1862 6.13299
threshold=0.54226717978903016 0 1.0137568644614612 -0.06896551724137924 7.5000000000000009 1.0451718057492101 0.01696652869854998 1 311.4968850311497
decision_type=2 1 2 2 2 2 2 1 2
left_child=4 2 -2 -3 -1 6 7 -5 -9
right_child=1 3 -4 5 -6 -7 -8 8 -10
leaf_value=0.018270469634079616 -0.019732839776949413 0.014320463217578223 0.015463175040142212 -0.006000800630472221 -0.011937651748893987 0.0148244588535146 -0.015677412603689569 0.010002369380737513 -0.0045330779531399506
leaf_weight=9.7918893918395025 14.116020075976854 9.6098677068948728 2.1876521781086913 35.793717168271542 2.4026149511337271 6.6656911447644225 10.917256578803061 32.79473889619112 17.975453928112984
leaf_count=89 88 51 17 193 15 60 52 279 112
internal_value=1.77738e-05 -0.00113557 -0.00930369 0.000784028 0.0123187 -0.000389729 -0.00143006 0.000366781 0.00485602
internal_weight=142.255 130.06 16.3037 113.757 12.1945 104.147 97.4812 86.5639 50.7702
internal_count=956 852 105 747 104 696 636 584 391
cat_boundaries=0 1 2
cat_threshold=32773 2
is_linear=0
shrinkage=0.02


Tree=114
num_leaves=10
num_cat=1
split_feature=8 5 7 0 13 12 11 4 11
split_gain=4.88877 5.27506 7.25891 4.98217 6.41653 8.44149 6.29505 4.28052 3.84163
threshold=0.54226717978903016 183.50000000000003 2.0350000000000006 0 0.0096297940721040472 0.01163219512859678 0.03133302653781251 7.5000000000000009 0.10472499381545312
decision_type=2 2 2 1 2 2 2 2 2
left_child=7 2 -2 8 -5 6 -6 -1 -3
right_child=1 3 -4 4 5 -7 -8 -9 -10
leaf_value=0.018127771009828757 -0.00099249422632761595 -0.0013244805283765448 -0.025014989508534338 0.012812092128608232 0.0064101699910793673 0.0087033590058043109 -0.023503385220993094 -0.011659557767746203 -0.014642608138677795
leaf_weight=9.672791685909031 13.093464069068434 44.550732731819153 8.1716089323163015 25.007568117231131 4.2641217857599285 15.618163309991358 8.2745863422751409 2.4106396362185469 10.754821274429558
leaf_count=89 73 257 49 220 25 117 45 15 66
internal_value=1.78309e-05 -0.00111543 -0.0102237 0.000670208 0.00457825 -0.00110867 -0.0133305 0.0121852 -0.00331496
internal_weight=141.818 129.735 21.2651 108.47 53.1644 28.1569 12.5387 12.0834 55.3056
internal_count=956 852 122 730 407 187 70 104 323
cat_boundaries=0 1
cat_threshold=240157
is_linear=0
shrinkage=0.02


Tree=115
num_leaves=10
num_cat=2
split_feature=8 0 9 11 10 13 7 1 6
split_gain=4.73647 5.17063 5.45089 4.59226 4.81683 6.97376 5.90091 6.41522 5.09915
threshold=0.54226717978903016 0 0.03033815328751132 -0.06896551724137924 0.07914470033296335 0.010904087245870015 120.66500000000001 1 386.49613503864964
decision_type=2 1 2 2 2 2 2 1 2
left_child=-1 2 -2 -3 5 6 7 -5 -9
right_child=1 3 -4 4 -6 -7 -8 8 -10
leaf_value=0.012052685952015106 -0.019165119484463752 0.014111844119952643 0.015460567953618319 -0.0045788024634828136 0.01135523533500247 -0.0094646107584241222 -0.028730021398603037 0.013682814968214227 -0.0041560750740063882
leaf_weight=11.973812311887739 14.05540363490582 9.5509034395217878 2.0888395756483069 23.625759616494179 12.328181404620407 32.14293722063303 2.3831402137875548 24.657839450985193 8.6606957092881185
leaf_count=104 89 51 16 127 101 173 12 228 55
internal_value=1.79294e-05 -0.00109488 -0.00906811 0.000772591 -0.000380373 -0.00196207 0.00210272 0.00339308 0.00904584
internal_weight=141.468 129.494 16.1442 113.349 103.799 91.4704 59.3274 56.9443 33.3185
internal_count=956 852 105 747 696 595 422 410 283
cat_boundaries=0 1 2
cat_threshold=32773 2
is_linear=0
shrinkage=0.02


Tree=116
num_leaves=10
num_cat=2
split_feature=5 0 10 8 6 5 1 11 10
split_gain=4.70987 5.53623 4.66188 4.08846 4.64039 3.60723 4.01536 4.00266 3.53893
threshold=286.50000000000006 0 -0.01822753804461115 0.8467742808687222 121.9995933346889 143.50000000000003 1 0.10472499381545312 0.073543531802392662
decision_type=2 1 2 2 2 2 1 2 2
left_child=1 3 -3 4 -1 -4 8 -8 -7
right_child=-2 2 5 -5 -6 6 7 -9 -10
leaf_value=-0.0065560800832077581 0.0042776541321306698 0.017194579002115792 0.020567869922176074 -0.014578938614550001 0.021751101383639674 -0.01096423463551364 0.014747997604248806 -0.011647810394997958 0.013348730349663241
leaf_weight=12.663079731166361 59.80905107408762 7.3573941737413397 3.0143977105617514 23.788624487817287 2.83505094051361 17.539119817316536 8.0730759873986262 3.2122987806797019 2.7733950763940802
leaf_count=81 451 36 19 139 25 96 66 23 20
internal_value=1.80457e-05 -0.00311725 0.00221034 -0.00746991 -0.00137789 -0.000336196 -0.00233042 0.00723463 -0.00764463
internal_weight=141.065 81.2564 41.9697 39.2868 15.4981 34.6123 31.5979 11.2854 20.3125
internal_count=956 505 260 245 106 224 205 89 116
cat_boundaries=0 1 2
cat_threshold=1118351 2
is_linear=0
shrinkage=0.02


Tree=117
num_leaves=10
num_cat=1
split_feature=8 0 14 11 10 11 8 7 10
split_gain=4.54632 4.9512 5.51983 4.4306 4.60754 6.06906 6.00156 6.28331 4.48718
threshold=0.54226717978903016 0 1.0137568644614612 -0.06896551724137924 0.07914470033296335 0.099834219461525459 1.1305822485609691 81.855000000000018 0.0033551356199747777
decision_type=2 1 2 2 2 2 2 2 2
left_child=-1 2 -2 -3 5 6 7 8 -5
right_child=1 3 -4 4 -6 -7 -8 -9 -10
leaf_value=0.011871390567805487 -0.019127160715126667 0.013902903519267743 0.01526471151982953 -0.001743860462813332 0.011162808966355971 -0.012356805212862688 -0.012627281021379007 -0.020402781815204191 0.0095668023794788955
leaf_weight=11.8535936512053 13.809372738003733 9.4891894459724409 2.1584714129567137 24.15668960660696 12.209397275000809 17.911329109221697 11.517668977379797 4.2394755706191054 33.467732489109039
leaf_count=104 88 51 17 133 101 113 56 22 271
internal_value=1.80665e-05 -0.00107146 -0.00890277 0.000756239 -0.000375994 -0.00191918 0.000628487 0.00309641 0.00482527
internal_weight=140.813 128.959 15.9678 112.991 103.502 91.2929 73.3816 61.8639 57.6244
internal_count=956 852 105 747 696 595 482 426 404
cat_boundaries=0 1
cat_threshold=32773
is_linear=0
shrinkage=0.02


Tree=118
num_leaves=10
num_cat=1
split_feature=5 0 10 9 11 9 8 5 5
split_gain=4.51529 5.29661 4.48558 4.4239 4.967 5.39087 3.92244 4.43749 3.48409
threshold=286.50000000000006 0 -0.01822753804461115 0.0063870753252687189 0.12479917886469113 0.041046494014257882 0.8467742808687222 244.50000000000003 267.50000000000006
decision_type=2 1 2 2 2 2 2 2 2
left_child=1 6 -3 -4 -5 -6 7 -1 -8
right_child=-2 2 3 4 5 -7 8 -9 -10
leaf_value=-0.011546787984082952 0.0041983769627908524 0.016916157739432659 -0.0087626947703785731 0.011081196878653178 -0.031591848353157384 0.012990879223560981 -0.011218663688793122 0.0099518266827898303 -0.033368205171038882
leaf_weight=8.0881553813815099 59.535166040062904 7.307459942996501 14.462182588875292 15.570415750145914 2.5835619941353789 1.870242044329643 20.391452096402649 7.3125181458890429 3.3004339784383765
leaf_count=51 451 36 71 120 16 17 122 55 17
internal_value=1.80831e-05 -0.00305876 0.00216439 -0.00033382 0.0057538 -0.0128707 -0.00732318 -0.00133886 -0.0143042
internal_weight=140.422 80.8864 41.7939 34.4864 20.0242 4.4538 39.0926 15.4007 23.6919
internal_count=956 505 260 224 153 33 245 106 139
cat_boundaries=0 1
cat_threshold=1118351
is_linear=0
shrinkage=0.02


Tree=119
num_leaves=10
num_cat=1
split_feature=0 7 5 14 13 8 12 15 15
split_gain=4.40769 4.79482 6.423 6.08045 4.90694 6.11828 5.96159 5.55717 4.81233
threshold=0 120.66500000000001 288.50000000000006 0.99622310963215599 0.0095740705602374142 0.80636013058675815 0.01170294185921566 1.010617266918141 0.97424228744050045
decision_type=1 2 2 2 2 2 2 2 2
left_child=-1 2 4 -4 5 -2 7 -6 -7
right_child=1 -3 3 -5 6 8 -8 -9 -10
leaf_value=-0.0048626072347515677 0.020916070614823333 -0.014707766112359986 -0.0033941099654046843 0.01541590654492485 -8.2919170900573746e-05 0.025038262222981257 0.0026200589559365662 -0.026376967095215295 -0.0032035673879874222
leaf_weight=40.652511917054653 7.3610666990280178 6.0808299183845511 9.3847857564687711 25.69530763104558 5.2833896353840855 2.7269468456506756 13.772250533103941 8.2130910456180555 20.989724200218916
leaf_count=244 72 33 56 250 27 13 85 44 132
internal_value=1.80862e-05 0.00227234 0.00362074 0.0103838 -0.000445439 0.00498751 -0.00663729 -0.0160838 4.3683e-05
internal_weight=140.16 99.5074 93.4266 35.0801 58.3465 31.0777 27.2687 13.4965 23.7167
internal_count=956 712 679 306 373 217 156 71 145
cat_boundaries=0 1
cat_threshold=33293
is_linear=0
shrinkage=0.02


Tree=120
num_leaves=10
num_cat=0
split_feature=8 5 7 4 9 10 6 8 4
split_gain=4.33357 4.70917 6.9807 4.17278 3.78628 4.00724 3.6491 3.48328 3.7227
threshold=0.54226717978903016 183.50000000000003 2.0350000000000006 7.5000000000000009 0.02890743381763082 0.016199625965250892 17.378556529604968 0.5779563595766386 9.5000000000000018
decision_type=2 2 2 2 2 2 2 2 2
left_child=3 2 4 -1 5 -2 -4 -3 -9
right_child=1 7 6 -5 -6 -7 -8 8 -10
leaf_value=0.017720846981494776 0.0052017279114490098 -0.017183121542486066 -0.0063612286892921659 -0.011905641285777315 0.023701442104689632 -0.019302846960757236 -0.034564637646526876 0.00021865460718386385 0.01390316428890603
leaf_weight=9.3046245053410512 6.1354122161865252 4.2121530063450328 2.86157252639532 2.3901042863726607 2.1303502246737471 4.7252319827675819 5.115287259221077 94.302985992282629 8.683916646987198
leaf_count=89 33 26 18 15 18 22 31 639 65
internal_value=1.13783e-05 -0.00105206 -0.00972033 0.0116659 -0.000677647 -0.00545968 -0.0244471 0.000643436 0.00137254
internal_weight=139.862 128.167 20.9679 11.6947 12.991 10.8606 7.97686 107.199 102.987
internal_count=956 852 122 104 73 55 49 730 704
is_linear=0
shrinkage=0.02


Tree=121
num_leaves=10
num_cat=2
split_feature=0 7 1 13 12 14 12 12 13
split_gain=4.24747 4.59703 6.10701 9.38763 8.0889 5.70969 5.96908 5.53642 4.41582
threshold=0 120.66500000000001 1 0.017186011786689291 0.022613841056960928 0.99706110641512591 0.011047291547560309 0.016894444689135563 0.0077839475226418571
decision_type=1 2 1 2 2 2 2 2 2
left_child=-1 2 7 5 -5 6 8 -2 -4
right_child=1 -3 3 4 -6 -7 -8 -9 -10
leaf_value=-0.0047793308705718239 -0.0052206247405164182 -0.014344330566362416 0.015207487156502313 -0.024305867429482736 0.011358464768064 0.015778704772832289 0.026586318471069736 0.019774396824085237 -0.018277887407800703
leaf_weight=40.596099965274334 33.966980911791325 6.1117402240633956 2.1475119739770872 6.0303060039877874 4.3997624590992928 34.120002903044224 2.3982790708541861 3.9577382728457442 5.9119729623198509
leaf_count=244 186 33 17 31 33 341 16 25 30
internal_value=1.13304e-05 0.0022321 0.00356244 0.00781949 -0.00926142 0.011816 -0.00111292 -0.0026122 -0.00935545
internal_weight=139.64 99.0443 92.9326 55.0078 10.4301 44.5778 10.4578 37.9247 8.05948
internal_count=956 712 679 468 64 404 63 211 47
cat_boundaries=0 1 2
cat_threshold=33293 2
is_linear=0
shrinkage=0.02


Tree=122
num_leaves=10
num_cat=0
split_feature=14 13 5 7 7 6 14 8 6
split_gain=4.16928 5.93579 4.55268 4.43379 7.74434 6.61601 5.62833 4.52076 5.82308
threshold=1.0354891756725568 0.017326288773293525 245.50000000000003 1.9850000000000001 2.1400000000000001 17.378556529604968 0.99923948761385617 1.1112555744495538 14.630670594985663
decision_type=2 2 2 2 2 2 2 2 2
left_child=1 2 3 7 -5 -6 -7 8 -1
right_child=-2 -3 -4 4 5 6 -8 -9 -10
leaf_value=-0.0038662102794904374 0.011066344920343404 -0.012461196600695333 0.0040797971895149806 -0.042145652716267253 0.016608216087139516 -0.024550164826478902 -0.0028913307718055133 -0.011692727507114753 0.022126472692589577
leaf_weight=6.7490160837769526 12.415250606834887 16.009895540773869 63.298200376331806 2.5914859175682095 4.3485414683818844 7.3911605104804066 13.685324460268019 5.7531241104006758 7.0476399213075638
leaf_count=37 116 89 476 13 27 42 89 29 38
internal_value=4.93961e-06 -0.00107747 0.000566449 -0.00410889 -0.00920962 -0.00585256 -0.0104867 0.00320088 0.00941143
internal_weight=139.29 126.874 110.864 47.5663 28.0165 25.425 21.0765 19.5498 13.7967
internal_count=956 840 751 275 171 158 131 104 75
is_linear=0
shrinkage=0.02


Tree=123
num_leaves=10
num_cat=1
split_feature=0 13 14 8 7 6 14 12 6
split_gain=4.17062 4.8438 5.89759 5.63772 4.77697 5.52408 6.06318 4.62683 4.19868
threshold=0 0.0077839475226418571 1.0180605741733595 0.91071928068901764 0.90000000000000013 72.299837400370208 1.0060521159515832 0.01128606351837943 34600000.000000007
decision_type=1 2 2 2 2 2 2 2 2
left_child=8 -2 4 -4 -3 6 -6 -7 -1
right_child=1 2 3 -5 5 7 -8 -9 -10
leaf_value=-0.0043875862975706371 0.013445737571996321 0.03280162451374162 0.022385847927622059 -0.0028711027547914307 -0.0075452407242783091 -0.0059099570016539638 -0.038912129363868134 0.014992607218414743 0.01931820410130498
leaf_weight=72.169138714671135 16.290558736771345 1.3629003167152394 8.1857478320598585 6.2222311832010737 10.040188312530519 11.655035462230446 3.2671307250857344 6.6543345116078845 3.1176771596074095
leaf_count=441 150 6 98 55 50 77 18 45 16
internal_value=5.05291e-06 0.00348981 0.000803671 0.0114784 -0.00385985 -0.00544022 -0.0152462 0.00168684 -0.00300657
internal_weight=138.965 63.6781 47.3876 14.408 32.9796 31.6167 13.3073 18.3094 75.2868
internal_count=956 499 349 153 196 190 68 122 457
cat_boundaries=0 1
cat_threshold=367261
is_linear=0
shrinkage=0.02


Tree=124
num_leaves=10
num_cat=2
split_feature=8 0 9 11 10 13 1 6 6
split_gain=4.12689 4.42753 4.94964 4.24323 4.23322 6.2555 4.63458 5.08804 7.87297
threshold=0.54226717978903016 0 0.03033815328751132 -0.06896551724137924 0.07914470033296335 0.01696652869854998 1 311.4968850311497 28650000
decision_type=2 1 2 2 2 2 1 2 2
left_child=-1 2 -2 -3 5 6 -5 -8 -9
right_child=1 3 -4 4 -6 -7 7 8 -10
leaf_value=0.011481645748600873 -0.018292351005372361 0.013663055394855796 0.015078321835634786 -0.0057471859807453228 0.010796685729828096 -0.018175577201826838 0.0088246508295831035 -0.017950079886282787 0.0092361530469462754
leaf_weight=11.495771363377569 13.572178453207018 9.3577227890491468 2.0458831936120978 34.591480545699596 11.917651157826183 8.5376432389020902 30.171116456389427 8.8356465362012404 8.2294553332030755
leaf_count=104 89 51 16 183 101 42 263 56 51
internal_value=5.58739e-06 -0.00103109 -0.00848692 0.000708673 -0.000407219 -0.00188482 -0.000185098 0.00388807 -0.00483982
internal_weight=138.755 127.259 15.6181 111.641 102.283 90.3653 81.8277 47.2362 17.0651
internal_count=956 852 105 747 696 595 553 370 107
cat_boundaries=0 1 2
cat_threshold=32773 2
is_linear=0
shrinkage=0.02


Tree=125
num_leaves=10
num_cat=2
split_feature=8 0 14 11 10 13 7 1 6
split_gain=3.98978 4.26978 5.10917 4.09424 4.08839 6.06222 5.32213 5.29915 4.8981
threshold=0.54226717978903016 0 1.0137568644614612 -0.06896551724137924 0.07914470033296335 0.010904087245870015 120.66500000000001 1 386.49613503864964
decision_type=2 1 2 2 2 2 2 1 2
left_child=-1 2 -2 -3 5 6 7 -5 -9
right_child=1 3 -4 4 -6 -7 -8 8 -10
leaf_value=0.011330667772564593 -0.018307382873479886 0.013451498300387506 0.015045574922251441 -0.0039436058671585162 0.010650836332646045 -0.008858266541238155 -0.027001135391706767 0.013196362225599454 -0.0044579892089821587
leaf_weight=11.416771274060009 13.389055177569391 9.3152285739779455 2.1293051838874808 23.677933752536774 11.840018000453709 31.908097486943007 2.4286090955138198 23.707407590001822 8.5543674491345865
leaf_count=104 88 51 17 127 101 173 12 228 55
internal_value=5.79449e-06 -0.00101267 -0.00835014 0.000696063 -0.000399345 -0.00184861 0.00198335 0.0032417 0.00851522
internal_weight=138.367 126.95 15.5184 111.432 102.116 90.2764 58.3683 55.9397 32.2618
internal_count=956 852 105 747 696 595 422 410 283
cat_boundaries=0 1 2
cat_threshold=32773 2
is_linear=0
shrinkage=0.02


Tree=126
num_leaves=10
num_cat=1
split_feature=0 13 14 8 7 6 14 12 6
split_gain=3.95936 4.65441 5.57507 5.55681 4.65665 5.26609 5.73582 4.41145 4.02289
threshold=0 0.0077839475226418571 1.0180605741733595 0.91071928068901764 0.90000000000000013 72.299837400370208 1.0060521159515832 0.01128606351837943 34600000.000000007
decision_type=1 2 2 2 2 2 2 2 2
left_child=8 -2 4 -4 -3 6 -6 -7 -1
right_child=1 2 3 -5 5 7 -8 -9 -10
leaf_value=-0.0042870321907502807 0.013259998456355979 0.032566885482850541 0.022326005346079595 -0.0029284579744885786 -0.0073262366346074845 -0.0057036743415283652 -0.037736211410824845 0.014790416994440968 0.019015821437825806
leaf_weight=71.782229095697403 16.046285845339298 1.3555898517370213 7.9668599739670736 6.1950241811573505 10.052137248218061 11.616150170564653 3.2939674556255332 6.5817911885678759 3.0909315273165694
leaf_count=441 150 6 98 55 50 77 18 45 16
internal_value=6.07142e-06 0.00341679 0.000786633 0.0112786 -0.00372971 -0.00528954 -0.0148318 0.00170858 -0.00293327
internal_weight=137.981 63.1078 47.0615 14.1619 32.8996 31.544 13.3461 18.1979 74.8732
internal_count=956 499 349 153 196 190 68 122 457
cat_boundaries=0 1
cat_threshold=367261
is_linear=0
shrinkage=0.02


Tree=127
num_leaves=10
num_cat=1
split_feature=8 14 13 1 14 11 4 10 11
split_gain=3.83228 4.12299 5.88515 4.87142 7.88988 5.04179 4.09453 3.74192 4.17397
threshold=0.54226717978903016 1.0354891756725568 0.017326288773293525 0 1.0003533310824679 0.092907766793759589 7.5000000000000009 0.0033551356199747777 -0.012439213085764839
decision_type=2 2 2 1 2 2 2 2 2
left_child=6 2 3 4 -2 7 -1 -5 -9
right_child=1 -3 -4 5 -6 -7 -8 8 -10
leaf_value=0.017354044652584701 -0.0069958536649826278 0.01086044752142875 -0.01420917700740109 -0.0055905137930992469 0.015483735511257738 -0.01549888229376035 -0.012229529646895228 0.018343173903564398 0.00034178013806998798
leaf_weight=8.9406380429863912 10.062834881246092 10.74435970559716 14.08035224676132 32.751790381968021 16.462334342300892 11.037763223052023 2.366776503622531 6.5017363280057863 24.823139354586608
leaf_count=89 67 102 79 172 173 62 15 40 157
internal_value=6.56538e-06 -0.00099085 -0.00209122 -0.000412492 0.00695567 -0.00301441 0.0111619 -0.000863853 0.00407812
internal_weight=137.772 126.464 115.72 101.64 26.5252 75.1144 11.3074 64.0767 31.3249
internal_count=956 852 750 671 240 431 104 369 197
cat_boundaries=0 1
cat_threshold=1
is_linear=0
shrinkage=0.02


Tree=128
num_leaves=10
num_cat=1
split_feature=0 13 14 8 7 6 14 12 6
split_gain=3.82758 4.48103 5.26494 5.47985 4.52001 4.99427 5.45005 4.26066 3.87107
threshold=0 0.0077839475226418571 1.0180605741733595 0.91071928068901764 0.90000000000000013 72.299837400370208 1.0060521159515832 0.01128606351837943 34600000.000000007
decision_type=1 2 2 2 2 2 2 2 2
left_child=8 -2 4 -4 -3 6 -6 -7 -1
right_child=1 2 3 -5 5 7 -8 -9 -10
leaf_value=-0.0042102995379820927 0.013100177697978409 0.03231704675442014 0.022269299613673157 -0.0029647513122384467 -0.007035402597684863 -0.0055314106431586553 -0.036570887296645295 0.014662304404266103 0.018732143823892954
leaf_weight=71.656675305217505 15.857495944947003 1.3465226590633381 7.7732216417789441 6.1784629039466381 10.078938104212286 11.604117635637524 3.322943463921546 6.5317769311368457 3.0677320137619963
leaf_count=441 150 6 98 55 50 77 18 45 16
internal_value=6.97697e-06 0.00337292 0.000799676 0.0110945 -0.00356805 -0.00510019 -0.0143586 0.00174151 -0.00288265
internal_weight=137.418 62.6935 46.836 13.9517 32.8843 31.5378 13.4019 18.1359 74.7244
internal_count=956 499 349 153 196 190 68 122 457
cat_boundaries=0 1
cat_threshold=367261
is_linear=0
shrinkage=0.02


Tree=129
num_leaves=10
num_cat=0
split_feature=8 13 9 8 8 13 5 13 5
split_gain=3.69601 4.24605 6.14194 3.78077 3.41373 3.50372 3.24286 2.9526 2.942
threshold=1.1305822485609691 0.01696652869854998 0.029912759629166355 1.2075764028164515 0.75049069904729471 0.022501562131827545 191.00000000000003 0.010847177483066585 183.50000000000003
decision_type=2 2 2 2 2 2 2 2 2
left_child=1 2 8 -2 -3 -6 -5 -8 -1
right_child=3 4 -4 6 5 -7 7 -9 -10
leaf_value=-0.0075317839497539207 -0.018236665851921137 0.0029439995562842002 0.01424543515186936 -0.018290054416756171 -0.025523889857939352 -0.0031414864951562196 0.017629726031314852 -0.0058043893612767048 0.0025234269135470566
leaf_weight=14.04193341732025 8.3256142586469668 7.6756550371646908 16.295333798974752 3.0560976266860953 5.615959666669367 5.574345588684082 4.2220592647790891 4.3835353329777718 68.018649656325579
leaf_count=77 45 52 187 18 33 34 22 23 465
internal_value=7.4341e-06 0.00136287 0.00302995 -0.00794192 -0.00732832 -0.0143743 -0.000592212 0.00569281 0.000802813
internal_weight=137.209 117.222 98.3559 19.9873 18.866 11.1903 11.6617 8.60559 82.0606
internal_count=956 848 729 108 119 67 63 45 542
is_linear=0
shrinkage=0.02


Tree=130
num_leaves=10
num_cat=1
split_feature=8 4 14 13 1 14 11 10 11
split_gain=3.64846 3.95888 3.93558 5.47047 4.66021 7.62385 4.80467 3.56848 4.03459
threshold=0.54226717978903016 7.5000000000000009 1.0354891756725568 0.017326288773293525 0 1.0003533310824679 0.092907766793759589 0.0033551356199747777 -0.012439213085764839
decision_type=2 2 2 2 1 2 2 2 2
left_child=1 -1 3 4 5 -2 7 -6 -9
right_child=2 -3 -4 -5 6 -7 -8 8 -10
leaf_value=0.017171859177503603 -0.0068535737469625404 -0.011966982954952146 0.010690463432288607 -0.013764735494893973 -0.0054657721799928399 0.01532190522398519 -0.015134412828433468 0.018108374024805821 0.00032347810622314566
leaf_weight=8.7726773209869844 10.046704880893232 2.3685895279049864 10.611994922161101 13.980587281286715 32.715888790786266 16.202368807047606 11.050875075161455 6.4273702278733209 24.746483646333225
leaf_count=89 67 15 102 79 172 173 62 40 157
internal_value=7.52071e-06 0.0109771 -0.000964115 -0.00203799 -0.000417796 0.00683435 -0.00295797 -0.000851834 0.00399034
internal_weight=136.924 11.1413 125.782 115.17 101.19 26.2491 74.9406 63.8897 31.1739
internal_count=956 104 852 750 671 240 431 369 197
cat_boundaries=0 1
cat_threshold=1
is_linear=0
shrinkage=0.02


Tree=131
num_leaves=10
num_cat=1
split_feature=0 13 14 7 7 7 9 7 8
split_gain=3.71549 5.19002 5.01877 4.55346 4.8916 4.41545 4.4025 3.99364 3.77834
threshold=0 0.0077839475226418571 1.0163101368599634 0.90000000000000013 1.1150000000000004 109.68000000000002 -0.060854231974921603 86.310000000000016 1.0638862363208321
decision_type=1 2 2 2 2 2 2 2 2
left_child=-1 5 3 -3 -5 -2 -6 -4 -8
right_child=1 2 7 4 6 -7 8 -9 -10
leaf_value=-0.0036949955283419583 0.013660262204084068 0.032200847657793005 0.011357765163819434 -0.041359931262502675 0.028296588741137826 -0.02061051426238698 -0.0021683110449066752 -0.01972399508432332 -0.018231026526588274
leaf_weight=54.071653850376606 20.562354110181335 1.3398669064044941 17.136941280215982 1.4487386941909779 1.6246244460344303 1.6224439740180958 29.638256821781397 1.8301442191004742 7.3004981577396384
leaf_count=322 187 6 188 6 9 8 179 15 36
internal_value=7.89878e-06 0.00257095 -0.00015956 -0.00406665 -0.00528112 0.0111539 -0.00392572 0.00835867 -0.00534291
internal_weight=136.576 82.5039 60.3191 41.352 40.0121 22.1848 38.5634 18.9671 36.9388
internal_count=956 634 439 236 230 195 224 203 215
cat_boundaries=0 1
cat_threshold=100877
is_linear=0
shrinkage=0.02


Tree=132
num_leaves=10
num_cat=1
split_feature=8 4 13 10 11 8 7 1 8
split_gain=3.52166 3.84077 3.32922 7.50962 5.51672 4.98153 4.95537 9.24644 5.95169
threshold=0.54226717978903016 7.5000000000000009 0.020158179393801611 0.076188493715554487 0.099834219461525459 1.1112555744495538 2.0250000000000004 0 1.0229840963350301
decision_type=2 2 2 2 2 2 2 1 2
left_child=1 -1 3 4 5 6 -2 8 -8
right_child=2 -3 -4 -5 -6 -7 7 -9 -10
leaf_value=0.017026573211550124 0.014270388993876672 -0.011697897475081081 -0.0099256288411198688 0.018537724642488693 -0.012627813326626016 -0.0093008582491295455 -0.018065065980153856 0.0054033875032510267 0.013009715383671351
leaf_weight=8.6478915214538556 12.670622721314428 2.3728848770260802 14.604977153241633 8.2939013428986055 14.611023500561712 16.385388158261776 13.305488057434561 42.416246376931667 3.0260854586958876
leaf_count=89 72 15 89 84 97 83 74 335 18
internal_value=2.78244e-06 0.0108419 -0.000950469 0.000233556 -0.00124878 0.000644755 0.00292656 0.00047994 -0.0123072
internal_weight=136.335 11.0208 125.314 110.709 102.415 87.8038 71.4184 58.7478 16.3316
internal_count=956 104 852 763 679 582 499 427 92
cat_boundaries=0 1
cat_threshold=2
is_linear=0
shrinkage=0.02


Tree=133
num_leaves=10
num_cat=2
split_feature=0 7 5 15 8 11 8 7 1
split_gain=3.64014 4.29043 5.38592 5.27851 6.25491 4.31365 4.4444 4.20447 8.13069
threshold=0 120.66500000000001 288.50000000000006 0.99763571578191523 0.93059550176220507 0.10709984515685049 1.1305822485609691 2.0350000000000006 1
decision_type=1 2 2 2 2 2 2 2 1
left_child=-1 2 5 4 -4 6 7 -2 -9
right_child=1 -3 3 -5 -6 -7 -8 8 -10
leaf_value=-0.0044607414946858919 0.015888716467796837 -0.013935244631901577 0.0088154575725361492 0.014538264720906927 -0.026762623596519916 -0.010562541517878001 -0.0094991455430747974 -0.012019993190443605 0.01175586914733469
leaf_weight=39.775856159627438 11.420079737901686 6.0915568470954886 5.6710128262639028 24.578380793333054 3.0340962707996368 12.778832856565712 9.4848754033446294 10.450005128979683 12.800749015063047
leaf_count=244 66 33 43 248 15 85 47 57 118
internal_value=3.26872e-06 0.00209278 0.00340696 0.00979823 -0.003585 -0.000329322 0.00263221 0.00595098 0.00106986
internal_weight=136.085 96.3096 90.218 33.2835 8.70511 56.9345 44.1557 34.6708 23.2508
internal_count=956 712 679 306 58 373 288 241 175
cat_boundaries=0 1 2
cat_threshold=33293 2
is_linear=0
shrinkage=0.02


Tree=134
num_leaves=10
num_cat=1
split_feature=14 13 1 14 11 12 10 6 4
split_gain=3.44629 4.83571 4.03265 5.88308 3.82763 3.68579 3.51262 4.90741 4.63673
threshold=1.0354891756725568 0.017326288773293525 0 1.0003533310824679 0.092907766793759589 0.0062351116985349406 0.0033551356199747777 113.58300201487508 9.5000000000000018
decision_type=2 2 1 2 2 2 2 2 2
left_child=1 2 3 -1 6 -5 -4 8 -8
right_child=-2 -3 4 5 -6 -7 7 -9 -10
leaf_value=-0.0049670820685275988 0.010329569825261101 -0.011421952569627873 -0.004591404959758431 0.0012918311219128778 -0.012433712116510471 0.019653015468723837 -0.0069069846121320722 0.014939612954663681 0.014180767755863452
leaf_weight=11.034247279167177 11.791603870689867 15.533459305763243 33.519332319498062 6.6703268624842194 11.719981528818606 12.697916362434624 15.337787047028543 11.794797737151383 5.72841503471136
leaf_count=76 116 89 177 65 67 155 91 83 37
internal_value=-2.77923e-06 -0.000985032 0.000509137 0.00668897 -0.00189652 0.0133295 -3.60898e-05 0.00461049 -0.00117271
internal_weight=135.828 124.036 108.503 30.4025 78.1003 19.3682 66.3803 32.861 21.0662
internal_count=956 840 751 296 455 220 388 211 128
cat_boundaries=0 1
cat_threshold=1
is_linear=0
shrinkage=0.02


Tree=135
num_leaves=10
num_cat=1
split_feature=0 6 6 10 11 10 11 6 6
split_gain=3.5304 3.8297 4.21273 4.25191 5.40748 4.33313 3.93643 3.78925 7.59165
threshold=0 36800000.000000007 72.299837400370208 -0.0023822029064915489 0.045102487873572211 -0.01822753804461115 -0.010390613019729015 34600000.000000007 403.99596004039967
decision_type=1 2 2 2 2 2 2 2 2
left_child=1 2 3 5 -5 6 -1 8 -2
right_child=7 -3 -4 4 -6 -7 -8 -9 -10
leaf_value=0.010843519244379707 -0.0019676062512989081 -0.022959103813858687 0.0094259045369336145 0.02166467922565294 -0.001533597598119132 -0.03008576013664473 -0.01819304981055005 0.018505098127678105 -0.023303885732998238
leaf_weight=4.0354384630918503 58.346627779304981 2.1162669733166686 32.686913028359413 5.4158987402915981 15.585603438317774 3.3011379763484019 3.4763723015785217 3.019613415002822 7.5315509289503089
leaf_count=22 374 15 299 41 115 18 17 16 39
internal_value=-2.18618e-06 0.00305599 0.00438333 -0.000797532 0.00444881 -0.0109873 -0.00259424 -0.00297143 -0.00440689
internal_weight=135.515 66.6176 64.5014 31.8145 21.0015 10.8129 7.51181 68.8978 65.8782
internal_count=956 527 512 213 156 57 39 429 413
cat_boundaries=0 1
cat_threshold=1733986
is_linear=0
shrinkage=0.02


Tree=136
num_leaves=10
num_cat=2
split_feature=0 7 5 14 12 15 13 1 7
split_gain=3.42282 4.12243 5.14276 5.48812 4.48945 4.21365 5.38834 7.39462 3.73594
threshold=0 120.66500000000001 288.50000000000006 0.99622310963215599 0.0076735053093393299 0.97424228744050045 0.01696652869854998 1 8.8150000000000013
decision_type=1 2 2 2 2 2 2 1 2
left_child=-1 2 5 4 -4 -2 7 -7 -9
right_child=1 -3 3 -5 -6 6 -8 8 -10
leaf_value=-0.0043285840976517815 0.014061425964964252 -0.013647231976602626 -0.021497727880522427 0.014713924172711602 0.0073822252471733921 -0.0063097042046061577 -0.020977422364453137 0.017056710949583515 -0.0037536455809709887
leaf_weight=39.722049959003925 7.1283090263605109 6.1098662838339797 3.4574188292026502 23.685268688946962 5.7071848660707474 27.792874664068222 5.5378457829356185 11.259388800710441 4.9754755534231654
leaf_count=244 34 33 20 250 36 155 30 118 36
internal_value=-1.69089e-06 0.00203492 0.00333222 0.00962891 -0.00351296 -0.000316231 -0.00238396 -4.52635e-05 0.010679
internal_weight=135.376 95.6536 89.5438 32.8499 9.1646 56.6939 49.5656 44.0277 16.2349
internal_count=956 712 679 306 56 373 339 309 154
cat_boundaries=0 1 2
cat_threshold=33293 2
is_linear=0
shrinkage=0.02


Tree=137
num_leaves=10
num_cat=1
split_feature=8 5 7 0 7 6 9 6 6
split_gain=3.36663 3.75598 6.47946 3.80631 4.25022 3.89397 8.69373 8.38776 6.45885
threshold=0.54226717978903016 183.50000000000003 2.0350000000000006 0 1.9850000000000001 98.416379653631907 -0.0075011868966608697 51.999891666901398 259.99740002599975
decision_type=2 2 2 1 2 2 2 2 2
left_child=-1 2 -2 4 -3 7 -7 -6 -8
right_child=1 3 -4 -5 5 6 8 -9 -10
leaf_value=0.010686991758782689 -6.6313933692188723e-05 0.013262605717652738 -0.023407479843475704 0.0038352517458527077 -0.0030027602396314589 0.025356052607065388 0.0076846542730178583 -0.030050612664965653 -0.016017921326950228
leaf_weight=10.830262966454027 12.704752534627916 5.1859636083245269 7.6047986149787894 55.182416673749685 13.376366883516313 4.3058334141969707 7.8890855163335827 6.9787007495760909 11.025258738547562
leaf_count=104 73 26 49 432 88 21 59 42 62
internal_value=-7.52515e-06 -0.00093969 -0.00880628 0.000597364 -0.00319767 -0.00589046 -0.000292758 -0.0122761 -0.00613169
internal_weight=135.083 124.253 20.3096 103.944 48.7612 43.5752 23.2202 20.3551 18.9143
internal_count=956 852 122 730 298 272 142 130 121
cat_boundaries=0 1
cat_threshold=174749
is_linear=0
shrinkage=0.02


Tree=138
num_leaves=10
num_cat=1
split_feature=0 7 13 5 12 5 7 6 6
split_gain=3.28162 3.64143 4.46508 5.7859 4.77186 4.04046 4.29867 3.61803 7.16642
threshold=0 120.66500000000001 0.010847177483066585 313.50000000000006 0.007158682103047838 183.50000000000003 1.7550000000000001 34600000.000000007 403.99596004039967
decision_type=1 2 2 2 2 2 2 2 2
left_child=1 2 5 -4 -5 6 -1 8 -2
right_child=7 -3 3 4 -6 -7 -8 -9 -10
leaf_value=0.014711572427768755 -0.0018753375492527283 -0.01224172674946826 -0.0084720903596689975 -0.0084737332901361536 0.020775112739449608 0.012937395697585298 -0.018653658671067705 0.018212288427713899 -0.022549665108576877
leaf_weight=2.6479021385312072 58.225923772901297 5.4557529762387267 16.759361766278747 3.3866246864199621 6.5394405163824558 27.605277750641108 3.7067941650748253 2.9971680864691725 7.5795836597681037
leaf_count=15 374 30 99 19 65 281 18 16 39
internal_value=-1.40483e-06 0.002961 0.00481691 -0.00130508 0.0107958 0.00962751 -0.00475089 -0.0028619 -0.00425664
internal_weight=134.904 66.1012 60.6454 26.6854 9.92607 33.96 6.3547 68.8027 65.8055
internal_count=956 527 497 183 84 314 33 429 413
cat_boundaries=0 1
cat_threshold=1733986
is_linear=0
shrinkage=0.02


Tree=139
num_leaves=10
num_cat=1
split_feature=14 13 1 14 8 11 12 8 14
split_gain=3.32067 4.53964 3.64939 5.63308 3.78088 4.10309 3.66689 3.37757 3.3381
threshold=1.0354891756725568 0.017326288773293525 0 1.0003533310824679 0.54226717978903016 0.092907766793759589 0.0062351116985349406 0.46317096592924883 0.93567372569593665
decision_type=2 2 1 2 2 2 2 2 2
left_child=1 2 3 -1 -4 -6 -5 -3 -9
right_child=-2 7 4 6 5 -7 -8 8 -10
leaf_value=-0.0049916512251151693 0.010201979942826374 0.028268285710548954 0.019084288147237314 0.0010038682419695754 -0.00075505716079819611 -0.013907987218627169 0.019500769677066737 0.015853870488554571 -0.016499224422449707
leaf_weight=10.928205519914629 11.655432559549807 0.82374896109104057 3.3212812542915335 6.5821068584919002 63.336468622088432 11.158294983208178 12.295118998736141 1.4127245396375645 13.145919397473333
leaf_count=76 116 5 24 65 369 62 155 8 76
internal_value=-8.28689e-07 -0.000967612 0.00048498 0.00643581 -0.00179433 -0.00272519 0.0130513 -0.0111305 -0.0133598
internal_weight=134.659 123.004 107.621 29.8054 77.816 74.4948 18.8772 15.3824 14.5586
internal_count=956 840 751 296 455 431 220 89 84
cat_boundaries=0 1
cat_threshold=1
is_linear=0
shrinkage=0.02


Tree=140
num_leaves=10
num_cat=1
split_feature=14 13 1 14 12 15 3 13 13
split_gain=3.2106 4.37667 3.52311 5.47045 3.61546 3.25601 4.29098 3.15158 3.0322
threshold=1.0354891756725568 0.017326288773293525 0 1.0003533310824679 0.0062351116985349406 1.0187146315090376 1.5000000000000002 0.0055196543693373243 0.037392369044833229
decision_type=2 2 1 2 2 2 2 2 2
left_child=1 2 3 5 7 6 -1 -5 -3
right_child=-2 8 -4 4 -6 -7 -8 -9 -10
leaf_value=-0.015887632373528821 0.010069920463737156 -0.014864197358911448 -0.0017577659981952484 0.023854741679886979 0.019403456059150666 -0.02332328482595954 0.013703902274441853 -0.0073952933162784043 0.0092591415873246007
leaf_weight=3.3223873004317301 11.572955265641211 12.838290967047213 77.839636042714119 1.763868879526856 12.111495330929754 2.8376816213130942 4.7804445251822472 4.8140318430960178 2.4881526976823798
leaf_count=22 116 76 455 20 155 17 37 45 13
internal_value=-4.14625e-07 -0.000949497 0.000476398 0.00634569 0.0129207 -0.00488626 0.00157055 0.000984426 -0.0109479
internal_weight=134.369 122.796 107.47 29.6299 18.6894 10.9405 8.10283 6.5779 15.3264
internal_count=956 840 751 296 220 76 59 65 89
cat_boundaries=0 1
cat_threshold=1
is_linear=0
shrinkage=0.02


Tree=141
num_leaves=10
num_cat=0
split_feature=14 14 8 5 5 13 12 12 6
split_gain=3.10395 4.3287 3.99952 3.59096 5.67909 3.04211 4.30401 4.8096 3.45881
threshold=1.0354891756725568 1.0306322686416862 0.5077777450042007 183.50000000000003 158.50000000000003 0.020158179393801611 0.016748010697823491 0.014771281876997886 308.49691503084972
decision_type=2 2 2 2 2 2 2 2 2
left_child=1 2 -1 4 -4 6 7 8 -5
right_child=-2 -3 3 5 -6 -7 -8 -9 -10
leaf_value=0.015182644434886728 0.009938859430021053 -0.027596577803034764 0.0022537977426676536 0.0039523712749640547 -0.019159553300801654 -0.011024843689421714 0.021144680837407944 -0.01928240204213949 -0.0062620796860189875
leaf_weight=6.2446523979306212 11.491875421255825 2.3877740800380698 9.4411461800336856 59.64777572080493 10.424104504287241 8.5157197192311269 4.2440311014652243 4.6424132920801631 17.051023256033659
leaf_count=58 116 24 55 432 63 46 28 26 108
internal_value=1.44683e-08 -0.000931611 -0.000401959 -0.0012559 -0.00898266 0.000375263 0.00150957 0.000485097 0.00168158
internal_weight=134.091 122.599 120.211 113.966 19.8653 94.101 85.5852 81.3412 76.6988
internal_count=956 840 816 758 118 640 594 566 540
is_linear=0
shrinkage=0.02


Tree=142
num_leaves=10
num_cat=1
split_feature=0 13 14 7 5 7 10 10 13
split_gain=3.19221 4.87967 4.44229 4.0529 4.48795 4.05288 3.5194 8.10474 4.42904
threshold=0 0.0077839475226418571 1.0333050529187531 0.90000000000000013 245.50000000000003 109.68000000000002 -0.01822753804461115 0.0044935837337395385 0.01082123455903986
decision_type=1 2 2 2 2 2 2 2 2
left_child=-1 5 3 -3 6 -2 -5 -8 -9
right_child=1 2 -4 4 -6 -7 7 8 -10
leaf_value=-0.0034369877406597222 0.013389303209756597 0.032213147952839728 0.01442382263671387 0.0053583262943224727 0.0016275581058139274 -0.019203522391261576 -0.043534972008537079 0.0050732559739195054 -0.018800088072997701
leaf_weight=53.483916133642197 19.812306765466932 1.3250557184219349 7.2302650064229956 4.3432368785142925 30.340564869344234 1.6534508913755406 3.1727140992879859 5.7905909419059736 6.7109283655881882
leaf_count=322 187 6 86 20 233 8 14 44 36
internal_value=3.01314e-07 0.00241465 -0.000259485 -0.00231362 -0.00322212 0.0108788 -0.0105728 -0.0149872 -0.00774217
internal_weight=133.863 80.3791 58.9134 51.6831 50.358 21.4658 20.0175 15.6742 12.5015
internal_count=956 634 439 353 347 195 114 94 80
cat_boundaries=0 1
cat_threshold=100877
is_linear=0
shrinkage=0.02


Tree=143
num_leaves=10
num_cat=1
split_feature=0 8 10 6 9 9 6 8 6
split_gain=3.09104 3.75793 3.5829 5.30913 3.37746 3.23329 3.42539 3.72095 4.84146
threshold=0 0.54226717978903016 -0.037914803262054146 403.99596004039967 -0.055750184816097621 -0.038989487106033498 36800000.000000007 0.76576556102950677 9.8249934208380143
decision_type=1 2 2 2 2 2 2 2 2
left_child=2 -2 -1 -4 -3 -6 7 -7 -9
right_child=1 4 3 -5 5 6 -8 8 -10
leaf_value=-0.018805021713544513 0.019137170976762614 0.025019977659530165 0.0010391424197875208 -0.020684786980289329 -0.021824836259895852 0.0099521988653122184 -0.020137318733513064 0.024252888744270753 -0.0015398181571575778
leaf_weight=6.4472670182585707 4.9400121867656699 2.3224311992526046 27.597322486341 5.3766378909349433 2.5020152181386939 18.279132261872292 2.8940265439450732 3.058923013508319 60.196915317326784
leaf_count=56 65 12 163 25 12 173 18 18 414
internal_value=-4.52087e-06 0.00194997 -0.00412329 -0.0025031 0.00121716 0.000581254 0.00124525 0.00200421 -0.000292536
internal_weight=133.615 94.1935 39.4212 32.974 89.2534 86.931 84.429 81.535 63.2558
internal_count=956 712 244 188 647 635 623 605 432
cat_boundaries=0 1
cat_threshold=33293
is_linear=0
shrinkage=0.02


Tree=144
num_leaves=10
num_cat=1
split_feature=5 0 10 13 10 8 9 11 10
split_gain=2.97955 4.80339 4.29203 3.73104 3.52988 5.68999 3.30869 4.43396 3.36969
threshold=286.50000000000006 0 -0.01822753804461115 0.015114566481851695 0.0068289766444169274 1.1755508030564266 0.0063870753252687189 0.12479917886469113 0.080027906685062059
decision_type=2 1 2 2 2 2 2 2 2
left_child=1 3 -3 4 -1 -6 -4 -8 -9
right_child=-2 2 6 -5 5 -7 7 8 -10
leaf_value=-0.012605610773453561 0.0035103518631074138 0.016960939151138756 -0.0074000891382624626 -0.023781010451290111 0.0054709918710923533 -0.030307107887656361 0.010568693112256089 -0.032653872111955813 0.0029233193651695215
leaf_weight=15.757445532828571 55.991346377879381 7.1978599801659575 14.15955528616905 5.4978069663047782 13.62136000022292 2.0449540168046942 14.792635831981899 1.8722249604761589 2.4695289544761181
leaf_count=91 451 36 71 42 103 9 120 11 22
internal_value=-4.1786e-06 -0.00254616 0.00237114 -0.00675233 -0.00592184 0.000800808 -7.08632e-05 0.0053528 -0.0124181
internal_weight=133.405 77.4134 40.4918 36.9216 31.4238 15.6663 33.2939 19.1344 4.34175
internal_count=956 505 260 245 203 112 224 153 33
cat_boundaries=0 1
cat_threshold=1118351
is_linear=0
shrinkage=0.02


Tree=145
num_leaves=10
num_cat=2
split_feature=0 7 5 14 12 15 13 1 11
split_gain=2.94648 3.80885 4.62722 5.24837 4.3158 4.09722 4.88043 6.74324 3.75569
threshold=0 120.66500000000001 288.50000000000006 0.99622310963215599 0.0076735053093393299 0.97424228744050045 0.01696652869854998 1 -0.011922803694056341
decision_type=1 2 2 2 2 2 2 1 2
left_child=-1 2 5 4 -4 -2 7 -7 -5
right_child=1 -3 3 8 -6 6 -8 -9 -10
leaf_value=-0.0040329114495052231 0.013940392921866933 -0.013139600054545125 -0.021334871501582423 -0.0030705816997780816 0.0071373489907566477 -0.0060757329792874275 -0.02025137486161822 0.010323773643380434 0.018146255556115362
leaf_weight=39.240521833300591 7.0645363405346862 6.1235452070832244 3.4235079884529132 4.0597713626921204 5.6339624151587486 27.616784520447254 5.4189448878169051 15.748338460922239 18.751707714051008
leaf_count=244 34 33 20 31 36 155 30 154 219
internal_value=-4.0075e-06 0.00190723 0.00317508 0.009256 -0.00362447 -0.000294879 -0.00235632 -0.000120141 0.0143703
internal_weight=133.082 93.8411 87.7176 31.8689 9.05747 55.8486 48.7841 43.3651 22.8115
internal_count=956 712 679 306 56 373 339 309 250
cat_boundaries=0 1 2
cat_threshold=33293 2
is_linear=0
shrinkage=0.02


Tree=146
num_leaves=10
num_cat=0
split_feature=8 4 14 13 12 12 6 5 6
split_gain=2.91038 3.68803 3.29039 4.86923 3.56454 4.33391 4.13507 5.93797 4.24129
threshold=0.54226717978903016 7.5000000000000009 1.0451718057492101 0.017186011786689291 0.016894444689135563 0.014771281876997886 9.8249934208380143 189.50000000000003 20.583318315983409
decision_type=2 2 2 2 2 2 2 2 2
left_child=1 -1 3 4 5 6 -2 8 -8
right_child=2 -3 -4 -5 -6 -7 7 -9 -10
leaf_value=0.016489014738284825 0.025756971767719006 -0.012077697844072753 0.012484073209647133 -0.012553166139917336 0.017089358239965879 -0.016578014675904904 -0.0036247975477550721 0.0019380522906745682 -0.025025366540962261
leaf_weight=8.1157232411205751 2.4634540602564803 2.3257898278534404 6.9562841318547717 14.415371250361202 4.5914391465485087 6.6091865487396708 9.9495567455887777 71.478107083588839 5.9014926627278319
leaf_count=89 14 15 68 85 32 44 57 520 32
internal_value=-9.49397e-06 0.0101259 -0.00087436 -0.00167954 -0.000127485 -0.000947492 0.000202993 -0.000517855 -0.0115924
internal_weight=132.806 10.4415 122.365 115.409 100.993 96.4018 89.7926 87.3292 15.851
internal_count=956 104 852 784 699 667 623 609 89
is_linear=0
shrinkage=0.02


Tree=147
num_leaves=10
num_cat=1
split_feature=0 6 6 3 6 6 4 4 10
split_gain=2.87915 3.57811 6.56729 4.01332 3.46828 3.85192 4.06948 5.51844 4.40257
threshold=0 34600000.000000007 403.99596004039967 2.5000000000000004 36800000.000000007 72.299837400370208 9.5000000000000018 8.5000000000000018 0.029041931043286
decision_type=1 2 2 2 2 2 2 2 2
left_child=4 2 -2 -4 5 6 7 8 -1
right_child=1 -3 3 -5 -6 -7 -8 -9 -10
leaf_value=-0.0089830319211441495 -0.001757700137335242 0.018360043518684973 -0.0079109136797845276 -0.037009832124115974 -0.022046789177355409 0.0090309166442577513 0.0096918222157279816 -0.031126088869594032 0.011561842376738535
leaf_weight=11.81151084229351 57.35269283503294 2.9737754464149466 4.0520869717001906 3.5628579780459404 2.1000008173286906 31.363330841064453 9.8964137434959394 2.968926988542079 6.4507137313485137
leaf_count=73 374 16 21 18 15 299 62 18 60
internal_value=-9.07832e-06 -0.00269596 -0.00407473 -0.0215256 0.00280092 0.00408414 -0.000900098 -0.00583728 -0.00172602
internal_weight=132.532 67.9414 64.9676 7.61494 64.5909 62.4909 31.1276 21.2312 18.2622
internal_count=956 429 413 39 527 512 213 151 133
cat_boundaries=0 1
cat_threshold=1733986
is_linear=0
shrinkage=0.02


Tree=148
num_leaves=10
num_cat=1
split_feature=0 6 6 14 8 7 7 12 6
split_gain=2.84224 4.42982 5.0636 3.82517 4.64822 3.97199 4.77758 4.50588 3.94571
threshold=0 34600000.000000007 403.99596004039967 0.99973459085390448 0.83509355438336808 79.620000000000019 15.360000000000001 0.0085923803894917689 20850000.000000004
decision_type=1 2 2 2 2 2 2 2 2
left_child=1 2 -1 8 -5 6 7 -6 -2
right_child=3 -3 -4 4 5 -7 -8 -9 -10
leaf_value=-0.0026442417385176518 -0.00038140805934028243 0.023107397254801057 -0.021872267095172104 0.013296483249992585 0.0083061521068991291 -0.026533503849499627 0.02308775103311865 -0.010105140888251872 -0.023434410128585253
leaf_weight=47.706199705600739 24.912147924304012 2.3661459386348715 6.1890721246600142 20.669188152998686 10.645645711570987 1.9839386455714692 3.9398182146251193 10.622604597359894 3.3717766851186743
leaf_count=305 147 13 31 233 80 13 44 74 16
internal_value=-8.5187e-06 -0.00312158 -0.0048523 0.00238797 0.00614756 0.000713523 0.00285793 -0.000889521 -0.0031296
internal_weight=132.407 56.2614 53.8953 76.1451 47.8612 27.192 25.2081 21.2683 28.2839
internal_count=956 349 336 607 444 211 198 154 163
cat_boundaries=0 1
cat_threshold=100893
is_linear=0
shrinkage=0.02


Tree=149
num_leaves=10
num_cat=1
split_feature=14 14 8 0 6 6 14 13 7
split_gain=2.83329 4.07834 3.68402 4.07478 5.03187 8.44163 5.44753 4.97922 3.66025
threshold=1.0354891756725568 1.0306322686416862 0.5077777450042007 0 403.99596004039967 53.330285722353729 1.0033577224610137 0.011445870816212263 18.965000000000003
decision_type=2 2 2 1 2 2 2 2 2
left_child=1 2 -1 4 5 6 -4 -8 -7
right_child=-2 -3 3 -5 -6 8 7 -9 -10
leaf_value=0.014851877322973781 0.0096124795679087775 -0.026769821521659264 -0.021605376929845353 0.0015911766624956605 -0.027105673645663898 0.013575154559428313 0.016452249006494293 -0.020179262786707942 -0.0086597842163270242
leaf_weight=6.0304478853940955 11.207495488226412 2.3892110958695403 11.863295942544939 75.897487938404083 4.5351691767573348 9.9422529377043229 3.6565960869193068 2.4984060898423195 4.2177071310579768
leaf_count=58 116 24 83 517 23 70 27 13 25
internal_value=-7.8552e-06 -0.000898703 -0.000377708 -0.00119327 -0.00580247 -0.00460325 -0.0136843 0.00158298 0.00695222
internal_weight=132.238 121.031 118.641 112.611 36.7134 32.1783 18.0183 6.155 14.16
internal_count=956 840 816 758 241 218 123 40 95
cat_boundaries=0 1
cat_threshold=426629
is_linear=0
shrinkage=0.02


end of trees

feature_importances:
volatility_30d=173
cross_market_ratio=147
current_demand=127
sma_7_ratio=127
demand_to_offer_ratio=120
return_30d=112
seriesId=105
price_T=89
return_14d=84
return_7d=71
rarity=60
volatility_14d=56
sma_30_ratio=27
current_offer=26
age_level=24
hype_level=2

parameters:
[boosting: gbdt]
[objective: binary]
[metric: auc]
[tree_learner: serial]
[device_type: cpu]
[data_sample_strategy: bagging]
[data: ]
[valid: ]
[num_iterations: 150]
[learning_rate: 0.02]
[num_leaves: 10]
[num_threads: 0]
[seed: 0]
[deterministic: 0]
[force_col_wise: 0]
[force_row_wise: 0]
[histogram_pool_size: -1]
[max_depth: -1]
[min_data_in_leaf: 15]
[min_sum_hessian_in_leaf: 0.001]
[bagging_fraction: 0.8]
[pos_bagging_fraction: 1]
[neg_bagging_fraction: 1]
[bagging_freq: 0]
[bagging_seed: 3]
[bagging_by_query: 0]
[feature_fraction: 0.8]
[feature_fraction_bynode: 1]
[feature_fraction_seed: 2]
[extra_trees: 0]
[extra_seed: 6]
[early_stopping_round: 0]
[early_stopping_min_delta: 0]
[first_metric_only: 0]
[max_delta_step: 0]
[lambda_l1: 0]
[lambda_l2: 0]
[linear_lambda: 0]
[min_gain_to_split: 0]
[drop_rate: 0.1]
[max_drop: 50]
[skip_drop: 0.5]
[xgboost_dart_mode: 0]
[uniform_drop: 0]
[drop_seed: 4]
[top_rate: 0.2]
[other_rate: 0.1]
[min_data_per_group: 100]
[max_cat_threshold: 32]
[cat_l2: 10]
[cat_smooth: 10]
[max_cat_to_onehot: 4]
[top_k: 20]
[monotone_constraints: ]
[monotone_constraints_method: basic]
[monotone_penalty: 0]
[feature_contri: ]
[forcedsplits_filename: ]
[refit_decay_rate: 0.9]
[cegb_tradeoff: 1]
[cegb_penalty_split: 0]
[cegb_penalty_feature_lazy: ]
[cegb_penalty_feature_coupled: ]
[path_smooth: 0]
[interaction_constraints: ]
[verbosity: -1]
[saved_feature_importance_type: 0]
[use_quantized_grad: 0]
[num_grad_quant_bins: 4]
[quant_train_renew_leaf: 0]
[stochastic_rounding: 1]
[linear_tree: 0]
[max_bin: 255]
[max_bin_by_feature: ]
[min_data_in_bin: 3]
[bin_construct_sample_cnt: 200000]
[data_random_seed: 1]
[is_enable_sparse: 1]
[enable_bundle: 1]
[use_missing: 1]
[zero_as_missing: 0]
[feature_pre_filter: 1]
[pre_partition: 0]
[two_round: 0]
[header: 0]
[label_column: ]
[weight_column: ]
[group_column: ]
[ignore_column: ]
[categorical_feature: 0,1]
[forcedbins_filename: ]
[precise_float_parser: 0]
[parser_config_file: ]
[objective_seed: 5]
[num_class: 1]
[is_unbalance: 0]
[scale_pos_weight: 1]
[sigmoid: 1]
[boost_from_average: 1]
[reg_sqrt: 0]
[alpha: 0.9]
[fair_c: 1]
[poisson_max_delta_step: 0.7]
[tweedie_variance_power: 1.5]
[lambdarank_truncation_level: 30]
[lambdarank_norm: 1]
[label_gain: ]
[lambdarank_position_bias_regularization: 0]
[eval_at: ]
[multi_error_top_k: 1]
[auc_mu_weights: ]
[num_machines: 1]
[local_listen_port: 12400]
[time_out: 120]
[machine_list_filename: ]
[machines: ]
[gpu_platform_id: -1]
[gpu_device_id: -1]
[gpu_use_dp: 0]
[num_gpu: 1]

end of parameters

pandas_categorical:[["ASC", "BLK", "CRI", "DRI", "JTG", "MEG", "MEW", "OBF", "PAF", "PAL", "PAR", "PFL", "POR", "PRE", "SCR", "SFA", "SSP", "SVI", "TEF", "TWM", "WHT"], [2, 3, 4]]
